# LB oracle cassette tape, dumped verbatim in MODEL space (positions+uv+normals+triangles).
# UVs are WPF top-left: load with flipV OFF.
g LbTape
usemtl LbTape
v 0.29358 0.42272 0.04037
v 0.29358 0.42272 -0.04037
v 0.29358 0.43349 -0.04037
v 0.29358 0.43349 0.04037
v -0.25462 0.46101 0.04037
v -0.29358 0.32755 0.04037
v -0.14608 0.29197 0.04037
v -0.15526 0.28501 0.05505
v -0.14608 0.29197 0.04037
v -0.29358 0.32755 0.04037
v -0.29358 0.31837 0.05505
v -0.29358 0.15138 0.02294
v -0.29358 0.10551 0.02294
v -0.29358 0.12731 0.05505
v -0.29358 0.06422 -0.04954
v -0.29358 0.06422 0.04954
v -0.29358 0.10551 0.02294
v -0.29358 0.10551 -0.02294
v -0.29358 0.12731 0.05505
v -0.29358 0.06422 0.04954
v -0.29358 -0.06422 0.04954
v -0.29358 -0.12731 0.05505
v -0.29358 0.31837 0.05505
v -0.29358 0.31532 0.04954
v -0.29358 0.19266 0.04954
v -0.29358 0.12731 0.05505
v -0.29358 0.31532 -0.04954
v -0.29358 0.31532 0.04954
v -0.29358 0.32755 0.04037
v -0.29358 0.32755 -0.04037
v -0.29358 0.31837 0.05505
v -0.29358 0.32755 0.04037
v -0.29358 0.31532 0.04954
v -0.25462 0.46101 -0.04037
v -0.25462 0.46101 0.04037
v 0.25075 0.46101 0.04037
v 0.25075 0.46101 -0.04037
v -0.29358 0.19266 0.04954
v -0.29358 0.15138 0.02294
v -0.29358 0.12731 0.05505
v 0.25075 0.46101 0.04037
v -0.25462 0.46101 0.04037
v 0.0296 0.25688 0.04037
v -0.14608 0.29197 0.04037
v -0.01256 0.2394 0.04037
v 0.0064 0.25219 0.04037
v -0.14608 0.29197 0.04037
v -0.02534 0.22045 0.04037
v -0.01256 0.2394 0.04037
v -0.14608 0.29197 0.04037
v -0.03003 0.19725 0.04037
v -0.02534 0.22045 0.04037
v 0.29358 0.42272 0.04037
v 0.08454 0.22045 0.04037
v 0.08923 0.19725 0.04037
v 0.29358 0.42272 0.04037
v 0.07176 0.2394 0.04037
v 0.08454 0.22045 0.04037
v -0.29358 0.10551 0.02294
v -0.29358 0.06422 0.04954
v -0.29358 0.12731 0.05505
v 0.26606 0.46101 0.04037
v 0.25075 0.46101 0.04037
v 0.29358 0.42272 0.04037
v 0.29358 0.43349 0.04037
v 0.26606 0.46101 0.04037
v 0.29358 0.43349 0.04037
v 0.29142 0.4442 0.04037
v 0.27676 0.45885 0.04037
v 0.29142 0.4442 0.04037
v 0.28551 0.45295 0.04037
v 0.27676 0.45885 0.04037
v -0.29358 0.42272 0.04037
v -0.25462 0.46101 0.04037
v -0.26606 0.46101 0.04037
v -0.29358 0.43349 0.04037
v -0.29358 0.43349 0.04037
v -0.26606 0.46101 0.04037
v -0.27676 0.45885 0.04037
v -0.29142 0.4442 0.04037
v -0.27676 0.45885 0.04037
v -0.28551 0.45295 0.04037
v -0.29142 0.4442 0.04037
v -0.25462 0.46101 0.04037
v 0.0064 0.25219 0.04037
v 0.0296 0.25688 0.04037
v -0.25462 0.46101 0.04037
v -0.14608 0.29197 0.04037
v 0.0064 0.25219 0.04037
v 0.29358 0.42272 0.04037
v 0.25075 0.46101 0.04037
v 0.07176 0.2394 0.04037
v 0.25075 0.46101 0.04037
v 0.0296 0.25688 0.04037
v 0.0528 0.25219 0.04037
v 0.0528 0.25219 0.04037
v 0.07176 0.2394 0.04037
v 0.25075 0.46101 0.04037
v -0.25462 0.46101 0.04037
v -0.29358 0.42272 0.04037
v -0.29358 0.32755 0.04037
v -0.15526 0.28501 0.05505
v -0.22792 0.22386 0.05505
v -0.23081 0.21308 0.05505
v -0.15526 0.28501 0.05505
v -0.2387 0.24253 0.05505
v -0.23081 0.23464 0.05505
v -0.29358 0.31837 0.05505
v -0.26815 0.23464 0.05505
v -0.26026 0.24253 0.05505
v -0.29358 0.12731 0.05505
v -0.26026 0.20518 0.05505
v -0.26815 0.21308 0.05505
v -0.29358 0.12731 0.05505
v -0.25329 0.13774 0.05505
v -0.26026 0.20518 0.05505
v -0.15526 0.28501 0.05505
v -0.24948 0.24542 0.05505
v -0.2387 0.24253 0.05505
v -0.15526 0.28501 0.05505
v -0.29358 0.31837 0.05505
v -0.24948 0.24542 0.05505
v -0.29358 0.31837 0.05505
v -0.26026 0.24253 0.05505
v -0.24948 0.24542 0.05505
v -0.29358 0.31837 0.05505
v -0.27104 0.22386 0.05505
v -0.26815 0.23464 0.05505
v -0.29358 0.31837 0.05505
v -0.29358 0.12731 0.05505
v -0.27104 0.22386 0.05505
v -0.29358 0.12731 0.05505
v -0.26815 0.21308 0.05505
v -0.27104 0.22386 0.05505
v -0.15526 0.28501 0.05505
v -0.23081 0.23464 0.05505
v -0.22792 0.22386 0.05505
v -0.15526 0.28501 0.05505
v -0.21962 0.14376 0.05505
v -0.2166 0.13774 0.05505
v -0.22567 0.14679 0.05505
v -0.23081 0.21308 0.05505
v -0.2387 0.20518 0.05505
v -0.2387 0.20518 0.05505
v -0.24948 0.2023 0.05505
v -0.24418 0.14679 0.05505
v -0.22567 0.14679 0.05505
v -0.25027 0.14376 0.05505
v -0.24948 0.2023 0.05505
v -0.26026 0.20518 0.05505
v -0.22567 0.14679 0.05505
v -0.21962 0.14376 0.05505
v -0.15526 0.28501 0.05505
v -0.29358 0.12731 0.05505
v -0.25329 0.11923 0.05505
v -0.25329 0.13774 0.05505
v -0.29358 -0.06422 0.04954
v -0.29358 0.06422 0.04954
v -0.27523 0.06422 0.04954
v -0.27523 -0.06422 0.04954
v -0.27523 0.19266 0.04954
v -0.29358 0.19266 0.04954
v -0.29358 0.31532 0.04954
v -0.27523 0.31532 0.04954
v -0.27523 0.10551 0.02294
v -0.29358 0.10551 0.02294
v -0.29358 0.15138 0.02294
v -0.27523 0.15138 0.02294
v -0.29358 0.10551 -0.02294
v -0.29358 0.10551 0.02294
v -0.27523 0.10551 0.02294
v -0.27523 0.10551 -0.02294
v -0.27523 0.10551 -0.02294
v -0.27523 0.10551 0.02294
v -0.27523 0.15138 0.02294
v -0.27523 0.15138 -0.02294
v -0.27523 -0.06422 0.04954
v -0.27523 0.06422 0.04954
v -0.27523 0.06422 -0.04954
v -0.27523 -0.06422 -0.04954
v -0.22567 0.14679 0.05505
v -0.24418 0.14679 0.05505
v -0.24418 0.14679 -0.05505
v -0.22567 0.14679 -0.05505
v -0.24418 0.14679 -0.05505
v -0.24418 0.14679 0.05505
v -0.25027 0.14376 0.05505
v -0.25027 0.14376 -0.05505
v -0.24418 0.11009 0.05505
v -0.22567 0.11009 0.05505
v -0.22567 0.11009 -0.05505
v -0.24418 0.11009 -0.05505
v -0.2166 0.11923 0.05505
v -0.2166 0.13774 0.05505
v -0.2166 0.13774 -0.05505
v -0.2166 0.11923 -0.05505
v -0.25027 0.14376 -0.05505
v -0.25027 0.14376 0.05505
v -0.25329 0.13774 0.05505
v -0.25329 0.13774 -0.05505
v -0.24948 0.2023 -0.05505
v -0.24948 0.2023 0.05505
v -0.2387 0.20518 0.05505
v -0.2387 0.20518 -0.05505
v -0.2387 0.24253 -0.05505
v -0.2387 0.24253 0.05505
v -0.24948 0.24542 0.05505
v -0.24948 0.24542 -0.05505
v -0.27104 0.22386 -0.05505
v -0.27104 0.22386 0.05505
v -0.26815 0.21308 0.05505
v -0.26815 0.21308 -0.05505
v -0.26815 0.21308 -0.05505
v -0.26815 0.21308 0.05505
v -0.26026 0.20518 0.05505
v -0.26026 0.20518 -0.05505
v 0.07186 0.1794 -0.00918
v 0.07186 0.1794 0.00918
v 0.07547 0.19725 0.00918
v 0.07547 0.19725 -0.00918
v 0.07186 0.21509 -0.00918
v 0.07186 0.21509 0.00918
v 0.06203 0.22968 0.00918
v 0.06203 0.22968 -0.00918
v -0.01266 0.21509 -0.00918
v -0.01266 0.21509 0.00918
v -0.01627 0.19725 0.00918
v -0.01627 0.19725 -0.00918
v -0.00283 0.22968 -0.00918
v -0.00283 0.22968 0.00918
v -0.01266 0.21509 0.00918
v -0.01266 0.21509 -0.00918
v 0.06203 0.22968 -0.00918
v 0.06203 0.22968 0.00918
v 0.04745 0.23951 0.00918
v 0.04745 0.23951 -0.00918
v 0.04745 0.23951 -0.00918
v 0.04745 0.23951 0.00918
v 0.0296 0.24312 0.00918
v 0.0296 0.24312 -0.00918
v 0.0296 0.24312 -0.00918
v 0.0296 0.24312 0.00918
v 0.01176 0.23951 0.00918
v 0.01176 0.23951 -0.00918
v 0.07186 0.21509 0.00918
v 0.08454 0.22045 0.04037
v 0.07176 0.2394 0.04037
v 0.06203 0.22968 0.00918
v 0.06203 0.22968 0.00918
v 0.07176 0.2394 0.04037
v 0.0528 0.25219 0.04037
v 0.04745 0.23951 0.00918
v 0.04745 0.23951 0.00918
v 0.0528 0.25219 0.04037
v 0.0296 0.25688 0.04037
v 0.0296 0.24312 0.00918
v 0.0296 0.24312 0.00918
v 0.0296 0.25688 0.04037
v 0.0064 0.25219 0.04037
v 0.01176 0.23951 0.00918
v 0.01176 0.23951 0.00918
v 0.0064 0.25219 0.04037
v -0.01256 0.2394 0.04037
v -0.00283 0.22968 0.00918
v -0.00283 0.22968 0.00918
v -0.01256 0.2394 0.04037
v -0.02534 0.22045 0.04037
v -0.01266 0.21509 0.00918
v -0.01266 0.21509 0.00918
v -0.02534 0.22045 0.04037
v -0.03003 0.19725 0.04037
v -0.01627 0.19725 0.00918
v -0.01627 0.19725 0.00918
v -0.03003 0.19725 0.04037
v -0.02534 0.17405 0.04037
v -0.01266 0.1794 0.00918
v -0.01266 0.1794 0.00918
v -0.02534 0.17405 0.04037
v -0.01256 0.15509 0.04037
v -0.00283 0.16482 0.00918
v -0.00283 0.16482 0.00918
v -0.01256 0.15509 0.04037
v 0.0064 0.14231 0.04037
v 0.01176 0.15499 0.00918
v 0.01176 0.15499 0.00918
v 0.0064 0.14231 0.04037
v 0.0296 0.13762 0.04037
v 0.0296 0.15138 0.00918
v 0.0296 0.15138 0.00918
v 0.0296 0.13762 0.04037
v 0.0528 0.14231 0.04037
v 0.04745 0.15499 0.00918
v 0.04745 0.15499 0.00918
v 0.0528 0.14231 0.04037
v 0.07176 0.15509 0.04037
v 0.06203 0.16482 0.00918
v 0.06203 0.16482 0.00918
v 0.07176 0.15509 0.04037
v 0.08454 0.17405 0.04037
v 0.07186 0.1794 0.00918
v 0.07186 0.1794 0.00918
v 0.08454 0.17405 0.04037
v 0.08923 0.19725 0.04037
v 0.07547 0.19725 0.00918
v 0.07547 0.19725 0.00918
v 0.08923 0.19725 0.04037
v 0.08454 0.22045 0.04037
v 0.07186 0.21509 0.00918
v -0.29142 -0.4442 0.04037
v -0.29358 -0.43349 0.04037
v -0.29358 -0.43349 -0.04037
v -0.29142 -0.4442 -0.04037
v 0.28551 -0.45295 0.04037
v 0.27676 -0.45885 0.04037
v 0.27676 -0.45885 -0.04037
v 0.28551 -0.45295 -0.04037
v 0.29142 -0.4442 0.04037
v 0.28551 -0.45295 0.04037
v 0.28551 -0.45295 -0.04037
v 0.29142 -0.4442 -0.04037
v 0.29358 -0.43349 0.04037
v 0.29142 -0.4442 0.04037
v 0.29142 -0.4442 -0.04037
v 0.29358 -0.43349 -0.04037
v -0.29358 -0.43349 0.04037
v -0.29358 -0.42272 0.04037
v -0.29358 -0.42272 -0.04037
v -0.29358 -0.43349 -0.04037
v 0.29358 -0.42272 -0.04037
v 0.29358 -0.42272 0.04037
v 0.29358 -0.43349 0.04037
v 0.29358 -0.43349 -0.04037
v -0.25462 -0.46101 0.04037
v -0.14608 -0.29197 0.04037
v -0.29358 -0.32755 0.04037
v 0.26606 -0.46101 0.04037
v 0.25075 -0.46101 0.04037
v 0.25075 -0.46101 -0.04037
v 0.26606 -0.46101 -0.04037
v -0.25462 -0.46101 -0.04037
v -0.25462 -0.46101 0.04037
v -0.26606 -0.46101 0.04037
v -0.26606 -0.46101 -0.04037
v -0.15526 -0.28501 0.05505
v -0.29358 -0.31837 0.05505
v -0.29358 -0.32755 0.04037
v -0.14608 -0.29197 0.04037
v -0.29358 -0.15138 0.02294
v -0.29358 -0.12731 0.05505
v -0.29358 -0.10551 0.02294
v -0.29358 -0.19266 0.04954
v -0.29358 -0.31532 0.04954
v -0.29358 -0.31837 0.05505
v -0.29358 -0.12731 0.05505
v -0.29358 -0.32755 0.04037
v -0.29358 -0.31532 0.04954
v -0.29358 -0.31532 -0.04954
v -0.29358 -0.32755 -0.04037
v -0.29358 -0.31837 0.05505
v -0.29358 -0.31532 0.04954
v -0.29358 -0.32755 0.04037
v -0.29358 -0.19266 0.04954
v -0.29358 -0.12731 0.05505
v -0.29358 -0.15138 0.02294
v 0.25075 -0.46101 0.04037
v 0.0296 -0.25688 0.04037
v -0.25462 -0.46101 0.04037
v -0.14608 -0.29197 0.04037
v 0.0064 -0.25219 0.04037
v -0.01256 -0.2394 0.04037
v -0.14608 -0.29197 0.04037
v -0.01256 -0.2394 0.04037
v -0.02534 -0.22045 0.04037
v -0.14608 -0.29197 0.04037
v -0.02534 -0.22045 0.04037
v -0.03003 -0.19725 0.04037
v -0.14608 0.29197 0.04037
v -0.14608 -0.29197 0.04037
v -0.03003 -0.19725 0.04037
v -0.03003 0.19725 0.04037
v 0.29358 -0.42272 0.04037
v 0.08923 -0.19725 0.04037
v 0.08454 -0.22045 0.04037
v 0.29358 -0.42272 0.04037
v 0.08454 -0.22045 0.04037
v 0.07176 -0.2394 0.04037
v -0.29358 -0.10551 0.02294
v -0.29358 -0.12731 0.05505
v -0.29358 -0.06422 0.04954
v -0.14608 -0.29197 0.04037
v -0.14608 0.29197 0.04037
v -0.15526 0.28501 0.05505
v -0.15526 -0.28501 0.05505
v 0.26606 -0.46101 0.04037
v 0.29358 -0.43349 0.04037
v 0.29358 -0.42272 0.04037
v 0.25075 -0.46101 0.04037
v 0.29142 -0.4442 0.04037
v 0.29358 -0.43349 0.04037
v 0.26606 -0.46101 0.04037
v 0.27676 -0.45885 0.04037
v 0.29142 -0.4442 0.04037
v 0.27676 -0.45885 0.04037
v 0.28551 -0.45295 0.04037
v -0.26606 -0.46101 0.04037
v -0.25462 -0.46101 0.04037
v -0.29358 -0.42272 0.04037
v -0.29358 -0.43349 0.04037
v -0.27676 -0.45885 0.04037
v -0.26606 -0.46101 0.04037
v -0.29358 -0.43349 0.04037
v -0.29142 -0.4442 0.04037
v -0.27676 -0.45885 0.04037
v -0.29142 -0.4442 0.04037
v -0.28551 -0.45295 0.04037
v -0.25462 -0.46101 0.04037
v 0.0296 -0.25688 0.04037
v 0.0064 -0.25219 0.04037
v -0.25462 -0.46101 0.04037
v 0.0064 -0.25219 0.04037
v -0.14608 -0.29197 0.04037
v 0.29358 -0.42272 0.04037
v 0.07176 -0.2394 0.04037
v 0.25075 -0.46101 0.04037
v 0.25075 -0.46101 0.04037
v 0.0528 -0.25219 0.04037
v 0.0296 -0.25688 0.04037
v 0.0528 -0.25219 0.04037
v 0.25075 -0.46101 0.04037
v 0.07176 -0.2394 0.04037
v -0.25462 -0.46101 0.04037
v -0.29358 -0.32755 0.04037
v -0.29358 -0.42272 0.04037
v -0.15526 -0.28501 0.05505
v -0.23081 -0.21308 0.05505
v -0.22792 -0.22386 0.05505
v -0.15526 -0.28501 0.05505
v -0.23081 -0.23464 0.05505
v -0.2387 -0.24253 0.05505
v -0.29358 -0.31837 0.05505
v -0.26026 -0.24253 0.05505
v -0.26815 -0.23464 0.05505
v -0.29358 -0.12731 0.05505
v -0.26815 -0.21308 0.05505
v -0.25329 -0.13774 0.05505
v -0.15526 -0.28501 0.05505
v -0.2387 -0.24253 0.05505
v -0.24948 -0.24542 0.05505
v -0.15526 -0.28501 0.05505
v -0.24948 -0.24542 0.05505
v -0.29358 -0.31837 0.05505
v -0.29358 -0.31837 0.05505
v -0.24948 -0.24542 0.05505
v -0.26026 -0.24253 0.05505
v -0.29358 -0.31837 0.05505
v -0.26815 -0.23464 0.05505
v -0.27104 -0.22386 0.05505
v -0.29358 -0.31837 0.05505
v -0.27104 -0.22386 0.05505
v -0.29358 -0.12731 0.05505
v -0.29358 -0.12731 0.05505
v -0.27104 -0.22386 0.05505
v -0.26815 -0.21308 0.05505
v -0.15526 -0.28501 0.05505
v -0.22792 -0.22386 0.05505
v -0.23081 -0.23464 0.05505
v -0.15526 -0.28501 0.05505
v -0.2166 -0.13774 0.05505
v -0.21962 -0.14376 0.05505
v -0.22567 -0.14679 0.05505
v -0.23081 -0.21308 0.05505
v -0.15526 -0.28501 0.05505
v -0.2387 -0.20518 0.05505
v -0.22567 -0.14679 0.05505
v -0.24418 -0.14679 0.05505
v -0.24948 -0.2023 0.05505
v -0.24948 -0.2023 0.05505
v -0.24418 -0.14679 0.05505
v -0.25027 -0.14376 0.05505
v -0.26026 -0.20518 0.05505
v -0.22567 -0.14679 0.05505
v -0.15526 -0.28501 0.05505
v -0.21962 -0.14376 0.05505
v -0.25329 -0.13774 0.05505
v -0.25329 -0.11923 0.05505
v -0.29358 -0.12731 0.05505
v -0.29358 -0.31532 0.04954
v -0.29358 -0.19266 0.04954
v -0.27523 -0.19266 0.04954
v -0.27523 -0.31532 0.04954
v -0.29358 -0.06422 -0.04954
v -0.29358 -0.06422 0.04954
v -0.27523 -0.06422 0.04954
v -0.27523 -0.06422 -0.04954
v -0.29358 -0.31532 -0.04954
v -0.29358 -0.31532 0.04954
v -0.27523 -0.31532 0.04954
v -0.27523 -0.31532 -0.04954
v -0.29358 -0.15138 0.02294
v -0.29358 -0.10551 0.02294
v -0.27523 -0.10551 0.02294
v -0.27523 -0.15138 0.02294
v -0.27523 -0.19266 0.04954
v -0.27523 -0.19266 -0.04954
v -0.27523 -0.31532 -0.04954
v -0.27523 -0.31532 0.04954
v -0.25027 -0.11312 0.05505
v -0.25329 -0.11923 0.05505
v -0.25329 -0.11923 -0.05505
v -0.25027 -0.11312 -0.05505
v -0.24948 -0.2023 0.05505
v -0.24948 -0.2023 -0.05505
v -0.2387 -0.20518 -0.05505
v -0.2387 -0.20518 0.05505
v -0.2387 -0.20518 0.05505
v -0.2387 -0.20518 -0.05505
v -0.23081 -0.21308 -0.05505
v -0.23081 -0.21308 0.05505
v -0.23081 -0.21308 0.05505
v -0.23081 -0.21308 -0.05505
v -0.22792 -0.22386 -0.05505
v -0.22792 -0.22386 0.05505
v -0.22792 -0.22386 0.05505
v -0.22792 -0.22386 -0.05505
v -0.23081 -0.23464 -0.05505
v -0.23081 -0.23464 0.05505
v -0.23081 -0.23464 0.05505
v -0.23081 -0.23464 -0.05505
v -0.2387 -0.24253 -0.05505
v -0.2387 -0.24253 0.05505
v -0.2387 -0.24253 0.05505
v -0.2387 -0.24253 -0.05505
v -0.24948 -0.24542 -0.05505
v -0.24948 -0.24542 0.05505
v -0.24948 -0.24542 0.05505
v -0.24948 -0.24542 -0.05505
v -0.26026 -0.24253 -0.05505
v -0.26026 -0.24253 0.05505
v -0.26026 -0.24253 0.05505
v -0.26026 -0.24253 -0.05505
v -0.26815 -0.23464 -0.05505
v -0.26815 -0.23464 0.05505
v -0.26815 -0.23464 0.05505
v -0.26815 -0.23464 -0.05505
v -0.27104 -0.22386 -0.05505
v -0.27104 -0.22386 0.05505
v -0.27104 -0.22386 0.05505
v -0.27104 -0.22386 -0.05505
v -0.26815 -0.21308 -0.05505
v -0.26815 -0.21308 0.05505
v -0.26026 -0.20518 0.05505
v -0.26026 -0.20518 -0.05505
v -0.24948 -0.2023 -0.05505
v -0.24948 -0.2023 0.05505
v 0.07186 -0.21509 0.00918
v 0.07547 -0.19725 0.00918
v 0.07547 -0.19725 -0.00918
v 0.07186 -0.21509 -0.00918
v 0.07186 -0.1794 0.00918
v 0.06203 -0.16482 0.00918
v 0.06203 -0.16482 -0.00918
v 0.07186 -0.1794 -0.00918
v 0.06203 -0.16482 0.00918
v 0.04745 -0.15498 0.00918
v 0.04745 -0.15498 -0.00918
v 0.06203 -0.16482 -0.00918
v 0.0296 -0.15138 0.00918
v 0.01176 -0.15498 0.00918
v 0.01176 -0.15498 -0.00918
v 0.0296 -0.15138 -0.00918
v -0.00283 -0.16482 0.00918
v -0.01266 -0.1794 0.00918
v -0.01266 -0.1794 -0.00918
v -0.00283 -0.16482 -0.00918
v -0.01266 -0.21509 0.00918
v -0.00283 -0.22968 0.00918
v -0.00283 -0.22968 -0.00918
v -0.01266 -0.21509 -0.00918
v 0.0296 -0.24312 0.00918
v 0.04745 -0.23951 0.00918
v 0.04745 -0.23951 -0.00918
v 0.0296 -0.24312 -0.00918
v 0.07176 -0.2394 0.04037
v 0.08454 -0.22045 0.04037
v 0.07186 -0.21509 0.00918
v 0.06203 -0.22968 0.00918
v 0.0528 -0.25219 0.04037
v 0.07176 -0.2394 0.04037
v 0.06203 -0.22968 0.00918
v 0.04745 -0.23951 0.00918
v 0.0296 -0.25688 0.04037
v 0.0528 -0.25219 0.04037
v 0.04745 -0.23951 0.00918
v 0.0296 -0.24312 0.00918
v 0.0064 -0.25219 0.04037
v 0.0296 -0.25688 0.04037
v 0.0296 -0.24312 0.00918
v 0.01176 -0.23951 0.00918
v -0.01256 -0.2394 0.04037
v 0.0064 -0.25219 0.04037
v 0.01176 -0.23951 0.00918
v -0.00283 -0.22968 0.00918
v -0.02534 -0.22045 0.04037
v -0.01256 -0.2394 0.04037
v -0.00283 -0.22968 0.00918
v -0.01266 -0.21509 0.00918
v -0.03003 -0.19725 0.04037
v -0.02534 -0.22045 0.04037
v -0.01266 -0.21509 0.00918
v -0.01627 -0.19725 0.00918
v -0.02534 -0.17405 0.04037
v -0.03003 -0.19725 0.04037
v -0.01627 -0.19725 0.00918
v -0.01266 -0.1794 0.00918
v -0.01256 -0.15509 0.04037
v -0.02534 -0.17405 0.04037
v -0.01266 -0.1794 0.00918
v -0.00283 -0.16482 0.00918
v 0.0064 -0.14231 0.04037
v -0.01256 -0.15509 0.04037
v -0.00283 -0.16482 0.00918
v 0.01176 -0.15498 0.00918
v 0.0296 -0.13762 0.04037
v 0.0064 -0.14231 0.04037
v 0.01176 -0.15498 0.00918
v 0.0296 -0.15138 0.00918
v 0.0528 -0.14231 0.04037
v 0.0296 -0.13762 0.04037
v 0.0296 -0.15138 0.00918
v 0.04745 -0.15498 0.00918
v 0.07176 -0.15509 0.04037
v 0.0528 -0.14231 0.04037
v 0.04745 -0.15498 0.00918
v 0.06203 -0.16482 0.00918
v 0.08454 -0.17405 0.04037
v 0.07176 -0.15509 0.04037
v 0.06203 -0.16482 0.00918
v 0.07186 -0.1794 0.00918
v 0.08923 -0.19725 0.04037
v 0.08454 -0.17405 0.04037
v 0.07186 -0.1794 0.00918
v 0.07547 -0.19725 0.00918
v 0.08454 -0.22045 0.04037
v 0.08923 -0.19725 0.04037
v 0.07547 -0.19725 0.00918
v 0.07186 -0.21509 0.00918
v 0.0296 0.13762 0.04037
v 0.0296 -0.13762 0.04037
v 0.0528 -0.14231 0.04037
v 0.0528 0.14231 0.04037
v 0.0528 0.14231 0.04037
v 0.0528 -0.14231 0.04037
v 0.07176 -0.15509 0.04037
v 0.07176 0.15509 0.04037
v 0.07176 0.15509 0.04037
v 0.07176 -0.15509 0.04037
v 0.08454 -0.17405 0.04037
v 0.08454 0.17405 0.04037
v 0.08454 0.17405 0.04037
v 0.08454 -0.17405 0.04037
v 0.08923 -0.19725 0.04037
v 0.08923 0.19725 0.04037
v 0.08923 0.19725 0.04037
v 0.08923 -0.19725 0.04037
v 0.29358 -0.42272 0.04037
v 0.29358 0.42272 0.04037
v 0.0064 0.14231 0.04037
v 0.0064 -0.14231 0.04037
v 0.0296 -0.13762 0.04037
v 0.0296 0.13762 0.04037
v -0.01256 0.15509 0.04037
v -0.01256 -0.15509 0.04037
v 0.0064 -0.14231 0.04037
v 0.0064 0.14231 0.04037
v -0.02534 0.17405 0.04037
v -0.02534 -0.17405 0.04037
v -0.01256 -0.15509 0.04037
v -0.01256 0.15509 0.04037
v -0.03003 0.19725 0.04037
v -0.03003 -0.19725 0.04037
v -0.02534 -0.17405 0.04037
v -0.02534 0.17405 0.04037
v -0.22567 0.11009 0.05505
v -0.22567 -0.11009 0.05505
v -0.21962 -0.11312 0.05505
v -0.21962 0.11312 0.05505
v -0.21962 0.11312 0.05505
v -0.21962 -0.11312 0.05505
v -0.2166 -0.11923 0.05505
v -0.2166 0.11923 0.05505
v -0.2166 0.11923 0.05505
v -0.2166 -0.11923 0.05505
v -0.15526 -0.28501 0.05505
v -0.15526 0.28501 0.05505
v -0.24418 0.11009 0.05505
v -0.24418 -0.11009 0.05505
v -0.22567 -0.11009 0.05505
v -0.22567 0.11009 0.05505
v -0.15526 0.28501 0.05505
v -0.2166 0.13774 0.05505
v -0.2166 0.11923 0.05505
v -0.2166 -0.11923 0.05505
v -0.2166 -0.13774 0.05505
v -0.15526 -0.28501 0.05505
v -0.26026 -0.20518 0.05505
v -0.25027 -0.14376 0.05505
v -0.25329 -0.13774 0.05505
v -0.26815 -0.21308 0.05505
v -0.26026 -0.20518 0.05505
v -0.25329 -0.13774 0.05505
v -0.25329 0.13774 0.05505
v -0.25027 0.14376 0.05505
v -0.26026 0.20518 0.05505
v -0.25027 0.14376 0.05505
v -0.24418 0.14679 0.05505
v -0.24948 0.2023 0.05505
v -0.25027 0.11312 0.05505
v -0.25027 -0.11312 0.05505
v -0.24418 -0.11009 0.05505
v -0.24418 0.11009 0.05505
v -0.25329 0.11923 0.05505
v -0.25329 -0.11923 0.05505
v -0.25027 -0.11312 0.05505
v -0.25027 0.11312 0.05505
v -0.29358 -0.12731 0.05505
v -0.25329 -0.11923 0.05505
v -0.25329 0.11923 0.05505
v -0.29358 0.12731 0.05505
v -0.22567 -0.14679 0.05505
v -0.2387 -0.20518 0.05505
v -0.23081 -0.21308 0.05505
v -0.22567 0.14679 0.05505
v -0.15526 0.28501 0.05505
v -0.23081 0.21308 0.05505
v -0.26606 0.46101 -0.04037
v -0.27676 0.45885 -0.04037
v -0.27676 0.45885 0.04037
v -0.26606 0.46101 0.04037
v -0.27676 0.45885 -0.04037
v -0.28551 0.45295 -0.04037
v -0.28551 0.45295 0.04037
v -0.27676 0.45885 0.04037
v -0.28551 0.45295 -0.04037
v -0.29142 0.4442 -0.04037
v -0.29142 0.4442 0.04037
v -0.28551 0.45295 0.04037
v -0.29142 0.4442 -0.04037
v -0.29358 0.43349 -0.04037
v -0.29358 0.43349 0.04037
v -0.29142 0.4442 0.04037
v 0.27676 0.45885 -0.04037
v 0.26606 0.46101 -0.04037
v 0.26606 0.46101 0.04037
v 0.27676 0.45885 0.04037
v 0.28551 0.45295 -0.04037
v 0.27676 0.45885 -0.04037
v 0.27676 0.45885 0.04037
v 0.28551 0.45295 0.04037
v 0.29142 0.4442 -0.04037
v 0.28551 0.45295 -0.04037
v 0.28551 0.45295 0.04037
v 0.29142 0.4442 0.04037
v 0.29358 0.43349 -0.04037
v 0.29142 0.4442 -0.04037
v 0.29142 0.4442 0.04037
v 0.29358 0.43349 0.04037
v -0.29358 0.43349 -0.04037
v -0.29358 0.42272 -0.04037
v -0.29358 0.42272 0.04037
v -0.29358 0.43349 0.04037
v -0.25462 0.46101 -0.04037
v -0.14608 0.29197 -0.04037
v -0.29358 0.32755 -0.04037
v 0.26606 0.46101 -0.04037
v 0.25075 0.46101 -0.04037
v 0.25075 0.46101 0.04037
v 0.26606 0.46101 0.04037
v -0.25462 0.46101 0.04037
v -0.25462 0.46101 -0.04037
v -0.26606 0.46101 -0.04037
v -0.26606 0.46101 0.04037
v -0.29358 0.42272 -0.04037
v -0.29358 0.32755 -0.04037
v -0.29358 0.32755 0.04037
v -0.29358 0.42272 0.04037
v -0.15526 0.28501 -0.05505
v -0.29358 0.31837 -0.05505
v -0.29358 0.32755 -0.04037
v -0.14608 0.29197 -0.04037
v -0.29358 0.19266 -0.04954
v -0.29358 0.15138 -0.02294
v -0.29358 0.15138 0.02294
v -0.29358 0.19266 0.04954
v -0.29358 0.15138 -0.02294
v -0.29358 0.12731 -0.05505
v -0.29358 0.10551 -0.02294
v -0.29358 -0.06422 -0.04954
v -0.29358 0.06422 -0.04954
v -0.29358 0.12731 -0.05505
v -0.29358 -0.12731 -0.05505
v -0.29358 0.19266 -0.04954
v -0.29358 0.31532 -0.04954
v -0.29358 0.31837 -0.05505
v -0.29358 0.12731 -0.05505
v -0.29358 0.31837 -0.05505
v -0.29358 0.31532 -0.04954
v -0.29358 0.32755 -0.04037
v -0.29358 0.19266 -0.04954
v -0.29358 0.12731 -0.05505
v -0.29358 0.15138 -0.02294
v 0.25075 0.46101 -0.04037
v 0.0296 0.25688 -0.04037
v -0.25462 0.46101 -0.04037
v -0.14608 0.29197 -0.04037
v 0.0064 0.25219 -0.04037
v -0.01256 0.2394 -0.04037
v -0.14608 0.29197 -0.04037
v -0.01256 0.2394 -0.04037
v -0.02534 0.22045 -0.04037
v -0.14608 0.29197 -0.04037
v -0.02534 0.22045 -0.04037
v -0.03003 0.19725 -0.04037
v 0.29358 0.42272 -0.04037
v 0.08923 0.19725 -0.04037
v 0.08454 0.22045 -0.04037
v 0.29358 0.42272 -0.04037
v 0.08454 0.22045 -0.04037
v 0.07176 0.2394 -0.04037
v -0.29358 0.10551 -0.02294
v -0.29358 0.12731 -0.05505
v -0.29358 0.06422 -0.04954
v 0.26606 0.46101 -0.04037
v 0.29358 0.43349 -0.04037
v 0.29358 0.42272 -0.04037
v 0.25075 0.46101 -0.04037
v 0.29142 0.4442 -0.04037
v 0.29358 0.43349 -0.04037
v 0.26606 0.46101 -0.04037
v 0.27676 0.45885 -0.04037
v 0.29142 0.4442 -0.04037
v 0.27676 0.45885 -0.04037
v 0.28551 0.45295 -0.04037
v -0.26606 0.46101 -0.04037
v -0.25462 0.46101 -0.04037
v -0.29358 0.42272 -0.04037
v -0.29358 0.43349 -0.04037
v -0.27676 0.45885 -0.04037
v -0.26606 0.46101 -0.04037
v -0.29358 0.43349 -0.04037
v -0.29142 0.4442 -0.04037
v -0.27676 0.45885 -0.04037
v -0.29142 0.4442 -0.04037
v -0.28551 0.45295 -0.04037
v -0.25462 0.46101 -0.04037
v 0.0296 0.25688 -0.04037
v 0.0064 0.25219 -0.04037
v -0.25462 0.46101 -0.04037
v 0.0064 0.25219 -0.04037
v -0.14608 0.29197 -0.04037
v 0.29358 0.42272 -0.04037
v 0.07176 0.2394 -0.04037
v 0.25075 0.46101 -0.04037
v 0.25075 0.46101 -0.04037
v 0.0528 0.25219 -0.04037
v 0.0296 0.25688 -0.04037
v 0.0528 0.25219 -0.04037
v 0.25075 0.46101 -0.04037
v 0.07176 0.2394 -0.04037
v -0.25462 0.46101 -0.04037
v -0.29358 0.32755 -0.04037
v -0.29358 0.42272 -0.04037
v -0.15526 0.28501 -0.05505
v -0.23081 0.21308 -0.05505
v -0.22792 0.22386 -0.05505
v -0.15526 0.28501 -0.05505
v -0.23081 0.23464 -0.05505
v -0.2387 0.24253 -0.05505
v -0.29358 0.31837 -0.05505
v -0.26026 0.24253 -0.05505
v -0.26815 0.23464 -0.05505
v -0.29358 0.12731 -0.05505
v -0.26815 0.21308 -0.05505
v -0.26026 0.20518 -0.05505
v -0.29358 0.12731 -0.05505
v -0.26026 0.20518 -0.05505
v -0.25329 0.13774 -0.05505
v -0.15526 0.28501 -0.05505
v -0.2387 0.24253 -0.05505
v -0.24948 0.24542 -0.05505
v -0.15526 0.28501 -0.05505
v -0.24948 0.24542 -0.05505
v -0.29358 0.31837 -0.05505
v -0.29358 0.31837 -0.05505
v -0.24948 0.24542 -0.05505
v -0.26026 0.24253 -0.05505
v -0.29358 0.31837 -0.05505
v -0.26815 0.23464 -0.05505
v -0.27104 0.22386 -0.05505
v -0.29358 0.31837 -0.05505
v -0.27104 0.22386 -0.05505
v -0.29358 0.12731 -0.05505
v -0.29358 0.12731 -0.05505
v -0.27104 0.22386 -0.05505
v -0.26815 0.21308 -0.05505
v -0.15526 0.28501 -0.05505
v -0.22792 0.22386 -0.05505
v -0.23081 0.23464 -0.05505
v -0.15526 0.28501 -0.05505
v -0.2166 0.13774 -0.05505
v -0.21962 0.14376 -0.05505
v -0.22567 0.14679 -0.05505
v -0.2387 0.20518 -0.05505
v -0.23081 0.21308 -0.05505
v -0.2387 0.20518 -0.05505
v -0.22567 0.14679 -0.05505
v -0.24418 0.14679 -0.05505
v -0.24948 0.2023 -0.05505
v -0.25027 0.14376 -0.05505
v -0.26026 0.20518 -0.05505
v -0.24948 0.2023 -0.05505
v -0.22567 0.14679 -0.05505
v -0.15526 0.28501 -0.05505
v -0.21962 0.14376 -0.05505
v -0.29358 0.12731 -0.05505
v -0.25329 0.13774 -0.05505
v -0.25329 0.11923 -0.05505
v -0.27523 0.06422 -0.04954
v -0.29358 0.06422 -0.04954
v -0.29358 -0.06422 -0.04954
v -0.27523 -0.06422 -0.04954
v -0.29358 0.31532 -0.04954
v -0.29358 0.19266 -0.04954
v -0.27523 0.19266 -0.04954
v -0.27523 0.31532 -0.04954
v -0.29358 0.15138 0.02294
v -0.29358 0.15138 -0.02294
v -0.27523 0.15138 -0.02294
v -0.27523 0.15138 0.02294
v -0.29358 0.06422 0.04954
v -0.29358 0.06422 -0.04954
v -0.27523 0.06422 -0.04954
v -0.27523 0.06422 0.04954
v -0.29358 0.31532 0.04954
v -0.29358 0.31532 -0.04954
v -0.27523 0.31532 -0.04954
v -0.27523 0.31532 0.04954
v -0.29358 0.19266 -0.04954
v -0.29358 0.19266 0.04954
v -0.27523 0.19266 0.04954
v -0.27523 0.19266 -0.04954
v -0.29358 0.15138 -0.02294
v -0.29358 0.10551 -0.02294
v -0.27523 0.10551 -0.02294
v -0.27523 0.15138 -0.02294
v -0.27523 0.19266 -0.04954
v -0.27523 0.19266 0.04954
v -0.27523 0.31532 0.04954
v -0.27523 0.31532 -0.04954
v -0.22567 0.14679 -0.05505
v -0.21962 0.14376 -0.05505
v -0.21962 0.14376 0.05505
v -0.22567 0.14679 0.05505
v -0.25329 0.11923 0.05505
v -0.25329 0.11923 -0.05505
v -0.25329 0.13774 -0.05505
v -0.25329 0.13774 0.05505
v -0.25027 0.11312 -0.05505
v -0.25329 0.11923 -0.05505
v -0.25329 0.11923 0.05505
v -0.25027 0.11312 0.05505
v -0.24418 0.11009 -0.05505
v -0.25027 0.11312 -0.05505
v -0.25027 0.11312 0.05505
v -0.24418 0.11009 0.05505
v -0.21962 0.11312 -0.05505
v -0.22567 0.11009 -0.05505
v -0.22567 0.11009 0.05505
v -0.21962 0.11312 0.05505
v -0.2166 0.11923 -0.05505
v -0.21962 0.11312 -0.05505
v -0.21962 0.11312 0.05505
v -0.2166 0.11923 0.05505
v -0.21962 0.14376 -0.05505
v -0.2166 0.13774 -0.05505
v -0.2166 0.13774 0.05505
v -0.21962 0.14376 0.05505
v -0.2387 0.20518 -0.05505
v -0.2387 0.20518 0.05505
v -0.23081 0.21308 0.05505
v -0.23081 0.21308 -0.05505
v -0.23081 0.21308 -0.05505
v -0.23081 0.21308 0.05505
v -0.22792 0.22386 0.05505
v -0.22792 0.22386 -0.05505
v -0.22792 0.22386 -0.05505
v -0.22792 0.22386 0.05505
v -0.23081 0.23464 0.05505
v -0.23081 0.23464 -0.05505
v -0.23081 0.23464 -0.05505
v -0.23081 0.23464 0.05505
v -0.2387 0.24253 0.05505
v -0.2387 0.24253 -0.05505
v -0.24948 0.24542 -0.05505
v -0.24948 0.24542 0.05505
v -0.26026 0.24253 0.05505
v -0.26026 0.24253 -0.05505
v -0.26026 0.24253 -0.05505
v -0.26026 0.24253 0.05505
v -0.26815 0.23464 0.05505
v -0.26815 0.23464 -0.05505
v -0.26815 0.23464 -0.05505
v -0.26815 0.23464 0.05505
v -0.27104 0.22386 0.05505
v -0.27104 0.22386 -0.05505
v -0.26026 0.20518 -0.05505
v -0.26026 0.20518 0.05505
v -0.24948 0.2023 0.05505
v -0.24948 0.2023 -0.05505
v 0.07186 0.21509 -0.00918
v 0.07547 0.19725 -0.00918
v 0.07547 0.19725 0.00918
v 0.07186 0.21509 0.00918
v 0.07186 0.1794 -0.00918
v 0.06203 0.16482 -0.00918
v 0.06203 0.16482 0.00918
v 0.07186 0.1794 0.00918
v 0.06203 0.16482 -0.00918
v 0.04745 0.15499 -0.00918
v 0.04745 0.15499 0.00918
v 0.06203 0.16482 0.00918
v 0.04745 0.15499 -0.00918
v 0.0296 0.15138 -0.00918
v 0.0296 0.15138 0.00918
v 0.04745 0.15499 0.00918
v 0.0296 0.15138 -0.00918
v 0.01176 0.15499 -0.00918
v 0.01176 0.15499 0.00918
v 0.0296 0.15138 0.00918
v 0.01176 0.15499 -0.00918
v -0.00283 0.16482 -0.00918
v -0.00283 0.16482 0.00918
v 0.01176 0.15499 0.00918
v -0.00283 0.16482 -0.00918
v -0.01266 0.1794 -0.00918
v -0.01266 0.1794 0.00918
v -0.00283 0.16482 0.00918
v -0.01266 0.1794 -0.00918
v -0.01627 0.19725 -0.00918
v -0.01627 0.19725 0.00918
v -0.01266 0.1794 0.00918
v -0.00283 0.22968 -0.00918
v 0.01176 0.23951 -0.00918
v 0.01176 0.23951 0.00918
v -0.00283 0.22968 0.00918
v 0.07176 0.2394 -0.04037
v 0.08454 0.22045 -0.04037
v 0.07186 0.21509 -0.00918
v 0.06203 0.22968 -0.00918
v 0.0528 0.25219 -0.04037
v 0.07176 0.2394 -0.04037
v 0.06203 0.22968 -0.00918
v 0.04745 0.23951 -0.00918
v 0.0296 0.25688 -0.04037
v 0.0528 0.25219 -0.04037
v 0.04745 0.23951 -0.00918
v 0.0296 0.24312 -0.00918
v 0.0064 0.25219 -0.04037
v 0.0296 0.25688 -0.04037
v 0.0296 0.24312 -0.00918
v 0.01176 0.23951 -0.00918
v -0.01256 0.2394 -0.04037
v 0.0064 0.25219 -0.04037
v 0.01176 0.23951 -0.00918
v -0.00283 0.22968 -0.00918
v -0.02534 0.22045 -0.04037
v -0.01256 0.2394 -0.04037
v -0.00283 0.22968 -0.00918
v -0.01266 0.21509 -0.00918
v -0.03003 0.19725 -0.04037
v -0.02534 0.22045 -0.04037
v -0.01266 0.21509 -0.00918
v -0.01627 0.19725 -0.00918
v -0.02534 0.17405 -0.04037
v -0.03003 0.19725 -0.04037
v -0.01627 0.19725 -0.00918
v -0.01266 0.1794 -0.00918
v -0.01256 0.15509 -0.04037
v -0.02534 0.17405 -0.04037
v -0.01266 0.1794 -0.00918
v -0.00283 0.16482 -0.00918
v 0.0064 0.14231 -0.04037
v -0.01256 0.15509 -0.04037
v -0.00283 0.16482 -0.00918
v 0.01176 0.15499 -0.00918
v 0.0296 0.13762 -0.04037
v 0.0064 0.14231 -0.04037
v 0.01176 0.15499 -0.00918
v 0.0296 0.15138 -0.00918
v 0.0528 0.14231 -0.04037
v 0.0296 0.13762 -0.04037
v 0.0296 0.15138 -0.00918
v 0.04745 0.15499 -0.00918
v 0.07176 0.15509 -0.04037
v 0.0528 0.14231 -0.04037
v 0.04745 0.15499 -0.00918
v 0.06203 0.16482 -0.00918
v 0.08454 0.17405 -0.04037
v 0.07176 0.15509 -0.04037
v 0.06203 0.16482 -0.00918
v 0.07186 0.1794 -0.00918
v 0.08923 0.19725 -0.04037
v 0.08454 0.17405 -0.04037
v 0.07186 0.1794 -0.00918
v 0.07547 0.19725 -0.00918
v 0.08454 0.22045 -0.04037
v 0.08923 0.19725 -0.04037
v 0.07547 0.19725 -0.00918
v 0.07186 0.21509 -0.00918
v -0.27676 -0.45885 0.04037
v -0.27676 -0.45885 -0.04037
v -0.26606 -0.46101 -0.04037
v -0.26606 -0.46101 0.04037
v -0.28551 -0.45295 0.04037
v -0.28551 -0.45295 -0.04037
v -0.27676 -0.45885 -0.04037
v -0.27676 -0.45885 0.04037
v -0.29142 -0.4442 0.04037
v -0.29142 -0.4442 -0.04037
v -0.28551 -0.45295 -0.04037
v -0.28551 -0.45295 0.04037
v 0.26606 -0.46101 0.04037
v 0.26606 -0.46101 -0.04037
v 0.27676 -0.45885 -0.04037
v 0.27676 -0.45885 0.04037
v -0.25462 -0.46101 -0.04037
v -0.29358 -0.32755 -0.04037
v -0.14608 -0.29197 -0.04037
v -0.29358 -0.32755 0.04037
v -0.29358 -0.32755 -0.04037
v -0.29358 -0.42272 -0.04037
v -0.29358 -0.42272 0.04037
v -0.15526 -0.28501 -0.05505
v -0.14608 -0.29197 -0.04037
v -0.29358 -0.32755 -0.04037
v -0.29358 -0.31837 -0.05505
v -0.29358 -0.15138 0.02294
v -0.29358 -0.15138 -0.02294
v -0.29358 -0.19266 -0.04954
v -0.29358 -0.19266 0.04954
v -0.29358 -0.15138 -0.02294
v -0.29358 -0.10551 -0.02294
v -0.29358 -0.12731 -0.05505
v -0.29358 -0.06422 0.04954
v -0.29358 -0.06422 -0.04954
v -0.29358 -0.10551 -0.02294
v -0.29358 -0.10551 0.02294
v -0.29358 -0.31837 -0.05505
v -0.29358 -0.31532 -0.04954
v -0.29358 -0.19266 -0.04954
v -0.29358 -0.12731 -0.05505
v -0.29358 -0.31837 -0.05505
v -0.29358 -0.32755 -0.04037
v -0.29358 -0.31532 -0.04954
v -0.25462 -0.46101 0.04037
v -0.25462 -0.46101 -0.04037
v 0.25075 -0.46101 -0.04037
v 0.25075 -0.46101 0.04037
v 0.29358 -0.42272 0.04037
v 0.29358 -0.42272 -0.04037
v 0.29358 0.42272 -0.04037
v 0.29358 0.42272 0.04037
v -0.29358 -0.19266 -0.04954
v -0.29358 -0.15138 -0.02294
v -0.29358 -0.12731 -0.05505
v 0.25075 -0.46101 -0.04037
v -0.25462 -0.46101 -0.04037
v 0.0296 -0.25688 -0.04037
v -0.14608 -0.29197 -0.04037
v -0.01256 -0.2394 -0.04037
v 0.0064 -0.25219 -0.04037
v -0.14608 -0.29197 -0.04037
v -0.02534 -0.22045 -0.04037
v -0.01256 -0.2394 -0.04037
v -0.14608 -0.29197 -0.04037
v -0.03003 -0.19725 -0.04037
v -0.02534 -0.22045 -0.04037
v -0.03003 -0.19725 -0.04037
v -0.14608 -0.29197 -0.04037
v -0.14608 0.29197 -0.04037
v -0.03003 0.19725 -0.04037
v 0.29358 -0.42272 -0.04037
v 0.08454 -0.22045 -0.04037
v 0.08923 -0.19725 -0.04037
v 0.29358 -0.42272 -0.04037
v 0.07176 -0.2394 -0.04037
v 0.08454 -0.22045 -0.04037
v -0.29358 -0.10551 -0.02294
v -0.29358 -0.06422 -0.04954
v -0.29358 -0.12731 -0.05505
v -0.15526 0.28501 -0.05505
v -0.14608 0.29197 -0.04037
v -0.14608 -0.29197 -0.04037
v -0.15526 -0.28501 -0.05505
v 0.26606 -0.46101 -0.04037
v 0.25075 -0.46101 -0.04037
v 0.29358 -0.42272 -0.04037
v 0.29358 -0.43349 -0.04037
v 0.26606 -0.46101 -0.04037
v 0.29358 -0.43349 -0.04037
v 0.29142 -0.4442 -0.04037
v 0.27676 -0.45885 -0.04037
v 0.29142 -0.4442 -0.04037
v 0.28551 -0.45295 -0.04037
v 0.27676 -0.45885 -0.04037
v -0.29358 -0.42272 -0.04037
v -0.25462 -0.46101 -0.04037
v -0.26606 -0.46101 -0.04037
v -0.29358 -0.43349 -0.04037
v -0.29358 -0.43349 -0.04037
v -0.26606 -0.46101 -0.04037
v -0.27676 -0.45885 -0.04037
v -0.29142 -0.4442 -0.04037
v -0.27676 -0.45885 -0.04037
v -0.28551 -0.45295 -0.04037
v -0.29142 -0.4442 -0.04037
v -0.25462 -0.46101 -0.04037
v 0.0064 -0.25219 -0.04037
v 0.0296 -0.25688 -0.04037
v -0.25462 -0.46101 -0.04037
v -0.14608 -0.29197 -0.04037
v 0.0064 -0.25219 -0.04037
v 0.29358 -0.42272 -0.04037
v 0.25075 -0.46101 -0.04037
v 0.07176 -0.2394 -0.04037
v 0.25075 -0.46101 -0.04037
v 0.0296 -0.25688 -0.04037
v 0.0528 -0.25219 -0.04037
v 0.0528 -0.25219 -0.04037
v 0.07176 -0.2394 -0.04037
v 0.25075 -0.46101 -0.04037
v -0.25462 -0.46101 -0.04037
v -0.29358 -0.42272 -0.04037
v -0.29358 -0.32755 -0.04037
v -0.15526 -0.28501 -0.05505
v -0.22792 -0.22386 -0.05505
v -0.23081 -0.21308 -0.05505
v -0.15526 -0.28501 -0.05505
v -0.2387 -0.24253 -0.05505
v -0.23081 -0.23464 -0.05505
v -0.29358 -0.31837 -0.05505
v -0.26815 -0.23464 -0.05505
v -0.26026 -0.24253 -0.05505
v -0.29358 -0.12731 -0.05505
v -0.25329 -0.13774 -0.05505
v -0.26815 -0.21308 -0.05505
v -0.15526 -0.28501 -0.05505
v -0.24948 -0.24542 -0.05505
v -0.2387 -0.24253 -0.05505
v -0.15526 -0.28501 -0.05505
v -0.29358 -0.31837 -0.05505
v -0.24948 -0.24542 -0.05505
v -0.29358 -0.31837 -0.05505
v -0.26026 -0.24253 -0.05505
v -0.24948 -0.24542 -0.05505
v -0.29358 -0.31837 -0.05505
v -0.27104 -0.22386 -0.05505
v -0.26815 -0.23464 -0.05505
v -0.29358 -0.31837 -0.05505
v -0.29358 -0.12731 -0.05505
v -0.27104 -0.22386 -0.05505
v -0.29358 -0.12731 -0.05505
v -0.26815 -0.21308 -0.05505
v -0.27104 -0.22386 -0.05505
v -0.15526 -0.28501 -0.05505
v -0.23081 -0.23464 -0.05505
v -0.22792 -0.22386 -0.05505
v -0.15526 -0.28501 -0.05505
v -0.21962 -0.14376 -0.05505
v -0.2166 -0.13774 -0.05505
v -0.22567 -0.14679 -0.05505
v -0.15526 -0.28501 -0.05505
v -0.23081 -0.21308 -0.05505
v -0.2387 -0.20518 -0.05505
v -0.24948 -0.2023 -0.05505
v -0.24418 -0.14679 -0.05505
v -0.22567 -0.14679 -0.05505
v -0.24948 -0.2023 -0.05505
v -0.26026 -0.20518 -0.05505
v -0.25027 -0.14376 -0.05505
v -0.24418 -0.14679 -0.05505
v -0.22567 -0.14679 -0.05505
v -0.21962 -0.14376 -0.05505
v -0.15526 -0.28501 -0.05505
v -0.25329 -0.13774 -0.05505
v -0.29358 -0.12731 -0.05505
v -0.25329 -0.11923 -0.05505
v -0.27523 -0.19266 -0.04954
v -0.29358 -0.19266 -0.04954
v -0.29358 -0.31532 -0.04954
v -0.27523 -0.31532 -0.04954
v -0.27523 -0.15138 -0.02294
v -0.29358 -0.15138 -0.02294
v -0.29358 -0.15138 0.02294
v -0.27523 -0.15138 0.02294
v -0.29358 -0.19266 0.04954
v -0.29358 -0.19266 -0.04954
v -0.27523 -0.19266 -0.04954
v -0.27523 -0.19266 0.04954
v -0.27523 -0.10551 -0.02294
v -0.29358 -0.10551 -0.02294
v -0.29358 -0.15138 -0.02294
v -0.27523 -0.15138 -0.02294
v -0.29358 -0.10551 0.02294
v -0.29358 -0.10551 -0.02294
v -0.27523 -0.10551 -0.02294
v -0.27523 -0.10551 0.02294
v -0.27523 -0.10551 0.02294
v -0.27523 -0.10551 -0.02294
v -0.27523 -0.15138 -0.02294
v -0.27523 -0.15138 0.02294
v -0.21962 -0.14376 0.05505
v -0.21962 -0.14376 -0.05505
v -0.22567 -0.14679 -0.05505
v -0.22567 -0.14679 0.05505
v -0.22567 -0.14679 -0.05505
v -0.24418 -0.14679 -0.05505
v -0.24418 -0.14679 0.05505
v -0.22567 -0.14679 0.05505
v -0.24418 -0.14679 0.05505
v -0.24418 -0.14679 -0.05505
v -0.25027 -0.14376 -0.05505
v -0.25027 -0.14376 0.05505
v -0.25329 -0.13774 -0.05505
v -0.25329 -0.11923 -0.05505
v -0.25329 -0.11923 0.05505
v -0.25329 -0.13774 0.05505
v -0.25027 -0.11312 0.05505
v -0.25027 -0.11312 -0.05505
v -0.24418 -0.11009 -0.05505
v -0.24418 -0.11009 0.05505
v -0.24418 -0.11009 -0.05505
v -0.22567 -0.11009 -0.05505
v -0.22567 -0.11009 0.05505
v -0.24418 -0.11009 0.05505
v -0.22567 -0.11009 0.05505
v -0.22567 -0.11009 -0.05505
v -0.21962 -0.11312 -0.05505
v -0.21962 -0.11312 0.05505
v -0.21962 -0.11312 0.05505
v -0.21962 -0.11312 -0.05505
v -0.2166 -0.11923 -0.05505
v -0.2166 -0.11923 0.05505
v -0.2166 -0.13774 0.05505
v -0.2166 -0.13774 -0.05505
v -0.21962 -0.14376 -0.05505
v -0.21962 -0.14376 0.05505
v -0.2166 -0.11923 -0.05505
v -0.2166 -0.13774 -0.05505
v -0.2166 -0.13774 0.05505
v -0.2166 -0.11923 0.05505
v -0.25027 -0.14376 0.05505
v -0.25027 -0.14376 -0.05505
v -0.25329 -0.13774 -0.05505
v -0.25329 -0.13774 0.05505
v -0.26815 -0.21308 0.05505
v -0.26815 -0.21308 -0.05505
v -0.26026 -0.20518 -0.05505
v -0.26026 -0.20518 0.05505
v 0.07186 -0.1794 0.00918
v 0.07186 -0.1794 -0.00918
v 0.07547 -0.19725 -0.00918
v 0.07547 -0.19725 0.00918
v 0.07186 -0.21509 0.00918
v 0.07186 -0.21509 -0.00918
v 0.06203 -0.22968 -0.00918
v 0.06203 -0.22968 0.00918
v 0.0296 -0.15138 0.00918
v 0.0296 -0.15138 -0.00918
v 0.04745 -0.15498 -0.00918
v 0.04745 -0.15498 0.00918
v -0.00283 -0.16482 0.00918
v -0.00283 -0.16482 -0.00918
v 0.01176 -0.15498 -0.00918
v 0.01176 -0.15498 0.00918
v -0.01627 -0.19725 0.00918
v -0.01627 -0.19725 -0.00918
v -0.01266 -0.1794 -0.00918
v -0.01266 -0.1794 0.00918
v -0.01266 -0.21509 0.00918
v -0.01266 -0.21509 -0.00918
v -0.01627 -0.19725 -0.00918
v -0.01627 -0.19725 0.00918
v 0.06203 -0.22968 0.00918
v 0.06203 -0.22968 -0.00918
v 0.04745 -0.23951 -0.00918
v 0.04745 -0.23951 0.00918
v 0.0296 -0.24312 0.00918
v 0.0296 -0.24312 -0.00918
v 0.01176 -0.23951 -0.00918
v 0.01176 -0.23951 0.00918
v 0.01176 -0.23951 0.00918
v 0.01176 -0.23951 -0.00918
v -0.00283 -0.22968 -0.00918
v -0.00283 -0.22968 0.00918
v 0.07186 -0.21509 -0.00918
v 0.08454 -0.22045 -0.04037
v 0.07176 -0.2394 -0.04037
v 0.06203 -0.22968 -0.00918
v 0.06203 -0.22968 -0.00918
v 0.07176 -0.2394 -0.04037
v 0.0528 -0.25219 -0.04037
v 0.04745 -0.23951 -0.00918
v 0.04745 -0.23951 -0.00918
v 0.0528 -0.25219 -0.04037
v 0.0296 -0.25688 -0.04037
v 0.0296 -0.24312 -0.00918
v 0.0296 -0.24312 -0.00918
v 0.0296 -0.25688 -0.04037
v 0.0064 -0.25219 -0.04037
v 0.01176 -0.23951 -0.00918
v 0.01176 -0.23951 -0.00918
v 0.0064 -0.25219 -0.04037
v -0.01256 -0.2394 -0.04037
v -0.00283 -0.22968 -0.00918
v -0.00283 -0.22968 -0.00918
v -0.01256 -0.2394 -0.04037
v -0.02534 -0.22045 -0.04037
v -0.01266 -0.21509 -0.00918
v -0.01266 -0.21509 -0.00918
v -0.02534 -0.22045 -0.04037
v -0.03003 -0.19725 -0.04037
v -0.01627 -0.19725 -0.00918
v -0.01627 -0.19725 -0.00918
v -0.03003 -0.19725 -0.04037
v -0.02534 -0.17405 -0.04037
v -0.01266 -0.1794 -0.00918
v -0.01266 -0.1794 -0.00918
v -0.02534 -0.17405 -0.04037
v -0.01256 -0.15509 -0.04037
v -0.00283 -0.16482 -0.00918
v -0.00283 -0.16482 -0.00918
v -0.01256 -0.15509 -0.04037
v 0.0064 -0.14231 -0.04037
v 0.01176 -0.15498 -0.00918
v 0.01176 -0.15498 -0.00918
v 0.0064 -0.14231 -0.04037
v 0.0296 -0.13762 -0.04037
v 0.0296 -0.15138 -0.00918
v 0.0296 -0.15138 -0.00918
v 0.0296 -0.13762 -0.04037
v 0.0528 -0.14231 -0.04037
v 0.04745 -0.15498 -0.00918
v 0.04745 -0.15498 -0.00918
v 0.0528 -0.14231 -0.04037
v 0.07176 -0.15509 -0.04037
v 0.06203 -0.16482 -0.00918
v 0.06203 -0.16482 -0.00918
v 0.07176 -0.15509 -0.04037
v 0.08454 -0.17405 -0.04037
v 0.07186 -0.1794 -0.00918
v 0.07186 -0.1794 -0.00918
v 0.08454 -0.17405 -0.04037
v 0.08923 -0.19725 -0.04037
v 0.07547 -0.19725 -0.00918
v 0.07547 -0.19725 -0.00918
v 0.08923 -0.19725 -0.04037
v 0.08454 -0.22045 -0.04037
v 0.07186 -0.21509 -0.00918
v 0.0528 -0.14231 -0.04037
v 0.0296 -0.13762 -0.04037
v 0.0296 0.13762 -0.04037
v 0.0528 0.14231 -0.04037
v 0.07176 -0.15509 -0.04037
v 0.0528 -0.14231 -0.04037
v 0.0528 0.14231 -0.04037
v 0.07176 0.15509 -0.04037
v 0.08454 -0.17405 -0.04037
v 0.07176 -0.15509 -0.04037
v 0.07176 0.15509 -0.04037
v 0.08454 0.17405 -0.04037
v 0.08923 -0.19725 -0.04037
v 0.08454 -0.17405 -0.04037
v 0.08454 0.17405 -0.04037
v 0.08923 0.19725 -0.04037
v 0.29358 -0.42272 -0.04037
v 0.08923 -0.19725 -0.04037
v 0.08923 0.19725 -0.04037
v 0.29358 0.42272 -0.04037
v 0.0296 -0.13762 -0.04037
v 0.0064 -0.14231 -0.04037
v 0.0064 0.14231 -0.04037
v 0.0296 0.13762 -0.04037
v 0.0064 -0.14231 -0.04037
v -0.01256 -0.15509 -0.04037
v -0.01256 0.15509 -0.04037
v 0.0064 0.14231 -0.04037
v -0.01256 -0.15509 -0.04037
v -0.02534 -0.17405 -0.04037
v -0.02534 0.17405 -0.04037
v -0.01256 0.15509 -0.04037
v -0.02534 -0.17405 -0.04037
v -0.03003 -0.19725 -0.04037
v -0.03003 0.19725 -0.04037
v -0.02534 0.17405 -0.04037
v -0.21962 -0.11312 -0.05505
v -0.22567 -0.11009 -0.05505
v -0.22567 0.11009 -0.05505
v -0.21962 0.11312 -0.05505
v -0.2166 -0.11923 -0.05505
v -0.21962 -0.11312 -0.05505
v -0.21962 0.11312 -0.05505
v -0.2166 0.11923 -0.05505
v -0.15526 -0.28501 -0.05505
v -0.2166 -0.11923 -0.05505
v -0.2166 0.11923 -0.05505
v -0.15526 0.28501 -0.05505
v -0.22567 -0.11009 -0.05505
v -0.24418 -0.11009 -0.05505
v -0.24418 0.11009 -0.05505
v -0.22567 0.11009 -0.05505
v -0.15526 0.28501 -0.05505
v -0.2166 0.11923 -0.05505
v -0.2166 0.13774 -0.05505
v -0.2166 -0.11923 -0.05505
v -0.15526 -0.28501 -0.05505
v -0.2166 -0.13774 -0.05505
v -0.26026 -0.20518 -0.05505
v -0.25329 -0.13774 -0.05505
v -0.25027 -0.14376 -0.05505
v -0.26815 -0.21308 -0.05505
v -0.25329 -0.13774 -0.05505
v -0.26026 -0.20518 -0.05505
v -0.25329 0.13774 -0.05505
v -0.26026 0.20518 -0.05505
v -0.25027 0.14376 -0.05505
v -0.25027 0.14376 -0.05505
v -0.24948 0.2023 -0.05505
v -0.24418 0.14679 -0.05505
v -0.24418 -0.11009 -0.05505
v -0.25027 -0.11312 -0.05505
v -0.25027 0.11312 -0.05505
v -0.24418 0.11009 -0.05505
v -0.25027 -0.11312 -0.05505
v -0.25329 -0.11923 -0.05505
v -0.25329 0.11923 -0.05505
v -0.25027 0.11312 -0.05505
v -0.25329 0.11923 -0.05505
v -0.25329 -0.11923 -0.05505
v -0.29358 -0.12731 -0.05505
v -0.29358 0.12731 -0.05505
v -0.22567 -0.14679 -0.05505
v -0.23081 -0.21308 -0.05505
v -0.2387 -0.20518 -0.05505
v -0.22567 0.14679 -0.05505
v -0.23081 0.21308 -0.05505
v -0.15526 0.28501 -0.05505
v 0.0408 0.2304 0.00688
v 0.0408 0.2304 -0.00688
v 0.05271 0.22352 -0.00688
v 0.05271 0.22352 0.00688
v 0.0408 0.2304 -0.00688
v 0.04728 0.24162 -0.00688
v 0.05919 0.23474 -0.00688
v 0.05271 0.22352 -0.00688
v 0.05271 0.22352 -0.00688
v 0.05919 0.23474 -0.00688
v 0.05919 0.23474 0.00688
v 0.05271 0.22352 0.00688
v 0.05271 0.22352 0.00688
v 0.05919 0.23474 0.00688
v 0.04728 0.24162 0.00688
v 0.0408 0.2304 0.00688
v 0.0408 0.2304 0.00688
v 0.04728 0.24162 0.00688
v 0.04728 0.24162 -0.00688
v 0.0408 0.2304 -0.00688
v 0.01841 0.1641 0.00688
v 0.01841 0.1641 -0.00688
v 0.00649 0.17098 -0.00688
v 0.00649 0.17098 0.00688
v 0.01841 0.1641 -0.00688
v 0.01193 0.15287 -0.00688
v 1e-05 0.15976 -0.00688
v 0.00649 0.17098 -0.00688
v 0.00649 0.17098 -0.00688
v 1e-05 0.15976 -0.00688
v 1e-05 0.15976 0.00688
v 0.00649 0.17098 0.00688
v 0.00649 0.17098 0.00688
v 1e-05 0.15976 0.00688
v 0.01193 0.15287 0.00688
v 0.01841 0.1641 0.00688
v 0.01841 0.1641 0.00688
v 0.01193 0.15287 0.00688
v 0.01193 0.15287 -0.00688
v 0.01841 0.1641 -0.00688
v 0.00649 0.22352 0.00688
v 0.00649 0.22352 -0.00688
v 0.01841 0.2304 -0.00688
v 0.01841 0.2304 0.00688
v 0.00649 0.22352 -0.00688
v 1e-05 0.23474 -0.00688
v 0.01193 0.24162 -0.00688
v 0.01841 0.2304 -0.00688
v 0.01841 0.2304 -0.00688
v 0.01193 0.24162 -0.00688
v 0.01193 0.24162 0.00688
v 0.01841 0.2304 0.00688
v 0.01841 0.2304 0.00688
v 0.01193 0.24162 0.00688
v 1e-05 0.23474 0.00688
v 0.00649 0.22352 0.00688
v 0.00649 0.22352 0.00688
v 1e-05 0.23474 0.00688
v 1e-05 0.23474 -0.00688
v 0.00649 0.22352 -0.00688
v 0.05271 0.17098 0.00688
v 0.05271 0.17098 -0.00688
v 0.0408 0.1641 -0.00688
v 0.0408 0.1641 0.00688
v 0.05271 0.17098 -0.00688
v 0.05919 0.15976 -0.00688
v 0.04728 0.15287 -0.00688
v 0.0408 0.1641 -0.00688
v 0.0408 0.1641 -0.00688
v 0.04728 0.15287 -0.00688
v 0.04728 0.15287 0.00688
v 0.0408 0.1641 0.00688
v 0.0408 0.1641 0.00688
v 0.04728 0.15287 0.00688
v 0.05919 0.15976 0.00688
v 0.05271 0.17098 0.00688
v 0.05271 0.17098 0.00688
v 0.05919 0.15976 0.00688
v 0.05919 0.15976 -0.00688
v 0.05271 0.17098 -0.00688
v -0.00471 0.19037 0.00688
v -0.00471 0.19037 -0.00688
v -0.00471 0.20413 -0.00688
v -0.00471 0.20413 0.00688
v -0.00471 0.19037 -0.00688
v -0.01767 0.19037 -0.00688
v -0.01767 0.20413 -0.00688
v -0.00471 0.20413 -0.00688
v -0.00471 0.20413 -0.00688
v -0.01767 0.20413 -0.00688
v -0.01767 0.20413 0.00688
v -0.00471 0.20413 0.00688
v -0.00471 0.20413 0.00688
v -0.01767 0.20413 0.00688
v -0.01767 0.19037 0.00688
v -0.00471 0.19037 0.00688
v -0.00471 0.19037 0.00688
v -0.01767 0.19037 0.00688
v -0.01767 0.19037 -0.00688
v -0.00471 0.19037 -0.00688
v 0.06391 0.20413 0.00688
v 0.06391 0.20413 -0.00688
v 0.06391 0.19037 -0.00688
v 0.06391 0.19037 0.00688
v 0.06391 0.20413 -0.00688
v 0.07687 0.20413 -0.00688
v 0.07687 0.19037 -0.00688
v 0.06391 0.19037 -0.00688
v 0.06391 0.19037 -0.00688
v 0.07687 0.19037 -0.00688
v 0.07687 0.19037 0.00688
v 0.06391 0.19037 0.00688
v 0.06391 0.19037 0.00688
v 0.07687 0.19037 0.00688
v 0.07687 0.20413 0.00688
v 0.06391 0.20413 0.00688
v 0.06391 0.20413 0.00688
v 0.07687 0.20413 0.00688
v 0.07687 0.20413 -0.00688
v 0.06391 0.20413 -0.00688
v 0.0408 -0.1641 0.00688
v 0.0408 -0.1641 -0.00688
v 0.05271 -0.17098 -0.00688
v 0.05271 -0.17098 0.00688
v 0.0408 -0.1641 -0.00688
v 0.04728 -0.15288 -0.00688
v 0.05919 -0.15976 -0.00688
v 0.05271 -0.17098 -0.00688
v 0.05271 -0.17098 -0.00688
v 0.05919 -0.15976 -0.00688
v 0.05919 -0.15976 0.00688
v 0.05271 -0.17098 0.00688
v 0.05271 -0.17098 0.00688
v 0.05919 -0.15976 0.00688
v 0.04728 -0.15288 0.00688
v 0.0408 -0.1641 0.00688
v 0.0408 -0.1641 0.00688
v 0.04728 -0.15288 0.00688
v 0.04728 -0.15288 -0.00688
v 0.0408 -0.1641 -0.00688
v 0.01841 -0.2304 0.00688
v 0.01841 -0.2304 -0.00688
v 0.00649 -0.22352 -0.00688
v 0.00649 -0.22352 0.00688
v 0.01841 -0.2304 -0.00688
v 0.01193 -0.24162 -0.00688
v 1e-05 -0.23474 -0.00688
v 0.00649 -0.22352 -0.00688
v 0.00649 -0.22352 -0.00688
v 1e-05 -0.23474 -0.00688
v 1e-05 -0.23474 0.00688
v 0.00649 -0.22352 0.00688
v 0.00649 -0.22352 0.00688
v 1e-05 -0.23474 0.00688
v 0.01193 -0.24162 0.00688
v 0.01841 -0.2304 0.00688
v 0.01841 -0.2304 0.00688
v 0.01193 -0.24162 0.00688
v 0.01193 -0.24162 -0.00688
v 0.01841 -0.2304 -0.00688
v 0.00649 -0.17098 0.00688
v 0.00649 -0.17098 -0.00688
v 0.01841 -0.1641 -0.00688
v 0.01841 -0.1641 0.00688
v 0.00649 -0.17098 -0.00688
v 1e-05 -0.15976 -0.00688
v 0.01193 -0.15288 -0.00688
v 0.01841 -0.1641 -0.00688
v 0.01841 -0.1641 -0.00688
v 0.01193 -0.15288 -0.00688
v 0.01193 -0.15288 0.00688
v 0.01841 -0.1641 0.00688
v 0.01841 -0.1641 0.00688
v 0.01193 -0.15288 0.00688
v 1e-05 -0.15976 0.00688
v 0.00649 -0.17098 0.00688
v 0.00649 -0.17098 0.00688
v 1e-05 -0.15976 0.00688
v 1e-05 -0.15976 -0.00688
v 0.00649 -0.17098 -0.00688
v 0.05271 -0.22352 0.00688
v 0.05271 -0.22352 -0.00688
v 0.0408 -0.2304 -0.00688
v 0.0408 -0.2304 0.00688
v 0.05271 -0.22352 -0.00688
v 0.05919 -0.23474 -0.00688
v 0.04728 -0.24162 -0.00688
v 0.0408 -0.2304 -0.00688
v 0.0408 -0.2304 -0.00688
v 0.04728 -0.24162 -0.00688
v 0.04728 -0.24162 0.00688
v 0.0408 -0.2304 0.00688
v 0.0408 -0.2304 0.00688
v 0.04728 -0.24162 0.00688
v 0.05919 -0.23474 0.00688
v 0.05271 -0.22352 0.00688
v 0.05271 -0.22352 0.00688
v 0.05919 -0.23474 0.00688
v 0.05919 -0.23474 -0.00688
v 0.05271 -0.22352 -0.00688
v -0.00471 -0.20413 0.00688
v -0.00471 -0.20413 -0.00688
v -0.00471 -0.19037 -0.00688
v -0.00471 -0.19037 0.00688
v -0.00471 -0.20413 -0.00688
v -0.01767 -0.20413 -0.00688
v -0.01767 -0.19037 -0.00688
v -0.00471 -0.19037 -0.00688
v -0.00471 -0.19037 -0.00688
v -0.01767 -0.19037 -0.00688
v -0.01767 -0.19037 0.00688
v -0.00471 -0.19037 0.00688
v -0.00471 -0.19037 0.00688
v -0.01767 -0.19037 0.00688
v -0.01767 -0.20413 0.00688
v -0.00471 -0.20413 0.00688
v -0.00471 -0.20413 0.00688
v -0.01767 -0.20413 0.00688
v -0.01767 -0.20413 -0.00688
v -0.00471 -0.20413 -0.00688
v 0.06391 -0.19037 0.00688
v 0.06391 -0.19037 -0.00688
v 0.06391 -0.20413 -0.00688
v 0.06391 -0.20413 0.00688
v 0.06391 -0.19037 -0.00688
v 0.07687 -0.19037 -0.00688
v 0.07687 -0.20413 -0.00688
v 0.06391 -0.20413 -0.00688
v 0.06391 -0.20413 -0.00688
v 0.07687 -0.20413 -0.00688
v 0.07687 -0.20413 0.00688
v 0.06391 -0.20413 0.00688
v 0.06391 -0.20413 0.00688
v 0.07687 -0.20413 0.00688
v 0.07687 -0.19037 0.00688
v 0.06391 -0.19037 0.00688
v 0.06391 -0.19037 0.00688
v 0.07687 -0.19037 0.00688
v 0.07687 -0.19037 -0.00688
v 0.06391 -0.19037 -0.00688
v -0.28441 -0.31652 0.01743
v -0.28441 0.31652 0.01743
v -0.28441 0.31652 -0.01743
v -0.28441 -0.31652 -0.01743
vt 0.8494 0.67836
vt 0.78872 0.67835
vt 0.78872 0.68645
vt 0.8494 0.68646
vt 0.00247 0.4145
vt 0.10277 0.44389
vt 0.12963 0.33303
vt 0.11671 0.4177
vt 0.11123 0.43061
vt 0.22528 0.43061
vt 0.22366 0.4177
vt 0.72499 0.44209
vt 0.72499 0.40761
vt 0.70085 0.424
vt 0.77947 0.37658
vt 0.70499 0.37658
vt 0.72499 0.40761
vt 0.75947 0.40761
vt 0.70085 0.424
vt 0.70499 0.37658
vt 0.70499 0.28004
vt 0.70086 0.23261
vt 0.70085 0.56763
vt 0.70499 0.56533
vt 0.70499 0.47313
vt 0.70085 0.424
vt 0.77947 0.56532
vt 0.70499 0.56533
vt 0.71189 0.57453
vt 0.77257 0.57451
vt 0.70085 0.56763
vt 0.71189 0.57453
vt 0.70499 0.56533
vt 0.8545 0.39385
vt 0.91519 0.39385
vt 0.91519 0.01397
vt 0.8545 0.01397
vt 0.70499 0.47313
vt 0.72499 0.44209
vt 0.70085 0.424
vt 0.00275 0.03464
vt 0.00247 0.4145
vt 0.15609 0.20098
vt 0.12963 0.33303
vt 0.16919 0.23268
vt 0.1596 0.21842
vt 0.12963 0.33303
vt 0.18343 0.24228
vt 0.16919 0.23268
vt 0.12963 0.33303
vt 0.20086 0.2458
vt 0.18343 0.24228
vt 0.03154 0.00248
vt 0.18352 0.15967
vt 0.20098 0.15615
vt 0.03154 0.00248
vt 0.16926 0.16928
vt 0.18352 0.15967
vt 0.72499 0.40761
vt 0.70499 0.37658
vt 0.70085 0.424
vt 0.00275 0.02315
vt 0.00275 0.03464
vt 0.03154 0.00248
vt 0.02345 0.00247
vt 0.00275 0.02315
vt 0.02345 0.00247
vt 0.0154 0.00409
vt 0.00438 0.0151
vt 0.0154 0.00409
vt 0.00882 0.00852
vt 0.00438 0.0151
vt 0.03123 0.44382
vt 0.00247 0.4145
vt 0.00247 0.42309
vt 0.02312 0.44381
vt 0.02312 0.44381
vt 0.00247 0.42309
vt 0.00408 0.43114
vt 0.01508 0.44217
vt 0.00408 0.43114
vt 0.00851 0.43772
vt 0.01508 0.44217
vt 0.00247 0.4145
vt 0.1596 0.21842
vt 0.15609 0.20098
vt 0.00247 0.4145
vt 0.12963 0.33303
vt 0.1596 0.21842
vt 0.03154 0.00248
vt 0.00275 0.03464
vt 0.16926 0.16928
vt 0.00275 0.03464
vt 0.15609 0.20098
vt 0.15963 0.18354
vt 0.15963 0.18354
vt 0.16926 0.16928
vt 0.00275 0.03464
vt 0.00247 0.4145
vt 0.03123 0.44382
vt 0.10277 0.44389
vt 0.13358 0.78466
vt 0.17955 0.83928
vt 0.18766 0.84145
vt 0.13358 0.78466
vt 0.16552 0.84738
vt 0.17145 0.84145
vt 0.10851 0.88863
vt 0.17146 0.86953
vt 0.16553 0.86359
vt 0.25213 0.88864
vt 0.19359 0.8636
vt 0.18766 0.86953
vt 0.25213 0.88864
vt 0.24428 0.85836
vt 0.19359 0.8636
vt 0.13358 0.78466
vt 0.16335 0.85549
vt 0.16552 0.84738
vt 0.13358 0.78466
vt 0.10851 0.88863
vt 0.16335 0.85549
vt 0.10851 0.88863
vt 0.16553 0.86359
vt 0.16335 0.85549
vt 0.10851 0.88863
vt 0.17956 0.8717
vt 0.17146 0.86953
vt 0.10851 0.88863
vt 0.25213 0.88864
vt 0.17956 0.8717
vt 0.25213 0.88864
vt 0.18766 0.86953
vt 0.17956 0.8717
vt 0.13358 0.78466
vt 0.17145 0.84145
vt 0.17955 0.83928
vt 0.13358 0.78466
vt 0.23976 0.83304
vt 0.24428 0.83076
vt 0.23748 0.83758
vt 0.18766 0.84145
vt 0.19359 0.84738
vt 0.19359 0.84738
vt 0.19576 0.85549
vt 0.23748 0.85151
vt 0.23748 0.83758
vt 0.23976 0.85608
vt 0.19576 0.85549
vt 0.19359 0.8636
vt 0.23748 0.83758
vt 0.23976 0.83304
vt 0.13358 0.78466
vt 0.25213 0.88864
vt 0.25819 0.85835
vt 0.24428 0.85836
vt 0.33258 0.40682
vt 0.42913 0.40682
vt 0.42913 0.39303
vt 0.33258 0.39303
vt 0.00247 0.98335
vt 0.00247 0.99714
vt 0.09467 0.99714
vt 0.09467 0.98335
vt 0.54532 0.4315
vt 0.54532 0.4177
vt 0.51084 0.4177
vt 0.51084 0.4315
vt 0.54173 0.37261
vt 0.54173 0.33813
vt 0.52794 0.33813
vt 0.52794 0.37261
vt 0.71043 0.1312
vt 0.74491 0.1312
vt 0.74491 0.09672
vt 0.71043 0.09672
vt 0.13364 0.41261
vt 0.23019 0.41261
vt 0.23019 0.33813
vt 0.13364 0.33813
vt 0.8858 0.95683
vt 0.8858 0.97075
vt 0.96856 0.97075
vt 0.96856 0.95683
vt 0.96856 0.97075
vt 0.8858 0.97075
vt 0.8858 0.97586
vt 0.96856 0.97586
vt 0.8858 0.90865
vt 0.8858 0.92257
vt 0.96856 0.92257
vt 0.96856 0.90865
vt 0.8858 0.93277
vt 0.8858 0.94669
vt 0.96856 0.94669
vt 0.96856 0.93277
vt 0.96856 0.97586
vt 0.8858 0.97586
vt 0.8858 0.98093
vt 0.96856 0.98093
vt 0.64481 0.90752
vt 0.64481 0.99027
vt 0.6532 0.99027
vt 0.6532 0.90752
vt 0.68676 0.90751
vt 0.68676 0.99027
vt 0.69515 0.99027
vt 0.69515 0.90751
vt 0.61965 0.90752
vt 0.61965 0.99027
vt 0.62804 0.99027
vt 0.62804 0.90752
vt 0.62804 0.90752
vt 0.62804 0.99027
vt 0.63643 0.99027
vt 0.63642 0.90752
vt 0.94754 0.57675
vt 0.96128 0.57676
vt 0.96128 0.56142
vt 0.94754 0.56142
vt 0.94754 0.54608
vt 0.96128 0.54608
vt 0.96128 0.53121
vt 0.94754 0.53121
vt 0.94754 0.45572
vt 0.96128 0.45572
vt 0.96128 0.43984
vt 0.94754 0.43984
vt 0.94754 0.47059
vt 0.96128 0.47059
vt 0.96128 0.45572
vt 0.94754 0.45572
vt 0.94754 0.53121
vt 0.96128 0.53121
vt 0.96128 0.51632
vt 0.94754 0.51632
vt 0.94754 0.51632
vt 0.96128 0.51632
vt 0.96128 0.50094
vt 0.94754 0.50094
vt 0.94754 0.50094
vt 0.96128 0.50094
vt 0.96128 0.48554
vt 0.94754 0.48554
vt 0.96128 0.54608
vt 0.98681 0.54602
vt 0.98681 0.53121
vt 0.96128 0.53121
vt 0.96128 0.53121
vt 0.98681 0.53121
vt 0.98681 0.51637
vt 0.96128 0.51632
vt 0.96128 0.51632
vt 0.98681 0.51637
vt 0.98681 0.50093
vt 0.96128 0.50094
vt 0.96128 0.50094
vt 0.98681 0.50093
vt 0.98681 0.48543
vt 0.96128 0.48554
vt 0.96128 0.48554
vt 0.98681 0.48543
vt 0.98681 0.47046
vt 0.96128 0.47059
vt 0.96128 0.47059
vt 0.98681 0.47046
vt 0.98681 0.45527
vt 0.96128 0.45572
vt 0.96128 0.45572
vt 0.98681 0.45527
vt 0.98681 0.43984
vt 0.96128 0.43984
vt 0.96128 0.683
vt 0.98681 0.683
vt 0.98681 0.66756
vt 0.96128 0.66711
vt 0.96128 0.66711
vt 0.98681 0.66756
vt 0.98681 0.65238
vt 0.96128 0.65225
vt 0.96128 0.65225
vt 0.98681 0.65238
vt 0.98681 0.6374
vt 0.96128 0.63729
vt 0.96128 0.63729
vt 0.98681 0.6374
vt 0.98681 0.62191
vt 0.96128 0.6219
vt 0.96128 0.6219
vt 0.98681 0.62191
vt 0.98681 0.60647
vt 0.96128 0.60652
vt 0.96128 0.60652
vt 0.98681 0.60647
vt 0.98681 0.59163
vt 0.96128 0.59163
vt 0.96128 0.59163
vt 0.98681 0.59163
vt 0.98681 0.57682
vt 0.96128 0.57676
vt 0.96128 0.57676
vt 0.98681 0.57682
vt 0.98681 0.56142
vt 0.96128 0.56142
vt 0.96128 0.56142
vt 0.98681 0.56142
vt 0.98681 0.54602
vt 0.96128 0.54608
vt 0.98097 0.01068
vt 0.98097 0.00247
vt 0.92029 0.00247
vt 0.92029 0.01068
vt 0.8494 0.01862
vt 0.8494 0.01068
vt 0.78872 0.01067
vt 0.78872 0.0186
vt 0.8494 0.02655
vt 0.8494 0.01862
vt 0.78872 0.0186
vt 0.78872 0.02654
vt 0.8494 0.03476
vt 0.8494 0.02655
vt 0.78872 0.02654
vt 0.78872 0.03475
vt 0.71192 0.00247
vt 0.71192 0.01056
vt 0.7726 0.01057
vt 0.77261 0.00248
vt 0.78872 0.04285
vt 0.8494 0.04286
vt 0.8494 0.03476
vt 0.78872 0.03475
vt 0.69554 0.41473
vt 0.56857 0.33303
vt 0.59518 0.44391
vt 0.98097 0.43474
vt 0.98097 0.42324
vt 0.92029 0.42324
vt 0.92029 0.43474
vt 0.92029 0.04336
vt 0.98097 0.04336
vt 0.98097 0.03476
vt 0.92029 0.03476
vt 0.44116 0.33813
vt 0.3342 0.33813
vt 0.33258 0.35104
vt 0.44664 0.35104
vt 0.725 0.21453
vt 0.70086 0.23261
vt 0.72499 0.24901
vt 0.705 0.18349
vt 0.705 0.09129
vt 0.70086 0.08899
vt 0.70086 0.23261
vt 0.7119 0.0821
vt 0.705 0.09129
vt 0.77948 0.0913
vt 0.77259 0.08211
vt 0.70086 0.08899
vt 0.705 0.09129
vt 0.7119 0.0821
vt 0.705 0.18349
vt 0.70086 0.23261
vt 0.725 0.21453
vt 0.69582 0.03483
vt 0.54228 0.20096
vt 0.69554 0.41473
vt 0.56857 0.33303
vt 0.53874 0.21839
vt 0.52911 0.23264
vt 0.56857 0.33303
vt 0.52911 0.23264
vt 0.51484 0.24226
vt 0.56857 0.33303
vt 0.51484 0.24226
vt 0.49739 0.2458
vt 0.12963 0.33303
vt 0.56857 0.33303
vt 0.49739 0.2458
vt 0.20086 0.2458
vt 0.66704 0.00261
vt 0.49751 0.15615
vt 0.51494 0.15968
vt 0.66704 0.00261
vt 0.51494 0.15968
vt 0.52918 0.16929
vt 0.72499 0.24901
vt 0.70086 0.23261
vt 0.70499 0.28004
vt 0.91692 0.87878
vt 0.91692 0.43984
vt 0.90391 0.44507
vt 0.90391 0.87354
vt 0.69582 0.02332
vt 0.67514 0.00262
vt 0.66704 0.00261
vt 0.69582 0.03483
vt 0.68319 0.00425
vt 0.67514 0.00262
vt 0.69582 0.02332
vt 0.6942 0.01527
vt 0.68319 0.00425
vt 0.6942 0.01527
vt 0.68976 0.00869
vt 0.69553 0.42333
vt 0.69554 0.41473
vt 0.66672 0.44399
vt 0.67481 0.44399
vt 0.69389 0.43138
vt 0.69553 0.42333
vt 0.67481 0.44399
vt 0.68286 0.44238
vt 0.69389 0.43138
vt 0.68286 0.44238
vt 0.68944 0.43795
vt 0.69554 0.41473
vt 0.54228 0.20096
vt 0.53874 0.21839
vt 0.69554 0.41473
vt 0.53874 0.21839
vt 0.56857 0.33303
vt 0.66704 0.00261
vt 0.52918 0.16929
vt 0.69582 0.03483
vt 0.69582 0.03483
vt 0.53877 0.18353
vt 0.54228 0.20096
vt 0.53877 0.18353
vt 0.69582 0.03483
vt 0.52918 0.16929
vt 0.69554 0.41473
vt 0.59518 0.44391
vt 0.66672 0.44399
vt 0.56206 0.78463
vt 0.50799 0.84142
vt 0.51608 0.83925
vt 0.56206 0.78463
vt 0.52419 0.84142
vt 0.53012 0.84735
vt 0.58714 0.88859
vt 0.53013 0.86356
vt 0.52419 0.86949
vt 0.44352 0.88863
vt 0.50799 0.8695
vt 0.45136 0.85834
vt 0.56206 0.78463
vt 0.53012 0.84735
vt 0.5323 0.85545
vt 0.56206 0.78463
vt 0.5323 0.85545
vt 0.58714 0.88859
vt 0.58714 0.88859
vt 0.5323 0.85545
vt 0.53013 0.86356
vt 0.58714 0.88859
vt 0.52419 0.86949
vt 0.51609 0.87167
vt 0.58714 0.88859
vt 0.51609 0.87167
vt 0.44352 0.88863
vt 0.44352 0.88863
vt 0.51609 0.87167
vt 0.50799 0.8695
vt 0.56206 0.78463
vt 0.51608 0.83925
vt 0.52419 0.84142
vt 0.56206 0.78463
vt 0.45136 0.83075
vt 0.45589 0.83302
vt 0.45816 0.83756
vt 0.50799 0.84142
vt 0.56206 0.78463
vt 0.50205 0.84736
vt 0.45816 0.83756
vt 0.45816 0.85149
vt 0.49988 0.85546
vt 0.49988 0.85546
vt 0.45816 0.85149
vt 0.45589 0.85606
vt 0.50206 0.86357
vt 0.45816 0.83756
vt 0.56206 0.78463
vt 0.45589 0.83302
vt 0.45136 0.85834
vt 0.43744 0.85835
vt 0.44352 0.88863
vt 0.34859 0.42571
vt 0.44079 0.42571
vt 0.44079 0.41192
vt 0.34859 0.41192
vt 0.49016 0.33813
vt 0.49016 0.41261
vt 0.50395 0.41261
vt 0.50395 0.33813
vt 0.47127 0.33813
vt 0.47127 0.41261
vt 0.48506 0.41261
vt 0.48506 0.33813
vt 0.54173 0.41219
vt 0.54173 0.3777
vt 0.52794 0.3777
vt 0.52794 0.41219
vt 0.23529 0.33813
vt 0.23529 0.41261
vt 0.32749 0.41261
vt 0.32749 0.33813
vt 0.81671 0.99027
vt 0.82184 0.99027
vt 0.82184 0.90752
vt 0.81671 0.90752
vt 0.07797 0.97825
vt 0.07797 0.89549
vt 0.06958 0.89549
vt 0.06958 0.97825
vt 0.06958 0.97825
vt 0.06958 0.89549
vt 0.06119 0.89549
vt 0.06119 0.97825
vt 0.06119 0.97825
vt 0.06119 0.89549
vt 0.0528 0.89549
vt 0.0528 0.97825
vt 0.0528 0.97825
vt 0.0528 0.89549
vt 0.04441 0.89549
vt 0.04441 0.97825
vt 0.04441 0.97825
vt 0.04441 0.89549
vt 0.03602 0.89549
vt 0.03602 0.97825
vt 0.03602 0.97825
vt 0.03602 0.89549
vt 0.02763 0.89549
vt 0.02763 0.97825
vt 0.02763 0.97825
vt 0.02763 0.89549
vt 0.01925 0.89549
vt 0.01925 0.97825
vt 0.01925 0.97825
vt 0.01925 0.89549
vt 0.01086 0.89549
vt 0.01086 0.97825
vt 0.01086 0.97825
vt 0.01086 0.89549
vt 0.00247 0.89549
vt 0.00247 0.97825
vt 0.10313 0.97825
vt 0.10313 0.8955
vt 0.09475 0.8955
vt 0.09475 0.97825
vt 0.08636 0.97825
vt 0.08636 0.8955
vt 0.07797 0.89549
vt 0.07797 0.97825
vt 0.73996 0.79618
vt 0.73996 0.78084
vt 0.72622 0.78084
vt 0.72622 0.79618
vt 0.73996 0.7655
vt 0.73996 0.75063
vt 0.72622 0.75063
vt 0.72622 0.7655
vt 0.73996 0.75063
vt 0.73996 0.73574
vt 0.72622 0.73574
vt 0.72622 0.75063
vt 0.73996 0.72036
vt 0.73996 0.70497
vt 0.72622 0.70497
vt 0.72622 0.72036
vt 0.73996 0.69001
vt 0.73996 0.67515
vt 0.72622 0.67515
vt 0.72622 0.69001
vt 0.73996 0.88653
vt 0.73996 0.87167
vt 0.72622 0.87167
vt 0.72622 0.88653
vt 0.73996 0.84132
vt 0.73996 0.82594
vt 0.72622 0.82594
vt 0.72622 0.84132
vt 0.76548 0.81105
vt 0.76548 0.79624
vt 0.73996 0.79618
vt 0.73996 0.81105
vt 0.76548 0.82588
vt 0.76548 0.81105
vt 0.73996 0.81105
vt 0.73996 0.82594
vt 0.76548 0.84133
vt 0.76548 0.82588
vt 0.73996 0.82594
vt 0.73996 0.84132
vt 0.76548 0.85682
vt 0.76548 0.84133
vt 0.73996 0.84132
vt 0.73996 0.85671
vt 0.76548 0.8718
vt 0.76548 0.85682
vt 0.73996 0.85671
vt 0.73996 0.87167
vt 0.76548 0.88698
vt 0.76548 0.8718
vt 0.73996 0.87167
vt 0.73996 0.88653
vt 0.76548 0.90242
vt 0.76548 0.88698
vt 0.73996 0.88653
vt 0.73996 0.90242
vt 0.76548 0.6747
vt 0.76548 0.65926
vt 0.73996 0.65926
vt 0.73996 0.67515
vt 0.76548 0.68988
vt 0.76548 0.6747
vt 0.73996 0.67515
vt 0.73996 0.69001
vt 0.76548 0.70485
vt 0.76548 0.68988
vt 0.73996 0.69001
vt 0.73996 0.70497
vt 0.76548 0.72035
vt 0.76548 0.70485
vt 0.73996 0.70497
vt 0.73996 0.72036
vt 0.76548 0.73579
vt 0.76548 0.72035
vt 0.73996 0.72036
vt 0.73996 0.73574
vt 0.76548 0.75063
vt 0.76548 0.73579
vt 0.73996 0.73574
vt 0.73996 0.75063
vt 0.76548 0.76544
vt 0.76548 0.75063
vt 0.73996 0.75063
vt 0.73996 0.7655
vt 0.76548 0.78084
vt 0.76548 0.76544
vt 0.73996 0.7655
vt 0.73996 0.78084
vt 0.76548 0.79624
vt 0.76548 0.78084
vt 0.73996 0.78084
vt 0.73996 0.79618
vt 0.24575 0.20098
vt 0.45263 0.20098
vt 0.45618 0.18354
vt 0.24224 0.18354
vt 0.24224 0.18354
vt 0.45618 0.18354
vt 0.4658 0.16929
vt 0.23264 0.16929
vt 0.23264 0.16929
vt 0.4658 0.16929
vt 0.48006 0.15968
vt 0.2184 0.15968
vt 0.2184 0.15968
vt 0.48006 0.15968
vt 0.49751 0.15615
vt 0.20098 0.15615
vt 0.20098 0.15615
vt 0.49751 0.15615
vt 0.66704 0.00261
vt 0.03154 0.00248
vt 0.2422 0.21842
vt 0.45614 0.21842
vt 0.45263 0.20098
vt 0.24575 0.20098
vt 0.23258 0.23267
vt 0.46574 0.23267
vt 0.45614 0.21842
vt 0.2422 0.21842
vt 0.21831 0.24228
vt 0.47997 0.24228
vt 0.46574 0.23267
vt 0.23258 0.23267
vt 0.20086 0.2458
vt 0.49739 0.2458
vt 0.47997 0.24228
vt 0.21831 0.24228
vt 0.26506 0.83757
vt 0.43057 0.83757
vt 0.43284 0.83303
vt 0.26279 0.83303
vt 0.26279 0.83303
vt 0.43284 0.83303
vt 0.43744 0.83076
vt 0.2582 0.83076
vt 0.2582 0.83076
vt 0.43744 0.83076
vt 0.56206 0.78463
vt 0.13358 0.78466
vt 0.26506 0.85149
vt 0.43057 0.85149
vt 0.43057 0.83757
vt 0.26506 0.83757
vt 0.13358 0.78466
vt 0.24428 0.83076
vt 0.2582 0.83076
vt 0.43744 0.83076
vt 0.45136 0.83075
vt 0.56206 0.78463
vt 0.50206 0.86357
vt 0.45589 0.85606
vt 0.45136 0.85834
vt 0.50799 0.8695
vt 0.50206 0.86357
vt 0.45136 0.85834
vt 0.24428 0.85836
vt 0.23976 0.85608
vt 0.19359 0.8636
vt 0.23976 0.85608
vt 0.23748 0.85151
vt 0.19576 0.85549
vt 0.26279 0.85607
vt 0.43284 0.85607
vt 0.43057 0.85149
vt 0.26506 0.85149
vt 0.25819 0.85835
vt 0.43744 0.85835
vt 0.43284 0.85607
vt 0.26279 0.85607
vt 0.44352 0.88863
vt 0.43744 0.85835
vt 0.25819 0.85835
vt 0.25213 0.88864
vt 0.45816 0.83756
vt 0.50205 0.84736
vt 0.50799 0.84142
vt 0.23748 0.83758
vt 0.13358 0.78466
vt 0.18766 0.84145
vt 0.8545 0.40246
vt 0.8545 0.41067
vt 0.91519 0.41066
vt 0.91519 0.40244
vt 0.8545 0.41067
vt 0.8545 0.4186
vt 0.91519 0.41859
vt 0.91519 0.41066
vt 0.8545 0.4186
vt 0.8545 0.42653
vt 0.91519 0.42653
vt 0.91519 0.41859
vt 0.8545 0.42653
vt 0.8545 0.43474
vt 0.91519 0.43474
vt 0.91519 0.42653
vt 0.78872 0.71053
vt 0.78872 0.71875
vt 0.8494 0.71875
vt 0.8494 0.71054
vt 0.78871 0.70259
vt 0.78872 0.71053
vt 0.8494 0.71054
vt 0.8494 0.70261
vt 0.78872 0.69466
vt 0.78871 0.70259
vt 0.8494 0.70261
vt 0.8494 0.69468
vt 0.78872 0.68645
vt 0.78872 0.69466
vt 0.8494 0.69468
vt 0.8494 0.68646
vt 0.77259 0.65414
vt 0.77259 0.64605
vt 0.7119 0.64606
vt 0.71191 0.65416
vt 0.69552 0.8612
vt 0.56852 0.77953
vt 0.59518 0.89041
vt 0.8545 0.00247
vt 0.8545 0.01397
vt 0.91519 0.01397
vt 0.91519 0.00247
vt 0.91519 0.39385
vt 0.8545 0.39385
vt 0.8545 0.40246
vt 0.91519 0.40244
vt 0.77259 0.64605
vt 0.77257 0.57451
vt 0.71189 0.57453
vt 0.7119 0.64606
vt 0.33806 0.36904
vt 0.44502 0.36904
vt 0.44664 0.35613
vt 0.33258 0.35613
vt 0.77947 0.47312
vt 0.75947 0.44209
vt 0.72499 0.44209
vt 0.70499 0.47313
vt 0.75947 0.44209
vt 0.7836 0.424
vt 0.75947 0.40761
vt 0.77947 0.28004
vt 0.77947 0.37658
vt 0.7836 0.424
vt 0.78361 0.23262
vt 0.77947 0.47312
vt 0.77947 0.56532
vt 0.78361 0.56761
vt 0.7836 0.424
vt 0.78361 0.56761
vt 0.77947 0.56532
vt 0.77257 0.57451
vt 0.77947 0.47312
vt 0.7836 0.424
vt 0.75947 0.44209
vt 0.69572 0.4813
vt 0.54221 0.64746
vt 0.69552 0.8612
vt 0.56852 0.77953
vt 0.53868 0.6649
vt 0.52905 0.67914
vt 0.56852 0.77953
vt 0.52905 0.67914
vt 0.51478 0.68876
vt 0.56852 0.77953
vt 0.51478 0.68876
vt 0.49733 0.6923
vt 0.66694 0.44908
vt 0.49743 0.60265
vt 0.51486 0.60618
vt 0.66694 0.44908
vt 0.51486 0.60618
vt 0.5291 0.61579
vt 0.75947 0.40761
vt 0.7836 0.424
vt 0.77947 0.37658
vt 0.69572 0.46979
vt 0.67505 0.44909
vt 0.66694 0.44908
vt 0.69572 0.4813
vt 0.6831 0.45072
vt 0.67505 0.44909
vt 0.69572 0.46979
vt 0.6941 0.46175
vt 0.6831 0.45072
vt 0.6941 0.46175
vt 0.68967 0.45516
vt 0.69552 0.8698
vt 0.69552 0.8612
vt 0.66672 0.89047
vt 0.67482 0.89047
vt 0.69389 0.87784
vt 0.69552 0.8698
vt 0.67482 0.89047
vt 0.68287 0.88885
vt 0.69389 0.87784
vt 0.68287 0.88885
vt 0.68945 0.88442
vt 0.69552 0.8612
vt 0.54221 0.64746
vt 0.53868 0.6649
vt 0.69552 0.8612
vt 0.53868 0.6649
vt 0.56852 0.77953
vt 0.66694 0.44908
vt 0.5291 0.61579
vt 0.69572 0.4813
vt 0.69572 0.4813
vt 0.5387 0.63003
vt 0.54221 0.64746
vt 0.5387 0.63003
vt 0.69572 0.4813
vt 0.5291 0.61579
vt 0.69552 0.8612
vt 0.59518 0.89041
vt 0.66672 0.89047
vt 0.59111 0.89369
vt 0.53703 0.95048
vt 0.54513 0.94831
vt 0.59111 0.89369
vt 0.55323 0.95048
vt 0.55917 0.95641
vt 0.61619 0.99766
vt 0.55917 0.97262
vt 0.55324 0.97855
vt 0.47257 0.99768
vt 0.53704 0.97856
vt 0.53111 0.97263
vt 0.47257 0.99768
vt 0.53111 0.97263
vt 0.48041 0.9674
vt 0.59111 0.89369
vt 0.55917 0.95641
vt 0.56134 0.96452
vt 0.59111 0.89369
vt 0.56134 0.96452
vt 0.61619 0.99766
vt 0.61619 0.99766
vt 0.56134 0.96452
vt 0.55917 0.97262
vt 0.61619 0.99766
vt 0.55324 0.97855
vt 0.54514 0.98073
vt 0.61619 0.99766
vt 0.54514 0.98073
vt 0.47257 0.99768
vt 0.47257 0.99768
vt 0.54514 0.98073
vt 0.53704 0.97856
vt 0.59111 0.89369
vt 0.54513 0.94831
vt 0.55323 0.95048
vt 0.59111 0.89369
vt 0.48041 0.93981
vt 0.48494 0.94208
vt 0.48721 0.94662
vt 0.5311 0.95642
vt 0.53703 0.95048
vt 0.5311 0.95642
vt 0.48721 0.94662
vt 0.48721 0.96054
vt 0.52893 0.96452
vt 0.48494 0.96512
vt 0.53111 0.97263
vt 0.52893 0.96452
vt 0.48721 0.94662
vt 0.59111 0.89369
vt 0.48494 0.94208
vt 0.47257 0.99768
vt 0.48041 0.9674
vt 0.4665 0.9674
vt 0.33258 0.37414
vt 0.33258 0.38793
vt 0.42913 0.38793
vt 0.42913 0.37414
vt 0.10823 0.89373
vt 0.10823 0.98593
vt 0.12202 0.98593
vt 0.12202 0.89373
vt 0.56062 0.37261
vt 0.56062 0.33813
vt 0.54683 0.33813
vt 0.54683 0.37261
vt 0.50905 0.33813
vt 0.50905 0.41261
vt 0.52284 0.41261
vt 0.52284 0.33813
vt 0.78437 0.79609
vt 0.78437 0.72161
vt 0.77058 0.72161
vt 0.77058 0.79609
vt 0.80836 0.72384
vt 0.80836 0.79832
vt 0.82215 0.79832
vt 0.82215 0.72384
vt 0.71043 0.1363
vt 0.71043 0.17078
vt 0.72422 0.17078
vt 0.72422 0.1363
vt 0.92202 0.7803
vt 0.9965 0.7803
vt 0.9965 0.6881
vt 0.92202 0.6881
vt 0.96856 0.95683
vt 0.96856 0.95175
vt 0.8858 0.95175
vt 0.8858 0.95683
vt 0.8858 0.89841
vt 0.96856 0.89841
vt 0.96856 0.8845
vt 0.8858 0.8845
vt 0.96856 0.90354
vt 0.96856 0.89841
vt 0.8858 0.89841
vt 0.8858 0.90354
vt 0.96856 0.90865
vt 0.96856 0.90354
vt 0.8858 0.90354
vt 0.8858 0.90865
vt 0.96856 0.92765
vt 0.96856 0.92257
vt 0.8858 0.92257
vt 0.8858 0.92765
vt 0.96856 0.93277
vt 0.96856 0.92765
vt 0.8858 0.92765
vt 0.8858 0.93277
vt 0.96856 0.95175
vt 0.96856 0.94669
vt 0.8858 0.94669
vt 0.8858 0.95175
vt 0.6532 0.90752
vt 0.6532 0.99027
vt 0.66159 0.99027
vt 0.66159 0.90751
vt 0.66159 0.90751
vt 0.66159 0.99027
vt 0.66998 0.99027
vt 0.66998 0.90751
vt 0.66998 0.90751
vt 0.66998 0.99027
vt 0.67837 0.99027
vt 0.67837 0.90751
vt 0.67837 0.90751
vt 0.67837 0.99027
vt 0.68676 0.99027
vt 0.68676 0.90751
vt 0.69515 0.90751
vt 0.69515 0.99027
vt 0.70354 0.99027
vt 0.70354 0.90752
vt 0.70354 0.90752
vt 0.70354 0.99027
vt 0.71192 0.99027
vt 0.71192 0.90752
vt 0.71192 0.90752
vt 0.71192 0.99027
vt 0.72031 0.99027
vt 0.72031 0.90752
vt 0.63642 0.90752
vt 0.63643 0.99027
vt 0.64481 0.99027
vt 0.64481 0.90752
vt 0.94754 0.54608
vt 0.94754 0.56142
vt 0.96128 0.56142
vt 0.96128 0.54608
vt 0.94754 0.57675
vt 0.94754 0.59163
vt 0.96128 0.59163
vt 0.96128 0.57676
vt 0.94754 0.59163
vt 0.94754 0.60652
vt 0.96128 0.60652
vt 0.96128 0.59163
vt 0.94754 0.60652
vt 0.94754 0.6219
vt 0.96128 0.6219
vt 0.96128 0.60652
vt 0.94754 0.6219
vt 0.94754 0.63729
vt 0.96128 0.63729
vt 0.96128 0.6219
vt 0.94754 0.63729
vt 0.94754 0.65225
vt 0.96128 0.65225
vt 0.96128 0.63729
vt 0.94754 0.65225
vt 0.94754 0.66711
vt 0.96128 0.66711
vt 0.96128 0.65225
vt 0.94754 0.66711
vt 0.94754 0.683
vt 0.96128 0.683
vt 0.96128 0.66711
vt 0.94754 0.47059
vt 0.94754 0.48554
vt 0.96128 0.48554
vt 0.96128 0.47059
vt 0.92202 0.53121
vt 0.92202 0.54602
vt 0.94754 0.54608
vt 0.94754 0.53121
vt 0.92202 0.51637
vt 0.92202 0.53121
vt 0.94754 0.53121
vt 0.94754 0.51632
vt 0.92202 0.50092
vt 0.92202 0.51637
vt 0.94754 0.51632
vt 0.94754 0.50094
vt 0.92202 0.48543
vt 0.92202 0.50092
vt 0.94754 0.50094
vt 0.94754 0.48554
vt 0.92202 0.47046
vt 0.92202 0.48543
vt 0.94754 0.48554
vt 0.94754 0.47059
vt 0.92202 0.45528
vt 0.92202 0.47046
vt 0.94754 0.47059
vt 0.94754 0.45572
vt 0.92202 0.43984
vt 0.92202 0.45528
vt 0.94754 0.45572
vt 0.94754 0.43984
vt 0.92202 0.66756
vt 0.92202 0.683
vt 0.94754 0.683
vt 0.94754 0.66711
vt 0.92202 0.65237
vt 0.92202 0.66756
vt 0.94754 0.66711
vt 0.94754 0.65225
vt 0.92202 0.6374
vt 0.92202 0.65237
vt 0.94754 0.65225
vt 0.94754 0.63729
vt 0.92202 0.62191
vt 0.92202 0.6374
vt 0.94754 0.63729
vt 0.94754 0.6219
vt 0.92202 0.60646
vt 0.92202 0.62191
vt 0.94754 0.6219
vt 0.94754 0.60652
vt 0.92202 0.59163
vt 0.92202 0.60646
vt 0.94754 0.60652
vt 0.94754 0.59163
vt 0.92202 0.57681
vt 0.92202 0.59163
vt 0.94754 0.59163
vt 0.94754 0.57675
vt 0.92202 0.56142
vt 0.92202 0.57681
vt 0.94754 0.57675
vt 0.94754 0.56142
vt 0.92202 0.54602
vt 0.92202 0.56142
vt 0.94754 0.56142
vt 0.94754 0.54608
vt 0.98097 0.02654
vt 0.92029 0.02655
vt 0.92029 0.03476
vt 0.98097 0.03476
vt 0.98097 0.01861
vt 0.92029 0.01862
vt 0.92029 0.02655
vt 0.98097 0.02654
vt 0.98097 0.01068
vt 0.92029 0.01068
vt 0.92029 0.01862
vt 0.98097 0.01861
vt 0.8494 0.00247
vt 0.78871 0.00247
vt 0.78872 0.01067
vt 0.8494 0.01068
vt 0.00247 0.86106
vt 0.10277 0.8904
vt 0.12958 0.77953
vt 0.7119 0.0821
vt 0.77259 0.08211
vt 0.7726 0.01057
vt 0.71192 0.01056
vt 0.33737 0.43061
vt 0.34285 0.4177
vt 0.2288 0.4177
vt 0.23042 0.43061
vt 0.725 0.21453
vt 0.75948 0.21453
vt 0.77948 0.18349
vt 0.705 0.18349
vt 0.75948 0.21453
vt 0.75947 0.24901
vt 0.78361 0.23262
vt 0.70499 0.28004
vt 0.77947 0.28004
vt 0.75947 0.24901
vt 0.72499 0.24901
vt 0.78362 0.089
vt 0.77948 0.0913
vt 0.77948 0.18349
vt 0.78361 0.23262
vt 0.78362 0.089
vt 0.77259 0.08211
vt 0.77948 0.0913
vt 0.98097 0.04336
vt 0.92029 0.04336
vt 0.92029 0.42324
vt 0.98097 0.42324
vt 0.8494 0.04286
vt 0.78872 0.04285
vt 0.78872 0.67835
vt 0.8494 0.67836
vt 0.77948 0.18349
vt 0.75948 0.21453
vt 0.78361 0.23262
vt 0.00265 0.48119
vt 0.00247 0.86106
vt 0.15602 0.6475
vt 0.12958 0.77953
vt 0.16913 0.67918
vt 0.15953 0.66493
vt 0.12958 0.77953
vt 0.18337 0.68879
vt 0.16913 0.67918
vt 0.12958 0.77953
vt 0.20079 0.6923
vt 0.18337 0.68879
vt 0.20079 0.6923
vt 0.12958 0.77953
vt 0.56852 0.77953
vt 0.49733 0.6923
vt 0.03144 0.44902
vt 0.18345 0.60618
vt 0.20089 0.60265
vt 0.03144 0.44902
vt 0.16919 0.6158
vt 0.18345 0.60618
vt 0.75947 0.24901
vt 0.77947 0.28004
vt 0.78361 0.23262
vt 0.8858 0.87354
vt 0.89882 0.87878
vt 0.89882 0.43984
vt 0.8858 0.44507
vt 0.00265 0.4697
vt 0.00265 0.48119
vt 0.03144 0.44902
vt 0.02335 0.44902
vt 0.00265 0.4697
vt 0.02335 0.44902
vt 0.0153 0.45064
vt 0.00428 0.46165
vt 0.0153 0.45064
vt 0.00872 0.45507
vt 0.00428 0.46165
vt 0.03124 0.89036
vt 0.00247 0.86106
vt 0.00247 0.86966
vt 0.02315 0.89035
vt 0.02315 0.89035
vt 0.00247 0.86966
vt 0.00409 0.87771
vt 0.0151 0.88873
vt 0.00409 0.87771
vt 0.00853 0.88429
vt 0.0151 0.88873
vt 0.00247 0.86106
vt 0.15953 0.66493
vt 0.15602 0.6475
vt 0.00247 0.86106
vt 0.12958 0.77953
vt 0.15953 0.66493
vt 0.03144 0.44902
vt 0.00265 0.48119
vt 0.16919 0.6158
vt 0.00265 0.48119
vt 0.15602 0.6475
vt 0.15956 0.63005
vt 0.15956 0.63005
vt 0.16919 0.6158
vt 0.00265 0.48119
vt 0.00247 0.86106
vt 0.03124 0.89036
vt 0.10277 0.8904
vt 0.16264 0.89373
vt 0.2086 0.94835
vt 0.21671 0.95052
vt 0.16264 0.89373
vt 0.19456 0.95645
vt 0.2005 0.95052
vt 0.13755 0.9977
vt 0.20049 0.97859
vt 0.19456 0.97266
vt 0.28118 0.99769
vt 0.27333 0.96741
vt 0.2167 0.97858
vt 0.16264 0.89373
vt 0.19239 0.96455
vt 0.19456 0.95645
vt 0.16264 0.89373
vt 0.13755 0.9977
vt 0.19239 0.96455
vt 0.13755 0.9977
vt 0.19456 0.97266
vt 0.19239 0.96455
vt 0.13755 0.9977
vt 0.2086 0.98076
vt 0.20049 0.97859
vt 0.13755 0.9977
vt 0.28118 0.99769
vt 0.2086 0.98076
vt 0.28118 0.99769
vt 0.2167 0.97858
vt 0.2086 0.98076
vt 0.16264 0.89373
vt 0.2005 0.95052
vt 0.2086 0.94835
vt 0.16264 0.89373
vt 0.26881 0.9421
vt 0.27334 0.93982
vt 0.26653 0.94665
vt 0.16264 0.89373
vt 0.21671 0.95052
vt 0.22264 0.95645
vt 0.22481 0.96455
vt 0.26653 0.96057
vt 0.26653 0.94665
vt 0.22481 0.96455
vt 0.22264 0.97265
vt 0.26881 0.96514
vt 0.26653 0.96057
vt 0.26653 0.94665
vt 0.26881 0.9421
vt 0.16264 0.89373
vt 0.27333 0.96741
vt 0.28118 0.99769
vt 0.28725 0.9674
vt 0.45238 0.43033
vt 0.46617 0.43033
vt 0.46617 0.33813
vt 0.45238 0.33813
vt 0.18364 0.61259
vt 0.18364 0.62639
vt 0.21812 0.62639
vt 0.21812 0.61259
vt 0.78947 0.72384
vt 0.78947 0.79832
vt 0.80326 0.79832
vt 0.80326 0.72384
vt 0.16514 0.63148
vt 0.16514 0.64527
vt 0.19962 0.64527
vt 0.19962 0.63148
vt 0.47127 0.4315
vt 0.50575 0.4315
vt 0.50575 0.4177
vt 0.47127 0.4177
vt 0.71042 0.31994
vt 0.7449 0.31994
vt 0.7449 0.28546
vt 0.71042 0.28546
vt 0.7685 0.99027
vt 0.7685 0.90752
vt 0.76342 0.90752
vt 0.76342 0.99027
vt 0.76342 0.90752
vt 0.7495 0.90752
vt 0.7495 0.99027
vt 0.76342 0.99027
vt 0.7495 0.99027
vt 0.7495 0.90752
vt 0.74439 0.90752
vt 0.74439 0.99027
vt 0.73933 0.90752
vt 0.72541 0.90752
vt 0.72541 0.99027
vt 0.73933 0.99027
vt 0.81671 0.99027
vt 0.81671 0.90752
vt 0.81161 0.90752
vt 0.81161 0.99027
vt 0.81161 0.90752
vt 0.79769 0.90752
vt 0.79769 0.99027
vt 0.81161 0.99027
vt 0.79769 0.99027
vt 0.79769 0.90752
vt 0.79261 0.90752
vt 0.79261 0.99027
vt 0.79261 0.99027
vt 0.79261 0.90752
vt 0.78748 0.90752
vt 0.78748 0.99027
vt 0.77357 0.99027
vt 0.77357 0.90752
vt 0.7685 0.90752
vt 0.7685 0.99027
vt 0.78748 0.90752
vt 0.77357 0.90752
vt 0.77357 0.99027
vt 0.78748 0.99027
vt 0.74439 0.99027
vt 0.74439 0.90752
vt 0.73933 0.90752
vt 0.73933 0.99027
vt 0.09475 0.97825
vt 0.09475 0.8955
vt 0.08636 0.8955
vt 0.08636 0.97825
vt 0.73996 0.7655
vt 0.72622 0.7655
vt 0.72622 0.78084
vt 0.73996 0.78084
vt 0.73996 0.79618
vt 0.72622 0.79618
vt 0.72622 0.81105
vt 0.73996 0.81105
vt 0.73996 0.72036
vt 0.72622 0.72036
vt 0.72622 0.73574
vt 0.73996 0.73574
vt 0.73996 0.69001
vt 0.72622 0.69001
vt 0.72622 0.70497
vt 0.73996 0.70497
vt 0.73996 0.65926
vt 0.72622 0.65926
vt 0.72622 0.67515
vt 0.73996 0.67515
vt 0.73996 0.88653
vt 0.72622 0.88653
vt 0.72622 0.90242
vt 0.73996 0.90242
vt 0.73996 0.81105
vt 0.72622 0.81105
vt 0.72622 0.82594
vt 0.73996 0.82594
vt 0.73996 0.84132
vt 0.72622 0.84132
vt 0.72622 0.85672
vt 0.73996 0.85671
vt 0.73996 0.85671
vt 0.72622 0.85672
vt 0.72622 0.87167
vt 0.73996 0.87167
vt 0.72622 0.79618
vt 0.7007 0.79624
vt 0.7007 0.81105
vt 0.72622 0.81105
vt 0.72622 0.81105
vt 0.7007 0.81105
vt 0.7007 0.82589
vt 0.72622 0.82594
vt 0.72622 0.82594
vt 0.7007 0.82589
vt 0.7007 0.84133
vt 0.72622 0.84132
vt 0.72622 0.84132
vt 0.7007 0.84133
vt 0.7007 0.85682
vt 0.72622 0.85672
vt 0.72622 0.85672
vt 0.7007 0.85682
vt 0.7007 0.8718
vt 0.72622 0.87167
vt 0.72622 0.87167
vt 0.7007 0.8718
vt 0.7007 0.88698
vt 0.72622 0.88653
vt 0.72622 0.88653
vt 0.7007 0.88698
vt 0.7007 0.90242
vt 0.72622 0.90242
vt 0.72622 0.65926
vt 0.7007 0.65926
vt 0.7007 0.6747
vt 0.72622 0.67515
vt 0.72622 0.67515
vt 0.7007 0.6747
vt 0.7007 0.68988
vt 0.72622 0.69001
vt 0.72622 0.69001
vt 0.7007 0.68988
vt 0.7007 0.70486
vt 0.72622 0.70497
vt 0.72622 0.70497
vt 0.7007 0.70486
vt 0.7007 0.72035
vt 0.72622 0.72036
vt 0.72622 0.72036
vt 0.7007 0.72035
vt 0.7007 0.7358
vt 0.72622 0.73574
vt 0.72622 0.73574
vt 0.7007 0.7358
vt 0.7007 0.75063
vt 0.72622 0.75063
vt 0.72622 0.75063
vt 0.7007 0.75063
vt 0.7007 0.76544
vt 0.72622 0.7655
vt 0.72622 0.7655
vt 0.7007 0.76544
vt 0.7007 0.78084
vt 0.72622 0.78084
vt 0.72622 0.78084
vt 0.7007 0.78084
vt 0.7007 0.79624
vt 0.72622 0.79618
vt 0.24215 0.63003
vt 0.24566 0.64747
vt 0.45255 0.64747
vt 0.45609 0.63003
vt 0.23255 0.61579
vt 0.24215 0.63003
vt 0.45609 0.63003
vt 0.46571 0.61579
vt 0.21832 0.60618
vt 0.23255 0.61579
vt 0.46571 0.61579
vt 0.47998 0.60618
vt 0.20089 0.60265
vt 0.21832 0.60618
vt 0.47998 0.60618
vt 0.49743 0.60265
vt 0.03144 0.44902
vt 0.20089 0.60265
vt 0.49743 0.60265
vt 0.66694 0.44908
vt 0.24566 0.64747
vt 0.24212 0.66491
vt 0.45606 0.66491
vt 0.45255 0.64747
vt 0.24212 0.66491
vt 0.2325 0.67916
vt 0.46566 0.67916
vt 0.45606 0.66491
vt 0.2325 0.67916
vt 0.21824 0.68877
vt 0.4799 0.68877
vt 0.46566 0.67916
vt 0.21824 0.68877
vt 0.20079 0.6923
vt 0.49733 0.6923
vt 0.4799 0.68877
vt 0.29185 0.94209
vt 0.29413 0.94663
vt 0.45964 0.94663
vt 0.46191 0.94209
vt 0.28725 0.93982
vt 0.29185 0.94209
vt 0.46191 0.94209
vt 0.4665 0.93982
vt 0.16264 0.89373
vt 0.28725 0.93982
vt 0.4665 0.93982
vt 0.59111 0.89369
vt 0.29413 0.94663
vt 0.29413 0.96055
vt 0.45964 0.96055
vt 0.45964 0.94663
vt 0.59111 0.89369
vt 0.4665 0.93982
vt 0.48041 0.93981
vt 0.28725 0.93982
vt 0.16264 0.89373
vt 0.27334 0.93982
vt 0.22264 0.97265
vt 0.27333 0.96741
vt 0.26881 0.96514
vt 0.2167 0.97858
vt 0.27333 0.96741
vt 0.22264 0.97265
vt 0.48041 0.9674
vt 0.53111 0.97263
vt 0.48494 0.96512
vt 0.48494 0.96512
vt 0.52893 0.96452
vt 0.48721 0.96054
vt 0.29413 0.96055
vt 0.29185 0.96512
vt 0.46191 0.96512
vt 0.45964 0.96055
vt 0.29185 0.96512
vt 0.28725 0.9674
vt 0.4665 0.9674
vt 0.46191 0.96512
vt 0.4665 0.9674
vt 0.28725 0.9674
vt 0.28118 0.99769
vt 0.47257 0.99768
vt 0.26653 0.94665
vt 0.21671 0.95052
vt 0.22264 0.95645
vt 0.48721 0.94662
vt 0.53703 0.95048
vt 0.59111 0.89369
vt 0.18297 0.21771
vt 0.17263 0.21771
vt 0.17263 0.22806
vt 0.18297 0.22806
vt 0.47974 0.20782
vt 0.48948 0.20782
vt 0.48948 0.19747
vt 0.47974 0.19747
vt 0.47974 0.19747
vt 0.48948 0.19747
vt 0.48948 0.18713
vt 0.47974 0.18713
vt 0.47974 0.18713
vt 0.48948 0.18713
vt 0.48948 0.17679
vt 0.47974 0.17679
vt 0.47974 0.17679
vt 0.48948 0.17679
vt 0.48948 0.16644
vt 0.47974 0.16644
vt 0.21044 0.21629
vt 0.22079 0.21629
vt 0.22079 0.20595
vt 0.21044 0.20595
vt 0.16397 0.20287
vt 0.16397 0.21261
vt 0.17431 0.21261
vt 0.17431 0.20287
vt 0.17431 0.20287
vt 0.17431 0.21261
vt 0.18466 0.21261
vt 0.18466 0.20287
vt 0.18466 0.20287
vt 0.18466 0.21261
vt 0.195 0.21261
vt 0.195 0.20287
vt 0.195 0.20287
vt 0.195 0.21261
vt 0.20534 0.21261
vt 0.20535 0.20287
vt 0.21073 0.20085
vt 0.22107 0.20085
vt 0.22107 0.19051
vt 0.21073 0.19051
vt 0.50431 0.16307
vt 0.49457 0.16307
vt 0.49457 0.17341
vt 0.50431 0.17341
vt 0.50431 0.17341
vt 0.49457 0.17341
vt 0.49457 0.18375
vt 0.50432 0.18375
vt 0.50432 0.18375
vt 0.49457 0.18375
vt 0.49457 0.1941
vt 0.50432 0.1941
vt 0.50432 0.1941
vt 0.49457 0.1941
vt 0.49457 0.20444
vt 0.50432 0.20444
vt 0.18807 0.21771
vt 0.18807 0.22805
vt 0.19841 0.22805
vt 0.19841 0.21771
vt 0.47464 0.18032
vt 0.4649 0.18032
vt 0.4649 0.19067
vt 0.47464 0.19067
vt 0.47464 0.19067
vt 0.4649 0.19067
vt 0.4649 0.20101
vt 0.47464 0.20102
vt 0.47464 0.20102
vt 0.4649 0.20101
vt 0.4649 0.21136
vt 0.47464 0.21136
vt 0.47464 0.21136
vt 0.4649 0.21136
vt 0.4649 0.2217
vt 0.47464 0.2217
vt 0.47974 0.22326
vt 0.49008 0.22326
vt 0.49008 0.21292
vt 0.47974 0.21292
vt 0.16425 0.18803
vt 0.16425 0.19778
vt 0.1746 0.19778
vt 0.1746 0.18803
vt 0.1746 0.18803
vt 0.1746 0.19778
vt 0.18494 0.19778
vt 0.18494 0.18803
vt 0.18494 0.18803
vt 0.18494 0.19778
vt 0.19529 0.19778
vt 0.19529 0.18803
vt 0.19529 0.18803
vt 0.19529 0.19778
vt 0.20563 0.19778
vt 0.20563 0.18803
vt 0.21964 0.17507
vt 0.21964 0.18541
vt 0.22999 0.18541
vt 0.22999 0.17507
vt 0.21455 0.18293
vt 0.21455 0.17319
vt 0.2042 0.17319
vt 0.2042 0.18294
vt 0.2042 0.18294
vt 0.2042 0.17319
vt 0.19385 0.17319
vt 0.19385 0.18293
vt 0.19385 0.18293
vt 0.19385 0.17319
vt 0.18351 0.1732
vt 0.18351 0.18293
vt 0.18351 0.18293
vt 0.18351 0.1732
vt 0.17316 0.17319
vt 0.17316 0.18293
vt 0.18297 0.21771
vt 0.17263 0.21771
vt 0.17263 0.22806
vt 0.18297 0.22806
vt 0.47974 0.20782
vt 0.48948 0.20782
vt 0.48948 0.19747
vt 0.47974 0.19747
vt 0.47974 0.19747
vt 0.48948 0.19747
vt 0.48948 0.18713
vt 0.47974 0.18713
vt 0.47974 0.18713
vt 0.48948 0.18713
vt 0.48948 0.17679
vt 0.47974 0.17679
vt 0.47974 0.17679
vt 0.48948 0.17679
vt 0.48948 0.16644
vt 0.47974 0.16644
vt 0.21044 0.21629
vt 0.22079 0.21629
vt 0.22079 0.20595
vt 0.21044 0.20595
vt 0.16397 0.20287
vt 0.16397 0.21261
vt 0.17431 0.21261
vt 0.17431 0.20287
vt 0.17431 0.20287
vt 0.17431 0.21261
vt 0.18466 0.21261
vt 0.18466 0.20287
vt 0.18466 0.20287
vt 0.18466 0.21261
vt 0.195 0.21261
vt 0.195 0.20287
vt 0.195 0.20287
vt 0.195 0.21261
vt 0.20534 0.21261
vt 0.20535 0.20287
vt 0.21073 0.20085
vt 0.22107 0.20085
vt 0.22107 0.19051
vt 0.21073 0.19051
vt 0.50431 0.16307
vt 0.49457 0.16307
vt 0.49457 0.17341
vt 0.50431 0.17341
vt 0.50431 0.17341
vt 0.49457 0.17341
vt 0.49457 0.18375
vt 0.50432 0.18375
vt 0.50432 0.18375
vt 0.49457 0.18375
vt 0.49457 0.1941
vt 0.50432 0.1941
vt 0.50432 0.1941
vt 0.49457 0.1941
vt 0.49457 0.20444
vt 0.50432 0.20444
vt 0.18807 0.21771
vt 0.18807 0.22805
vt 0.19841 0.22805
vt 0.19841 0.21771
vt 0.47464 0.18032
vt 0.4649 0.18032
vt 0.4649 0.19067
vt 0.47464 0.19067
vt 0.47464 0.19067
vt 0.4649 0.19067
vt 0.4649 0.20101
vt 0.47464 0.20102
vt 0.47464 0.20102
vt 0.4649 0.20101
vt 0.4649 0.21136
vt 0.47464 0.21136
vt 0.47464 0.21136
vt 0.4649 0.21136
vt 0.4649 0.2217
vt 0.47464 0.2217
vt 0.47974 0.22326
vt 0.49008 0.22326
vt 0.49008 0.21292
vt 0.47974 0.21292
vt 0.16425 0.18803
vt 0.16425 0.19778
vt 0.1746 0.19778
vt 0.1746 0.18803
vt 0.1746 0.18803
vt 0.1746 0.19778
vt 0.18494 0.19778
vt 0.18494 0.18803
vt 0.18494 0.18803
vt 0.18494 0.19778
vt 0.19529 0.19778
vt 0.19529 0.18803
vt 0.19529 0.18803
vt 0.19529 0.19778
vt 0.20563 0.19778
vt 0.20563 0.18803
vt 0.21964 0.17507
vt 0.21964 0.18541
vt 0.22999 0.18541
vt 0.22999 0.17507
vt 0.21455 0.18293
vt 0.21455 0.17319
vt 0.2042 0.17319
vt 0.2042 0.18294
vt 0.2042 0.18294
vt 0.2042 0.17319
vt 0.19385 0.17319
vt 0.19385 0.18293
vt 0.19385 0.18293
vt 0.19385 0.17319
vt 0.18351 0.1732
vt 0.18351 0.18293
vt 0.18351 0.18293
vt 0.18351 0.1732
vt 0.17316 0.17319
vt 0.17316 0.18293
vt 0.88071 0.91568
vt 0.88071 0.43984
vt 0.8545 0.43984
vt 0.8545 0.91568
vn 0.0 1.0 0.0
vn 0.0 1.0 0.0
vn -0.0996 0.995 0.0
vn -0.0996 0.995 0.0
vn 0.0 -0.0 1.0
vn 0.0 -0.0 1.0
vn 0.0 -0.0 1.0
vn -0.8308 0.2004 0.5192
vn -0.8308 0.2004 0.5192
vn -0.8308 0.2004 0.5193
vn -0.8308 0.2004 0.5193
vn 0.0 -1.0 -0.0
vn 0.0 -1.0 -0.0
vn 0.0 -1.0 -0.0
vn 0.0 -1.0 -0.0
vn 0.0 -1.0 -0.0
vn 0.0 -1.0 -0.0
vn 0.0 -1.0 -0.0
vn 0.0 -1.0 -0.0
vn 0.0 -1.0 -0.0
vn 0.0 -1.0 -0.0
vn 0.0 -1.0 -0.0
vn 0.0 -1.0 -0.0
vn 0.0 -1.0 -0.0
vn 0.0 -1.0 -0.0
vn 0.0 -1.0 -0.0
vn 0.0 -1.0 -0.0
vn 0.0 -1.0 -0.0
vn 0.0 -1.0 -0.0
vn 0.0 -1.0 -0.0
vn 0.0 -1.0 -0.0
vn 0.0 -1.0 -0.0
vn 0.0 -1.0 -0.0
vn -1.0 0.0 -0.0
vn -1.0 0.0 -0.0
vn -1.0 0.0 -0.0
vn -1.0 0.0 -0.0
vn 0.0 -1.0 -0.0
vn 0.0 -1.0 -0.0
vn 0.0 -1.0 -0.0
vn 0.0 -0.0 1.0
vn 0.0 -0.0 1.0
vn 0.0 -0.0 1.0
vn 0.0 -0.0 1.0
vn 0.0 -0.0 1.0
vn 0.0 -0.0 1.0
vn 0.0 -0.0 1.0
vn 0.0 -0.0 1.0
vn 0.0 -0.0 1.0
vn 0.0 -0.0 1.0
vn 0.0 -0.0 1.0
vn 0.0 -0.0 1.0
vn 0.0 -0.0 1.0
vn 0.0 -0.0 1.0
vn 0.0 -0.0 1.0
vn 0.0 -0.0 1.0
vn 0.0 -0.0 1.0
vn 0.0 -0.0 1.0
vn 0.0 -1.0 -0.0
vn 0.0 -1.0 -0.0
vn 0.0 -1.0 -0.0
vn 0.0 -0.0 1.0
vn 0.0 -0.0 1.0
vn 0.0 -0.0 1.0
vn 0.0 -0.0 1.0
vn 0.0 -0.0 1.0
vn 0.0 -0.0 1.0
vn 0.0 -0.0 1.0
vn 0.0 -0.0 1.0
vn 0.0 -0.0 1.0
vn 0.0 -0.0 1.0
vn 0.0 -0.0 1.0
vn 0.0 -0.0 1.0
vn 0.0 -0.0 1.0
vn 0.0 -0.0 1.0
vn 0.0 -0.0 1.0
vn 0.0 -0.0 1.0
vn 0.0 -0.0 1.0
vn 0.0 -0.0 1.0
vn 0.0 -0.0 1.0
vn 0.0 -0.0 1.0
vn 0.0 -0.0 1.0
vn 0.0 -0.0 1.0
vn 0.0 -0.0 1.0
vn 0.0 -0.0 1.0
vn 0.0 -0.0 1.0
vn 0.0 -0.0 1.0
vn 0.0 -0.0 1.0
vn 0.0 -0.0 1.0
vn 0.0 -0.0 1.0
vn 0.0 -0.0 1.0
vn 0.0 -0.0 1.0
vn 0.0 -0.0 1.0
vn 0.0 -0.0 1.0
vn 0.0 -0.0 1.0
vn 0.0 -0.0 1.0
vn 0.0 -0.0 1.0
vn 0.0 -0.0 1.0
vn 0.0 -0.0 1.0
vn 0.0 -0.0 1.0
vn 0.0 -0.0 1.0
vn 0.0 -0.0 1.0
vn 0.0 -0.0 1.0
vn 0.0 -0.0 1.0
vn 0.0 -0.0 1.0
vn 0.0 -0.0 1.0
vn 0.0 -0.0 1.0
vn 0.0 -0.0 1.0
vn 0.0 -0.0 1.0
vn 0.0 -0.0 1.0
vn 0.0 -0.0 1.0
vn 0.0 -0.0 1.0
vn 0.0 -0.0 1.0
vn 0.0 -0.0 1.0
vn 0.0 -0.0 1.0
vn 0.0 -0.0 1.0
vn 0.0 -0.0 1.0
vn 0.0 -0.0 1.0
vn 0.0 -0.0 1.0
vn 0.0 -0.0 1.0
vn 0.0 -0.0 1.0
vn 0.0 -0.0 1.0
vn 0.0 -0.0 1.0
vn 0.0 -0.0 1.0
vn 0.0 -0.0 1.0
vn 0.0 -0.0 1.0
vn 0.0 -0.0 1.0
vn 0.0 -0.0 1.0
vn 0.0 -0.0 1.0
vn 0.0 -0.0 1.0
vn 0.0 -0.0 1.0
vn 0.0 -0.0 1.0
vn 0.0 -0.0 1.0
vn 0.0 -0.0 1.0
vn 0.0 -0.0 1.0
vn 0.0 -0.0 1.0
vn 0.0 -0.0 1.0
vn 0.0 -0.0 1.0
vn 0.0 -0.0 1.0
vn 0.0 -0.0 1.0
vn 0.0 -0.0 1.0
vn 0.0 -0.0 1.0
vn 0.0 -0.0 1.0
vn 0.0 -0.0 1.0
vn 0.0 -0.0 1.0
vn 0.0 -0.0 1.0
vn 0.0 -0.0 1.0
vn 0.0 -0.0 1.0
vn 0.0 -0.0 1.0
vn 0.0 -0.0 1.0
vn 0.0 -0.0 1.0
vn 0.0 -0.0 1.0
vn 0.0 -0.0 1.0
vn 0.0 -0.0 1.0
vn 0.0 -0.0 1.0
vn 0.0 -0.0 1.0
vn 0.0 0.0 -1.0
vn 0.0 0.0 -1.0
vn 0.0 0.0 -1.0
vn 0.0 0.0 -1.0
vn 0.0 0.0 -1.0
vn 0.0 0.0 -1.0
vn 0.0 0.0 -1.0
vn 0.0 0.0 -1.0
vn 0.0 0.0 -1.0
vn 0.0 0.0 -1.0
vn 0.0 0.0 -1.0
vn 0.0 0.0 -1.0
vn -1.0 0.0 -0.0
vn -1.0 0.0 -0.0
vn -1.0 0.0 -0.0
vn -1.0 0.0 -0.0
vn 0.0 -1.0 -0.0
vn 0.0 -1.0 -0.0
vn 0.0 -1.0 -0.0
vn 0.0 -1.0 -0.0
vn 0.0 -1.0 -0.0
vn 0.0 -1.0 -0.0
vn 0.0 -1.0 -0.0
vn 0.0 -1.0 -0.0
vn 0.9732 -0.23 -0.0
vn 0.9735 0.2288 0.0
vn 0.9735 0.2288 0.0
vn 0.9732 -0.23 -0.0
vn 0.9735 0.2288 0.0
vn 0.9735 0.2288 0.0
vn 0.7086 0.7056 0.0
vn 0.7086 0.7056 0.0
vn -0.9735 0.2286 0.0
vn -0.9732 -0.2298 -0.0
vn -0.9732 -0.2298 -0.0
vn -0.9735 0.2286 0.0
vn -0.2276 -0.9738 -0.0
vn 0.2306 -0.973 -0.0
vn 0.2306 -0.973 -0.0
vn -0.2276 -0.9738 -0.0
vn 0.7086 0.7056 0.0
vn 0.7086 0.7056 0.0
vn 0.2309 0.973 0.0
vn 0.2309 0.973 0.0
vn -1.0 0.0 0.0
vn -1.0 0.0 0.0
vn -0.866 -0.5 -0.0
vn -0.866 -0.5 -0.0
vn 0.866 -0.5 -0.0
vn 0.866 -0.5 -0.0
vn 1.0 0.0 0.0
vn 1.0 0.0 0.0
vn -0.0 1.0 0.0
vn -0.0 1.0 0.0
vn -0.5 0.866 0.0
vn -0.5 0.866 0.0
vn -0.5 0.866 0.0
vn -0.5 0.866 0.0
vn -0.866 0.5 0.0
vn -0.866 0.5 0.0
vn -0.3773 -0.9016 -0.2117
vn -0.3773 -0.9016 0.2117
vn 0.0 -0.9773 0.2117
vn 0.0 -0.9773 -0.2117
vn 0.3773 -0.9016 -0.2117
vn 0.3773 -0.9016 0.2117
vn 0.6911 -0.6911 0.2115
vn 0.6911 -0.6911 -0.2115
vn 0.3773 0.9016 -0.2117
vn 0.3773 0.9016 0.2117
vn 0.0 0.9773 0.2117
vn 0.0 0.9773 -0.2117
vn 0.6911 0.6911 -0.2115
vn 0.6911 0.6911 0.2115
vn 0.3773 0.9016 0.2117
vn 0.3773 0.9016 -0.2117
vn 0.6911 -0.6911 -0.2115
vn 0.6911 -0.6911 0.2115
vn 0.9016 -0.3773 0.2117
vn 0.9016 -0.3773 -0.2117
vn 0.9016 -0.3773 -0.2117
vn 0.9016 -0.3773 0.2117
vn 0.9773 -0.0 0.2117
vn 0.9773 -0.0 -0.2117
vn 0.9773 -0.0 -0.2117
vn 0.9773 -0.0 0.2117
vn 0.9016 0.3773 0.2117
vn 0.9016 0.3773 -0.2117
vn 0.3773 -0.9016 0.2117
vn 0.3534 -0.8439 0.4037
vn 0.647 -0.647 0.4036
vn 0.6911 -0.6911 0.2115
vn 0.6911 -0.6911 0.2115
vn 0.647 -0.647 0.4036
vn 0.8439 -0.3534 0.4037
vn 0.9016 -0.3773 0.2117
vn 0.9016 -0.3773 0.2117
vn 0.8439 -0.3534 0.4037
vn 0.9149 -0.0 0.4037
vn 0.9773 -0.0 0.2117
vn 0.9773 -0.0 0.2117
vn 0.9149 -0.0 0.4037
vn 0.8439 0.3534 0.4037
vn 0.9016 0.3773 0.2117
vn 0.9016 0.3773 0.2117
vn 0.8439 0.3534 0.4037
vn 0.647 0.647 0.4036
vn 0.6911 0.6911 0.2115
vn 0.6911 0.6911 0.2115
vn 0.647 0.647 0.4036
vn 0.3534 0.8439 0.4037
vn 0.3773 0.9016 0.2117
vn 0.3773 0.9016 0.2117
vn 0.3534 0.8439 0.4037
vn -0.0 0.9149 0.4037
vn 0.0 0.9773 0.2117
vn 0.0 0.9773 0.2117
vn -0.0 0.9149 0.4037
vn -0.3534 0.8439 0.4037
vn -0.3773 0.9016 0.2117
vn -0.3773 0.9016 0.2117
vn -0.3534 0.8439 0.4037
vn -0.647 0.647 0.4036
vn -0.6911 0.6911 0.2115
vn -0.6911 0.6911 0.2115
vn -0.647 0.647 0.4036
vn -0.8439 0.3534 0.4037
vn -0.9016 0.3773 0.2117
vn -0.9016 0.3773 0.2117
vn -0.8439 0.3534 0.4037
vn -0.9149 -0.0 0.4036
vn -0.9773 -0.0 0.2117
vn -0.9773 -0.0 0.2117
vn -0.9149 -0.0 0.4036
vn -0.8439 -0.3534 0.4037
vn -0.9016 -0.3773 0.2117
vn -0.9016 -0.3773 0.2117
vn -0.8439 -0.3534 0.4037
vn -0.647 -0.647 0.4036
vn -0.6911 -0.6911 0.2115
vn -0.6911 -0.6911 0.2115
vn -0.647 -0.647 0.4036
vn -0.3534 -0.8439 0.4037
vn -0.3773 -0.9016 0.2117
vn -0.3773 -0.9016 0.2117
vn -0.3534 -0.8439 0.4037
vn -0.0 -0.9149 0.4037
vn 0.0 -0.9773 0.2117
vn 0.0 -0.9773 0.2117
vn -0.0 -0.9149 0.4037
vn 0.3534 -0.8439 0.4037
vn 0.3773 -0.9016 0.2117
vn 0.3862 -0.9224 -0.0
vn 0.0996 -0.995 -0.0
vn 0.0996 -0.995 -0.0
vn 0.3862 -0.9224 -0.0
vn 0.7071 0.7071 0.0
vn 0.9224 0.3861 0.0
vn 0.9224 0.3861 0.0
vn 0.7071 0.7071 0.0
vn 0.3862 0.9224 0.0
vn 0.7071 0.7071 0.0
vn 0.7071 0.7071 0.0
vn 0.3862 0.9224 0.0
vn 0.0996 0.995 0.0
vn 0.3862 0.9224 0.0
vn 0.3862 0.9224 0.0
vn 0.0996 0.995 0.0
vn 0.0996 -0.995 -0.0
vn 0.0 -1.0 -0.0
vn 0.0 -1.0 -0.0
vn 0.0996 -0.995 -0.0
vn 0.0 1.0 0.0
vn 0.0 1.0 0.0
vn 0.0996 0.995 0.0
vn 0.0996 0.995 0.0
vn 0.0 -0.0 1.0
vn 0.0 -0.0 1.0
vn 0.0 -0.0 1.0
vn 0.995 0.0996 0.0
vn 1.0 0.0 -0.0
vn 1.0 0.0 -0.0
vn 0.995 0.0996 0.0
vn 1.0 0.0 -0.0
vn 1.0 0.0 -0.0
vn 0.995 -0.0996 -0.0
vn 0.995 -0.0996 -0.0
vn 0.8308 0.2004 0.5192
vn 0.8308 0.2004 0.5192
vn 0.8308 0.2004 0.5192
vn 0.8308 0.2004 0.5192
vn 0.0 -1.0 -0.0
vn 0.0 -1.0 -0.0
vn 0.0 -1.0 -0.0
vn 0.0 -1.0 -0.0
vn 0.0 -1.0 -0.0
vn 0.0 -1.0 -0.0
vn 0.0 -1.0 -0.0
vn 0.0 -1.0 -0.0
vn 0.0 -1.0 -0.0
vn 0.0 -1.0 -0.0
vn 0.0 -1.0 -0.0
vn 0.0 -1.0 -0.0
vn 0.0 -1.0 -0.0
vn 0.0 -1.0 -0.0
vn 0.0 -1.0 -0.0
vn 0.0 -1.0 -0.0
vn 0.0 -1.0 -0.0
vn 0.0 -0.0 1.0
vn 0.0 -0.0 1.0
vn 0.0 -0.0 1.0
vn 0.0 -0.0 1.0
vn 0.0 -0.0 1.0
vn 0.0 -0.0 1.0
vn 0.0 -0.0 1.0
vn 0.0 -0.0 1.0
vn 0.0 -0.0 1.0
vn 0.0 -0.0 1.0
vn 0.0 -0.0 1.0
vn 0.0 -0.0 1.0
vn 0.0 -0.0 1.0
vn 0.0 -0.0 1.0
vn 0.0 -0.0 1.0
vn 0.0 -0.0 1.0
vn 0.0 -0.0 1.0
vn 0.0 -0.0 1.0
vn 0.0 -0.0 1.0
vn 0.0 -0.0 1.0
vn 0.0 -0.0 1.0
vn 0.0 -0.0 1.0
vn 0.0 -1.0 -0.0
vn 0.0 -1.0 -0.0
vn 0.0 -1.0 -0.0
vn 0.0 0.848 0.53
vn 0.0 0.848 0.53
vn 0.0 0.848 0.53
vn 0.0 0.848 0.53
vn 0.0 -0.0 1.0
vn 0.0 -0.0 1.0
vn 0.0 -0.0 1.0
vn 0.0 -0.0 1.0
vn 0.0 -0.0 1.0
vn 0.0 -0.0 1.0
vn 0.0 -0.0 1.0
vn 0.0 -0.0 1.0
vn 0.0 -0.0 1.0
vn 0.0 -0.0 1.0
vn 0.0 -0.0 1.0
vn 0.0 -0.0 1.0
vn 0.0 -0.0 1.0
vn 0.0 -0.0 1.0
vn 0.0 -0.0 1.0
vn 0.0 -0.0 1.0
vn 0.0 -0.0 1.0
vn 0.0 -0.0 1.0
vn 0.0 -0.0 1.0
vn 0.0 -0.0 1.0
vn 0.0 -0.0 1.0
vn 0.0 -0.0 1.0
vn 0.0 -0.0 1.0
vn 0.0 -0.0 1.0
vn 0.0 -0.0 1.0
vn 0.0 -0.0 1.0
vn 0.0 -0.0 1.0
vn 0.0 -0.0 1.0
vn 0.0 -0.0 1.0
vn 0.0 -0.0 1.0
vn 0.0 -0.0 1.0
vn 0.0 -0.0 1.0
vn 0.0 -0.0 1.0
vn 0.0 -0.0 1.0
vn 0.0 -0.0 1.0
vn 0.0 -0.0 1.0
vn 0.0 -0.0 1.0
vn 0.0 -0.0 1.0
vn 0.0 -0.0 1.0
vn 0.0 -0.0 1.0
vn 0.0 -0.0 1.0
vn 0.0 -0.0 1.0
vn 0.0 -0.0 1.0
vn 0.0 -0.0 1.0
vn 0.0 -0.0 1.0
vn 0.0 -0.0 1.0
vn 0.0 -0.0 1.0
vn 0.0 -0.0 1.0
vn 0.0 -0.0 1.0
vn 0.0 -0.0 1.0
vn 0.0 -0.0 1.0
vn 0.0 -0.0 1.0
vn 0.0 -0.0 1.0
vn 0.0 -0.0 1.0
vn 0.0 -0.0 1.0
vn 0.0 -0.0 1.0
vn 0.0 -0.0 1.0
vn 0.0 -0.0 1.0
vn 0.0 -0.0 1.0
vn 0.0 -0.0 1.0
vn 0.0 -0.0 1.0
vn 0.0 -0.0 1.0
vn 0.0 -0.0 1.0
vn 0.0 -0.0 1.0
vn 0.0 -0.0 1.0
vn 0.0 -0.0 1.0
vn 0.0 -0.0 1.0
vn 0.0 -0.0 1.0
vn 0.0 -0.0 1.0
vn 0.0 -0.0 1.0
vn 0.0 -0.0 1.0
vn 0.0 -0.0 1.0
vn 0.0 -0.0 1.0
vn 0.0 -0.0 1.0
vn 0.0 -0.0 1.0
vn 0.0 -0.0 1.0
vn 0.0 -0.0 1.0
vn 0.0 -0.0 1.0
vn 0.0 -0.0 1.0
vn 0.0 -0.0 1.0
vn 0.0 -0.0 1.0
vn 0.0 -0.0 1.0
vn 0.0 -0.0 1.0
vn 0.0 -0.0 1.0
vn 0.0 -0.0 1.0
vn 0.0 -0.0 1.0
vn 0.0 -0.0 1.0
vn 0.0 -0.0 1.0
vn 0.0 -0.0 1.0
vn 0.0 -0.0 1.0
vn 0.0 -0.0 1.0
vn 0.0 -0.0 1.0
vn 0.0 -0.0 1.0
vn 0.0 0.0 -1.0
vn 0.0 0.0 -1.0
vn 0.0 0.0 -1.0
vn 0.0 0.0 -1.0
vn -1.0 0.0 -0.0
vn -1.0 0.0 -0.0
vn -1.0 0.0 -0.0
vn -1.0 0.0 -0.0
vn -1.0 0.0 -0.0
vn -1.0 0.0 -0.0
vn -1.0 0.0 -0.0
vn -1.0 0.0 -0.0
vn 0.0 0.0 -1.0
vn 0.0 0.0 -1.0
vn 0.0 0.0 -1.0
vn 0.0 0.0 -1.0
vn 0.0 -1.0 -0.0
vn 0.0 -1.0 -0.0
vn 0.0 -1.0 -0.0
vn 0.0 -1.0 -0.0
vn 0.7066 0.7076 0.0
vn 0.2279 0.9737 0.0
vn 0.2279 0.9737 0.0
vn 0.7066 0.7076 0.0
vn 1.0 0.0 0.0
vn 1.0 0.0 0.0
vn 0.866 -0.5 -0.0
vn 0.866 -0.5 -0.0
vn 0.866 -0.5 -0.0
vn 0.866 -0.5 -0.0
vn 0.5 -0.866 -0.0
vn 0.5 -0.866 -0.0
vn 0.5 -0.866 -0.0
vn 0.5 -0.866 -0.0
vn 0.0 -1.0 -0.0
vn 0.0 -1.0 -0.0
vn 0.0 -1.0 -0.0
vn 0.0 -1.0 -0.0
vn -0.5 -0.866 -0.0
vn -0.5 -0.866 -0.0
vn -0.5 -0.866 -0.0
vn -0.5 -0.866 -0.0
vn -0.866 -0.5 -0.0
vn -0.866 -0.5 -0.0
vn -0.866 -0.5 -0.0
vn -0.866 -0.5 -0.0
vn -1.0 0.0 0.0
vn -1.0 0.0 0.0
vn -1.0 0.0 0.0
vn -1.0 0.0 0.0
vn -0.866 0.5 0.0
vn -0.866 0.5 0.0
vn -0.866 0.5 0.0
vn -0.866 0.5 0.0
vn -0.5 0.866 0.0
vn -0.5 0.866 0.0
vn -0.5 0.866 0.0
vn -0.5 0.866 0.0
vn 0.0 1.0 0.0
vn 0.0 1.0 0.0
vn 0.0 1.0 0.0
vn 0.0 1.0 0.0
vn 0.5 0.866 0.0
vn 0.5 0.866 0.0
vn 0.866 0.5 0.0
vn 0.866 0.5 0.0
vn 1.0 0.0 0.0
vn 1.0 0.0 0.0
vn -0.3773 -0.9016 0.2117
vn -0.0 -0.9773 0.2117
vn -0.0 -0.9773 -0.2117
vn -0.3773 -0.9016 -0.2117
vn 0.3773 -0.9016 0.2117
vn 0.6911 -0.6911 0.2115
vn 0.6911 -0.6911 -0.2115
vn 0.3773 -0.9016 -0.2117
vn 0.6911 -0.6911 0.2115
vn 0.9016 -0.3773 0.2117
vn 0.9016 -0.3773 -0.2117
vn 0.6911 -0.6911 -0.2115
vn 0.9773 -0.0 0.2117
vn 0.9016 0.3773 0.2117
vn 0.9016 0.3773 -0.2117
vn 0.9773 -0.0 -0.2117
vn 0.6911 0.6911 0.2115
vn 0.3773 0.9016 0.2117
vn 0.3773 0.9016 -0.2117
vn 0.6911 0.6911 -0.2115
vn -0.3773 0.9016 0.2117
vn -0.6911 0.6911 0.2115
vn -0.6911 0.6911 -0.2115
vn -0.3773 0.9016 -0.2117
vn -0.9773 -0.0 0.2117
vn -0.9016 -0.3773 0.2117
vn -0.9016 -0.3773 -0.2117
vn -0.9773 -0.0 -0.2117
vn -0.647 -0.647 0.4036
vn -0.3534 -0.8439 0.4037
vn -0.3773 -0.9016 0.2117
vn -0.6911 -0.6911 0.2115
vn -0.8439 -0.3534 0.4037
vn -0.647 -0.647 0.4036
vn -0.6911 -0.6911 0.2115
vn -0.9016 -0.3773 0.2117
vn -0.9149 -0.0 0.4037
vn -0.8439 -0.3534 0.4037
vn -0.9016 -0.3773 0.2117
vn -0.9773 -0.0 0.2117
vn -0.8439 0.3534 0.4037
vn -0.9149 -0.0 0.4037
vn -0.9773 -0.0 0.2117
vn -0.9016 0.3773 0.2117
vn -0.647 0.647 0.4036
vn -0.8439 0.3534 0.4037
vn -0.9016 0.3773 0.2117
vn -0.6911 0.6911 0.2115
vn -0.3534 0.8439 0.4037
vn -0.647 0.647 0.4036
vn -0.6911 0.6911 0.2115
vn -0.3773 0.9016 0.2117
vn 0.0 0.9149 0.4036
vn -0.3534 0.8439 0.4037
vn -0.3773 0.9016 0.2117
vn -0.0 0.9773 0.2117
vn 0.3534 0.8439 0.4037
vn 0.0 0.9149 0.4036
vn -0.0 0.9773 0.2117
vn 0.3773 0.9016 0.2117
vn 0.647 0.647 0.4036
vn 0.3534 0.8439 0.4037
vn 0.3773 0.9016 0.2117
vn 0.6911 0.6911 0.2115
vn 0.8439 0.3534 0.4037
vn 0.647 0.647 0.4036
vn 0.6911 0.6911 0.2115
vn 0.9016 0.3773 0.2117
vn 0.9149 -0.0 0.4037
vn 0.8439 0.3534 0.4037
vn 0.9016 0.3773 0.2117
vn 0.9773 -0.0 0.2117
vn 0.8439 -0.3534 0.4037
vn 0.9149 -0.0 0.4037
vn 0.9773 -0.0 0.2117
vn 0.9016 -0.3773 0.2117
vn 0.647 -0.647 0.4036
vn 0.8439 -0.3534 0.4037
vn 0.9016 -0.3773 0.2117
vn 0.6911 -0.6911 0.2115
vn 0.3534 -0.8439 0.4037
vn 0.647 -0.647 0.4036
vn 0.6911 -0.6911 0.2115
vn 0.3773 -0.9016 0.2117
vn -0.0 -0.9149 0.4037
vn 0.3534 -0.8439 0.4037
vn 0.3773 -0.9016 0.2117
vn -0.0 -0.9773 0.2117
vn -0.3534 -0.8439 0.4037
vn -0.0 -0.9149 0.4037
vn -0.0 -0.9773 0.2117
vn -0.3773 -0.9016 0.2117
vn 0.0 -0.0 1.0
vn 0.0 -0.0 1.0
vn 0.0 -0.0 1.0
vn 0.0 -0.0 1.0
vn 0.0 -0.0 1.0
vn 0.0 -0.0 1.0
vn 0.0 -0.0 1.0
vn 0.0 -0.0 1.0
vn 0.0 -0.0 1.0
vn 0.0 -0.0 1.0
vn 0.0 -0.0 1.0
vn 0.0 -0.0 1.0
vn 0.0 -0.0 1.0
vn 0.0 -0.0 1.0
vn 0.0 -0.0 1.0
vn 0.0 -0.0 1.0
vn 0.0 -0.0 1.0
vn 0.0 -0.0 1.0
vn 0.0 -0.0 1.0
vn 0.0 -0.0 1.0
vn 0.0 -0.0 1.0
vn 0.0 -0.0 1.0
vn 0.0 -0.0 1.0
vn 0.0 -0.0 1.0
vn 0.0 -0.0 1.0
vn 0.0 -0.0 1.0
vn 0.0 -0.0 1.0
vn 0.0 -0.0 1.0
vn 0.0 -0.0 1.0
vn 0.0 -0.0 1.0
vn 0.0 -0.0 1.0
vn 0.0 -0.0 1.0
vn 0.0 -0.0 1.0
vn 0.0 -0.0 1.0
vn 0.0 -0.0 1.0
vn 0.0 -0.0 1.0
vn 0.0 -0.0 1.0
vn 0.0 -0.0 1.0
vn 0.0 -0.0 1.0
vn 0.0 -0.0 1.0
vn 0.0 -0.0 1.0
vn 0.0 -0.0 1.0
vn 0.0 -0.0 1.0
vn 0.0 -0.0 1.0
vn 0.0 -0.0 1.0
vn 0.0 -0.0 1.0
vn 0.0 -0.0 1.0
vn 0.0 -0.0 1.0
vn 0.0 -0.0 1.0
vn 0.0 -0.0 1.0
vn 0.0 -0.0 1.0
vn 0.0 -0.0 1.0
vn 0.0 -0.0 1.0
vn 0.0 -0.0 1.0
vn 0.0 -0.0 1.0
vn 0.0 -0.0 1.0
vn 0.0 -0.0 1.0
vn 0.0 -0.0 1.0
vn 0.0 -0.0 1.0
vn 0.0 -0.0 1.0
vn 0.0 -0.0 1.0
vn 0.0 -0.0 1.0
vn 0.0 -0.0 1.0
vn 0.0 -0.0 1.0
vn 0.0 -0.0 1.0
vn 0.0 -0.0 1.0
vn 0.0 -0.0 1.0
vn 0.0 -0.0 1.0
vn 0.0 -0.0 1.0
vn 0.0 -0.0 1.0
vn 0.0 -0.0 1.0
vn 0.0 -0.0 1.0
vn 0.0 -0.0 1.0
vn 0.0 -0.0 1.0
vn 0.0 -0.0 1.0
vn 0.0 -0.0 1.0
vn 0.0 -0.0 1.0
vn 0.0 -0.0 1.0
vn 0.0 -0.0 1.0
vn 0.0 -0.0 1.0
vn 0.0 -0.0 1.0
vn 0.0 -0.0 1.0
vn 0.0 -0.0 1.0
vn 0.0 -0.0 1.0
vn 0.0 -0.0 1.0
vn 0.0 -0.0 1.0
vn 0.0 -0.0 1.0
vn 0.0 -0.0 1.0
vn -0.995 -0.0996 -0.0
vn -0.9224 -0.3862 -0.0
vn -0.9224 -0.3862 -0.0
vn -0.995 -0.0996 -0.0
vn -0.9224 -0.3862 -0.0
vn -0.7071 -0.7071 -0.0
vn -0.7071 -0.7071 -0.0
vn -0.9224 -0.3862 -0.0
vn -0.7071 -0.7071 -0.0
vn -0.3862 -0.9224 -0.0
vn -0.3862 -0.9224 -0.0
vn -0.7071 -0.7071 -0.0
vn -0.3862 -0.9224 -0.0
vn -0.0996 -0.995 -0.0
vn -0.0996 -0.995 -0.0
vn -0.3862 -0.9224 -0.0
vn -0.9224 0.3862 0.0
vn -0.995 0.0996 0.0
vn -0.995 0.0996 0.0
vn -0.9224 0.3862 0.0
vn -0.7071 0.7071 0.0
vn -0.9224 0.3862 0.0
vn -0.9224 0.3862 0.0
vn -0.7071 0.7071 0.0
vn -0.3862 0.9224 0.0
vn -0.7071 0.7071 0.0
vn -0.7071 0.7071 0.0
vn -0.3862 0.9224 0.0
vn -0.0996 0.995 0.0
vn -0.3862 0.9224 0.0
vn -0.3862 0.9224 0.0
vn -0.0996 0.995 0.0
vn -0.0996 -0.995 -0.0
vn 0.0 -1.0 -0.0
vn 0.0 -1.0 -0.0
vn -0.0996 -0.995 -0.0
vn 0.0 0.0 -1.0
vn 0.0 0.0 -1.0
vn 0.0 0.0 -1.0
vn -0.995 0.0996 0.0
vn -1.0 0.0 -0.0
vn -1.0 0.0 -0.0
vn -0.995 0.0996 0.0
vn -1.0 0.0 -0.0
vn -1.0 0.0 -0.0
vn -0.995 -0.0996 -0.0
vn -0.995 -0.0996 -0.0
vn 0.0 -1.0 -0.0
vn 0.0 -1.0 -0.0
vn 0.0 -1.0 -0.0
vn 0.0 -1.0 -0.0
vn -0.8308 0.2004 -0.5192
vn -0.8308 0.2004 -0.5192
vn -0.8308 0.2004 -0.5192
vn -0.8308 0.2004 -0.5192
vn 0.0 -1.0 -0.0
vn 0.0 -1.0 -0.0
vn 0.0 -1.0 -0.0
vn 0.0 -1.0 -0.0
vn 0.0 -1.0 -0.0
vn 0.0 -1.0 -0.0
vn 0.0 -1.0 -0.0
vn 0.0 -1.0 -0.0
vn 0.0 -1.0 -0.0
vn 0.0 -1.0 -0.0
vn 0.0 -1.0 -0.0
vn 0.0 -1.0 -0.0
vn 0.0 -1.0 -0.0
vn 0.0 -1.0 -0.0
vn 0.0 -1.0 -0.0
vn 0.0 -1.0 -0.0
vn 0.0 -1.0 -0.0
vn 0.0 -1.0 -0.0
vn 0.0 -1.0 -0.0
vn 0.0 -1.0 -0.0
vn 0.0 -1.0 -0.0
vn 0.0 0.0 -1.0
vn 0.0 0.0 -1.0
vn 0.0 0.0 -1.0
vn 0.0 0.0 -1.0
vn 0.0 0.0 -1.0
vn 0.0 0.0 -1.0
vn 0.0 0.0 -1.0
vn 0.0 0.0 -1.0
vn 0.0 0.0 -1.0
vn 0.0 0.0 -1.0
vn 0.0 0.0 -1.0
vn 0.0 0.0 -1.0
vn 0.0 0.0 -1.0
vn 0.0 0.0 -1.0
vn 0.0 0.0 -1.0
vn 0.0 0.0 -1.0
vn 0.0 0.0 -1.0
vn 0.0 0.0 -1.0
vn 0.0 -1.0 -0.0
vn 0.0 -1.0 -0.0
vn 0.0 -1.0 -0.0
vn 0.0 0.0 -1.0
vn 0.0 0.0 -1.0
vn 0.0 0.0 -1.0
vn 0.0 0.0 -1.0
vn 0.0 0.0 -1.0
vn 0.0 0.0 -1.0
vn 0.0 0.0 -1.0
vn 0.0 0.0 -1.0
vn 0.0 0.0 -1.0
vn 0.0 0.0 -1.0
vn 0.0 0.0 -1.0
vn 0.0 0.0 -1.0
vn 0.0 0.0 -1.0
vn 0.0 0.0 -1.0
vn 0.0 0.0 -1.0
vn 0.0 0.0 -1.0
vn 0.0 0.0 -1.0
vn 0.0 0.0 -1.0
vn 0.0 0.0 -1.0
vn 0.0 0.0 -1.0
vn 0.0 0.0 -1.0
vn 0.0 0.0 -1.0
vn 0.0 0.0 -1.0
vn 0.0 0.0 -1.0
vn 0.0 0.0 -1.0
vn 0.0 0.0 -1.0
vn 0.0 0.0 -1.0
vn 0.0 0.0 -1.0
vn 0.0 0.0 -1.0
vn 0.0 0.0 -1.0
vn 0.0 0.0 -1.0
vn 0.0 0.0 -1.0
vn 0.0 0.0 -1.0
vn 0.0 0.0 -1.0
vn 0.0 0.0 -1.0
vn 0.0 0.0 -1.0
vn 0.0 0.0 -1.0
vn 0.0 0.0 -1.0
vn 0.0 0.0 -1.0
vn 0.0 0.0 -1.0
vn 0.0 0.0 -1.0
vn 0.0 0.0 -1.0
vn 0.0 0.0 -1.0
vn 0.0 0.0 -1.0
vn 0.0 0.0 -1.0
vn 0.0 0.0 -1.0
vn 0.0 0.0 -1.0
vn 0.0 0.0 -1.0
vn 0.0 0.0 -1.0
vn 0.0 0.0 -1.0
vn 0.0 0.0 -1.0
vn 0.0 0.0 -1.0
vn 0.0 0.0 -1.0
vn 0.0 0.0 -1.0
vn 0.0 0.0 -1.0
vn 0.0 0.0 -1.0
vn 0.0 0.0 -1.0
vn 0.0 0.0 -1.0
vn 0.0 0.0 -1.0
vn 0.0 0.0 -1.0
vn 0.0 0.0 -1.0
vn 0.0 0.0 -1.0
vn 0.0 0.0 -1.0
vn 0.0 0.0 -1.0
vn 0.0 0.0 -1.0
vn 0.0 0.0 -1.0
vn 0.0 0.0 -1.0
vn 0.0 0.0 -1.0
vn 0.0 0.0 -1.0
vn 0.0 0.0 -1.0
vn 0.0 0.0 -1.0
vn 0.0 0.0 -1.0
vn 0.0 0.0 -1.0
vn 0.0 0.0 -1.0
vn 0.0 0.0 -1.0
vn 0.0 0.0 -1.0
vn 0.0 0.0 -1.0
vn 0.0 0.0 -1.0
vn 0.0 0.0 -1.0
vn 0.0 0.0 -1.0
vn 0.0 0.0 -1.0
vn 0.0 0.0 -1.0
vn 0.0 0.0 -1.0
vn 0.0 0.0 -1.0
vn 0.0 0.0 -1.0
vn 0.0 0.0 -1.0
vn 0.0 0.0 -1.0
vn 0.0 0.0 -1.0
vn 0.0 0.0 -1.0
vn 0.0 0.0 -1.0
vn 0.0 0.0 -1.0
vn 0.0 0.0 -1.0
vn 0.0 0.0 -1.0
vn 0.0 0.0 -1.0
vn 0.0 0.0 -1.0
vn 0.0 -0.0 1.0
vn 0.0 -0.0 1.0
vn 0.0 -0.0 1.0
vn 0.0 -0.0 1.0
vn 0.0 -0.0 1.0
vn 0.0 -0.0 1.0
vn 0.0 -0.0 1.0
vn 0.0 -0.0 1.0
vn 1.0 0.0 -0.0
vn 1.0 0.0 -0.0
vn 1.0 0.0 -0.0
vn 1.0 0.0 -0.0
vn 1.0 0.0 -0.0
vn 1.0 0.0 -0.0
vn 1.0 0.0 -0.0
vn 1.0 0.0 -0.0
vn 1.0 0.0 -0.0
vn 1.0 0.0 -0.0
vn 1.0 0.0 -0.0
vn 1.0 0.0 -0.0
vn -1.0 0.0 -0.0
vn -1.0 0.0 -0.0
vn -1.0 0.0 -0.0
vn -1.0 0.0 -0.0
vn 0.0 -0.0 1.0
vn 0.0 -0.0 1.0
vn 0.0 -0.0 1.0
vn 0.0 -0.0 1.0
vn 0.0 -1.0 -0.0
vn 0.0 -1.0 -0.0
vn 0.0 -1.0 -0.0
vn 0.0 -1.0 -0.0
vn 0.9732 -0.23 -0.0
vn 0.7075 -0.7067 -0.0
vn 0.7075 -0.7067 -0.0
vn 0.9732 -0.23 -0.0
vn -0.2279 0.9737 0.0
vn -0.2279 0.9737 0.0
vn 0.2309 0.973 0.0
vn 0.2309 0.973 0.0
vn -0.7066 0.7076 0.0
vn -0.2279 0.9737 0.0
vn -0.2279 0.9737 0.0
vn -0.7066 0.7076 0.0
vn -0.9735 0.2286 0.0
vn -0.7066 0.7076 0.0
vn -0.7066 0.7076 0.0
vn -0.9735 0.2286 0.0
vn -0.7055 -0.7087 -0.0
vn -0.9732 -0.2298 -0.0
vn -0.9732 -0.2298 -0.0
vn -0.7055 -0.7087 -0.0
vn -0.2276 -0.9738 -0.0
vn -0.7055 -0.7087 -0.0
vn -0.7055 -0.7087 -0.0
vn -0.2276 -0.9738 -0.0
vn 0.7075 -0.7067 -0.0
vn 0.2306 -0.973 -0.0
vn 0.2306 -0.973 -0.0
vn 0.7075 -0.7067 -0.0
vn -0.866 -0.5 -0.0
vn -0.866 -0.5 -0.0
vn -0.5 -0.866 -0.0
vn -0.5 -0.866 -0.0
vn -0.5 -0.866 -0.0
vn -0.5 -0.866 -0.0
vn -0.0 -1.0 -0.0
vn -0.0 -1.0 -0.0
vn -0.0 -1.0 -0.0
vn -0.0 -1.0 -0.0
vn 0.5 -0.866 -0.0
vn 0.5 -0.866 -0.0
vn 0.5 -0.866 -0.0
vn 0.5 -0.866 -0.0
vn 0.866 -0.5 -0.0
vn 0.866 -0.5 -0.0
vn 1.0 0.0 0.0
vn 1.0 0.0 0.0
vn 0.866 0.5 0.0
vn 0.866 0.5 0.0
vn 0.866 0.5 0.0
vn 0.866 0.5 0.0
vn 0.5 0.866 0.0
vn 0.5 0.866 0.0
vn 0.5 0.866 0.0
vn 0.5 0.866 0.0
vn -0.0 1.0 0.0
vn -0.0 1.0 0.0
vn -0.866 0.5 0.0
vn -0.866 0.5 0.0
vn -1.0 0.0 0.0
vn -1.0 0.0 0.0
vn 0.3773 -0.9016 -0.2117
vn 0.0 -0.9773 -0.2117
vn 0.0 -0.9773 0.2117
vn 0.3773 -0.9016 0.2117
vn -0.3773 -0.9016 -0.2117
vn -0.6911 -0.6911 -0.2115
vn -0.6911 -0.6911 0.2115
vn -0.3773 -0.9016 0.2117
vn -0.6911 -0.6911 -0.2115
vn -0.9016 -0.3773 -0.2117
vn -0.9016 -0.3773 0.2117
vn -0.6911 -0.6911 0.2115
vn -0.9016 -0.3773 -0.2117
vn -0.9773 -0.0 -0.2117
vn -0.9773 -0.0 0.2117
vn -0.9016 -0.3773 0.2117
vn -0.9773 -0.0 -0.2117
vn -0.9016 0.3773 -0.2117
vn -0.9016 0.3773 0.2117
vn -0.9773 -0.0 0.2117
vn -0.9016 0.3773 -0.2117
vn -0.6911 0.6911 -0.2115
vn -0.6911 0.6911 0.2115
vn -0.9016 0.3773 0.2117
vn -0.6911 0.6911 -0.2115
vn -0.3773 0.9016 -0.2117
vn -0.3773 0.9016 0.2117
vn -0.6911 0.6911 0.2115
vn -0.3773 0.9016 -0.2117
vn 0.0 0.9773 -0.2117
vn 0.0 0.9773 0.2117
vn -0.3773 0.9016 0.2117
vn 0.6911 0.6911 -0.2115
vn 0.9016 0.3773 -0.2117
vn 0.9016 0.3773 0.2117
vn 0.6911 0.6911 0.2115
vn 0.647 -0.647 -0.4036
vn 0.3534 -0.8439 -0.4037
vn 0.3773 -0.9016 -0.2117
vn 0.6911 -0.6911 -0.2115
vn 0.8439 -0.3534 -0.4037
vn 0.647 -0.647 -0.4036
vn 0.6911 -0.6911 -0.2115
vn 0.9016 -0.3773 -0.2117
vn 0.9149 -0.0 -0.4037
vn 0.8439 -0.3534 -0.4037
vn 0.9016 -0.3773 -0.2117
vn 0.9773 -0.0 -0.2117
vn 0.8439 0.3534 -0.4037
vn 0.9149 -0.0 -0.4037
vn 0.9773 -0.0 -0.2117
vn 0.9016 0.3773 -0.2117
vn 0.647 0.647 -0.4036
vn 0.8439 0.3534 -0.4037
vn 0.9016 0.3773 -0.2117
vn 0.6911 0.6911 -0.2115
vn 0.3534 0.8439 -0.4037
vn 0.647 0.647 -0.4036
vn 0.6911 0.6911 -0.2115
vn 0.3773 0.9016 -0.2117
vn -0.0 0.9149 -0.4037
vn 0.3534 0.8439 -0.4037
vn 0.3773 0.9016 -0.2117
vn 0.0 0.9773 -0.2117
vn -0.3534 0.8439 -0.4037
vn -0.0 0.9149 -0.4037
vn 0.0 0.9773 -0.2117
vn -0.3773 0.9016 -0.2117
vn -0.647 0.647 -0.4036
vn -0.3534 0.8439 -0.4037
vn -0.3773 0.9016 -0.2117
vn -0.6911 0.6911 -0.2115
vn -0.8439 0.3534 -0.4037
vn -0.647 0.647 -0.4036
vn -0.6911 0.6911 -0.2115
vn -0.9016 0.3773 -0.2117
vn -0.9149 -0.0 -0.4037
vn -0.8439 0.3534 -0.4037
vn -0.9016 0.3773 -0.2117
vn -0.9773 -0.0 -0.2117
vn -0.8439 -0.3534 -0.4037
vn -0.9149 -0.0 -0.4037
vn -0.9773 -0.0 -0.2117
vn -0.9016 -0.3773 -0.2117
vn -0.647 -0.647 -0.4036
vn -0.8439 -0.3534 -0.4037
vn -0.9016 -0.3773 -0.2117
vn -0.6911 -0.6911 -0.2115
vn -0.3534 -0.8439 -0.4037
vn -0.647 -0.647 -0.4036
vn -0.6911 -0.6911 -0.2115
vn -0.3773 -0.9016 -0.2117
vn -0.0 -0.9149 -0.4037
vn -0.3534 -0.8439 -0.4037
vn -0.3773 -0.9016 -0.2117
vn 0.0 -0.9773 -0.2117
vn 0.3534 -0.8439 -0.4037
vn -0.0 -0.9149 -0.4037
vn 0.0 -0.9773 -0.2117
vn 0.3773 -0.9016 -0.2117
vn 0.9224 -0.3862 -0.0
vn 0.9224 -0.3862 -0.0
vn 0.995 -0.0996 -0.0
vn 0.995 -0.0996 -0.0
vn 0.7071 -0.7071 -0.0
vn 0.7071 -0.7071 -0.0
vn 0.9224 -0.3862 -0.0
vn 0.9224 -0.3862 -0.0
vn 0.3862 -0.9224 -0.0
vn 0.3862 -0.9224 -0.0
vn 0.7071 -0.7071 -0.0
vn 0.7071 -0.7071 -0.0
vn 0.995 0.0996 0.0
vn 0.995 0.0996 0.0
vn 0.9224 0.3861 0.0
vn 0.9224 0.3861 0.0
vn 0.0 0.0 -1.0
vn 0.0 0.0 -1.0
vn 0.0 0.0 -1.0
vn 0.0 -1.0 -0.0
vn 0.0 -1.0 -0.0
vn 0.0 -1.0 -0.0
vn 0.0 -1.0 -0.0
vn 0.8308 0.2004 -0.5192
vn 0.8308 0.2004 -0.5192
vn 0.8308 0.2004 -0.5192
vn 0.8308 0.2004 -0.5192
vn 0.0 -1.0 -0.0
vn 0.0 -1.0 -0.0
vn 0.0 -1.0 -0.0
vn 0.0 -1.0 -0.0
vn 0.0 -1.0 -0.0
vn 0.0 -1.0 -0.0
vn 0.0 -1.0 -0.0
vn 0.0 -1.0 -0.0
vn 0.0 -1.0 -0.0
vn 0.0 -1.0 -0.0
vn 0.0 -1.0 -0.0
vn 0.0 -1.0 -0.0
vn 0.0 -1.0 -0.0
vn 0.0 -1.0 -0.0
vn 0.0 -1.0 -0.0
vn 0.0 -1.0 -0.0
vn 0.0 -1.0 -0.0
vn 0.0 -1.0 -0.0
vn 1.0 0.0 -0.0
vn 1.0 0.0 -0.0
vn 1.0 0.0 -0.0
vn 1.0 0.0 -0.0
vn 0.0 1.0 0.0
vn 0.0 1.0 0.0
vn 0.0 1.0 0.0
vn 0.0 1.0 0.0
vn 0.0 -1.0 -0.0
vn 0.0 -1.0 -0.0
vn 0.0 -1.0 -0.0
vn 0.0 0.0 -1.0
vn 0.0 0.0 -1.0
vn 0.0 0.0 -1.0
vn 0.0 0.0 -1.0
vn 0.0 0.0 -1.0
vn 0.0 0.0 -1.0
vn 0.0 0.0 -1.0
vn 0.0 0.0 -1.0
vn 0.0 0.0 -1.0
vn 0.0 0.0 -1.0
vn 0.0 0.0 -1.0
vn 0.0 0.0 -1.0
vn 0.0 0.0 -1.0
vn 0.0 0.0 -1.0
vn 0.0 0.0 -1.0
vn 0.0 0.0 -1.0
vn 0.0 0.0 -1.0
vn 0.0 0.0 -1.0
vn 0.0 0.0 -1.0
vn 0.0 0.0 -1.0
vn 0.0 0.0 -1.0
vn 0.0 0.0 -1.0
vn 0.0 -1.0 -0.0
vn 0.0 -1.0 -0.0
vn 0.0 -1.0 -0.0
vn 0.0 0.848 -0.53
vn 0.0 0.848 -0.53
vn 0.0 0.848 -0.53
vn 0.0 0.848 -0.53
vn 0.0 0.0 -1.0
vn 0.0 0.0 -1.0
vn 0.0 0.0 -1.0
vn 0.0 0.0 -1.0
vn 0.0 0.0 -1.0
vn 0.0 0.0 -1.0
vn 0.0 0.0 -1.0
vn 0.0 0.0 -1.0
vn 0.0 0.0 -1.0
vn 0.0 0.0 -1.0
vn 0.0 0.0 -1.0
vn 0.0 0.0 -1.0
vn 0.0 0.0 -1.0
vn 0.0 0.0 -1.0
vn 0.0 0.0 -1.0
vn 0.0 0.0 -1.0
vn 0.0 0.0 -1.0
vn 0.0 0.0 -1.0
vn 0.0 0.0 -1.0
vn 0.0 0.0 -1.0
vn 0.0 0.0 -1.0
vn 0.0 0.0 -1.0
vn 0.0 0.0 -1.0
vn 0.0 0.0 -1.0
vn 0.0 0.0 -1.0
vn 0.0 0.0 -1.0
vn 0.0 0.0 -1.0
vn 0.0 0.0 -1.0
vn 0.0 0.0 -1.0
vn 0.0 0.0 -1.0
vn 0.0 0.0 -1.0
vn 0.0 0.0 -1.0
vn 0.0 0.0 -1.0
vn 0.0 0.0 -1.0
vn 0.0 0.0 -1.0
vn 0.0 0.0 -1.0
vn 0.0 0.0 -1.0
vn 0.0 0.0 -1.0
vn 0.0 0.0 -1.0
vn 0.0 0.0 -1.0
vn 0.0 0.0 -1.0
vn 0.0 0.0 -1.0
vn 0.0 0.0 -1.0
vn 0.0 0.0 -1.0
vn 0.0 0.0 -1.0
vn 0.0 0.0 -1.0
vn 0.0 0.0 -1.0
vn 0.0 0.0 -1.0
vn 0.0 0.0 -1.0
vn 0.0 0.0 -1.0
vn 0.0 0.0 -1.0
vn 0.0 0.0 -1.0
vn 0.0 0.0 -1.0
vn 0.0 0.0 -1.0
vn 0.0 0.0 -1.0
vn 0.0 0.0 -1.0
vn 0.0 0.0 -1.0
vn 0.0 0.0 -1.0
vn 0.0 0.0 -1.0
vn 0.0 0.0 -1.0
vn 0.0 0.0 -1.0
vn 0.0 0.0 -1.0
vn 0.0 0.0 -1.0
vn 0.0 0.0 -1.0
vn 0.0 0.0 -1.0
vn 0.0 0.0 -1.0
vn 0.0 0.0 -1.0
vn 0.0 0.0 -1.0
vn 0.0 0.0 -1.0
vn 0.0 0.0 -1.0
vn 0.0 0.0 -1.0
vn 0.0 0.0 -1.0
vn 0.0 0.0 -1.0
vn 0.0 0.0 -1.0
vn 0.0 0.0 -1.0
vn 0.0 0.0 -1.0
vn 0.0 0.0 -1.0
vn 0.0 0.0 -1.0
vn 0.0 0.0 -1.0
vn 0.0 0.0 -1.0
vn 0.0 0.0 -1.0
vn 0.0 0.0 -1.0
vn 0.0 0.0 -1.0
vn 0.0 0.0 -1.0
vn 0.0 0.0 -1.0
vn 0.0 0.0 -1.0
vn 0.0 0.0 -1.0
vn 0.0 0.0 -1.0
vn 0.0 0.0 -1.0
vn 0.0 0.0 -1.0
vn 0.0 0.0 -1.0
vn 0.0 0.0 -1.0
vn 0.0 0.0 -1.0
vn 0.0 -0.0 1.0
vn 0.0 -0.0 1.0
vn 0.0 -0.0 1.0
vn 0.0 -0.0 1.0
vn -1.0 0.0 -0.0
vn -1.0 0.0 -0.0
vn -1.0 0.0 -0.0
vn -1.0 0.0 -0.0
vn 1.0 0.0 -0.0
vn 1.0 0.0 -0.0
vn 1.0 0.0 -0.0
vn 1.0 0.0 -0.0
vn 0.0 -0.0 1.0
vn 0.0 -0.0 1.0
vn 0.0 -0.0 1.0
vn 0.0 -0.0 1.0
vn 1.0 0.0 -0.0
vn 1.0 0.0 -0.0
vn 1.0 0.0 -0.0
vn 1.0 0.0 -0.0
vn 0.0 -1.0 -0.0
vn 0.0 -1.0 -0.0
vn 0.0 -1.0 -0.0
vn 0.0 -1.0 -0.0
vn -0.7076 -0.7067 -0.0
vn -0.7076 -0.7067 -0.0
vn -0.9732 -0.23 -0.0
vn -0.9732 -0.23 -0.0
vn -0.9732 -0.23 -0.0
vn -0.9735 0.2288 0.0
vn -0.9735 0.2288 0.0
vn -0.9732 -0.23 -0.0
vn -0.9735 0.2288 0.0
vn -0.9735 0.2288 0.0
vn -0.7086 0.7056 0.0
vn -0.7086 0.7056 0.0
vn -0.2309 0.973 0.0
vn 0.2279 0.9737 0.0
vn 0.2279 0.9737 0.0
vn -0.2309 0.973 0.0
vn 0.7066 0.7076 0.0
vn 0.7066 0.7076 0.0
vn 0.9735 0.2286 0.0
vn 0.9735 0.2286 0.0
vn 0.9735 0.2286 0.0
vn 0.9732 -0.2298 -0.0
vn 0.9732 -0.2298 -0.0
vn 0.9735 0.2286 0.0
vn 0.9732 -0.2298 -0.0
vn 0.9732 -0.2298 -0.0
vn 0.7055 -0.7087 -0.0
vn 0.7055 -0.7087 -0.0
vn 0.7055 -0.7087 -0.0
vn 0.7055 -0.7087 -0.0
vn 0.2276 -0.9738 -0.0
vn 0.2276 -0.9738 -0.0
vn -0.2306 -0.9731 -0.0
vn -0.2306 -0.9731 -0.0
vn -0.7076 -0.7067 -0.0
vn -0.7076 -0.7067 -0.0
vn 0.2276 -0.9738 -0.0
vn -0.2306 -0.9731 -0.0
vn -0.2306 -0.9731 -0.0
vn 0.2276 -0.9738 -0.0
vn -0.7086 0.7056 0.0
vn -0.7086 0.7056 0.0
vn -0.2309 0.973 0.0
vn -0.2309 0.973 0.0
vn 0.5 0.866 0.0
vn 0.5 0.866 0.0
vn 0.866 0.5 0.0
vn 0.866 0.5 0.0
vn 0.3773 -0.9016 0.2117
vn 0.3773 -0.9016 -0.2117
vn -0.0 -0.9773 -0.2117
vn -0.0 -0.9773 0.2117
vn -0.3773 -0.9016 0.2117
vn -0.3773 -0.9016 -0.2117
vn -0.6911 -0.6911 -0.2115
vn -0.6911 -0.6911 0.2115
vn 0.9773 -0.0 0.2117
vn 0.9773 -0.0 -0.2117
vn 0.9016 -0.3773 -0.2117
vn 0.9016 -0.3773 0.2117
vn 0.6911 0.6911 0.2115
vn 0.6911 0.6911 -0.2115
vn 0.9016 0.3773 -0.2117
vn 0.9016 0.3773 0.2117
vn -0.0 0.9773 0.2117
vn -0.0 0.9773 -0.2117
vn 0.3773 0.9016 -0.2117
vn 0.3773 0.9016 0.2117
vn -0.3773 0.9016 0.2117
vn -0.3773 0.9016 -0.2117
vn -0.0 0.9773 -0.2117
vn -0.0 0.9773 0.2117
vn -0.6911 -0.6911 0.2115
vn -0.6911 -0.6911 -0.2115
vn -0.9016 -0.3773 -0.2117
vn -0.9016 -0.3773 0.2117
vn -0.9773 -0.0 0.2117
vn -0.9773 -0.0 -0.2117
vn -0.9016 0.3773 -0.2117
vn -0.9016 0.3773 0.2117
vn -0.9016 0.3773 0.2117
vn -0.9016 0.3773 -0.2117
vn -0.6911 0.6911 -0.2115
vn -0.6911 0.6911 0.2115
vn -0.3773 -0.9016 -0.2117
vn -0.3534 -0.8439 -0.4037
vn -0.647 -0.647 -0.4036
vn -0.6911 -0.6911 -0.2115
vn -0.6911 -0.6911 -0.2115
vn -0.647 -0.647 -0.4036
vn -0.8439 -0.3534 -0.4037
vn -0.9016 -0.3773 -0.2117
vn -0.9016 -0.3773 -0.2117
vn -0.8439 -0.3534 -0.4037
vn -0.9149 -0.0 -0.4037
vn -0.9773 -0.0 -0.2117
vn -0.9773 -0.0 -0.2117
vn -0.9149 -0.0 -0.4037
vn -0.8439 0.3534 -0.4037
vn -0.9016 0.3773 -0.2117
vn -0.9016 0.3773 -0.2117
vn -0.8439 0.3534 -0.4037
vn -0.647 0.647 -0.4036
vn -0.6911 0.6911 -0.2115
vn -0.6911 0.6911 -0.2115
vn -0.647 0.647 -0.4036
vn -0.3534 0.8439 -0.4037
vn -0.3773 0.9016 -0.2117
vn -0.3773 0.9016 -0.2117
vn -0.3534 0.8439 -0.4037
vn 0.0 0.9149 -0.4037
vn -0.0 0.9773 -0.2117
vn -0.0 0.9773 -0.2117
vn 0.0 0.9149 -0.4037
vn 0.3534 0.8439 -0.4037
vn 0.3773 0.9016 -0.2117
vn 0.3773 0.9016 -0.2117
vn 0.3534 0.8439 -0.4037
vn 0.647 0.647 -0.4036
vn 0.6911 0.6911 -0.2115
vn 0.6911 0.6911 -0.2115
vn 0.647 0.647 -0.4036
vn 0.8439 0.3534 -0.4037
vn 0.9016 0.3773 -0.2117
vn 0.9016 0.3773 -0.2117
vn 0.8439 0.3534 -0.4037
vn 0.9149 -0.0 -0.4037
vn 0.9773 -0.0 -0.2117
vn 0.9773 -0.0 -0.2117
vn 0.9149 -0.0 -0.4037
vn 0.8439 -0.3534 -0.4037
vn 0.9016 -0.3773 -0.2117
vn 0.9016 -0.3773 -0.2117
vn 0.8439 -0.3534 -0.4037
vn 0.647 -0.647 -0.4036
vn 0.6911 -0.6911 -0.2115
vn 0.6911 -0.6911 -0.2115
vn 0.647 -0.647 -0.4036
vn 0.3534 -0.8439 -0.4037
vn 0.3773 -0.9016 -0.2117
vn 0.3773 -0.9016 -0.2117
vn 0.3534 -0.8439 -0.4037
vn -0.0 -0.9149 -0.4037
vn -0.0 -0.9773 -0.2117
vn -0.0 -0.9773 -0.2117
vn -0.0 -0.9149 -0.4037
vn -0.3534 -0.8439 -0.4037
vn -0.3773 -0.9016 -0.2117
vn 0.0 0.0 -1.0
vn 0.0 0.0 -1.0
vn 0.0 0.0 -1.0
vn 0.0 0.0 -1.0
vn 0.0 0.0 -1.0
vn 0.0 0.0 -1.0
vn 0.0 0.0 -1.0
vn 0.0 0.0 -1.0
vn 0.0 0.0 -1.0
vn 0.0 0.0 -1.0
vn 0.0 0.0 -1.0
vn 0.0 0.0 -1.0
vn 0.0 0.0 -1.0
vn 0.0 0.0 -1.0
vn 0.0 0.0 -1.0
vn 0.0 0.0 -1.0
vn 0.0 0.0 -1.0
vn 0.0 0.0 -1.0
vn 0.0 0.0 -1.0
vn 0.0 0.0 -1.0
vn 0.0 0.0 -1.0
vn 0.0 0.0 -1.0
vn 0.0 0.0 -1.0
vn 0.0 0.0 -1.0
vn 0.0 0.0 -1.0
vn 0.0 0.0 -1.0
vn 0.0 0.0 -1.0
vn 0.0 0.0 -1.0
vn 0.0 0.0 -1.0
vn 0.0 0.0 -1.0
vn 0.0 0.0 -1.0
vn 0.0 0.0 -1.0
vn 0.0 0.0 -1.0
vn 0.0 0.0 -1.0
vn 0.0 0.0 -1.0
vn 0.0 0.0 -1.0
vn 0.0 0.0 -1.0
vn 0.0 0.0 -1.0
vn 0.0 0.0 -1.0
vn 0.0 0.0 -1.0
vn 0.0 0.0 -1.0
vn 0.0 0.0 -1.0
vn 0.0 0.0 -1.0
vn 0.0 0.0 -1.0
vn 0.0 0.0 -1.0
vn 0.0 0.0 -1.0
vn 0.0 0.0 -1.0
vn 0.0 0.0 -1.0
vn 0.0 0.0 -1.0
vn 0.0 0.0 -1.0
vn 0.0 0.0 -1.0
vn 0.0 0.0 -1.0
vn 0.0 0.0 -1.0
vn 0.0 0.0 -1.0
vn 0.0 0.0 -1.0
vn 0.0 0.0 -1.0
vn 0.0 0.0 -1.0
vn 0.0 0.0 -1.0
vn 0.0 0.0 -1.0
vn 0.0 0.0 -1.0
vn 0.0 0.0 -1.0
vn 0.0 0.0 -1.0
vn 0.0 0.0 -1.0
vn 0.0 0.0 -1.0
vn 0.0 0.0 -1.0
vn 0.0 0.0 -1.0
vn 0.0 0.0 -1.0
vn 0.0 0.0 -1.0
vn 0.0 0.0 -1.0
vn 0.0 0.0 -1.0
vn 0.0 0.0 -1.0
vn 0.0 0.0 -1.0
vn 0.0 0.0 -1.0
vn 0.0 0.0 -1.0
vn 0.0 0.0 -1.0
vn 0.0 0.0 -1.0
vn 0.0 0.0 -1.0
vn 0.0 0.0 -1.0
vn 0.0 0.0 -1.0
vn 0.0 0.0 -1.0
vn 0.0 0.0 -1.0
vn 0.0 0.0 -1.0
vn 0.0 0.0 -1.0
vn 0.0 0.0 -1.0
vn 0.0 0.0 -1.0
vn 0.0 0.0 -1.0
vn 0.0 0.0 -1.0
vn 0.0 0.0 -1.0
vn 0.866 -0.5 -0.0
vn 0.866 -0.5 -0.0
vn 0.866 -0.5 -0.0
vn 0.866 -0.5 -0.0
vn -0.3536 -0.6124 -0.7071
vn -0.3536 -0.6124 -0.7071
vn 0.3536 0.6124 -0.7071
vn 0.3536 0.6124 -0.7071
vn 0.3536 0.6124 -0.7071
vn 0.3536 0.6124 -0.7071
vn 0.3536 0.6124 0.7071
vn 0.3536 0.6124 0.7071
vn 0.3536 0.6124 0.7071
vn 0.3536 0.6124 0.7071
vn -0.3536 -0.6124 0.7071
vn -0.3536 -0.6124 0.7071
vn -0.3536 -0.6124 0.7071
vn -0.3536 -0.6124 0.7071
vn -0.3536 -0.6124 -0.7071
vn -0.3536 -0.6124 -0.7071
vn -0.866 0.5 0.0
vn -0.866 0.5 0.0
vn -0.866 0.5 0.0
vn -0.866 0.5 0.0
vn 0.3536 0.6124 -0.7071
vn 0.3536 0.6124 -0.7071
vn -0.3536 -0.6124 -0.7071
vn -0.3536 -0.6124 -0.7071
vn -0.3536 -0.6124 -0.7071
vn -0.3536 -0.6124 -0.7071
vn -0.3536 -0.6124 0.7071
vn -0.3536 -0.6124 0.7071
vn -0.3536 -0.6124 0.7071
vn -0.3536 -0.6124 0.7071
vn 0.3536 0.6124 0.7071
vn 0.3536 0.6124 0.7071
vn 0.3536 0.6124 0.7071
vn 0.3536 0.6124 0.7071
vn 0.3536 0.6124 -0.7071
vn 0.3536 0.6124 -0.7071
vn 0.866 0.5 0.0
vn 0.866 0.5 0.0
vn 0.866 0.5 0.0
vn 0.866 0.5 0.0
vn 0.3536 -0.6124 -0.7071
vn 0.3536 -0.6124 -0.7071
vn -0.3536 0.6124 -0.7071
vn -0.3536 0.6124 -0.7071
vn -0.3536 0.6124 -0.7071
vn -0.3536 0.6124 -0.7071
vn -0.3536 0.6124 0.7071
vn -0.3536 0.6124 0.7071
vn -0.3536 0.6124 0.7071
vn -0.3536 0.6124 0.7071
vn 0.3536 -0.6124 0.7071
vn 0.3536 -0.6124 0.7071
vn 0.3536 -0.6124 0.7071
vn 0.3536 -0.6124 0.7071
vn 0.3536 -0.6124 -0.7071
vn 0.3536 -0.6124 -0.7071
vn -0.866 -0.5 -0.0
vn -0.866 -0.5 -0.0
vn -0.866 -0.5 -0.0
vn -0.866 -0.5 -0.0
vn -0.3536 0.6124 -0.7071
vn -0.3536 0.6124 -0.7071
vn 0.3536 -0.6124 -0.7071
vn 0.3536 -0.6124 -0.7071
vn 0.3536 -0.6124 -0.7071
vn 0.3536 -0.6124 -0.7071
vn 0.3536 -0.6124 0.7071
vn 0.3536 -0.6124 0.7071
vn 0.3536 -0.6124 0.7071
vn 0.3536 -0.6124 0.7071
vn -0.3536 0.6124 0.7071
vn -0.3536 0.6124 0.7071
vn -0.3536 0.6124 0.7071
vn -0.3536 0.6124 0.7071
vn -0.3536 0.6124 -0.7071
vn -0.3536 0.6124 -0.7071
vn 0.0 1.0 0.0
vn 0.0 1.0 0.0
vn 0.0 1.0 0.0
vn 0.0 1.0 0.0
vn 0.7071 0.0 -0.7071
vn 0.7071 0.0 -0.7071
vn -0.7071 0.0 -0.7071
vn -0.7071 0.0 -0.7071
vn -0.7071 0.0 -0.7071
vn -0.7071 0.0 -0.7071
vn -0.7071 -0.0 0.7071
vn -0.7071 -0.0 0.7071
vn -0.7071 -0.0 0.7071
vn -0.7071 -0.0 0.7071
vn 0.7071 -0.0 0.7071
vn 0.7071 -0.0 0.7071
vn 0.7071 -0.0 0.7071
vn 0.7071 -0.0 0.7071
vn 0.7071 0.0 -0.7071
vn 0.7071 0.0 -0.7071
vn 0.0 -1.0 -0.0
vn 0.0 -1.0 -0.0
vn 0.0 -1.0 -0.0
vn 0.0 -1.0 -0.0
vn -0.7071 0.0 -0.7071
vn -0.7071 0.0 -0.7071
vn 0.7071 0.0 -0.7071
vn 0.7071 0.0 -0.7071
vn 0.7071 0.0 -0.7071
vn 0.7071 0.0 -0.7071
vn 0.7071 -0.0 0.7071
vn 0.7071 -0.0 0.7071
vn 0.7071 -0.0 0.7071
vn 0.7071 -0.0 0.7071
vn -0.7071 -0.0 0.7071
vn -0.7071 -0.0 0.7071
vn -0.7071 -0.0 0.7071
vn -0.7071 -0.0 0.7071
vn -0.7071 0.0 -0.7071
vn -0.7071 0.0 -0.7071
vn 0.866 -0.5 -0.0
vn 0.866 -0.5 -0.0
vn 0.866 -0.5 -0.0
vn 0.866 -0.5 -0.0
vn -0.3536 -0.6124 -0.7071
vn -0.3536 -0.6124 -0.7071
vn 0.3536 0.6124 -0.7071
vn 0.3536 0.6124 -0.7071
vn 0.3536 0.6124 -0.7071
vn 0.3536 0.6124 -0.7071
vn 0.3536 0.6124 0.7071
vn 0.3536 0.6124 0.7071
vn 0.3536 0.6124 0.7071
vn 0.3536 0.6124 0.7071
vn -0.3536 -0.6124 0.7071
vn -0.3536 -0.6124 0.7071
vn -0.3536 -0.6124 0.7071
vn -0.3536 -0.6124 0.7071
vn -0.3536 -0.6124 -0.7071
vn -0.3536 -0.6124 -0.7071
vn -0.866 0.5 0.0
vn -0.866 0.5 0.0
vn -0.866 0.5 0.0
vn -0.866 0.5 0.0
vn 0.3536 0.6124 -0.7071
vn 0.3536 0.6124 -0.7071
vn -0.3536 -0.6124 -0.7071
vn -0.3536 -0.6124 -0.7071
vn -0.3536 -0.6124 -0.7071
vn -0.3536 -0.6124 -0.7071
vn -0.3536 -0.6124 0.7071
vn -0.3536 -0.6124 0.7071
vn -0.3536 -0.6124 0.7071
vn -0.3536 -0.6124 0.7071
vn 0.3536 0.6124 0.7071
vn 0.3536 0.6124 0.7071
vn 0.3536 0.6124 0.7071
vn 0.3536 0.6124 0.7071
vn 0.3536 0.6124 -0.7071
vn 0.3536 0.6124 -0.7071
vn 0.866 0.5 0.0
vn 0.866 0.5 0.0
vn 0.866 0.5 0.0
vn 0.866 0.5 0.0
vn 0.3536 -0.6124 -0.7071
vn 0.3536 -0.6124 -0.7071
vn -0.3536 0.6124 -0.7071
vn -0.3536 0.6124 -0.7071
vn -0.3536 0.6124 -0.7071
vn -0.3536 0.6124 -0.7071
vn -0.3536 0.6124 0.7071
vn -0.3536 0.6124 0.7071
vn -0.3536 0.6124 0.7071
vn -0.3536 0.6124 0.7071
vn 0.3536 -0.6124 0.7071
vn 0.3536 -0.6124 0.7071
vn 0.3536 -0.6124 0.7071
vn 0.3536 -0.6124 0.7071
vn 0.3536 -0.6124 -0.7071
vn 0.3536 -0.6124 -0.7071
vn -0.866 -0.5 -0.0
vn -0.866 -0.5 -0.0
vn -0.866 -0.5 -0.0
vn -0.866 -0.5 -0.0
vn -0.3536 0.6124 -0.7071
vn -0.3536 0.6124 -0.7071
vn 0.3536 -0.6124 -0.7071
vn 0.3536 -0.6124 -0.7071
vn 0.3536 -0.6124 -0.7071
vn 0.3536 -0.6124 -0.7071
vn 0.3536 -0.6124 0.7071
vn 0.3536 -0.6124 0.7071
vn 0.3536 -0.6124 0.7071
vn 0.3536 -0.6124 0.7071
vn -0.3536 0.6124 0.7071
vn -0.3536 0.6124 0.7071
vn -0.3536 0.6124 0.7071
vn -0.3536 0.6124 0.7071
vn -0.3536 0.6124 -0.7071
vn -0.3536 0.6124 -0.7071
vn 0.0 1.0 0.0
vn 0.0 1.0 0.0
vn 0.0 1.0 0.0
vn 0.0 1.0 0.0
vn 0.7071 0.0 -0.7071
vn 0.7071 0.0 -0.7071
vn -0.7071 0.0 -0.7071
vn -0.7071 0.0 -0.7071
vn -0.7071 0.0 -0.7071
vn -0.7071 0.0 -0.7071
vn -0.7071 -0.0 0.7071
vn -0.7071 -0.0 0.7071
vn -0.7071 -0.0 0.7071
vn -0.7071 -0.0 0.7071
vn 0.7071 -0.0 0.7071
vn 0.7071 -0.0 0.7071
vn 0.7071 -0.0 0.7071
vn 0.7071 -0.0 0.7071
vn 0.7071 0.0 -0.7071
vn 0.7071 0.0 -0.7071
vn 0.0 -1.0 -0.0
vn 0.0 -1.0 -0.0
vn 0.0 -1.0 -0.0
vn 0.0 -1.0 -0.0
vn -0.7071 0.0 -0.7071
vn -0.7071 0.0 -0.7071
vn 0.7071 0.0 -0.7071
vn 0.7071 0.0 -0.7071
vn 0.7071 0.0 -0.7071
vn 0.7071 0.0 -0.7071
vn 0.7071 -0.0 0.7071
vn 0.7071 -0.0 0.7071
vn 0.7071 -0.0 0.7071
vn 0.7071 -0.0 0.7071
vn -0.7071 -0.0 0.7071
vn -0.7071 -0.0 0.7071
vn -0.7071 -0.0 0.7071
vn -0.7071 -0.0 0.7071
vn -0.7071 0.0 -0.7071
vn -0.7071 0.0 -0.7071
vn 0.0 -1.0 -0.0
vn 0.0 -1.0 -0.0
vn 0.0 -1.0 -0.0
vn 0.0 -1.0 -0.0
f 1/1/1 2/2/2 3/3/3
f 1/1/1 3/3/3 4/4/4
f 5/5/5 6/6/6 7/7/7
f 8/8/8 9/9/9 10/10/10
f 8/8/8 10/10/10 11/11/11
f 12/12/12 13/13/13 14/14/14
f 15/15/15 16/16/16 17/17/17
f 15/15/15 17/17/17 18/18/18
f 19/19/19 20/20/20 21/21/21
f 19/19/19 21/21/21 22/22/22
f 23/23/23 24/24/24 25/25/25
f 23/23/23 25/25/25 26/26/26
f 27/27/27 28/28/28 29/29/29
f 27/27/27 29/29/29 30/30/30
f 31/31/31 32/32/32 33/33/33
f 34/34/34 35/35/35 36/36/36
f 34/34/34 36/36/36 37/37/37
f 38/38/38 39/39/39 40/40/40
f 41/41/41 42/42/42 43/43/43
f 44/44/44 45/45/45 46/46/46
f 47/47/47 48/48/48 49/49/49
f 50/50/50 51/51/51 52/52/52
f 53/53/53 54/54/54 55/55/55
f 56/56/56 57/57/57 58/58/58
f 59/59/59 60/60/60 61/61/61
f 62/62/62 63/63/63 64/64/64
f 62/62/62 64/64/64 65/65/65
f 66/66/66 67/67/67 68/68/68
f 66/66/66 68/68/68 69/69/69
f 70/70/70 71/71/71 72/72/72
f 73/73/73 74/74/74 75/75/75
f 73/73/73 75/75/75 76/76/76
f 77/77/77 78/78/78 79/79/79
f 77/77/77 79/79/79 80/80/80
f 81/81/81 82/82/82 83/83/83
f 84/84/84 85/85/85 86/86/86
f 87/87/87 88/88/88 89/89/89
f 90/90/90 91/91/91 92/92/92
f 93/93/93 94/94/94 95/95/95
f 96/96/96 97/97/97 98/98/98
f 99/99/99 100/100/100 101/101/101
f 102/102/102 103/103/103 104/104/104
f 105/105/105 106/106/106 107/107/107
f 108/108/108 109/109/109 110/110/110
f 111/111/111 112/112/112 113/113/113
f 114/114/114 115/115/115 116/116/116
f 117/117/117 118/118/118 119/119/119
f 120/120/120 121/121/121 122/122/122
f 123/123/123 124/124/124 125/125/125
f 126/126/126 127/127/127 128/128/128
f 129/129/129 130/130/130 131/131/131
f 132/132/132 133/133/133 134/134/134
f 135/135/135 136/136/136 137/137/137
f 138/138/138 139/139/139 140/140/140
f 141/141/141 142/142/142 143/143/143
f 144/144/144 145/145/145 146/146/146
f 144/144/144 146/146/146 147/147/147
f 148/148/148 149/149/149 150/150/150
f 151/151/151 152/152/152 153/153/153
f 154/154/154 155/155/155 156/156/156
f 157/157/157 158/158/158 159/159/159
f 157/157/157 159/159/159 160/160/160
f 161/161/161 162/162/162 163/163/163
f 161/161/161 163/163/163 164/164/164
f 165/165/165 166/166/166 167/167/167
f 165/165/165 167/167/167 168/168/168
f 169/169/169 170/170/170 171/171/171
f 169/169/169 171/171/171 172/172/172
f 173/173/173 174/174/174 175/175/175
f 173/173/173 175/175/175 176/176/176
f 177/177/177 178/178/178 179/179/179
f 177/177/177 179/179/179 180/180/180
f 181/181/181 182/182/182 183/183/183
f 181/181/181 183/183/183 184/184/184
f 185/185/185 186/186/186 187/187/187
f 185/185/185 187/187/187 188/188/188
f 189/189/189 190/190/190 191/191/191
f 189/189/189 191/191/191 192/192/192
f 193/193/193 194/194/194 195/195/195
f 193/193/193 195/195/195 196/196/196
f 197/197/197 198/198/198 199/199/199
f 197/197/197 199/199/199 200/200/200
f 201/201/201 202/202/202 203/203/203
f 201/201/201 203/203/203 204/204/204
f 205/205/205 206/206/206 207/207/207
f 205/205/205 207/207/207 208/208/208
f 209/209/209 210/210/210 211/211/211
f 209/209/209 211/211/211 212/212/212
f 213/213/213 214/214/214 215/215/215
f 213/213/213 215/215/215 216/216/216
f 217/217/217 218/218/218 219/219/219
f 217/217/217 219/219/219 220/220/220
f 221/221/221 222/222/222 223/223/223
f 221/221/221 223/223/223 224/224/224
f 225/225/225 226/226/226 227/227/227
f 225/225/225 227/227/227 228/228/228
f 229/229/229 230/230/230 231/231/231
f 229/229/229 231/231/231 232/232/232
f 233/233/233 234/234/234 235/235/235
f 233/233/233 235/235/235 236/236/236
f 237/237/237 238/238/238 239/239/239
f 237/237/237 239/239/239 240/240/240
f 241/241/241 242/242/242 243/243/243
f 241/241/241 243/243/243 244/244/244
f 245/245/245 246/246/246 247/247/247
f 245/245/245 247/247/247 248/248/248
f 249/249/249 250/250/250 251/251/251
f 249/249/249 251/251/251 252/252/252
f 253/253/253 254/254/254 255/255/255
f 253/253/253 255/255/255 256/256/256
f 257/257/257 258/258/258 259/259/259
f 257/257/257 259/259/259 260/260/260
f 261/261/261 262/262/262 263/263/263
f 261/261/261 263/263/263 264/264/264
f 265/265/265 266/266/266 267/267/267
f 265/265/265 267/267/267 268/268/268
f 269/269/269 270/270/270 271/271/271
f 269/269/269 271/271/271 272/272/272
f 273/273/273 274/274/274 275/275/275
f 273/273/273 275/275/275 276/276/276
f 277/277/277 278/278/278 279/279/279
f 277/277/277 279/279/279 280/280/280
f 281/281/281 282/282/282 283/283/283
f 281/281/281 283/283/283 284/284/284
f 285/285/285 286/286/286 287/287/287
f 285/285/285 287/287/287 288/288/288
f 289/289/289 290/290/290 291/291/291
f 289/289/289 291/291/291 292/292/292
f 293/293/293 294/294/294 295/295/295
f 293/293/293 295/295/295 296/296/296
f 297/297/297 298/298/298 299/299/299
f 297/297/297 299/299/299 300/300/300
f 301/301/301 302/302/302 303/303/303
f 301/301/301 303/303/303 304/304/304
f 305/305/305 306/306/306 307/307/307
f 305/305/305 307/307/307 308/308/308
f 309/309/309 310/310/310 311/311/311
f 309/309/309 311/311/311 312/312/312
f 313/313/313 314/314/314 315/315/315
f 313/313/313 315/315/315 316/316/316
f 317/317/317 318/318/318 319/319/319
f 317/317/317 319/319/319 320/320/320
f 321/321/321 322/322/322 323/323/323
f 321/321/321 323/323/323 324/324/324
f 325/325/325 326/326/326 327/327/327
f 325/325/325 327/327/327 328/328/328
f 329/329/329 330/330/330 331/331/331
f 329/329/329 331/331/331 332/332/332
f 333/333/333 334/334/334 335/335/335
f 336/336/336 337/337/337 338/338/338
f 336/336/336 338/338/338 339/339/339
f 340/340/340 341/341/341 342/342/342
f 340/340/340 342/342/342 343/343/343
f 344/344/344 345/345/345 346/346/346
f 344/344/344 346/346/346 347/347/347
f 348/348/348 349/349/349 350/350/350
f 351/351/351 352/352/352 353/353/353
f 351/351/351 353/353/353 354/354/354
f 355/355/355 356/356/356 357/357/357
f 355/355/355 357/357/357 358/358/358
f 359/359/359 360/360/360 361/361/361
f 362/362/362 363/363/363 364/364/364
f 365/365/365 366/366/366 367/367/367
f 368/368/368 369/369/369 370/370/370
f 371/371/371 372/372/372 373/373/373
f 374/374/374 375/375/375 376/376/376
f 377/377/377 378/378/378 379/379/379
f 377/377/377 379/379/379 380/380/380
f 381/381/381 382/382/382 383/383/383
f 384/384/384 385/385/385 386/386/386
f 387/387/387 388/388/388 389/389/389
f 390/390/390 391/391/391 392/392/392
f 390/390/390 392/392/392 393/393/393
f 394/394/394 395/395/395 396/396/396
f 394/394/394 396/396/396 397/397/397
f 398/398/398 399/399/399 400/400/400
f 398/398/398 400/400/400 401/401/401
f 402/402/402 403/403/403 404/404/404
f 405/405/405 406/406/406 407/407/407
f 405/405/405 407/407/407 408/408/408
f 409/409/409 410/410/410 411/411/411
f 409/409/409 411/411/411 412/412/412
f 413/413/413 414/414/414 415/415/415
f 416/416/416 417/417/417 418/418/418
f 419/419/419 420/420/420 421/421/421
f 422/422/422 423/423/423 424/424/424
f 425/425/425 426/426/426 427/427/427
f 428/428/428 429/429/429 430/430/430
f 431/431/431 432/432/432 433/433/433
f 434/434/434 435/435/435 436/436/436
f 437/437/437 438/438/438 439/439/439
f 440/440/440 441/441/441 442/442/442
f 443/443/443 444/444/444 445/445/445
f 446/446/446 447/447/447 448/448/448
f 449/449/449 450/450/450 451/451/451
f 452/452/452 453/453/453 454/454/454
f 455/455/455 456/456/456 457/457/457
f 458/458/458 459/459/459 460/460/460
f 461/461/461 462/462/462 463/463/463
f 464/464/464 465/465/465 466/466/466
f 467/467/467 468/468/468 469/469/469
f 470/470/470 471/471/471 472/472/472
f 473/473/473 474/474/474 475/475/475
f 473/473/473 475/475/475 476/476/476
f 477/477/477 478/478/478 479/479/479
f 477/477/477 479/479/479 480/480/480
f 481/481/481 482/482/482 483/483/483
f 484/484/484 485/485/485 486/486/486
f 487/487/487 488/488/488 489/489/489
f 487/487/487 489/489/489 490/490/490
f 491/491/491 492/492/492 493/493/493
f 491/491/491 493/493/493 494/494/494
f 495/495/495 496/496/496 497/497/497
f 495/495/495 497/497/497 498/498/498
f 499/499/499 500/500/500 501/501/501
f 499/499/499 501/501/501 502/502/502
f 503/503/503 504/504/504 505/505/505
f 503/503/503 505/505/505 506/506/506
f 507/507/507 508/508/508 509/509/509
f 507/507/507 509/509/509 510/510/510
f 511/511/511 512/512/512 513/513/513
f 511/511/511 513/513/513 514/514/514
f 515/515/515 516/516/516 517/517/517
f 515/515/515 517/517/517 518/518/518
f 519/519/519 520/520/520 521/521/521
f 519/519/519 521/521/521 522/522/522
f 523/523/523 524/524/524 525/525/525
f 523/523/523 525/525/525 526/526/526
f 527/527/527 528/528/528 529/529/529
f 527/527/527 529/529/529 530/530/530
f 531/531/531 532/532/532 533/533/533
f 531/531/531 533/533/533 534/534/534
f 535/535/535 536/536/536 537/537/537
f 535/535/535 537/537/537 538/538/538
f 539/539/539 540/540/540 541/541/541
f 539/539/539 541/541/541 542/542/542
f 543/543/543 544/544/544 545/545/545
f 543/543/543 545/545/545 546/546/546
f 547/547/547 548/548/548 549/549/549
f 547/547/547 549/549/549 550/550/550
f 551/551/551 552/552/552 553/553/553
f 551/551/551 553/553/553 554/554/554
f 555/555/555 556/556/556 557/557/557
f 555/555/555 557/557/557 558/558/558
f 559/559/559 560/560/560 561/561/561
f 559/559/559 561/561/561 562/562/562
f 563/563/563 564/564/564 565/565/565
f 563/563/563 565/565/565 566/566/566
f 567/567/567 568/568/568 569/569/569
f 567/567/567 569/569/569 570/570/570
f 571/571/571 572/572/572 573/573/573
f 571/571/571 573/573/573 574/574/574
f 575/575/575 576/576/576 577/577/577
f 575/575/575 577/577/577 578/578/578
f 579/579/579 580/580/580 581/581/581
f 579/579/579 581/581/581 582/582/582
f 583/583/583 584/584/584 585/585/585
f 583/583/583 585/585/585 586/586/586
f 587/587/587 588/588/588 589/589/589
f 587/587/587 589/589/589 590/590/590
f 591/591/591 592/592/592 593/593/593
f 591/591/591 593/593/593 594/594/594
f 595/595/595 596/596/596 597/597/597
f 595/595/595 597/597/597 598/598/598
f 599/599/599 600/600/600 601/601/601
f 599/599/599 601/601/601 602/602/602
f 603/603/603 604/604/604 605/605/605
f 603/603/603 605/605/605 606/606/606
f 607/607/607 608/608/608 609/609/609
f 607/607/607 609/609/609 610/610/610
f 611/611/611 612/612/612 613/613/613
f 611/611/611 613/613/613 614/614/614
f 615/615/615 616/616/616 617/617/617
f 615/615/615 617/617/617 618/618/618
f 619/619/619 620/620/620 621/621/621
f 619/619/619 621/621/621 622/622/622
f 623/623/623 624/624/624 625/625/625
f 623/623/623 625/625/625 626/626/626
f 627/627/627 628/628/628 629/629/629
f 627/627/627 629/629/629 630/630/630
f 631/631/631 632/632/632 633/633/633
f 631/631/631 633/633/633 634/634/634
f 635/635/635 636/636/636 637/637/637
f 635/635/635 637/637/637 638/638/638
f 639/639/639 640/640/640 641/641/641
f 639/639/639 641/641/641 642/642/642
f 643/643/643 644/644/644 645/645/645
f 643/643/643 645/645/645 646/646/646
f 647/647/647 648/648/648 649/649/649
f 647/647/647 649/649/649 650/650/650
f 651/651/651 652/652/652 653/653/653
f 651/651/651 653/653/653 654/654/654
f 655/655/655 656/656/656 657/657/657
f 655/655/655 657/657/657 658/658/658
f 659/659/659 660/660/660 661/661/661
f 659/659/659 661/661/661 662/662/662
f 663/663/663 664/664/664 665/665/665
f 663/663/663 665/665/665 666/666/666
f 667/667/667 668/668/668 669/669/669
f 667/667/667 669/669/669 670/670/670
f 671/671/671 672/672/672 673/673/673
f 671/671/671 673/673/673 674/674/674
f 675/675/675 676/676/676 677/677/677
f 675/675/675 677/677/677 678/678/678
f 679/679/679 680/680/680 681/681/681
f 679/679/679 681/681/681 682/682/682
f 683/683/683 684/684/684 685/685/685
f 683/683/683 685/685/685 686/686/686
f 687/687/687 688/688/688 689/689/689
f 687/687/687 689/689/689 690/690/690
f 691/691/691 692/692/692 693/693/693
f 691/691/691 693/693/693 694/694/694
f 695/695/695 696/696/696 697/697/697
f 695/695/695 697/697/697 698/698/698
f 699/699/699 700/700/700 701/701/701
f 702/702/702 703/703/703 704/704/704
f 705/705/705 706/706/706 707/707/707
f 708/708/708 709/709/709 710/710/710
f 711/711/711 712/712/712 713/713/713
f 714/714/714 715/715/715 716/716/716
f 717/717/717 718/718/718 719/719/719
f 717/717/717 719/719/719 720/720/720
f 721/721/721 722/722/722 723/723/723
f 721/721/721 723/723/723 724/724/724
f 725/725/725 726/726/726 727/727/727
f 725/725/725 727/727/727 728/728/728
f 729/729/729 730/730/730 731/731/731
f 732/732/732 733/733/733 734/734/734
f 735/735/735 736/736/736 737/737/737
f 735/735/735 737/737/737 738/738/738
f 739/739/739 740/740/740 741/741/741
f 739/739/739 741/741/741 742/742/742
f 743/743/743 744/744/744 745/745/745
f 743/743/743 745/745/745 746/746/746
f 747/747/747 748/748/748 749/749/749
f 747/747/747 749/749/749 750/750/750
f 751/751/751 752/752/752 753/753/753
f 751/751/751 753/753/753 754/754/754
f 755/755/755 756/756/756 757/757/757
f 755/755/755 757/757/757 758/758/758
f 759/759/759 760/760/760 761/761/761
f 759/759/759 761/761/761 762/762/762
f 763/763/763 764/764/764 765/765/765
f 763/763/763 765/765/765 766/766/766
f 767/767/767 768/768/768 769/769/769
f 767/767/767 769/769/769 770/770/770
f 771/771/771 772/772/772 773/773/773
f 774/774/774 775/775/775 776/776/776
f 774/774/774 776/776/776 777/777/777
f 778/778/778 779/779/779 780/780/780
f 778/778/778 780/780/780 781/781/781
f 782/782/782 783/783/783 784/784/784
f 782/782/782 784/784/784 785/785/785
f 786/786/786 787/787/787 788/788/788
f 786/786/786 788/788/788 789/789/789
f 790/790/790 791/791/791 792/792/792
f 790/790/790 792/792/792 793/793/793
f 794/794/794 795/795/795 796/796/796
f 797/797/797 798/798/798 799/799/799
f 797/797/797 799/799/799 800/800/800
f 801/801/801 802/802/802 803/803/803
f 801/801/801 803/803/803 804/804/804
f 805/805/805 806/806/806 807/807/807
f 808/808/808 809/809/809 810/810/810
f 811/811/811 812/812/812 813/813/813
f 814/814/814 815/815/815 816/816/816
f 817/817/817 818/818/818 819/819/819
f 820/820/820 821/821/821 822/822/822
f 823/823/823 824/824/824 825/825/825
f 826/826/826 827/827/827 828/828/828
f 829/829/829 830/830/830 831/831/831
f 832/832/832 833/833/833 834/834/834
f 832/832/832 834/834/834 835/835/835
f 836/836/836 837/837/837 838/838/838
f 836/836/836 838/838/838 839/839/839
f 840/840/840 841/841/841 842/842/842
f 843/843/843 844/844/844 845/845/845
f 843/843/843 845/845/845 846/846/846
f 847/847/847 848/848/848 849/849/849
f 847/847/847 849/849/849 850/850/850
f 851/851/851 852/852/852 853/853/853
f 854/854/854 855/855/855 856/856/856
f 857/857/857 858/858/858 859/859/859
f 860/860/860 861/861/861 862/862/862
f 863/863/863 864/864/864 865/865/865
f 866/866/866 867/867/867 868/868/868
f 869/869/869 870/870/870 871/871/871
f 872/872/872 873/873/873 874/874/874
f 875/875/875 876/876/876 877/877/877
f 878/878/878 879/879/879 880/880/880
f 881/881/881 882/882/882 883/883/883
f 884/884/884 885/885/885 886/886/886
f 887/887/887 888/888/888 889/889/889
f 890/890/890 891/891/891 892/892/892
f 893/893/893 894/894/894 895/895/895
f 896/896/896 897/897/897 898/898/898
f 899/899/899 900/900/900 901/901/901
f 902/902/902 903/903/903 904/904/904
f 905/905/905 906/906/906 907/907/907
f 908/908/908 909/909/909 910/910/910
f 911/911/911 912/912/912 913/913/913
f 914/914/914 915/915/915 916/916/916
f 914/914/914 916/916/916 917/917/917
f 918/918/918 919/919/919 920/920/920
f 921/921/921 922/922/922 923/923/923
f 924/924/924 925/925/925 926/926/926
f 927/927/927 928/928/928 929/929/929
f 927/927/927 929/929/929 930/930/930
f 931/931/931 932/932/932 933/933/933
f 931/931/931 933/933/933 934/934/934
f 935/935/935 936/936/936 937/937/937
f 935/935/935 937/937/937 938/938/938
f 939/939/939 940/940/940 941/941/941
f 939/939/939 941/941/941 942/942/942
f 943/943/943 944/944/944 945/945/945
f 943/943/943 945/945/945 946/946/946
f 947/947/947 948/948/948 949/949/949
f 947/947/947 949/949/949 950/950/950
f 951/951/951 952/952/952 953/953/953
f 951/951/951 953/953/953 954/954/954
f 955/955/955 956/956/956 957/957/957
f 955/955/955 957/957/957 958/958/958
f 959/959/959 960/960/960 961/961/961
f 959/959/959 961/961/961 962/962/962
f 963/963/963 964/964/964 965/965/965
f 963/963/963 965/965/965 966/966/966
f 967/967/967 968/968/968 969/969/969
f 967/967/967 969/969/969 970/970/970
f 971/971/971 972/972/972 973/973/973
f 971/971/971 973/973/973 974/974/974
f 975/975/975 976/976/976 977/977/977
f 975/975/975 977/977/977 978/978/978
f 979/979/979 980/980/980 981/981/981
f 979/979/979 981/981/981 982/982/982
f 983/983/983 984/984/984 985/985/985
f 983/983/983 985/985/985 986/986/986
f 987/987/987 988/988/988 989/989/989
f 987/987/987 989/989/989 990/990/990
f 991/991/991 992/992/992 993/993/993
f 991/991/991 993/993/993 994/994/994
f 995/995/995 996/996/996 997/997/997
f 995/995/995 997/997/997 998/998/998
f 999/999/999 1000/1000/1000 1001/1001/1001
f 999/999/999 1001/1001/1001 1002/1002/1002
f 1003/1003/1003 1004/1004/1004 1005/1005/1005
f 1003/1003/1003 1005/1005/1005 1006/1006/1006
f 1007/1007/1007 1008/1008/1008 1009/1009/1009
f 1007/1007/1007 1009/1009/1009 1010/1010/1010
f 1011/1011/1011 1012/1012/1012 1013/1013/1013
f 1011/1011/1011 1013/1013/1013 1014/1014/1014
f 1015/1015/1015 1016/1016/1016 1017/1017/1017
f 1015/1015/1015 1017/1017/1017 1018/1018/1018
f 1019/1019/1019 1020/1020/1020 1021/1021/1021
f 1019/1019/1019 1021/1021/1021 1022/1022/1022
f 1023/1023/1023 1024/1024/1024 1025/1025/1025
f 1023/1023/1023 1025/1025/1025 1026/1026/1026
f 1027/1027/1027 1028/1028/1028 1029/1029/1029
f 1027/1027/1027 1029/1029/1029 1030/1030/1030
f 1031/1031/1031 1032/1032/1032 1033/1033/1033
f 1031/1031/1031 1033/1033/1033 1034/1034/1034
f 1035/1035/1035 1036/1036/1036 1037/1037/1037
f 1035/1035/1035 1037/1037/1037 1038/1038/1038
f 1039/1039/1039 1040/1040/1040 1041/1041/1041
f 1039/1039/1039 1041/1041/1041 1042/1042/1042
f 1043/1043/1043 1044/1044/1044 1045/1045/1045
f 1043/1043/1043 1045/1045/1045 1046/1046/1046
f 1047/1047/1047 1048/1048/1048 1049/1049/1049
f 1047/1047/1047 1049/1049/1049 1050/1050/1050
f 1051/1051/1051 1052/1052/1052 1053/1053/1053
f 1051/1051/1051 1053/1053/1053 1054/1054/1054
f 1055/1055/1055 1056/1056/1056 1057/1057/1057
f 1055/1055/1055 1057/1057/1057 1058/1058/1058
f 1059/1059/1059 1060/1060/1060 1061/1061/1061
f 1059/1059/1059 1061/1061/1061 1062/1062/1062
f 1063/1063/1063 1064/1064/1064 1065/1065/1065
f 1063/1063/1063 1065/1065/1065 1066/1066/1066
f 1067/1067/1067 1068/1068/1068 1069/1069/1069
f 1067/1067/1067 1069/1069/1069 1070/1070/1070
f 1071/1071/1071 1072/1072/1072 1073/1073/1073
f 1071/1071/1071 1073/1073/1073 1074/1074/1074
f 1075/1075/1075 1076/1076/1076 1077/1077/1077
f 1075/1075/1075 1077/1077/1077 1078/1078/1078
f 1079/1079/1079 1080/1080/1080 1081/1081/1081
f 1079/1079/1079 1081/1081/1081 1082/1082/1082
f 1083/1083/1083 1084/1084/1084 1085/1085/1085
f 1083/1083/1083 1085/1085/1085 1086/1086/1086
f 1087/1087/1087 1088/1088/1088 1089/1089/1089
f 1087/1087/1087 1089/1089/1089 1090/1090/1090
f 1091/1091/1091 1092/1092/1092 1093/1093/1093
f 1091/1091/1091 1093/1093/1093 1094/1094/1094
f 1095/1095/1095 1096/1096/1096 1097/1097/1097
f 1095/1095/1095 1097/1097/1097 1098/1098/1098
f 1099/1099/1099 1100/1100/1100 1101/1101/1101
f 1099/1099/1099 1101/1101/1101 1102/1102/1102
f 1103/1103/1103 1104/1104/1104 1105/1105/1105
f 1103/1103/1103 1105/1105/1105 1106/1106/1106
f 1107/1107/1107 1108/1108/1108 1109/1109/1109
f 1107/1107/1107 1109/1109/1109 1110/1110/1110
f 1111/1111/1111 1112/1112/1112 1113/1113/1113
f 1111/1111/1111 1113/1113/1113 1114/1114/1114
f 1115/1115/1115 1116/1116/1116 1117/1117/1117
f 1115/1115/1115 1117/1117/1117 1118/1118/1118
f 1119/1119/1119 1120/1120/1120 1121/1121/1121
f 1119/1119/1119 1121/1121/1121 1122/1122/1122
f 1123/1123/1123 1124/1124/1124 1125/1125/1125
f 1123/1123/1123 1125/1125/1125 1126/1126/1126
f 1127/1127/1127 1128/1128/1128 1129/1129/1129
f 1127/1127/1127 1129/1129/1129 1130/1130/1130
f 1131/1131/1131 1132/1132/1132 1133/1133/1133
f 1131/1131/1131 1133/1133/1133 1134/1134/1134
f 1135/1135/1135 1136/1136/1136 1137/1137/1137
f 1138/1138/1138 1139/1139/1139 1140/1140/1140
f 1138/1138/1138 1140/1140/1140 1141/1141/1141
f 1142/1142/1142 1143/1143/1143 1144/1144/1144
f 1142/1142/1142 1144/1144/1144 1145/1145/1145
f 1146/1146/1146 1147/1147/1147 1148/1148/1148
f 1146/1146/1146 1148/1148/1148 1149/1149/1149
f 1150/1150/1150 1151/1151/1151 1152/1152/1152
f 1153/1153/1153 1154/1154/1154 1155/1155/1155
f 1153/1153/1153 1155/1155/1155 1156/1156/1156
f 1157/1157/1157 1158/1158/1158 1159/1159/1159
f 1157/1157/1157 1159/1159/1159 1160/1160/1160
f 1161/1161/1161 1162/1162/1162 1163/1163/1163
f 1164/1164/1164 1165/1165/1165 1166/1166/1166
f 1164/1164/1164 1166/1166/1166 1167/1167/1167
f 1168/1168/1168 1169/1169/1169 1170/1170/1170
f 1168/1168/1168 1170/1170/1170 1171/1171/1171
f 1172/1172/1172 1173/1173/1173 1174/1174/1174
f 1175/1175/1175 1176/1176/1176 1177/1177/1177
f 1178/1178/1178 1179/1179/1179 1180/1180/1180
f 1181/1181/1181 1182/1182/1182 1183/1183/1183
f 1184/1184/1184 1185/1185/1185 1186/1186/1186
f 1187/1187/1187 1188/1188/1188 1189/1189/1189
f 1187/1187/1187 1189/1189/1189 1190/1190/1190
f 1191/1191/1191 1192/1192/1192 1193/1193/1193
f 1194/1194/1194 1195/1195/1195 1196/1196/1196
f 1197/1197/1197 1198/1198/1198 1199/1199/1199
f 1200/1200/1200 1201/1201/1201 1202/1202/1202
f 1200/1200/1200 1202/1202/1202 1203/1203/1203
f 1204/1204/1204 1205/1205/1205 1206/1206/1206
f 1204/1204/1204 1206/1206/1206 1207/1207/1207
f 1208/1208/1208 1209/1209/1209 1210/1210/1210
f 1208/1208/1208 1210/1210/1210 1211/1211/1211
f 1212/1212/1212 1213/1213/1213 1214/1214/1214
f 1215/1215/1215 1216/1216/1216 1217/1217/1217
f 1215/1215/1215 1217/1217/1217 1218/1218/1218
f 1219/1219/1219 1220/1220/1220 1221/1221/1221
f 1219/1219/1219 1221/1221/1221 1222/1222/1222
f 1223/1223/1223 1224/1224/1224 1225/1225/1225
f 1226/1226/1226 1227/1227/1227 1228/1228/1228
f 1229/1229/1229 1230/1230/1230 1231/1231/1231
f 1232/1232/1232 1233/1233/1233 1234/1234/1234
f 1235/1235/1235 1236/1236/1236 1237/1237/1237
f 1238/1238/1238 1239/1239/1239 1240/1240/1240
f 1241/1241/1241 1242/1242/1242 1243/1243/1243
f 1244/1244/1244 1245/1245/1245 1246/1246/1246
f 1247/1247/1247 1248/1248/1248 1249/1249/1249
f 1250/1250/1250 1251/1251/1251 1252/1252/1252
f 1253/1253/1253 1254/1254/1254 1255/1255/1255
f 1256/1256/1256 1257/1257/1257 1258/1258/1258
f 1259/1259/1259 1260/1260/1260 1261/1261/1261
f 1262/1262/1262 1263/1263/1263 1264/1264/1264
f 1265/1265/1265 1266/1266/1266 1267/1267/1267
f 1268/1268/1268 1269/1269/1269 1270/1270/1270
f 1271/1271/1271 1272/1272/1272 1273/1273/1273
f 1274/1274/1274 1275/1275/1275 1276/1276/1276
f 1277/1277/1277 1278/1278/1278 1279/1279/1279
f 1280/1280/1280 1281/1281/1281 1282/1282/1282
f 1283/1283/1283 1284/1284/1284 1285/1285/1285
f 1283/1283/1283 1285/1285/1285 1286/1286/1286
f 1287/1287/1287 1288/1288/1288 1289/1289/1289
f 1287/1287/1287 1289/1289/1289 1290/1290/1290
f 1291/1291/1291 1292/1292/1292 1293/1293/1293
f 1294/1294/1294 1295/1295/1295 1296/1296/1296
f 1297/1297/1297 1298/1298/1298 1299/1299/1299
f 1297/1297/1297 1299/1299/1299 1300/1300/1300
f 1301/1301/1301 1302/1302/1302 1303/1303/1303
f 1301/1301/1301 1303/1303/1303 1304/1304/1304
f 1305/1305/1305 1306/1306/1306 1307/1307/1307
f 1305/1305/1305 1307/1307/1307 1308/1308/1308
f 1309/1309/1309 1310/1310/1310 1311/1311/1311
f 1309/1309/1309 1311/1311/1311 1312/1312/1312
f 1313/1313/1313 1314/1314/1314 1315/1315/1315
f 1313/1313/1313 1315/1315/1315 1316/1316/1316
f 1317/1317/1317 1318/1318/1318 1319/1319/1319
f 1317/1317/1317 1319/1319/1319 1320/1320/1320
f 1321/1321/1321 1322/1322/1322 1323/1323/1323
f 1321/1321/1321 1323/1323/1323 1324/1324/1324
f 1325/1325/1325 1326/1326/1326 1327/1327/1327
f 1325/1325/1325 1327/1327/1327 1328/1328/1328
f 1329/1329/1329 1330/1330/1330 1331/1331/1331
f 1329/1329/1329 1331/1331/1331 1332/1332/1332
f 1333/1333/1333 1334/1334/1334 1335/1335/1335
f 1333/1333/1333 1335/1335/1335 1336/1336/1336
f 1337/1337/1337 1338/1338/1338 1339/1339/1339
f 1337/1337/1337 1339/1339/1339 1340/1340/1340
f 1341/1341/1341 1342/1342/1342 1343/1343/1343
f 1341/1341/1341 1343/1343/1343 1344/1344/1344
f 1345/1345/1345 1346/1346/1346 1347/1347/1347
f 1345/1345/1345 1347/1347/1347 1348/1348/1348
f 1349/1349/1349 1350/1350/1350 1351/1351/1351
f 1349/1349/1349 1351/1351/1351 1352/1352/1352
f 1353/1353/1353 1354/1354/1354 1355/1355/1355
f 1353/1353/1353 1355/1355/1355 1356/1356/1356
f 1357/1357/1357 1358/1358/1358 1359/1359/1359
f 1357/1357/1357 1359/1359/1359 1360/1360/1360
f 1361/1361/1361 1362/1362/1362 1363/1363/1363
f 1361/1361/1361 1363/1363/1363 1364/1364/1364
f 1365/1365/1365 1366/1366/1366 1367/1367/1367
f 1365/1365/1365 1367/1367/1367 1368/1368/1368
f 1369/1369/1369 1370/1370/1370 1371/1371/1371
f 1369/1369/1369 1371/1371/1371 1372/1372/1372
f 1373/1373/1373 1374/1374/1374 1375/1375/1375
f 1373/1373/1373 1375/1375/1375 1376/1376/1376
f 1377/1377/1377 1378/1378/1378 1379/1379/1379
f 1377/1377/1377 1379/1379/1379 1380/1380/1380
f 1381/1381/1381 1382/1382/1382 1383/1383/1383
f 1381/1381/1381 1383/1383/1383 1384/1384/1384
f 1385/1385/1385 1386/1386/1386 1387/1387/1387
f 1385/1385/1385 1387/1387/1387 1388/1388/1388
f 1389/1389/1389 1390/1390/1390 1391/1391/1391
f 1389/1389/1389 1391/1391/1391 1392/1392/1392
f 1393/1393/1393 1394/1394/1394 1395/1395/1395
f 1393/1393/1393 1395/1395/1395 1396/1396/1396
f 1397/1397/1397 1398/1398/1398 1399/1399/1399
f 1397/1397/1397 1399/1399/1399 1400/1400/1400
f 1401/1401/1401 1402/1402/1402 1403/1403/1403
f 1401/1401/1401 1403/1403/1403 1404/1404/1404
f 1405/1405/1405 1406/1406/1406 1407/1407/1407
f 1405/1405/1405 1407/1407/1407 1408/1408/1408
f 1409/1409/1409 1410/1410/1410 1411/1411/1411
f 1409/1409/1409 1411/1411/1411 1412/1412/1412
f 1413/1413/1413 1414/1414/1414 1415/1415/1415
f 1413/1413/1413 1415/1415/1415 1416/1416/1416
f 1417/1417/1417 1418/1418/1418 1419/1419/1419
f 1417/1417/1417 1419/1419/1419 1420/1420/1420
f 1421/1421/1421 1422/1422/1422 1423/1423/1423
f 1421/1421/1421 1423/1423/1423 1424/1424/1424
f 1425/1425/1425 1426/1426/1426 1427/1427/1427
f 1425/1425/1425 1427/1427/1427 1428/1428/1428
f 1429/1429/1429 1430/1430/1430 1431/1431/1431
f 1429/1429/1429 1431/1431/1431 1432/1432/1432
f 1433/1433/1433 1434/1434/1434 1435/1435/1435
f 1433/1433/1433 1435/1435/1435 1436/1436/1436
f 1437/1437/1437 1438/1438/1438 1439/1439/1439
f 1437/1437/1437 1439/1439/1439 1440/1440/1440
f 1441/1441/1441 1442/1442/1442 1443/1443/1443
f 1441/1441/1441 1443/1443/1443 1444/1444/1444
f 1445/1445/1445 1446/1446/1446 1447/1447/1447
f 1445/1445/1445 1447/1447/1447 1448/1448/1448
f 1449/1449/1449 1450/1450/1450 1451/1451/1451
f 1449/1449/1449 1451/1451/1451 1452/1452/1452
f 1453/1453/1453 1454/1454/1454 1455/1455/1455
f 1453/1453/1453 1455/1455/1455 1456/1456/1456
f 1457/1457/1457 1458/1458/1458 1459/1459/1459
f 1457/1457/1457 1459/1459/1459 1460/1460/1460
f 1461/1461/1461 1462/1462/1462 1463/1463/1463
f 1461/1461/1461 1463/1463/1463 1464/1464/1464
f 1465/1465/1465 1466/1466/1466 1467/1467/1467
f 1465/1465/1465 1467/1467/1467 1468/1468/1468
f 1469/1469/1469 1470/1470/1470 1471/1471/1471
f 1469/1469/1469 1471/1471/1471 1472/1472/1472
f 1473/1473/1473 1474/1474/1474 1475/1475/1475
f 1473/1473/1473 1475/1475/1475 1476/1476/1476
f 1477/1477/1477 1478/1478/1478 1479/1479/1479
f 1477/1477/1477 1479/1479/1479 1480/1480/1480
f 1481/1481/1481 1482/1482/1482 1483/1483/1483
f 1481/1481/1481 1483/1483/1483 1484/1484/1484
f 1485/1485/1485 1486/1486/1486 1487/1487/1487
f 1485/1485/1485 1487/1487/1487 1488/1488/1488
f 1489/1489/1489 1490/1490/1490 1491/1491/1491
f 1489/1489/1489 1491/1491/1491 1492/1492/1492
f 1493/1493/1493 1494/1494/1494 1495/1495/1495
f 1493/1493/1493 1495/1495/1495 1496/1496/1496
f 1497/1497/1497 1498/1498/1498 1499/1499/1499
f 1497/1497/1497 1499/1499/1499 1500/1500/1500
f 1501/1501/1501 1502/1502/1502 1503/1503/1503
f 1501/1501/1501 1503/1503/1503 1504/1504/1504
f 1505/1505/1505 1506/1506/1506 1507/1507/1507
f 1505/1505/1505 1507/1507/1507 1508/1508/1508
f 1509/1509/1509 1510/1510/1510 1511/1511/1511
f 1509/1509/1509 1511/1511/1511 1512/1512/1512
f 1513/1513/1513 1514/1514/1514 1515/1515/1515
f 1513/1513/1513 1515/1515/1515 1516/1516/1516
f 1517/1517/1517 1518/1518/1518 1519/1519/1519
f 1517/1517/1517 1519/1519/1519 1520/1520/1520
f 1521/1521/1521 1522/1522/1522 1523/1523/1523
f 1524/1524/1524 1525/1525/1525 1526/1526/1526
f 1527/1527/1527 1528/1528/1528 1529/1529/1529
f 1530/1530/1530 1531/1531/1531 1532/1532/1532
f 1533/1533/1533 1534/1534/1534 1535/1535/1535
f 1536/1536/1536 1537/1537/1537 1538/1538/1538
f 1539/1539/1539 1540/1540/1540 1541/1541/1541
f 1539/1539/1539 1541/1541/1541 1542/1542/1542
f 1543/1543/1543 1544/1544/1544 1545/1545/1545
f 1543/1543/1543 1545/1545/1545 1546/1546/1546
f 1547/1547/1547 1548/1548/1548 1549/1549/1549
f 1547/1547/1547 1549/1549/1549 1550/1550/1550
f 1551/1551/1551 1552/1552/1552 1553/1553/1553
f 1554/1554/1554 1555/1555/1555 1556/1556/1556
f 1557/1557/1557 1558/1558/1558 1559/1559/1559
f 1557/1557/1557 1559/1559/1559 1560/1560/1560
f 1561/1561/1561 1562/1562/1562 1563/1563/1563
f 1561/1561/1561 1563/1563/1563 1564/1564/1564
f 1565/1565/1565 1566/1566/1566 1567/1567/1567
f 1565/1565/1565 1567/1567/1567 1568/1568/1568
f 1569/1569/1569 1570/1570/1570 1571/1571/1571
f 1569/1569/1569 1571/1571/1571 1572/1572/1572
f 1573/1573/1573 1574/1574/1574 1575/1575/1575
f 1573/1573/1573 1575/1575/1575 1576/1576/1576
f 1577/1577/1577 1578/1578/1578 1579/1579/1579
f 1577/1577/1577 1579/1579/1579 1580/1580/1580
f 1581/1581/1581 1582/1582/1582 1583/1583/1583
f 1581/1581/1581 1583/1583/1583 1584/1584/1584
f 1585/1585/1585 1586/1586/1586 1587/1587/1587
f 1585/1585/1585 1587/1587/1587 1588/1588/1588
f 1589/1589/1589 1590/1590/1590 1591/1591/1591
f 1589/1589/1589 1591/1591/1591 1592/1592/1592
f 1593/1593/1593 1594/1594/1594 1595/1595/1595
f 1593/1593/1593 1595/1595/1595 1596/1596/1596
f 1597/1597/1597 1598/1598/1598 1599/1599/1599
f 1597/1597/1597 1599/1599/1599 1600/1600/1600
f 1601/1601/1601 1602/1602/1602 1603/1603/1603
f 1601/1601/1601 1603/1603/1603 1604/1604/1604
f 1605/1605/1605 1606/1606/1606 1607/1607/1607
f 1605/1605/1605 1607/1607/1607 1608/1608/1608
f 1609/1609/1609 1610/1610/1610 1611/1611/1611
f 1609/1609/1609 1611/1611/1611 1612/1612/1612
f 1613/1613/1613 1614/1614/1614 1615/1615/1615
f 1613/1613/1613 1615/1615/1615 1616/1616/1616
f 1617/1617/1617 1618/1618/1618 1619/1619/1619
f 1617/1617/1617 1619/1619/1619 1620/1620/1620
f 1621/1621/1621 1622/1622/1622 1623/1623/1623
f 1621/1621/1621 1623/1623/1623 1624/1624/1624
f 1625/1625/1625 1626/1626/1626 1627/1627/1627
f 1625/1625/1625 1627/1627/1627 1628/1628/1628
f 1629/1629/1629 1630/1630/1630 1631/1631/1631
f 1629/1629/1629 1631/1631/1631 1632/1632/1632
f 1633/1633/1633 1634/1634/1634 1635/1635/1635
f 1633/1633/1633 1635/1635/1635 1636/1636/1636
f 1637/1637/1637 1638/1638/1638 1639/1639/1639
f 1637/1637/1637 1639/1639/1639 1640/1640/1640
f 1641/1641/1641 1642/1642/1642 1643/1643/1643
f 1641/1641/1641 1643/1643/1643 1644/1644/1644
f 1645/1645/1645 1646/1646/1646 1647/1647/1647
f 1645/1645/1645 1647/1647/1647 1648/1648/1648
f 1649/1649/1649 1650/1650/1650 1651/1651/1651
f 1649/1649/1649 1651/1651/1651 1652/1652/1652
f 1653/1653/1653 1654/1654/1654 1655/1655/1655
f 1653/1653/1653 1655/1655/1655 1656/1656/1656
f 1657/1657/1657 1658/1658/1658 1659/1659/1659
f 1657/1657/1657 1659/1659/1659 1660/1660/1660
f 1661/1661/1661 1662/1662/1662 1663/1663/1663
f 1661/1661/1661 1663/1663/1663 1664/1664/1664
f 1665/1665/1665 1666/1666/1666 1667/1667/1667
f 1665/1665/1665 1667/1667/1667 1668/1668/1668
f 1669/1669/1669 1670/1670/1670 1671/1671/1671
f 1669/1669/1669 1671/1671/1671 1672/1672/1672
f 1673/1673/1673 1674/1674/1674 1675/1675/1675
f 1673/1673/1673 1675/1675/1675 1676/1676/1676
f 1677/1677/1677 1678/1678/1678 1679/1679/1679
f 1677/1677/1677 1679/1679/1679 1680/1680/1680
f 1681/1681/1681 1682/1682/1682 1683/1683/1683
f 1681/1681/1681 1683/1683/1683 1684/1684/1684
f 1685/1685/1685 1686/1686/1686 1687/1687/1687
f 1685/1685/1685 1687/1687/1687 1688/1688/1688
f 1689/1689/1689 1690/1690/1690 1691/1691/1691
f 1689/1689/1689 1691/1691/1691 1692/1692/1692
f 1693/1693/1693 1694/1694/1694 1695/1695/1695
f 1693/1693/1693 1695/1695/1695 1696/1696/1696
f 1697/1697/1697 1698/1698/1698 1699/1699/1699
f 1697/1697/1697 1699/1699/1699 1700/1700/1700
f 1701/1701/1701 1702/1702/1702 1703/1703/1703
f 1701/1701/1701 1703/1703/1703 1704/1704/1704
f 1705/1705/1705 1706/1706/1706 1707/1707/1707
f 1705/1705/1705 1707/1707/1707 1708/1708/1708
f 1709/1709/1709 1710/1710/1710 1711/1711/1711
f 1709/1709/1709 1711/1711/1711 1712/1712/1712
f 1713/1713/1713 1714/1714/1714 1715/1715/1715
f 1713/1713/1713 1715/1715/1715 1716/1716/1716
f 1717/1717/1717 1718/1718/1718 1719/1719/1719
f 1717/1717/1717 1719/1719/1719 1720/1720/1720
f 1721/1721/1721 1722/1722/1722 1723/1723/1723
f 1721/1721/1721 1723/1723/1723 1724/1724/1724
f 1725/1725/1725 1726/1726/1726 1727/1727/1727
f 1725/1725/1725 1727/1727/1727 1728/1728/1728
f 1729/1729/1729 1730/1730/1730 1731/1731/1731
f 1729/1729/1729 1731/1731/1731 1732/1732/1732
f 1733/1733/1733 1734/1734/1734 1735/1735/1735
f 1733/1733/1733 1735/1735/1735 1736/1736/1736
f 1737/1737/1737 1738/1738/1738 1739/1739/1739
f 1737/1737/1737 1739/1739/1739 1740/1740/1740
f 1741/1741/1741 1742/1742/1742 1743/1743/1743
f 1741/1741/1741 1743/1743/1743 1744/1744/1744
f 1745/1745/1745 1746/1746/1746 1747/1747/1747
f 1745/1745/1745 1747/1747/1747 1748/1748/1748
f 1749/1749/1749 1750/1750/1750 1751/1751/1751
f 1749/1749/1749 1751/1751/1751 1752/1752/1752
f 1753/1753/1753 1754/1754/1754 1755/1755/1755
f 1753/1753/1753 1755/1755/1755 1756/1756/1756
f 1757/1757/1757 1758/1758/1758 1759/1759/1759
f 1757/1757/1757 1759/1759/1759 1760/1760/1760
f 1761/1761/1761 1762/1762/1762 1763/1763/1763
f 1761/1761/1761 1763/1763/1763 1764/1764/1764
f 1765/1765/1765 1766/1766/1766 1767/1767/1767
f 1765/1765/1765 1767/1767/1767 1768/1768/1768
f 1769/1769/1769 1770/1770/1770 1771/1771/1771
f 1769/1769/1769 1771/1771/1771 1772/1772/1772
f 1773/1773/1773 1774/1774/1774 1775/1775/1775
f 1773/1773/1773 1775/1775/1775 1776/1776/1776
f 1777/1777/1777 1778/1778/1778 1779/1779/1779
f 1777/1777/1777 1779/1779/1779 1780/1780/1780
f 1781/1781/1781 1782/1782/1782 1783/1783/1783
f 1781/1781/1781 1783/1783/1783 1784/1784/1784
f 1785/1785/1785 1786/1786/1786 1787/1787/1787
f 1785/1785/1785 1787/1787/1787 1788/1788/1788
f 1789/1789/1789 1790/1790/1790 1791/1791/1791
f 1789/1789/1789 1791/1791/1791 1792/1792/1792
f 1793/1793/1793 1794/1794/1794 1795/1795/1795
f 1793/1793/1793 1795/1795/1795 1796/1796/1796
f 1797/1797/1797 1798/1798/1798 1799/1799/1799
f 1797/1797/1797 1799/1799/1799 1800/1800/1800
