# Cassette case source mesh converted from CassCase_BlackClean_LOD.fbx
mtllib CassetteCase.mtl

o CassCase_BlackClean_LOD0
g CassCase_BlackClean_LOD0
usemtl CassetteCaseBody
v -0.054263122379779816 0.01590977981686592 -0.034271243028342724
v -0.05394011363387108 0.00009194843005388975 -0.03439474757760763
v -0.05394047498703003 0.015908492729067802 -0.03440714906901121
v -0.053150027990341187 0.01589999906718731 -0.034407745115458965
v -0.05439436808228493 0.01590426079928875 -0.03394756745547056
v -0.05394047498703003 0.015908492729067802 -0.03440714906901121
v -0.0531499981880188 0.01590000092983246 -0.009923725388944149
v -0.05438452214002609 0.015899989753961563 -0.009923755191266537
v -0.054263122379779816 0.01590977981686592 -0.034271243028342724
v -0.05439436808228493 0.01590426079928875 -0.03394756745547056
v -0.05426302179694176 0.0000903615728020668 -0.034256923012435436
v -0.05439421907067299 0.00009575788863003254 -0.03393211495131254
v -0.053109876811504364 0.014739962294697762 -0.034327383153140545
v 0 0.01470000110566616 -0.03340775053948164
v -0.05321667715907097 0.014716660603880882 -0.033391076140105724
v -0.031200004741549492 0.0010999981313943863 -0.03340774308890104
v -0.053150005638599396 0.0010999999940395355 -0.03340775053948164
v -0.03124978207051754 0.010723907500505447 -0.0339704928919673
v -0.03036000393331051 0.0010199958924204111 -0.03236774634569883
v -0.030391287058591843 0.00877605564892292 -0.03240917902439833
v -0.030400004237890244 0.00109999964479357 -0.03340775053948164
v -0.030350228771567345 0.010723907500505447 -0.0339704928919673
v -0.0221133790910244 0.0011094498913735151 -0.0026633907109498978
v -0.021299995481967926 0.0010861724149435759 -0.002345263957977295
v -0.024683931842446327 0.001055550412274897 -0.0011159619316458702
v -0.020486606284976006 0.001109451288357377 -0.0026633907109498978
v -0.017916057258844376 0.0010555560002103448 -0.001115961465984583
v -0.021624533459544182 0.001109448610804975 -0.004634341690689325
v -0.022306734696030617 0.0010861713672056794 -0.00408898713067174
v -0.02167937159538269 0.001055553904734552 -0.00763421505689621
v -0.02097545564174652 0.0011094490764662623 -0.004634341225028038
v -0.020917920395731926 0.0010636361548677087 -0.007636908441781998
v -0.020293256267905235 0.0010861720656976104 -0.004088991321623325
v -0.017542462795972824 0.0010428575333207846 -0.0017715140711516142
v 0 0.0010999999940395355 -0.0010501923970878124
v -0.0201620664447546 0.0011094511719420552 -0.003225509775802493
v -0.053150005638599396 0.0010999999940395355 0.003392255399376154
v -0.05211000144481659 0.0010199958924204111 0.003432255471125245
v -0.05325910076498985 0.0011303034843876958 0.01642255950719118
v -0.02506331168115139 0.001055549830198288 -0.001773063326254487
v -0.05211000144481659 0.0010199958924204111 0.002552254591137171
v -0.022437922656536102 0.001109449309296906 -0.003225509775802493
v -0.053150005638599396 0.0010999998776242137 -0.022407743148505688
v -0.04810238629579544 0.0010428542736917734 -0.0223601246252656
v -0.053150005638599396 0.0010999999940395355 0.002592254662886262
v -0.03036000393331051 0.0010199958924204111 -0.03236774634569883
v 0 0.0010999998776242137 -0.03200774546712637
v 0 0.0010999999940395355 -0.007682360243052244
v 0 0.0010999997612088919 -0.03340775053948164
v -0.03124762699007988 0.0010428541572764516 -0.03236012440174818
v -0.053150005638599396 0.0010999999940395355 -0.023207745514810085
v -0.053150005638599396 0.0010999999940395355 -0.03340775053948164
v -0.04812777787446976 0.0009666598634794354 -0.02322996873408556
v -0.031200004741549492 0.0010999981313943863 -0.03340774308890104
v -0.017604397609829903 0.0038771082181483507 -0.0017621658043935895
v -0.0201620664447546 0.0011094511719420552 -0.003225509775802493
v -0.017542462795972824 0.0010428575333207846 -0.0017715140711516142
v -0.02021625079214573 0.010183161124587059 -0.0033047518227249384
v -0.0249955952167511 0.0038771016988903284 -0.0017621658043935895
v -0.02201767824590206 0.01018315926194191 -0.00267068506218493
v -0.024659518152475357 0.003877100767567754 -0.001180058578029275
v -0.022383753210306168 0.01018315739929676 -0.0033047518227249384
v -0.02097545564174652 0.0011094490764662623 -0.004634341225028038
v -0.02096322923898697 0.007849149405956268 -0.007579299621284008
v -0.020917920395731926 0.0010636361548677087 -0.007636908441781998
v -0.020942332223057747 0.010170340538024902 -0.004564990755170584
v -0.020942332223057747 0.010170340538024902 -0.004564990755170584
v -0.021636761724948883 0.007849149405956268 -0.007579299621284008
v -0.02096322923898697 0.007849149405956268 -0.007579299621284008
v -0.02165767177939415 0.010170340538024902 -0.004564990755170584
v -0.024659518152475357 0.003877100767567754 -0.001180058578029275
v -0.0221133790910244 0.0011094498913735151 -0.0026633907109498978
v -0.024683931842446327 0.001055550412274897 -0.0011159619316458702
v -0.02201767824590206 0.01018315926194191 -0.00267068506218493
v -0.020486606284976006 0.001109451288357377 -0.0026633907109498978
v -0.020582325756549835 0.010183160193264484 -0.00267068506218493
v -0.017940474674105644 0.003877106821164489 -0.0011800581123679876
v -0.017916057258844376 0.0010555560002103448 -0.001115961465984583
v -0.017542462795972824 0.0010428575333207846 -0.0017715140711516142
v -0.017940474674105644 0.003877106821164489 -0.0011800581123679876
v -0.017604397609829903 0.0038771082181483507 -0.0017621658043935895
v -0.017916057258844376 0.0010555560002103448 -0.001115961465984583
v -0.020917920395731926 0.0010636361548677087 -0.007636908441781998
v -0.021636761724948883 0.007849149405956268 -0.007579299621284008
v -0.02167937159538269 0.001055553904734552 -0.00763421505689621
v -0.02096322923898697 0.007849149405956268 -0.007579299621284008
v -0.024659518152475357 0.003877100767567754 -0.001180058578029275
v -0.02506331168115139 0.001055549830198288 -0.001773063326254487
v -0.0249955952167511 0.0038771016988903284 -0.0017621658043935895
v -0.024683931842446327 0.001055550412274897 -0.0011159619316458702
v -0.022306734696030617 0.0010861713672056794 -0.00408898713067174
v -0.02165767177939415 0.010170340538024902 -0.004564990755170584
v -0.022290369495749474 0.010199998505413532 -0.004079536534845829
v -0.021299995481967926 0.0010861724149435759 -0.002345263957977295
v -0.021300002932548523 0.010199999436736107 -0.002364162355661392
v -0.020582325756549835 0.010183160193264484 -0.00267068506218493
v -0.02201767824590206 0.01018315926194191 -0.00267068506218493
v -0.022437922656536102 0.001109449309296906 -0.003225509775802493
v -0.0249955952167511 0.0038771016988903284 -0.0017621658043935895
v -0.02506331168115139 0.001055549830198288 -0.001773063326254487
v -0.022383753210306168 0.01018315739929676 -0.0033047518227249384
v -0.021636761724948883 0.007849149405956268 -0.007579299621284008
v -0.021624533459544182 0.001109448610804975 -0.004634341690689325
v -0.02167937159538269 0.001055553904734552 -0.00763421505689621
v -0.02165767177939415 0.010170340538024902 -0.004564990755170584
v -0.017940474674105644 0.003877106821164489 -0.0011800581123679876
v -0.020582325756549835 0.010183160193264484 -0.00267068506218493
v -0.017604397609829903 0.0038771082181483507 -0.0017621658043935895
v -0.02021625079214573 0.010183161124587059 -0.0033047518227249384
v -0.020293256267905235 0.0010861720656976104 -0.004088991321623325
v -0.02021625079214573 0.010183161124587059 -0.0033047518227249384
v -0.020309630781412125 0.010199999436736107 -0.004079536534845829
v -0.020942332223057747 0.010170340538024902 -0.004564990755170584
v -0.02097545564174652 0.0011094490764662623 -0.004634341225028038
v -0.022283514961600304 0.011105362325906754 -0.004075574688613415
v -0.021688422188162804 0.011105363257229328 -0.004574918188154697
v -0.021300002932548523 0.011099999770522118 -0.0035077445209026337
v -0.020316490903496742 0.011105364188551903 -0.004075574688613415
v -0.02018159255385399 0.011105363257229328 -0.0033105385955423117
v -0.02241840958595276 0.011105360463261604 -0.003310538362711668
v -0.020911583676934242 0.011105363257229328 -0.00457491772249341
v -0.020570015534758568 0.011105363257229328 -0.0026377770118415356
v -0.021300002932548523 0.011105363257229328 -0.0023720841854810715
v -0.022029990330338478 0.011105360463261604 -0.002637776779010892
v -0.020911583676934242 0.011105363257229328 -0.00457491772249341
v -0.020316490903496742 0.011105364188551903 -0.004075574688613415
v -0.02241840958595276 0.011105360463261604 -0.003310538362711668
v -0.022029990330338478 0.011105360463261604 -0.002637776779010892
v -0.0221133790910244 0.0011094498913735151 -0.0026633907109498978
v -0.021624533459544182 0.001109448610804975 -0.004634341690689325
v -0.021688422188162804 0.011105363257229328 -0.004574918188154697
v -0.0201620664447546 0.0011094511719420552 -0.003225509775802493
v -0.02018159255385399 0.011105363257229328 -0.0033105385955423117
v -0.020570015534758568 0.011105363257229328 -0.0026377770118415356
v -0.021300002932548523 0.011105363257229328 -0.0023720841854810715
v -0.020486606284976006 0.001109451288357377 -0.0026633907109498978
v -0.022283514961600304 0.011105362325906754 -0.004075574688613415
v -0.022383753210306168 0.01018315739929676 -0.0033047518227249384
v -0.022437922656536102 0.001109449309296906 -0.003225509775802493
v -0.05189461261034012 0.009931805543601513 0.029160448350012302
v -0.05189461261034012 0.00860000029206276 0.028608796186745167
v -0.05190000310540199 0.00860000029206276 0.030492248944938183
v -0.05189461261034012 0.010483457706868649 0.030492248944938183
v -0.05189461261034012 0.007268194574862719 0.029160448350012302
v -0.05189461261034012 0.006716541945934296 0.030492248944938183
v -0.05189461261034012 0.007268194574862719 0.03182406071573496
v -0.05189461261034012 0.00860000029206276 0.032375712879002094
v -0.05189461261034012 0.009931805543601513 0.03182406071573496
v -0.05189461261034012 0.00860000029206276 0.028608796186745167
v -0.05317654460668564 0.00860000029206276 0.02858578134328127
v -0.05189461261034012 0.007268194574862719 0.029160448350012302
v -0.05189461261034012 0.009931805543601513 0.029160448350012302
v -0.05317654460668564 0.009948080405592918 0.029144170694053173
v -0.05317654460668564 0.007251919712871313 0.029144170694053173
v -0.05317654460668564 0.006693525705486536 0.030492248944938183
v -0.05189461261034012 0.006716541945934296 0.030492248944938183
v -0.05189461261034012 0.007268194574862719 0.03182406071573496
v -0.05189461261034012 0.00860000029206276 0.032375712879002094
v -0.05317654460668564 0.00860000029206276 0.032398723997175694
v -0.05189461261034012 0.009931805543601513 0.03182406071573496
v -0.05317654460668564 0.007251919712871313 0.03184033650904894
v -0.05317654460668564 0.009948080405592918 0.03184033650904894
v -0.05189461261034012 0.010483457706868649 0.030492248944938183
v -0.05317654460668564 0.010506474412977695 0.030492248944938183
v -0.030391287058591843 0.00877605564892292 -0.03240917902439833
v -0.03124978207051754 0.010723907500505447 -0.0339704928919673
v -0.030350228771567345 0.010723907500505447 -0.0339704928919673
v -0.031208723783493042 0.00877605564892292 -0.03240917902439833
v -0.053150005638599396 0.0010999999940395355 -0.03340775053948164
v -0.05348323658108711 0.013926406390964985 -0.02325690072029829
v -0.05321667715907097 0.014716660603880882 -0.033391076140105724
v -0.030391287058591843 0.00877605564892292 -0.03240917902439833
v -0.03124762699007988 0.0010428541572764516 -0.03236012440174818
v -0.031208723783493042 0.00877605564892292 -0.03240917902439833
v -0.03036000393331051 0.0010199958924204111 -0.03236774634569883
v -0.05321667715907097 0.014716660603880882 -0.033391076140105724
v -0.030350228771567345 0.010723907500505447 -0.0339704928919673
v -0.031208723783493042 0.00877605564892292 -0.03240917902439833
v -0.031200004741549492 0.0010999981313943863 -0.03340774308890104
v -0.03124978207051754 0.010723907500505447 -0.0339704928919673
v -0.03124762699007988 0.0010428541572764516 -0.03236012440174818
v -0.050652455538511276 0.01096290908753872 -0.022397994063794613
v -0.05348323658108711 0.013926406390964985 -0.02325690072029829
v -0.050652455538511276 0.01096290908753872 -0.02321749459952116
v -0.053363315761089325 0.01394677720963955 -0.022344515658915043
v -0.05062778294086456 0.0041222223080694675 -0.02307440433651209
v -0.050652455538511276 0.01096290908753872 -0.022397994063794613
v -0.050652455538511276 0.01096290908753872 -0.02321749459952116
v -0.05062778294086456 0.0041222223080694675 -0.022541084326803684
v -0.05348323658108711 0.013926406390964985 -0.02325690072029829
v -0.05062778294086456 0.0041222223080694675 -0.02307440433651209
v -0.050652455538511276 0.01096290908753872 -0.02321749459952116
v -0.04815000295639038 0.00409999955445528 -0.022407743148505688
v -0.05062778294086456 0.0041222223080694675 -0.02307440433651209
v -0.04815000295639038 0.00409999955445528 -0.023207745514810085
v -0.05062778294086456 0.0041222223080694675 -0.022541084326803684
v -0.053150005638599396 0.0010999998776242137 -0.022407743148505688
v -0.053363315761089325 0.01394677720963955 -0.022344515658915043
v -0.05062778294086456 0.0041222223080694675 -0.022541084326803684
v -0.04810238629579544 0.0010428542736917734 -0.0223601246252656
v -0.04815000295639038 0.00409999955445528 -0.022407743148505688
v -0.050652455538511276 0.01096290908753872 -0.022397994063794613
v -0.053194448351860046 0.013951851986348629 0.0034441081807017326
v -0.0532071478664875 0.013947620056569576 0.0025446354411542416
v -0.05215000361204147 0.013900000602006912 0.002592254662886262
v -0.05215000361204147 0.013900000602006912 0.003392255399376154
v 0 0.0010999999940395355 0.016392256133258343
v -0.05211000144481659 0.0010199958924204111 0.002552254591137171
v -0.05215000361204147 0.013900000602006912 0.003392255399376154
v -0.05215000361204147 0.013900000602006912 0.002592254662886262
v -0.05211000144481659 0.0010199958924204111 0.003432255471125245
v -0.04815000295639038 0.00409999955445528 -0.023207745514810085
v -0.04810238629579544 0.0010428542736917734 -0.0223601246252656
v -0.04815000295639038 0.00409999955445528 -0.022407743148505688
v -0.04812777787446976 0.0009666598634794354 -0.02322996873408556
v -0.05215000361204147 0.013900000602006912 0.002592254662886262
v -0.053150005638599396 0.0010999999940395355 0.002592254662886262
v -0.05211000144481659 0.0010199958924204111 0.002552254591137171
v -0.0532071478664875 0.013947620056569576 0.0025446354411542416
v -0.05215000361204147 0.013900000602006912 0.003392255399376154
v -0.053150005638599396 0.0010999999940395355 0.003392255399376154
v -0.053194448351860046 0.013951851986348629 0.0034441081807017326
v -0.05211000144481659 0.0010199958924204111 0.003432255471125245
v -0.05304978787899017 0.0000999277617665939 -0.034399970434606075
v -0.05438452586531639 0.00010000716429203749 -0.00992374774068594
v 0 0.00009999983012676239 -0.009923719801008701
v -0.05439421907067299 0.00009575788863003254 -0.03393211495131254
v -0.05394011363387108 0.00009194843005388975 -0.03439474757760763
v -0.05426302179694176 0.0000903615728020668 -0.034256923012435436
v -0.053150005638599396 0.0010999999940395355 0.002592254662886262
v -0.0532071478664875 0.013947620056569576 0.0025446354411542416
v -0.053150005638599396 0.0010999998776242137 -0.022407743148505688
v -0.053363315761089325 0.01394677720963955 -0.022344515658915043
v -0.0531499981880188 0.01590000092983246 -0.009923725388944149
v -0.053150027990341187 0.01589999906718731 -0.034407745115458965
v -0.053150005638599396 0.0010999999940395355 -0.023207745514810085
v -0.053109876811504364 0.014739962294697762 -0.034327383153140545
v -0.04812777787446976 0.0009666598634794354 -0.02322996873408556
v -0.053150005638599396 0.0010999999940395355 -0.023207745514810085
v -0.04815000295639038 0.00409999955445528 -0.023207745514810085
v -0.053109876811504364 0.014739962294697762 -0.034327383153140545
v -0.05304978787899017 0.0000999277617665939 -0.034399970434606075
v -0.053150027990341187 0.01589999906718731 -0.034407745115458965
v -0.0543845109641552 0.01590000092983246 0.03439224977046251
v -0.053150005638599396 0.01590000092983246 0.03439224977046251
v -0.05438452214002609 0.015899989753961563 -0.009923755191266537
v -0.05438452586531639 0.00010000716429203749 -0.00992374774068594
v -0.0543845109641552 0.01590000092983246 0.03439224977046251
v -0.0543845109641552 0.00010000017937272787 0.03439224977046251
v -0.05317654460668564 0.00860000029206276 0.02858578134328127
v -0.05325910076498985 0.0011303034843876958 0.01642255950719118
v -0.05317654460668564 0.007251919712871313 0.029144170694053173
v 0 0.01470000110566616 -0.03340775053948164
v 0 0.0010999997612088919 -0.03340775053948164
v -0.030400004237890244 0.00109999964479357 -0.03340775053948164
v -0.0543845109641552 0.00010000017937272787 0.03439224977046251
v -0.05311000347137451 0.0001800039317458868 0.016432256437838078
v -0.05317654460668564 0.009948080405592918 0.03184033650904894
v -0.053150005638599396 0.00860000029206276 0.03439224977046251
v -0.053150005638599396 0.01590000092983246 0.03439224977046251
v -0.05317654460668564 0.00860000029206276 0.032398723997175694
v -0.05317654460668564 0.007251919712871313 0.03184033650904894
v -0.053150005638599396 0.0000999999392661266 0.03439224977046251
v -0.053150005638599396 0.0000999999392661266 0.03439224977046251
v -0.05317654460668564 0.009948080405592918 0.029144170694053173
v -0.053194448351860046 0.013951851986348629 0.0034441081807017326
v -0.05317654460668564 0.010506474412977695 0.030492248944938183
v -0.053150005638599396 0.0010999999940395355 0.003392255399376154
v -0.05317654460668564 0.006693525705486536 0.030492248944938183
v -0.05311000347137451 0.0001800039317458868 0.016432256437838078
v -0.05311000347137451 0.0001800039317458868 0.016432256437838078
v 0 0.0010999999940395355 0.016392256133258343
v 0 0.00009999983012676239 0.016392256133258343
v -0.053150005638599396 0.00860000029206276 0.03439224977046251
v -0.0543845109641552 0.01590000092983246 0.03439224977046251
v -0.053150005638599396 0.01590000092983246 0.03439224977046251
v -0.0543845109641552 0.00010000017937272787 0.03439224977046251
v -0.053150005638599396 0.0000999999392661266 0.03439224977046251
v 0 0.00009999540634453297 -0.03440776374191046
v 0.05426302179694176 0.0000903615728020668 -0.034256923012435436
v 0.05439436808228493 0.01590426079928875 -0.03394756745547056
v 0.054263122379779816 0.01590977981686592 -0.034271243028342724
v 0.05394011363387108 0.00009194843005388975 -0.03439474757760763
v 0.05439436808228493 0.01590426079928875 -0.03394756745547056
v 0.0531499981880188 0.01590000092983246 -0.009923725388944149
v 0.053150027990341187 0.01589999906718731 -0.034407745115458965
v 0.05394047498703003 0.015908492729067802 -0.03440714906901121
v 0.054263122379779816 0.01590977981686592 -0.034271243028342724
v 0.05439421907067299 0.0000957581214606762 -0.03393211495131254
v 0.05438452214002609 0.015899989753961563 -0.009923755191266537
v 0 0.01470000110566616 -0.034407719038426876
v 0 0.00009999540634453297 -0.03440776374191046
v 0.05304978787899017 0.0000999277617665939 -0.034399970434606075
v 0.053109876811504364 0.014739962294697762 -0.034327383153140545
v 0.053109876811504364 0.014739962294697762 -0.034327383153140545
v 0 0.01470000110566616 -0.034407719038426876
v 0.05321667715907097 0.014716660603880882 -0.033391076140105724
v 0.053150005638599396 0.0010999999940395355 -0.03340775053948164
v 0.03120000846683979 0.0010999999940395355 -0.03340775053948164
v 0.03124978207051754 0.010723907500505447 -0.0339704928919673
v 0.05321667715907097 0.014716660603880882 -0.033391076140105724
v 0.05311000347137451 0.0001800039317458868 0.016432256437838078
v 0.05438452586531639 0.00010000716429203749 -0.00992374774068594
v 0 0.00009999983012676239 0.016392256133258343
v 0.05304978787899017 0.0000999277617665939 -0.034399970434606075
v 0.017542462795972824 0.0010428575333207846 -0.0017715140711516142
v 0.017916057258844376 0.0010555560002103448 -0.001115961465984583
v 0 0.0010999999940395355 -0.0017906888388097286
v 0.030391287058591843 0.00877605564892292 -0.03240917902439833
v 0.03036000393331051 0.0010199958924204111 -0.03236774634569883
v 0.030400004237890244 0.00109999964479357 -0.03340775053948164
v 0.030350228771567345 0.010723907500505447 -0.0339704928919673
v 0.0221133790910244 0.0011094498913735151 -0.0026633907109498978
v 0.024683931842446327 0.001055550412274897 -0.0011159619316458702
v 0.021299995481967926 0.0010861724149435759 -0.002345263957977295
v 0.020486606284976006 0.001109451288357377 -0.0026633907109498978
v 0.021624533459544182 0.001109448610804975 -0.004634341690689325
v 0.02167937159538269 0.001055553904734552 -0.00763421505689621
v 0.022306734696030617 0.0010861713672056794 -0.00408898713067174
v 0.020917920395731926 0.0010636361548677087 -0.007636908441781998
v 0.02097545564174652 0.0011094490764662623 -0.004634341225028038
v 0.020293256267905235 0.0010861720656976104 -0.004088991321623325
v 0.0201620664447546 0.0011094511719420552 -0.003225509775802493
v -0.030400004237890244 0.00109999964479357 -0.03340775053948164
v 0.03036000393331051 0.0010199958924204111 -0.03236774634569883
v 0.053150005638599396 0.0010999999940395355 0.003392255399376154
v 0.05325910076498985 0.0011303034843876958 0.01642255950719118
v 0.05211000144481659 0.0010199958924204111 0.003432255471125245
v 0.02506331168115139 0.001055549830198288 -0.001773063326254487
v 0.05211000144481659 0.0010199958924204111 0.002552254591137171
v 0.022437922656536102 0.001109449309296906 -0.003225509775802493
v 0.053150005638599396 0.0010999998776242137 -0.022407743148505688
v 0.04810238629579544 0.0010428542736917734 -0.0223601246252656
v 0.053150005638599396 0.0010999999940395355 0.002592254662886262
v 0.03124762699007988 0.0010428541572764516 -0.03236012440174818
v 0.04812777787446976 0.0009666598634794354 -0.02322996873408556
v 0.030400004237890244 0.00109999964479357 -0.03340775053948164
v 0.053150005638599396 0.0010999999940395355 -0.03340775053948164
v 0.053150005638599396 0.0010999999940395355 -0.023207745514810085
v 0.03120000846683979 0.0010999999940395355 -0.03340775053948164
v 0.017604397609829903 0.0038771082181483507 -0.0017621658043935895
v 0.017542462795972824 0.0010428575333207846 -0.0017715140711516142
v 0.0201620664447546 0.0011094511719420552 -0.003225509775802493
v 0.02021625079214573 0.010183161124587059 -0.0033047518227249384
v 0.0249955952167511 0.0038771016988903284 -0.0017621658043935895
v 0.02201767824590206 0.01018315926194191 -0.00267068506218493
v 0.022383753210306168 0.01018315739929676 -0.0033047518227249384
v 0.024659518152475357 0.003877100767567754 -0.001180058578029275
v 0.020942332223057747 0.010170340538024902 -0.004564990755170584
v 0.02097545564174652 0.0011094490764662623 -0.004634341225028038
v 0.02096322923898697 0.007849149405956268 -0.007579299621284008
v 0.020917920395731926 0.0010636361548677087 -0.007636908441781998
v 0.020942332223057747 0.010170340538024902 -0.004564990755170584
v 0.02096322923898697 0.007849149405956268 -0.007579299621284008
v 0.021636761724948883 0.007849149405956268 -0.007579299621284008
v 0.02165767177939415 0.010170340538024902 -0.004564990755170584
v 0.024659518152475357 0.003877100767567754 -0.001180058578029275
v 0.0221133790910244 0.0011094498913735151 -0.0026633907109498978
v 0.02201767824590206 0.01018315926194191 -0.00267068506218493
v 0.024683931842446327 0.001055550412274897 -0.0011159619316458702
v 0.020582325756549835 0.010183160193264484 -0.00267068506218493
v 0.020486606284976006 0.001109451288357377 -0.0026633907109498978
v 0.017940474674105644 0.003877106821164489 -0.0011800581123679876
v 0.017916057258844376 0.0010555560002103448 -0.001115961465984583
v 0.017940474674105644 0.003877106821164489 -0.0011800581123679876
v 0.017542462795972824 0.0010428575333207846 -0.0017715140711516142
v 0.017604397609829903 0.0038771082181483507 -0.0017621658043935895
v 0.017916057258844376 0.0010555560002103448 -0.001115961465984583
v 0.021636761724948883 0.007849149405956268 -0.007579299621284008
v 0.020917920395731926 0.0010636361548677087 -0.007636908441781998
v 0.02167937159538269 0.001055553904734552 -0.00763421505689621
v 0.02096322923898697 0.007849149405956268 -0.007579299621284008
v 0.02506331168115139 0.001055549830198288 -0.001773063326254487
v 0.024659518152475357 0.003877100767567754 -0.001180058578029275
v 0.0249955952167511 0.0038771016988903284 -0.0017621658043935895
v 0.024683931842446327 0.001055550412274897 -0.0011159619316458702
v 0.022306734696030617 0.0010861713672056794 -0.00408898713067174
v 0.02165767177939415 0.010170340538024902 -0.004564990755170584
v 0.021624533459544182 0.001109448610804975 -0.004634341690689325
v 0.022383753210306168 0.01018315739929676 -0.0033047518227249384
v 0.022290369495749474 0.010199998505413532 -0.004079536534845829
v 0.021299995481967926 0.0010861724149435759 -0.002345263957977295
v 0.020582325756549835 0.010183160193264484 -0.00267068506218493
v 0.021300002932548523 0.010199999436736107 -0.002364162355661392
v 0.02201767824590206 0.01018315926194191 -0.00267068506218493
v 0.0221133790910244 0.0011094498913735151 -0.0026633907109498978
v 0.0249955952167511 0.0038771016988903284 -0.0017621658043935895
v 0.022437922656536102 0.001109449309296906 -0.003225509775802493
v 0.02506331168115139 0.001055549830198288 -0.001773063326254487
v 0.022383753210306168 0.01018315739929676 -0.0033047518227249384
v 0.021624533459544182 0.001109448610804975 -0.004634341690689325
v 0.021636761724948883 0.007849149405956268 -0.007579299621284008
v 0.02167937159538269 0.001055553904734552 -0.00763421505689621
v 0.02165767177939415 0.010170340538024902 -0.004564990755170584
v 0.020582325756549835 0.010183160193264484 -0.00267068506218493
v 0.017940474674105644 0.003877106821164489 -0.0011800581123679876
v 0.017604397609829903 0.0038771082181483507 -0.0017621658043935895
v 0.02021625079214573 0.010183161124587059 -0.0033047518227249384
v 0.020293256267905235 0.0010861720656976104 -0.004088991321623325
v 0.02021625079214573 0.010183161124587059 -0.0033047518227249384
v 0.0201620664447546 0.0011094511719420552 -0.003225509775802493
v 0.022283514961600304 0.011105362325906754 -0.004075574688613415
v 0.021300002932548523 0.011099999770522118 -0.0035077445209026337
v 0.021688422188162804 0.011105363257229328 -0.004574918188154697
v 0.020316490903496742 0.011105364188551903 -0.004075574688613415
v 0.02018159255385399 0.011105363257229328 -0.0033105385955423117
v 0.02241840958595276 0.011105360463261604 -0.003310538362711668
v 0.020911583676934242 0.011105363257229328 -0.00457491772249341
v 0.020570015534758568 0.011105363257229328 -0.0026377770118415356
v 0.021300002932548523 0.011105363257229328 -0.0023720841854810715
v 0.022029990330338478 0.011105360463261604 -0.002637776779010892
v 0.020942332223057747 0.010170340538024902 -0.004564990755170584
v 0.02097545564174652 0.0011094490764662623 -0.004634341225028038
v 0.020911583676934242 0.011105363257229328 -0.00457491772249341
v 0.021688422188162804 0.011105363257229328 -0.004574918188154697
v 0.020316490903496742 0.011105364188551903 -0.004075574688613415
v 0.020309630781412125 0.010199999436736107 -0.004079536534845829
v 0.02241840958595276 0.011105360463261604 -0.003310538362711668
v 0.022029990330338478 0.011105360463261604 -0.002637776779010892
v 0.021300002932548523 0.011105363257229328 -0.0023720841854810715
v 0.022283514961600304 0.011105362325906754 -0.004075574688613415
v 0.02018159255385399 0.011105363257229328 -0.0033105385955423117
v 0.020570015534758568 0.011105363257229328 -0.0026377770118415356
v 0.020486606284976006 0.001109451288357377 -0.0026633907109498978
v 0.022437922656536102 0.001109449309296906 -0.003225509775802493
v 0.05189461261034012 0.009931805543601513 0.029160448350012302
v 0.05190000310540199 0.00860000029206276 0.030492248944938183
v 0.05189461261034012 0.00860000029206276 0.028608796186745167
v 0.05189461261034012 0.010483457706868649 0.030492248944938183
v 0.05189461261034012 0.007268194574862719 0.029160448350012302
v 0.05189461261034012 0.006716541945934296 0.030492248944938183
v 0.05189461261034012 0.007268194574862719 0.03182406071573496
v 0.05189461261034012 0.00860000029206276 0.032375712879002094
v 0.05189461261034012 0.009931805543601513 0.03182406071573496
v 0.05189461261034012 0.00860000029206276 0.028608796186745167
v 0.05189461261034012 0.007268194574862719 0.029160448350012302
v 0.05317654460668564 0.00860000029206276 0.02858578134328127
v 0.05317654460668564 0.007251919712871313 0.029144170694053173
v 0.05189461261034012 0.009931805543601513 0.029160448350012302
v 0.05317654460668564 0.009948080405592918 0.029144170694053173
v 0.05317654460668564 0.006693525705486536 0.030492248944938183
v 0.05189461261034012 0.006716541945934296 0.030492248944938183
v 0.05189461261034012 0.00860000029206276 0.032375712879002094
v 0.05189461261034012 0.009931805543601513 0.03182406071573496
v 0.05317654460668564 0.00860000029206276 0.032398723997175694
v 0.05317654460668564 0.009948080405592918 0.03184033650904894
v 0.05189461261034012 0.007268194574862719 0.03182406071573496
v 0.05317654460668564 0.007251919712871313 0.03184033650904894
v 0.05189461261034012 0.010483457706868649 0.030492248944938183
v 0.05317654460668564 0.010506474412977695 0.030492248944938183
v 0.03124978207051754 0.010723907500505447 -0.0339704928919673
v 0.030391287058591843 0.00877605564892292 -0.03240917902439833
v 0.030350228771567345 0.010723907500505447 -0.0339704928919673
v 0.031208723783493042 0.00877605564892292 -0.03240917902439833
v 0.053150005638599396 0.0010999999940395355 -0.03340775053948164
v 0.05348323658108711 0.013926406390964985 -0.02325690072029829
v 0.053150005638599396 0.0010999999940395355 -0.023207745514810085
v 0.030391287058591843 0.00877605564892292 -0.03240917902439833
v 0.03124762699007988 0.0010428541572764516 -0.03236012440174818
v 0.03036000393331051 0.0010199958924204111 -0.03236774634569883
v 0.031208723783493042 0.00877605564892292 -0.03240917902439833
v 0.03120000846683979 0.0010999999940395355 -0.03340775053948164
v 0.031208723783493042 0.00877605564892292 -0.03240917902439833
v 0.03124978207051754 0.010723907500505447 -0.0339704928919673
v 0.03124762699007988 0.0010428541572764516 -0.03236012440174818
v 0.05321667715907097 0.014716660603880882 -0.033391076140105724
v 0.053150027990341187 0.01589999906718731 -0.034407745115458965
v 0.05348323658108711 0.013926406390964985 -0.02325690072029829
v 0.050652455538511276 0.01096290908753872 -0.022397994063794613
v 0.050652455538511276 0.01096290908753872 -0.02321749459952116
v 0.053363315761089325 0.01394677720963955 -0.022344515658915043
v 0.050652455538511276 0.01096290908753872 -0.022397994063794613
v 0.05062778294086456 0.0041222223080694675 -0.022541084326803684
v 0.05062778294086456 0.0041222223080694675 -0.02307440433651209
v 0.050652455538511276 0.01096290908753872 -0.02321749459952116
v 0.05348323658108711 0.013926406390964985 -0.02325690072029829
v 0.05062778294086456 0.0041222223080694675 -0.02307440433651209
v 0.053150005638599396 0.0010999999940395355 -0.023207745514810085
v 0.053363315761089325 0.01394677720963955 -0.022344515658915043
v 0.05062778294086456 0.0041222223080694675 -0.022541084326803684
v 0.050652455538511276 0.01096290908753872 -0.022397994063794613
v 0.053150005638599396 0.0010999998776242137 -0.022407743148505688
v 0.05062778294086456 0.0041222223080694675 -0.022541084326803684
v 0.04815000295639038 0.00409999955445528 -0.022407743148505688
v 0.05062778294086456 0.0041222223080694675 -0.02307440433651209
v 0.04815000295639038 0.00409999955445528 -0.023207745514810085
v 0.04810238629579544 0.0010428542736917734 -0.0223601246252656
v 0.04815000295639038 0.00409999955445528 -0.022407743148505688
v 0.053194448351860046 0.013951851986348629 0.0034441081807017326
v 0.05215000361204147 0.013900000602006912 0.002592254662886262
v 0.0532071478664875 0.013947620056569576 0.0025446354411542416
v 0.05215000361204147 0.013900000602006912 0.003392255399376154
v 0.05215000361204147 0.013900000602006912 0.003392255399376154
v 0.05211000144481659 0.0010199958924204111 0.003432255471125245
v 0.05211000144481659 0.0010199958924204111 0.002552254591137171
v 0.05215000361204147 0.013900000602006912 0.002592254662886262
v 0.04815000295639038 0.00409999955445528 -0.023207745514810085
v 0.04810238629579544 0.0010428542736917734 -0.0223601246252656
v 0.04812777787446976 0.0009666598634794354 -0.02322996873408556
v 0.04815000295639038 0.00409999955445528 -0.022407743148505688
v 0.053150005638599396 0.0010999999940395355 0.002592254662886262
v 0.05215000361204147 0.013900000602006912 0.002592254662886262
v 0.05211000144481659 0.0010199958924204111 0.002552254591137171
v 0.0532071478664875 0.013947620056569576 0.0025446354411542416
v 0.05215000361204147 0.013900000602006912 0.003392255399376154
v 0.053150005638599396 0.0010999999940395355 0.003392255399376154
v 0.05211000144481659 0.0010199958924204111 0.003432255471125245
v 0.053194448351860046 0.013951851986348629 0.0034441081807017326
v 0.05439421907067299 0.0000957581214606762 -0.03393211495131254
v 0.05394011363387108 0.00009194843005388975 -0.03439474757760763
v 0.05426302179694176 0.0000903615728020668 -0.034256923012435436
v 0.053150005638599396 0.0010999999940395355 0.002592254662886262
v 0.053150005638599396 0.0010999998776242137 -0.022407743148505688
v 0.0532071478664875 0.013947620056569576 0.0025446354411542416
v 0.053363315761089325 0.01394677720963955 -0.022344515658915043
v 0.0531499981880188 0.01590000092983246 -0.009923725388944149
v 0.053150005638599396 0.01590000092983246 0.03439224977046251
v 0.053194448351860046 0.013951851986348629 0.0034441081807017326
v 0.053109876811504364 0.014739962294697762 -0.034327383153140545
v 0.04812777787446976 0.0009666598634794354 -0.02322996873408556
v 0.050652455538511276 0.01096290908753872 -0.02321749459952116
v 0.04815000295639038 0.00409999955445528 -0.023207745514810085
v 0.05394047498703003 0.015908492729067802 -0.03440714906901121
v 0.053150027990341187 0.01589999906718731 -0.034407745115458965
v 0.05438452214002609 0.015899989753961563 -0.009923755191266537
v 0.0543845109641552 0.01590000092983246 0.03439224977046251
v 0.053150005638599396 0.01590000092983246 0.03439224977046251
v 0.05438452586531639 0.00010000716429203749 -0.00992374774068594
v 0.0543845109641552 0.01590000092983246 0.03439224977046251
v 0.0543845109641552 0.0000999999392661266 0.03439224977046251
v 0.05317654460668564 0.00860000029206276 0.02858578134328127
v 0.05325910076498985 0.0011303034843876958 0.01642255950719118
v 0.030350228771567345 0.010723907500505447 -0.0339704928919673
v 0.030400004237890244 0.00109999964479357 -0.03340775053948164
v 0.0543845109641552 0.0000999999392661266 0.03439224977046251
v 0.053150005638599396 0.00860000029206276 0.03439224977046251
v 0.05317654460668564 0.007251919712871313 0.03184033650904894
v 0.05317654460668564 0.00860000029206276 0.032398723997175694
v 0.05317654460668564 0.009948080405592918 0.03184033650904894
v 0.053150005638599396 0.0000999999392661266 0.03439224977046251
v 0.0543845109641552 0.01590000092983246 0.03439224977046251
v 0.0543845109641552 0.0000999999392661266 0.03439224977046251
v 0.053150005638599396 0.00860000029206276 0.03439224977046251
v 0.053150005638599396 0.01590000092983246 0.03439224977046251
v 0.053150005638599396 0.0000999999392661266 0.03439224977046251
v 0.05317654460668564 0.009948080405592918 0.029144170694053173
v 0.05317654460668564 0.010506474412977695 0.030492248944938183
v 0.05317654460668564 0.007251919712871313 0.029144170694053173
v 0.053150005638599396 0.0010999999940395355 0.003392255399376154
v 0.05317654460668564 0.006693525705486536 0.030492248944938183
v 0.05311000347137451 0.0001800039317458868 0.016432256437838078
v -0.05325910076498985 0.0011303034843876958 0.01642255950719118
v 0.05311000347137451 0.0001800039317458868 0.016432256437838078
v 0.05325910076498985 0.0011303034843876958 0.01642255950719118
v 0.053150005638599396 0.0000999999392661266 0.03439224977046251
v -0.053050000220537186 0.0011999999405816197 -0.03330774884670973
v -0.053050000220537186 0.014000000432133675 -0.023307745344936848
v -0.053050000220537186 0.0011999999405816197 -0.023307745344936848
v 0.053050000220537186 0.0011999999405816197 -0.03330774884670973
v 0.053050000220537186 0.014000000432133675 -0.023307745344936848
v 0.053050000220537186 0.014799999073147774 -0.03330774884670973
v -0.054341740906238556 -1.1641532182693481e-10 -0.03433531057089567
v -0.05449966341257095 0.01600000075995922 -0.033968436531722546
v -0.054341934621334076 0.01600000075995922 -0.034349787048995495
v -0.053960688412189484 0.01600000075995922 -0.03450774680823088
v -0.05396050214767456 -1.1641532182693481e-10 -0.034495736472308636
v -0.05449966341257095 0.01600000075995922 -0.033968436531722546
v -0.053960688412189484 0.01600000075995922 -0.03450774680823088
v -0.054341934621334076 0.01600000075995922 -0.034349787048995495
v -0.05305003002285957 0.01600000075995922 -0.03450774680823088
v -0.053050000220537186 0.01600000075995922 -0.009923725388944149
v -0.054499462246894836 -1.1641532182693481e-10 -0.03395294677466154
v -0.05448450893163681 0.01600000075995922 -0.009923725388944149
v -0.053050000220537186 0.014799999073147774 -0.03330774884670973
v 0 0.014800000935792923 -0.03330774884670973
v 0 0.014800000935792923 -0.03450774680823088
v -0.05305003002285957 0.014800000935792923 -0.03450774680823088
v -0.03030000440776348 0.008799999952316284 -0.032307746820151806
v -0.03030000440776348 0.0011999999405816197 -0.032307746820151806
v -0.03030000440776348 0.0011999995913356543 -0.03330774884670973
v -0.03030000440776348 0.01080000028014183 -0.03330774884670973
v -0.022103479132056236 0.0011999992420896888 -0.002550190780311823
v -0.02470155619084835 0.0011999969137832522 -0.0010501914657652378
v -0.021299995481967926 0.0011999995913356543 -0.0022577461786568165
v -0.020496508106589317 0.0012000006390735507 -0.002550190780311823
v -0.0178984347730875 0.0012000025017187 -0.0010501910001039505
v -0.02172751910984516 0.0012000001734122634 -0.004682362079620361
v -0.02172751910984516 0.0012000006390735507 -0.007682361640036106
v -0.022382525727152824 0.0011999992420896888 -0.0041327462531626225
v -0.020872468128800392 0.0012000006390735507 -0.004682361613959074
v -0.02021746337413788 0.001200001104734838 -0.0041327462531626225
v -0.020872468128800392 0.0012000014539808035 -0.007682361640036106
v -0.017470909282565117 0.0012000029673799872 -0.001790686626918614
v 0 0.0011999999405816197 -0.007682360243052244
v 0 0.0011999999405816197 -0.0010501923970878124
v 0 0.0011999999405816197 -0.0017906888388097286
v -0.020068984478712082 0.001200001104734838 -0.0032906862907111645
v -0.053050000220537186 0.0011999999405816197 0.0034922549966722727
v -0.053050000220537186 0.0011999999405816197 0.016492255963385105
v -0.05205000191926956 0.0011999999405816197 0.0034922549966722727
v -0.025129081681370735 0.001199996448121965 -0.001790686626918614
v -0.05205000191926956 0.0011999999405816197 0.002492255065590143
v -0.02253100275993347 0.0011999992420896888 -0.0032906862907111645
v -0.053050000220537186 0.0011999999405816197 -0.022307743318378925
v -0.04805000126361847 0.0011999999405816197 -0.022307743318378925
v -0.053050000220537186 0.0011999999405816197 0.002492255065590143
v -0.03130000829696655 0.0011999999405816197 -0.032307746820151806
v -0.04805000126361847 0.0011999999405816197 -0.023307745344936848
v 0 0.0011999999405816197 -0.03200774546712637
v -0.03030000440776348 0.0011999999405816197 -0.032307746820151806
v 0 0.0011999995913356543 -0.03330774884670973
v -0.03030000440776348 0.0011999995913356543 -0.03330774884670973
v -0.053050000220537186 0.0011999999405816197 -0.03330774884670973
v -0.053050000220537186 0.0011999999405816197 -0.023307745344936848
v -0.03130000829696655 0.0011999999405816197 -0.03330774884670973
v -0.017470909282565117 0.0039000026881694794 -0.0017906861612573266
v -0.020068984478712082 0.001200001104734838 -0.0032906862907111645
v -0.02006899006664753 0.010199999436736107 -0.0032906841952353716
v -0.017470909282565117 0.0012000029673799872 -0.001790686626918614
v -0.025129083544015884 0.0038999957032501698 -0.0017906861612573266
v -0.022103484719991684 0.010199998505413532 -0.0025501891504973173
v -0.02253101021051407 0.010199997574090958 -0.0032906841952353716
v -0.02470155619084835 0.003899996168911457 -0.0010501905344426632
v -0.02087247744202614 0.010199999436736107 -0.004682360216975212
v -0.020872468128800392 0.0012000006390735507 -0.004682361613959074
v -0.02087246999144554 0.007900000549852848 -0.007682361174374819
v -0.020872468128800392 0.0012000014539808035 -0.007682361640036106
v -0.02087247744202614 0.010199999436736107 -0.004682360216975212
v -0.02087246999144554 0.007900000549852848 -0.007682361174374819
v -0.02172752097249031 0.007900000549852848 -0.007682361174374819
v -0.02172752656042576 0.010199999436736107 -0.004682360216975212
v -0.02470155619084835 0.003899996168911457 -0.0010501905344426632
v -0.02470155619084835 0.0011999969137832522 -0.0010501914657652378
v -0.022103479132056236 0.0011999992420896888 -0.002550190780311823
v -0.022103484719991684 0.010199998505413532 -0.0025501891504973173
v -0.01789843663573265 0.003900002222508192 -0.0010501900687813759
v -0.020496508106589317 0.0012000006390735507 -0.002550190780311823
v -0.0178984347730875 0.0012000025017187 -0.0010501910001039505
v -0.020496515557169914 0.010199999436736107 -0.0025501889176666737
v -0.01789843663573265 0.003900002222508192 -0.0010501900687813759
v -0.017470909282565117 0.0012000029673799872 -0.001790686626918614
v -0.017470909282565117 0.0039000026881694794 -0.0017906861612573266
v -0.0178984347730875 0.0012000025017187 -0.0010501910001039505
v -0.020872468128800392 0.0012000014539808035 -0.007682361640036106
v -0.02172752097249031 0.007900000549852848 -0.007682361174374819
v -0.02087246999144554 0.007900000549852848 -0.007682361174374819
v -0.02172751910984516 0.0012000006390735507 -0.007682361640036106
v -0.025129083544015884 0.0038999957032501698 -0.0017906861612573266
v -0.02470155619084835 0.0011999969137832522 -0.0010501914657652378
v -0.02470155619084835 0.003899996168911457 -0.0010501905344426632
v -0.025129081681370735 0.001199996448121965 -0.001790686626918614
v -0.02172751910984516 0.0012000001734122634 -0.004682362079620361
v -0.02238253317773342 0.010199998505413532 -0.004132744390517473
v -0.02172752656042576 0.010199999436736107 -0.004682360216975212
v -0.022382525727152824 0.0011999992420896888 -0.0041327462531626225
v -0.02253101021051407 0.010199997574090958 -0.0032906841952353716
v -0.021299995481967926 0.0011999995913356543 -0.0022577461786568165
v -0.022103484719991684 0.010199998505413532 -0.0025501891504973173
v -0.022103479132056236 0.0011999992420896888 -0.002550190780311823
v -0.02253101021051407 0.010199997574090958 -0.0032906841952353716
v -0.02253100275993347 0.0011999992420896888 -0.0032906862907111645
v -0.025129083544015884 0.0038999957032501698 -0.0017906861612573266
v -0.025129081681370735 0.001199996448121965 -0.001790686626918614
v -0.02172751910984516 0.0012000001734122634 -0.004682362079620361
v -0.02172752097249031 0.007900000549852848 -0.007682361174374819
v -0.02172751910984516 0.0012000006390735507 -0.007682361640036106
v -0.02172752656042576 0.010199999436736107 -0.004682360216975212
v -0.020496515557169914 0.010199999436736107 -0.0025501889176666737
v -0.01789843663573265 0.003900002222508192 -0.0010501900687813759
v -0.017470909282565117 0.0039000026881694794 -0.0017906861612573266
v -0.02006899006664753 0.010199999436736107 -0.0032906841952353716
v -0.02021746337413788 0.001200001104734838 -0.0041327462531626225
v -0.02087247744202614 0.010199999436736107 -0.004682360216975212
v -0.020217470824718475 0.010199999436736107 -0.004132744390517473
v -0.020068984478712082 0.001200001104734838 -0.0032906862907111645
v -0.020872468128800392 0.0012000006390735507 -0.004682361613959074
v -0.02238253504037857 0.01119999773800373 -0.004132744390517473
v -0.021300002932548523 0.01119999960064888 -0.0035077445209026337
v -0.021727528423070908 0.01119999960064888 -0.004682360216975212
v -0.020217470824718475 0.01119999960064888 -0.004132744390517473
v -0.020068993791937828 0.01119999960064888 -0.0032906841952353716
v -0.02253101021051407 0.01119999773800373 -0.0032906841952353716
v -0.02087247744202614 0.01119999960064888 -0.004682359751313925
v -0.020496517419815063 0.01119999960064888 -0.0025501889176666737
v -0.021300002932548523 0.011199998669326305 -0.0022577443160116673
v -0.022103488445281982 0.01119999773800373 -0.0025501889176666737
v -0.02087247744202614 0.01119999960064888 -0.004682359751313925
v -0.021727528423070908 0.01119999960064888 -0.004682360216975212
v -0.02253101021051407 0.01119999773800373 -0.0032906841952353716
v -0.021300002932548523 0.010199999436736107 -0.0022577447816729546
v -0.022103488445281982 0.01119999773800373 -0.0025501889176666737
v -0.021300002932548523 0.011199998669326305 -0.0022577443160116673
v -0.02238253504037857 0.01119999773800373 -0.004132744390517473
v -0.020217470824718475 0.01119999960064888 -0.004132744390517473
v -0.02006899006664753 0.010199999436736107 -0.0032906841952353716
v -0.020496517419815063 0.01119999960064888 -0.0025501889176666737
v -0.020496515557169914 0.010199999436736107 -0.0025501889176666737
v -0.020068993791937828 0.01119999960064888 -0.0032906841952353716
v -0.020496508106589317 0.0012000006390735507 -0.002550190780311823
v -0.02253100275993347 0.0011999992420896888 -0.0032906862907111645
v -0.05180000141263008 0.010014212690293789 0.029078041203320026
v -0.05180000141263008 0.00860000029206276 0.030492248944938183
v -0.05180000141263008 0.00860000029206276 0.028492254205048084
v -0.05180000141263008 0.010600000619888306 0.030492248944938183
v -0.05180000141263008 0.007185786962509155 0.029078041203320026
v -0.05180000141263008 0.006599999498575926 0.030492248944938183
v -0.05180000141263008 0.007185786962509155 0.031906467862427235
v -0.05180000141263008 0.00860000029206276 0.03249225486069918
v -0.05180000141263008 0.010014212690293789 0.031906467862427235
v -0.05180000141263008 0.00860000029206276 0.028492254205048084
v -0.053050000220537186 0.00860000029206276 0.028492254205048084
v -0.053050000220537186 0.010014212690293789 0.029078041203320026
v -0.05180000141263008 0.010014212690293789 0.029078041203320026
v -0.05180000141263008 0.007185786962509155 0.029078041203320026
v -0.053050000220537186 0.007185786962509155 0.029078041203320026
v -0.05180000141263008 0.006599999498575926 0.030492248944938183
v -0.053050000220537186 0.006599999498575926 0.030492248944938183
v -0.05180000141263008 0.007185786962509155 0.031906467862427235
v -0.053050000220537186 0.007185786962509155 0.031906467862427235
v -0.05180000141263008 0.00860000029206276 0.03249225486069918
v -0.053050000220537186 0.00860000029206276 0.03249225486069918
v -0.053050000220537186 0.010600000619888306 0.030492248944938183
v -0.053050000220537186 0.010014212690293789 0.031906467862427235
v -0.05180000141263008 0.010600000619888306 0.030492248944938183
v -0.05180000141263008 0.010014212690293789 0.031906467862427235
v -0.03130000829696655 0.01080000028014183 -0.03330774884670973
v -0.03130000829696655 0.008799999952316284 -0.032307746820151806
v -0.03030000440776348 0.008799999952316284 -0.032307746820151806
v -0.03030000440776348 0.01080000028014183 -0.03330774884670973
v -0.03030000440776348 0.0011999999405816197 -0.032307746820151806
v -0.03130000829696655 0.008799999952316284 -0.032307746820151806
v -0.03130000829696655 0.0011999999405816197 -0.032307746820151806
v -0.03030000440776348 0.008799999952316284 -0.032307746820151806
v -0.03130000829696655 0.01080000028014183 -0.03330774884670973
v -0.053050000220537186 0.014799999073147774 -0.03330774884670973
v -0.053050000220537186 0.0011999999405816197 -0.03330774884670973
v -0.03130000829696655 0.0011999999405816197 -0.03330774884670973
v -0.03030000440776348 0.01080000028014183 -0.03330774884670973
v 0 0.014800000935792923 -0.03330774884670973
v -0.03130000829696655 0.008799999952316284 -0.032307746820151806
v -0.03130000829696655 0.0011999999405816197 -0.03330774884670973
v -0.03130000829696655 0.0011999999405816197 -0.032307746820151806
v -0.03130000829696655 0.01080000028014183 -0.03330774884670973
v -0.053050000220537186 0.014000000432133675 -0.023307745344936848
v -0.050550006330013275 0.010999999940395355 -0.022307743318378925
v -0.050550006330013275 0.010999999940395355 -0.023307745344936848
v -0.053050000220537186 0.014000000432133675 -0.022307743318378925
v -0.050550006330013275 0.010999999940395355 -0.022307743318378925
v -0.050550006330013275 0.00419999985024333 -0.022307743318378925
v -0.050550006330013275 0.00419999985024333 -0.023307745344936848
v -0.050550006330013275 0.010999999940395355 -0.023307745344936848
v -0.050550006330013275 0.010999999940395355 -0.022307743318378925
v -0.053050000220537186 0.0011999999405816197 -0.022307743318378925
v -0.050550006330013275 0.00419999985024333 -0.022307743318378925
v -0.050550006330013275 0.00419999985024333 -0.022307743318378925
v -0.04805000126361847 0.00419999985024333 -0.022307743318378925
v -0.050550006330013275 0.00419999985024333 -0.023307745344936848
v -0.04805000126361847 0.00419999985024333 -0.023307745344936848
v -0.053050000220537186 0.014000000432133675 -0.022307743318378925
v -0.04805000126361847 0.0011999999405816197 -0.022307743318378925
v -0.04805000126361847 0.00419999985024333 -0.022307743318378925
v -0.053050000220537186 0.014000000432133675 0.0034922549966722727
v -0.05205000191926956 0.014000000432133675 0.002492255065590143
v -0.053050000220537186 0.014000000432133675 0.002492255065590143
v -0.05205000191926956 0.014000000432133675 0.0034922549966722727
v 0 0.0011999999405816197 0.016492255963385105
v -0.05205000191926956 0.014000000432133675 0.0034922549966722727
v -0.05205000191926956 0.0011999999405816197 0.002492255065590143
v -0.05205000191926956 0.014000000432133675 0.002492255065590143
v -0.05205000191926956 0.0011999999405816197 0.0034922549966722727
v -0.04805000126361847 0.00419999985024333 -0.022307743318378925
v -0.04805000126361847 0.0011999999405816197 -0.022307743318378925
v -0.04805000126361847 0.0011999999405816197 -0.023307745344936848
v -0.04805000126361847 0.00419999985024333 -0.023307745344936848
v -0.053050000220537186 0.0011999999405816197 0.002492255065590143
v -0.053050000220537186 0.014000000432133675 0.002492255065590143
v -0.05205000191926956 0.014000000432133675 0.002492255065590143
v -0.05205000191926956 0.0011999999405816197 0.002492255065590143
v -0.05205000191926956 0.0011999999405816197 0.0034922549966722727
v -0.053050000220537186 0.014000000432133675 0.0034922549966722727
v -0.053050000220537186 0.0011999999405816197 0.0034922549966722727
v -0.05205000191926956 0.014000000432133675 0.0034922549966722727
v -0.053049925714731216 -1.1641532182693481e-10 -0.034499998204410076
v -0.05448450893163681 1.1641532182693481e-10 -0.009923717938363552
v -0.054499462246894836 -1.1641532182693481e-10 -0.03395294677466154
v -0.05396050214767456 -1.1641532182693481e-10 -0.034495736472308636
v -0.054341740906238556 -1.1641532182693481e-10 -0.03433531057089567
v -0.053050000220537186 0.0011999999405816197 0.002492255065590143
v -0.053050000220537186 0.0011999999405816197 -0.022307743318378925
v -0.053050000220537186 0.014000000432133675 0.002492255065590143
v -0.053050000220537186 0.014000000432133675 -0.022307743318378925
v -0.053050000220537186 0.01600000075995922 -0.009923725388944149
v -0.053050000220537186 0.014799999073147774 -0.03330774884670973
v -0.05305003002285957 0.01600000075995922 -0.03450774680823088
v -0.053050000220537186 0.01600000075995922 0.034492251463234425
v -0.053050000220537186 0.014000000432133675 0.0034922549966722727
v -0.05305003002285957 0.014800000935792923 -0.03450774680823088
v -0.053050000220537186 0.0011999999405816197 -0.023307745344936848
v -0.050550006330013275 0.010999999940395355 -0.023307745344936848
v -0.050550006330013275 0.00419999985024333 -0.023307745344936848
v -0.053050000220537186 0.014000000432133675 -0.023307745344936848
v -0.04805000126361847 0.0011999999405816197 -0.023307745344936848
v -0.04805000126361847 0.00419999985024333 -0.023307745344936848
v -0.05305003002285957 0.01600000075995922 -0.03450774680823088
v -0.05305003002285957 0.014800000935792923 -0.03450774680823088
v 0 0.014800000935792923 -0.03450774680823088
v -0.053049925714731216 -1.1641532182693481e-10 -0.034499998204410076
v -0.05448450893163681 0.01600000075995922 -0.009923725388944149
v -0.053050000220537186 0.01600000075995922 0.034492251463234425
v -0.05448450893163681 0.01600000075995922 0.034492251463234425
v -0.05448450893163681 1.1641532182693481e-10 -0.009923717938363552
v -0.05448450893163681 0.01600000075995922 0.034492251463234425
v -0.05448450893163681 1.1641532182693481e-10 0.034492251463234425
v -0.053050000220537186 0.00860000029206276 0.028492254205048084
v -0.053050000220537186 0.0011999999405816197 0.016492255963385105
v 0 0.0011999995913356543 -0.03330774884670973
v -0.053050000220537186 -1.1641532182693481e-10 0.016492255963385105
v -0.05448450893163681 1.1641532182693481e-10 0.034492251463234425
v 0 -1.1641532182693481e-10 -0.009923719801008701
v -0.053050000220537186 0.00860000029206276 0.034492251463234425
v -0.053050000220537186 0.007185786962509155 0.031906467862427235
v -0.053050000220537186 0.00860000029206276 0.03249225486069918
v -0.053050000220537186 0.010014212690293789 0.031906467862427235
v -0.053050000220537186 -1.1641532182693481e-10 0.034492251463234425
v -0.05448450893163681 0.01600000075995922 0.034492251463234425
v -0.05448450893163681 1.1641532182693481e-10 0.034492251463234425
v -0.053050000220537186 0.00860000029206276 0.034492251463234425
v 0 -1.1641532182693481e-10 0.016492255963385105
v -0.053050000220537186 -1.1641532182693481e-10 0.034492251463234425
v -0.053050000220537186 0.010014212690293789 0.029078041203320026
v -0.053050000220537186 0.010600000619888306 0.030492248944938183
v -0.053050000220537186 0.007185786962509155 0.029078041203320026
v -0.053050000220537186 0.0011999999405816197 0.0034922549966722727
v -0.053050000220537186 0.006599999498575926 0.030492248944938183
v -0.053050000220537186 -1.1641532182693481e-10 0.016492255963385105
v -0.053050000220537186 -1.1641532182693481e-10 0.016492255963385105
v 0 -1.1641532182693481e-10 0.016492255963385105
v -0.053050000220537186 0.0011999999405816197 0.016492255963385105
v -0.053050000220537186 0.01600000075995922 0.034492251463234425
v -0.053050000220537186 -1.1641532182693481e-10 0.034492251463234425
v 0 -1.1641532182693481e-10 -0.03450774680823088
v 0.053049925714731216 -1.1641532182693481e-10 -0.034499998204410076
v 0.054341740906238556 -1.1641532182693481e-10 -0.03433531057089567
v 0.053960688412189484 0.01600000075995922 -0.03450774680823088
v 0.054341934621334076 0.01600000075995922 -0.034349787048995495
v 0.05305003002285957 0.01600000075995922 -0.03450774680823088
v 0.05449966341257095 0.01600000075995922 -0.033968436531722546
v 0.053960688412189484 0.01600000075995922 -0.03450774680823088
v 0.053050000220537186 0.01600000075995922 -0.009923725388944149
v 0.05448450893163681 0.01600000075995922 -0.009923725388944149
v 0.054341934621334076 0.01600000075995922 -0.034349787048995495
v 0.05449966341257095 0.01600000075995922 -0.033968436531722546
v 0.054499462246894836 1.1641532182693481e-10 -0.03395294677466154
v 0 -1.1641532182693481e-10 -0.03450774680823088
v 0.053050000220537186 0.014799999073147774 -0.03330774884670973
v 0.05305003002285957 0.014800000935792923 -0.03450774680823088
v 0.053050000220537186 0.0011999999405816197 -0.03330774884670973
v 0.03130000829696655 0.01080000028014183 -0.03330774884670973
v 0.03130000829696655 0.0011999999405816197 -0.03330774884670973
v 0.053050000220537186 -1.1641532182693481e-10 0.016492255963385105
v 0.017470909282565117 0.0012000029673799872 -0.001790686626918614
v 0.0178984347730875 0.0012000025017187 -0.0010501910001039505
v 0.03030000440776348 0.0011999999405816197 -0.032307746820151806
v 0.03030000440776348 0.008799999952316284 -0.032307746820151806
v 0.03030000440776348 0.0011999995913356543 -0.03330774884670973
v 0.03030000440776348 0.01080000028014183 -0.03330774884670973
v 0.022103479132056236 0.0011999992420896888 -0.002550190780311823
v 0.021299995481967926 0.0011999995913356543 -0.0022577461786568165
v 0.02470155619084835 0.0011999969137832522 -0.0010501914657652378
v 0.020496508106589317 0.0012000006390735507 -0.002550190780311823
v 0.02172751910984516 0.0012000001734122634 -0.004682362079620361
v 0.022382525727152824 0.0011999992420896888 -0.0041327462531626225
v 0.02172751910984516 0.0012000006390735507 -0.007682361640036106
v 0.020872468128800392 0.0012000014539808035 -0.007682361640036106
v 0.020872468128800392 0.0012000006390735507 -0.004682361613959074
v 0.02021746337413788 0.001200001104734838 -0.0041327462531626225
v 0.020068984478712082 0.001200001104734838 -0.0032906862907111645
v 0.03030000440776348 0.0011999999405816197 -0.032307746820151806
v 0.03030000440776348 0.0011999995913356543 -0.03330774884670973
v 0.053050000220537186 0.0011999999405816197 0.0034922549966722727
v 0.05205000191926956 0.0011999999405816197 0.0034922549966722727
v 0.053050000220537186 0.0011999999405816197 0.016492255963385105
v 0.025129081681370735 0.001199996448121965 -0.001790686626918614
v 0.05205000191926956 0.0011999999405816197 0.002492255065590143
v 0.02253100275993347 0.0011999992420896888 -0.0032906862907111645
v 0.053050000220537186 0.0011999999405816197 -0.022307743318378925
v 0.04805000126361847 0.0011999999405816197 -0.022307743318378925
v 0.053050000220537186 0.0011999999405816197 0.002492255065590143
v 0.03130000829696655 0.0011999999405816197 -0.032307746820151806
v 0.053050000220537186 0.0011999999405816197 -0.023307745344936848
v 0.053050000220537186 0.0011999999405816197 -0.03330774884670973
v 0.04805000126361847 0.0011999999405816197 -0.023307745344936848
v 0.03130000829696655 0.0011999999405816197 -0.03330774884670973
v 0.017470909282565117 0.0039000026881694794 -0.0017906861612573266
v 0.020068984478712082 0.001200001104734838 -0.0032906862907111645
v 0.017470909282565117 0.0012000029673799872 -0.001790686626918614
v 0.02006899006664753 0.010199999436736107 -0.0032906841952353716
v 0.025129083544015884 0.0038999957032501698 -0.0017906861612573266
v 0.022103484719991684 0.010199998505413532 -0.0025501891504973173
v 0.02470155619084835 0.003899996168911457 -0.0010501905344426632
v 0.02253101021051407 0.010199997574090958 -0.0032906841952353716
v 0.020872468128800392 0.0012000006390735507 -0.004682361613959074
v 0.02087246999144554 0.007900000549852848 -0.007682361174374819
v 0.020872468128800392 0.0012000014539808035 -0.007682361640036106
v 0.02087247744202614 0.010199999436736107 -0.004682360216975212
v 0.02087247744202614 0.010199999436736107 -0.004682360216975212
v 0.02172752097249031 0.007900000549852848 -0.007682361174374819
v 0.02087246999144554 0.007900000549852848 -0.007682361174374819
v 0.02172752656042576 0.010199999436736107 -0.004682360216975212
v 0.02470155619084835 0.003899996168911457 -0.0010501905344426632
v 0.022103479132056236 0.0011999992420896888 -0.002550190780311823
v 0.02470155619084835 0.0011999969137832522 -0.0010501914657652378
v 0.022103484719991684 0.010199998505413532 -0.0025501891504973173
v 0.020496508106589317 0.0012000006390735507 -0.002550190780311823
v 0.01789843663573265 0.003900002222508192 -0.0010501900687813759
v 0.0178984347730875 0.0012000025017187 -0.0010501910001039505
v 0.020496515557169914 0.010199999436736107 -0.0025501889176666737
v 0.017470909282565117 0.0012000029673799872 -0.001790686626918614
v 0.01789843663573265 0.003900002222508192 -0.0010501900687813759
v 0.017470909282565117 0.0039000026881694794 -0.0017906861612573266
v 0.0178984347730875 0.0012000025017187 -0.0010501910001039505
v 0.020872468128800392 0.0012000014539808035 -0.007682361640036106
v 0.02087246999144554 0.007900000549852848 -0.007682361174374819
v 0.02172752097249031 0.007900000549852848 -0.007682361174374819
v 0.02172751910984516 0.0012000006390735507 -0.007682361640036106
v 0.025129083544015884 0.0038999957032501698 -0.0017906861612573266
v 0.02470155619084835 0.0011999969137832522 -0.0010501914657652378
v 0.025129081681370735 0.001199996448121965 -0.001790686626918614
v 0.02470155619084835 0.003899996168911457 -0.0010501905344426632
v 0.020068984478712082 0.001200001104734838 -0.0032906862907111645
v 0.020217470824718475 0.010199999436736107 -0.004132744390517473
v 0.02021746337413788 0.001200001104734838 -0.0041327462531626225
v 0.02006899006664753 0.010199999436736107 -0.0032906841952353716
v 0.02172751910984516 0.0012000001734122634 -0.004682362079620361
v 0.02172752656042576 0.010199999436736107 -0.004682360216975212
v 0.02238253317773342 0.010199998505413532 -0.004132744390517473
v 0.021299995481967926 0.0011999995913356543 -0.0022577461786568165
v 0.022103484719991684 0.010199998505413532 -0.0025501891504973173
v 0.021300002932548523 0.010199999436736107 -0.0022577447816729546
v 0.020496515557169914 0.010199999436736107 -0.0025501889176666737
v 0.020496508106589317 0.0012000006390735507 -0.002550190780311823
v 0.02253100275993347 0.0011999992420896888 -0.0032906862907111645
v 0.02253101021051407 0.010199997574090958 -0.0032906841952353716
v 0.025129083544015884 0.0038999957032501698 -0.0017906861612573266
v 0.025129081681370735 0.001199996448121965 -0.001790686626918614
v 0.02172752097249031 0.007900000549852848 -0.007682361174374819
v 0.02172751910984516 0.0012000001734122634 -0.004682362079620361
v 0.02172751910984516 0.0012000006390735507 -0.007682361640036106
v 0.02172752656042576 0.010199999436736107 -0.004682360216975212
v 0.01789843663573265 0.003900002222508192 -0.0010501900687813759
v 0.020496515557169914 0.010199999436736107 -0.0025501889176666737
v 0.017470909282565117 0.0039000026881694794 -0.0017906861612573266
v 0.02006899006664753 0.010199999436736107 -0.0032906841952353716
v 0.02087247744202614 0.010199999436736107 -0.004682360216975212
v 0.02238253504037857 0.01119999773800373 -0.004132744390517473
v 0.021727528423070908 0.01119999960064888 -0.004682360216975212
v 0.021300002932548523 0.01119999960064888 -0.0035077445209026337
v 0.020217470824718475 0.01119999960064888 -0.004132744390517473
v 0.020068993791937828 0.01119999960064888 -0.0032906841952353716
v 0.02253101021051407 0.01119999773800373 -0.0032906841952353716
v 0.02087247744202614 0.01119999960064888 -0.004682359751313925
v 0.020496517419815063 0.01119999960064888 -0.0025501889176666737
v 0.021300002932548523 0.011199998669326305 -0.0022577443160116673
v 0.022103488445281982 0.01119999773800373 -0.0025501889176666737
v 0.02087247744202614 0.01119999960064888 -0.004682359751313925
v 0.020872468128800392 0.0012000006390735507 -0.004682361613959074
v 0.02253101021051407 0.01119999773800373 -0.0032906841952353716
v 0.022103488445281982 0.01119999773800373 -0.0025501889176666737
v 0.022103479132056236 0.0011999992420896888 -0.002550190780311823
v 0.021727528423070908 0.01119999960064888 -0.004682360216975212
v 0.02238253504037857 0.01119999773800373 -0.004132744390517473
v 0.020217470824718475 0.01119999960064888 -0.004132744390517473
v 0.020496517419815063 0.01119999960064888 -0.0025501889176666737
v 0.020068993791937828 0.01119999960064888 -0.0032906841952353716
v 0.021300002932548523 0.011199998669326305 -0.0022577443160116673
v 0.022382525727152824 0.0011999992420896888 -0.0041327462531626225
v 0.02253101021051407 0.010199997574090958 -0.0032906841952353716
v 0.02253100275993347 0.0011999992420896888 -0.0032906862907111645
v 0.05180000141263008 0.010014212690293789 0.029078041203320026
v 0.05180000141263008 0.00860000029206276 0.028492254205048084
v 0.05180000141263008 0.00860000029206276 0.030492248944938183
v 0.05180000141263008 0.010600000619888306 0.030492248944938183
v 0.05180000141263008 0.007185786962509155 0.029078041203320026
v 0.05180000141263008 0.006599999498575926 0.030492248944938183
v 0.05180000141263008 0.007185786962509155 0.031906467862427235
v 0.05180000141263008 0.00860000029206276 0.03249225486069918
v 0.05180000141263008 0.010014212690293789 0.031906467862427235
v 0.053050000220537186 0.00860000029206276 0.028492254205048084
v 0.05180000141263008 0.007185786962509155 0.029078041203320026
v 0.05180000141263008 0.00860000029206276 0.028492254205048084
v 0.053050000220537186 0.010014212690293789 0.029078041203320026
v 0.05180000141263008 0.010014212690293789 0.029078041203320026
v 0.053050000220537186 0.007185786962509155 0.029078041203320026
v 0.053050000220537186 0.006599999498575926 0.030492248944938183
v 0.05180000141263008 0.007185786962509155 0.031906467862427235
v 0.05180000141263008 0.006599999498575926 0.030492248944938183
v 0.053050000220537186 0.007185786962509155 0.031906467862427235
v 0.053050000220537186 0.00860000029206276 0.03249225486069918
v 0.05180000141263008 0.010014212690293789 0.031906467862427235
v 0.05180000141263008 0.00860000029206276 0.03249225486069918
v 0.053050000220537186 0.010600000619888306 0.030492248944938183
v 0.05180000141263008 0.010600000619888306 0.030492248944938183
v 0.053050000220537186 0.010014212690293789 0.031906467862427235
v 0.03130000829696655 0.01080000028014183 -0.03330774884670973
v 0.03030000440776348 0.008799999952316284 -0.032307746820151806
v 0.03130000829696655 0.008799999952316284 -0.032307746820151806
v 0.03030000440776348 0.01080000028014183 -0.03330774884670973
v 0.03130000829696655 0.008799999952316284 -0.032307746820151806
v 0.03030000440776348 0.0011999999405816197 -0.032307746820151806
v 0.03130000829696655 0.0011999999405816197 -0.032307746820151806
v 0.03030000440776348 0.008799999952316284 -0.032307746820151806
v 0.053050000220537186 0.014799999073147774 -0.03330774884670973
v 0.03030000440776348 0.01080000028014183 -0.03330774884670973
v 0.03130000829696655 0.008799999952316284 -0.032307746820151806
v 0.03130000829696655 0.0011999999405816197 -0.03330774884670973
v 0.03130000829696655 0.01080000028014183 -0.03330774884670973
v 0.03130000829696655 0.0011999999405816197 -0.032307746820151806
v 0.050550006330013275 0.010999999940395355 -0.022307743318378925
v 0.053050000220537186 0.014000000432133675 -0.023307745344936848
v 0.050550006330013275 0.010999999940395355 -0.023307745344936848
v 0.053050000220537186 0.014000000432133675 -0.022307743318378925
v 0.050550006330013275 0.00419999985024333 -0.023307745344936848
v 0.050550006330013275 0.010999999940395355 -0.022307743318378925
v 0.050550006330013275 0.010999999940395355 -0.023307745344936848
v 0.050550006330013275 0.00419999985024333 -0.022307743318378925
v 0.053050000220537186 0.014000000432133675 -0.023307745344936848
v 0.053050000220537186 0.0011999999405816197 -0.023307745344936848
v 0.050550006330013275 0.010999999940395355 -0.023307745344936848
v 0.050550006330013275 0.00419999985024333 -0.023307745344936848
v 0.050550006330013275 0.010999999940395355 -0.022307743318378925
v 0.053050000220537186 0.0011999999405816197 -0.022307743318378925
v 0.053050000220537186 0.014000000432133675 -0.022307743318378925
v 0.04805000126361847 0.00419999985024333 -0.022307743318378925
v 0.050550006330013275 0.00419999985024333 -0.023307745344936848
v 0.04805000126361847 0.00419999985024333 -0.023307745344936848
v 0.050550006330013275 0.00419999985024333 -0.022307743318378925
v 0.050550006330013275 0.00419999985024333 -0.022307743318378925
v 0.04805000126361847 0.0011999999405816197 -0.022307743318378925
v 0.04805000126361847 0.00419999985024333 -0.022307743318378925
v 0.053050000220537186 0.014000000432133675 0.0034922549966722727
v 0.053050000220537186 0.014000000432133675 0.002492255065590143
v 0.05205000191926956 0.014000000432133675 0.002492255065590143
v 0.05205000191926956 0.014000000432133675 0.0034922549966722727
v 0.05205000191926956 0.0011999999405816197 0.002492255065590143
v 0.05205000191926956 0.014000000432133675 0.0034922549966722727
v 0.05205000191926956 0.014000000432133675 0.002492255065590143
v 0.05205000191926956 0.0011999999405816197 0.0034922549966722727
v 0.04805000126361847 0.0011999999405816197 -0.023307745344936848
v 0.04805000126361847 0.00419999985024333 -0.022307743318378925
v 0.04805000126361847 0.00419999985024333 -0.023307745344936848
v 0.04805000126361847 0.0011999999405816197 -0.022307743318378925
v 0.053050000220537186 0.0011999999405816197 0.002492255065590143
v 0.05205000191926956 0.014000000432133675 0.002492255065590143
v 0.053050000220537186 0.014000000432133675 0.002492255065590143
v 0.05205000191926956 0.0011999999405816197 0.002492255065590143
v 0.053050000220537186 0.014000000432133675 0.0034922549966722727
v 0.05205000191926956 0.0011999999405816197 0.0034922549966722727
v 0.053050000220537186 0.0011999999405816197 0.0034922549966722727
v 0.05205000191926956 0.014000000432133675 0.0034922549966722727
v 0.05448450893163681 1.1641532182693481e-10 -0.009923717938363552
v 0.054499462246894836 1.1641532182693481e-10 -0.03395294677466154
v 0.05396050214767456 -1.1641532182693481e-10 -0.034495736472308636
v 0.054341740906238556 -1.1641532182693481e-10 -0.03433531057089567
v 0.053050000220537186 0.0011999999405816197 0.002492255065590143
v 0.053050000220537186 0.014000000432133675 0.002492255065590143
v 0.053050000220537186 0.0011999999405816197 -0.022307743318378925
v 0.053050000220537186 0.014000000432133675 -0.022307743318378925
v 0.053050000220537186 0.01600000075995922 -0.009923725388944149
v 0.053050000220537186 0.0011999999405816197 -0.023307745344936848
v 0.05305003002285957 0.01600000075995922 -0.03450774680823088
v 0.05305003002285957 0.014800000935792923 -0.03450774680823088
v 0.04805000126361847 0.0011999999405816197 -0.023307745344936848
v 0.04805000126361847 0.00419999985024333 -0.023307745344936848
v 0.05396050214767456 -1.1641532182693481e-10 -0.034495736472308636
v 0.05305003002285957 0.014800000935792923 -0.03450774680823088
v 0.05305003002285957 0.01600000075995922 -0.03450774680823088
v 0.053049925714731216 -1.1641532182693481e-10 -0.034499998204410076
v 0.053050000220537186 0.01600000075995922 0.034492251463234425
v 0.05448450893163681 0.01600000075995922 0.034492251463234425
v 0.05448450893163681 0.01600000075995922 -0.009923725388944149
v 0.05448450893163681 1.1641532182693481e-10 -0.009923717938363552
v 0.05448450893163681 0.01600000075995922 0.034492251463234425
v 0.05448450893163681 -1.1641532182693481e-10 0.034492251463234425
v 0.053050000220537186 0.00860000029206276 0.028492254205048084
v 0.053050000220537186 0.0011999999405816197 0.016492255963385105
v 0.053050000220537186 0.007185786962509155 0.029078041203320026
v -0.03030000440776348 0.0011999995913356543 -0.03330774884670973
v 0.03030000440776348 0.0011999995913356543 -0.03330774884670973
v 0.05448450893163681 -1.1641532182693481e-10 0.034492251463234425
v 0.053050000220537186 0.010014212690293789 0.031906467862427235
v 0.053050000220537186 0.00860000029206276 0.034492251463234425
v 0.053050000220537186 0.01600000075995922 0.034492251463234425
v 0.053050000220537186 0.007185786962509155 0.031906467862427235
v 0.053050000220537186 -1.1641532182693481e-10 0.034492251463234425
v 0.053050000220537186 0.00860000029206276 0.03249225486069918
v 0.053050000220537186 0.01600000075995922 0.034492251463234425
v 0.053050000220537186 0.00860000029206276 0.034492251463234425
v 0.05448450893163681 0.01600000075995922 0.034492251463234425
v 0.053050000220537186 -1.1641532182693481e-10 0.034492251463234425
v 0.053050000220537186 0.010014212690293789 0.029078041203320026
v 0.053050000220537186 0.014000000432133675 0.0034922549966722727
v 0.053050000220537186 0.010600000619888306 0.030492248944938183
v 0.053050000220537186 0.0011999999405816197 0.0034922549966722727
v 0.053050000220537186 0.006599999498575926 0.030492248944938183
v 0.053050000220537186 -1.1641532182693481e-10 0.016492255963385105
v 0 0.0011999999405816197 0.016492255963385105
v 0.053050000220537186 0.0011999999405816197 0.016492255963385105
v 0.053050000220537186 -1.1641532182693481e-10 0.016492255963385105
v 0.05448450893163681 -1.1641532182693481e-10 0.034492251463234425
v 0.053050000220537186 -1.1641532182693481e-10 0.034492251463234425
vt 1.6643060445785522 0.17045974731445312
vt 1.662753939628601 0.23011040687561035
vt 1.662764549255371 0.17045891284942627
vt 1.2713066339492798 0.3733093738555908
vt 1.2659021615982056 0.3753199577331543
vt 1.267911434173584 0.37330931425094604
vt 1.2713065147399902 0.4649627208709717
vt 1.265958309173584 0.4649627208709717
vt 1.26649010181427 0.3738982081413269
vt 1.6658474206924438 0.17046082019805908
vt 1.6643040180206299 0.2301105260848999
vt 1.6658520698547363 0.23011207580566406
vt 1.3976287841796875 0.021016836166381836
vt 1.199836254119873 0.016542434692382812
vt 1.3976287841796875 0.016542911529541016
vt 1.7171547412872314 0.04829835891723633
vt 1.7982447147369385 0.04829835891723633
vt 1.7171547412872314 0.08408981561660767
vt 1.786746621131897 0.6498711109161377
vt 1.786746621131897 0.6782063245773315
vt 1.7830183506011963 0.6498711109161377
vt 1.7830183506011963 0.6856629252433777
vt 1.116730809211731 0.5234004855155945
vt 1.117821216583252 0.5204048156738281
vt 1.1223232746124268 0.533086895942688
vt 1.116730809211731 0.5174092054367065
vt 1.1223232746124268 0.5077227354049683
vt 1.108781337738037 0.5219987630844116
vt 1.110830545425415 0.5244408249855042
vt 1.0975964069366455 0.5219988822937012
vt 1.108781337738037 0.5188108682632446
vt 1.0975964069366455 0.5188108086585999
vt 1.110830545425415 0.5163688659667969
vt 1.1195625066757202 0.5061287879943848
vt 1.1223233938217163 0.44099175930023193
vt 1.1139700412750244 0.5158151984214783
vt 1.139258623123169 0.6387789249420166
vt 1.139258623123169 0.6350505352020264
vt 1.1877268552780151 0.6387789249420166
vt 1.1195625066757202 0.5346809029579163
vt 1.135530710220337 0.6350505352020264
vt 1.1139700412750244 0.524994432926178
vt 1.0430684089660645 0.6387789249420166
vt 1.0430684089660645 0.6201373934745789
vt 1.135530710220337 0.638778805732727
vt 1.005785346031189 0.5539597868919373
vt 1.0069037675857544 0.4409918189048767
vt 1.097596526145935 0.44099175930023193
vt 1.0020569562911987 0.4409918189048767
vt 1.005785346031189 0.5576881170272827
vt 1.0393400192260742 0.6387789249420166
vt 1.0020569562911987 0.6387789249420166
vt 1.0393400192260742 0.6201373934745789
vt 1.0020570755004883 0.5576881170272827
vt 1.2675796747207642 0.32765084505081177
vt 1.2563947439193726 0.31758439540863037
vt 1.2675796747207642 0.3175843358039856
vt 1.2563947439193726 0.3511391878128052
vt 1.7946975231170654 0.24062156677246094
vt 1.7686820030212402 0.23743361234664917
vt 1.7946975231170654 0.23743367195129395
vt 1.7686820030212402 0.24062156677246094
vt 1.8083183765411377 0.6561776995658875
vt 1.797133445739746 0.6811573505401611
vt 1.797133445739746 0.6561776995658875
vt 1.8083183765411377 0.689732551574707
vt 1.9272150993347168 0.8768541812896729
vt 1.9240272045135498 0.8627603650093079
vt 1.9272150993347168 0.8627603650093079
vt 1.9240272045135498 0.8768542408943176
vt 1.8236088752746582 0.6601327657699585
vt 1.8124239444732666 0.6500663161277771
vt 1.8236088752746582 0.6500663161277771
vt 1.8124239444732666 0.6836212277412415
vt 1.277625560760498 0.2950083613395691
vt 1.277625560760498 0.32856321334838867
vt 1.2664406299591064 0.3050748109817505
vt 1.2664406299591064 0.2950083613395691
vt 1.8786888122558594 0.690091073513031
vt 1.8887553215026855 0.686903178691864
vt 1.8887553215026855 0.690091073513031
vt 1.8786888122558594 0.686903178691864
vt 1.0020509958267212 0.23537403345108032
vt 1.02703058719635 0.23856204748153687
vt 1.0020509958267212 0.23856204748153687
vt 1.02703058719635 0.23537403345108032
vt 1.8195416927337646 0.6786950826644897
vt 1.8296082019805908 0.6818829774856567
vt 1.8195416927337646 0.6818830966949463
vt 1.8296082019805908 0.6786950826644897
vt 1.8546488285064697 0.699593186378479
vt 1.8413584232330322 0.7172212600708008
vt 1.8400309085845947 0.7156658172607422
vt 1.773655891418457 0.7171254754066467
vt 1.834733009338379 0.7182851433753967
vt 1.8354475498199463 0.7219919562339783
vt 1.835500955581665 0.7145911455154419
vt 1.9884436130523682 0.7629438638687134
vt 1.9772586822509766 0.7730103731155396
vt 1.9772586822509766 0.7629438638687134
vt 1.9884436130523682 0.7964987754821777
vt 1.9963493347167969 0.9726026654243469
vt 1.9851644039154053 0.9476229548454285
vt 1.9963493347167969 0.9476229548454285
vt 1.9851644039154053 0.981177806854248
vt 1.7385642528533936 0.237434983253479
vt 1.7645798921585083 0.23743510246276855
vt 1.7385642528533936 0.24062299728393555
vt 1.7645798921585083 0.24062299728393555
vt 1.8546452522277832 0.7370938658714294
vt 1.838301658630371 0.7222031950950623
vt 1.8400379419326782 0.7209849953651428
vt 1.841362476348877 0.7194277048110962
vt 1.8561897277832031 0.7356851696968079
vt 1.9194585084915161 0.8329261541366577
vt 1.922455072402954 0.8340139389038086
vt 1.9194623231887817 0.837586522102356
vt 1.9235001802444458 0.8399133682250977
vt 1.9210599660873413 0.8419645428657532
vt 1.9164637327194214 0.8340189456939697
vt 1.924051284790039 0.8367733955383301
vt 1.9178720712661743 0.8419672250747681
vt 1.9154282808303833 0.8399201035499573
vt 1.914872169494629 0.8367810249328613
vt 1.8398284912109375 0.7189003825187683
vt 1.8391797542572021 0.7198249697685242
vt 1.8381786346435547 0.7163517475128174
vt 1.8371248245239258 0.716772735118866
vt 1.773576021194458 0.7112264037132263
vt 1.8561897277832031 0.7010022401809692
vt 1.839829683303833 0.7177502512931824
vt 1.8530969619750977 0.7384995222091675
vt 1.83823561668396 0.7202974557876587
vt 1.8372429609298706 0.7198368310928345
vt 1.8367762565612793 0.7183110117912292
vt 1.7737503051757812 0.7229870557785034
vt 1.8391478061676025 0.7168326377868652
vt 1.8383045196533203 0.7144436836242676
vt 1.8531043529510498 0.6981871724128723
vt 1.9587171077728271 0.9815958738327026
vt 1.954681634902954 0.9856313467025757
vt 1.9518280029296875 0.9787423014640808
vt 1.9587171077728271 0.9758887887001038
vt 1.948974370956421 0.9856313467025757
vt 1.9449388980865479 0.9815958738327026
vt 1.9449388980865479 0.9758887887001038
vt 1.948974370956421 0.9718532562255859
vt 1.9546815156936646 0.9718532562255859
vt 1.8748559951782227 0.7393447160720825
vt 1.87324059009552 0.7363375425338745
vt 1.8794944286346436 0.732154905796051
vt 1.866258144378662 0.7393447160720825
vt 1.8680315017700195 0.7350946664810181
vt 1.8749146461486816 0.7313674688339233
vt 1.8738739490509033 0.7255463600158691
vt 1.8781747817993164 0.7232629060745239
vt 1.8715312480926514 0.7172737121582031
vt 1.8628038167953491 0.717104434967041
vt 1.8643931150436401 0.7200334072113037
vt 1.8581717014312744 0.7245105504989624
vt 1.8697116374969482 0.7216092944145203
vt 1.8628089427947998 0.7253178358078003
vt 1.8596041202545166 0.7334141731262207
vt 1.863919734954834 0.7311037182807922
vt 1.913311243057251 0.6757187843322754
vt 1.9216480255126953 0.6719903945922852
vt 1.9216480255126953 0.6757187843322754
vt 1.913311243057251 0.6719905138015747
vt 1.8925031423568726 0.7451673746109009
vt 1.844780683517456 0.7824505567550659
vt 1.841798186302185 0.7451673746109009
vt 1.9721773862838745 0.24472427368164062
vt 1.9759056568145752 0.21638906002044678
vt 1.9759056568145752 0.24472427368164062
vt 1.972177505493164 0.21638906002044678
vt 1.7982447147369385 0.09900301694869995
vt 1.7134265899658203 0.08408981561660767
vt 1.2754172086715698 0.2615388035774231
vt 1.2716889381408691 0.28987401723861694
vt 1.2716889381408691 0.25408220291137695
vt 1.2754172086715698 0.28987401723861694
vt 1.9723100662231445 0.7473688721656799
vt 1.9685816764831543 0.761928379535675
vt 1.9685816764831543 0.7473688721656799
vt 1.9723100662231445 0.761928379535675
vt 1.8286774158477783 0.24472123384475708
vt 1.8540300130844116 0.2409929633140564
vt 1.8540300130844116 0.24472123384475708
vt 1.8286774158477783 0.24099302291870117
vt 1.9106011390686035 0.8949562311172485
vt 1.919921875 0.8584187030792236
vt 1.919921875 0.8837712407112122
vt 1.9764138460159302 0.7540916204452515
vt 1.9857347011566162 0.7578198909759521
vt 1.9764138460159302 0.7578198909759521
vt 1.9857347011566162 0.7540916204452515
vt 1.9651554822921753 0.8132321834564209
vt 1.9651554822921753 0.7655097246170044
vt 1.9744762182235718 0.8020472526550293
vt 1.9837970733642578 0.8132321834564209
vt 1.9837970733642578 0.8020472526550293
vt 1.9744762182235718 0.776694655418396
vt 1.99570631980896 0.9819064140319824
vt 1.99570631980896 0.9856346845626831
vt 1.9919779300689697 0.9856346845626831
vt 1.9919779300689697 0.9819064140319824
vt 1.1877270936965942 0.4409918189048767
vt 1.928902268409729 0.2447229027748108
vt 1.9251739978790283 0.1970004439353943
vt 1.928902268409729 0.1970004439353943
vt 1.9251739978790283 0.2447229027748108
vt 1.8541271686553955 0.7089419364929199
vt 1.8653119802474976 0.7126702666282654
vt 1.8541271686553955 0.7126702666282654
vt 1.8653119802474976 0.7089419364929199
vt 1.9408538341522217 0.19700336456298828
vt 1.944582223892212 0.24472588300704956
vt 1.9408538341522217 0.24472588300704956
vt 1.944582223892212 0.19700336456298828
vt 1.936741828918457 0.19699883460998535
vt 1.9330135583877563 0.2447211742401123
vt 1.9330135583877563 0.19699883460998535
vt 1.936741828918457 0.2447211742401123
vt 1.4724757671356201 0.6354261636734009
vt 1.380847692489624 0.6407750248908997
vt 1.3808473348617554 0.4376394748687744
vt 1.4704360961914062 0.6408305168151855
vt 1.4724597930908203 0.6388211250305176
vt 1.471861720085144 0.6402425169944763
vt 1.8925031423568726 0.87864089012146
vt 1.844780683517456 0.87864089012146
vt 1.8925031423568726 0.7861786484718323
vt 1.844780683517456 0.786178708076477
vt 1.8373240232467651 0.8323501348495483
vt 1.8373241424560547 0.7406933903694153
vt 1.8925031423568726 0.7824506163597107
vt 1.8417980670928955 0.7406933903694153
vt 1.929242730140686 0.847233772277832
vt 1.9106011390686035 0.847233772277832
vt 1.929242730140686 0.8584187030792236
vt 1.659364104270935 0.17493188381195068
vt 1.659358024597168 0.23011070489883423
vt 1.6593677997589111 0.17045599222183228
vt 1.2659581899642944 0.6305662393569946
vt 1.2713066339492798 0.6305662393569946
vt 1.7554937601089478 0.17054468393325806
vt 1.7554378509521484 0.23019742965698242
vt 1.9210896492004395 0.17070138454437256
vt 1.9210330247879028 0.23035424947738647
vt 1.8649135828018188 0.9755772352218628
vt 1.8925031423568726 0.9308374524116516
vt 1.87018620967865 0.9777612686157227
vt 1.6004598140716553 0.09900301694869995
vt 1.6004598140716553 0.04829835891723633
vt 1.7134265899658203 0.04829835891723633
vt 1.2152494192123413 0.6407753229141235
vt 1.282360553741455 0.6354267597198486
vt 1.8596409559249878 0.9883065223693848
vt 1.8649135828018188 0.9979472160339355
vt 1.8373240232467651 0.997947096824646
vt 1.8649135828018188 0.9904905557632446
vt 1.87018620967865 0.9883065819740295
vt 1.896977186203003 0.9979472160339355
vt 1.2152494192123413 0.6354268789291382
vt 1.8596409559249878 0.9777612686157227
vt 1.844780683517456 0.8823692798614502
vt 1.857456922531128 0.9830338954925537
vt 1.8925031423568726 0.882369339466095
vt 1.8723702430725098 0.9830338954925537
vt 1.896977186203003 0.9308374524116516
vt 1.402688980102539 0.03127610683441162
vt 1.6004862785339355 0.02680206298828125
vt 1.6004862785339355 0.03127598762512207
vt 1.8011515140533447 0.7298946380615234
vt 1.7735620737075806 0.7352429628372192
vt 1.7735620737075806 0.7298946380615234
vt 1.8332149982452393 0.7352429628372192
vt 1.8332149982452393 0.729894757270813
vt 1.4725043773651123 0.43763935565948486
vt 1.2588433027267456 0.23011064529418945
vt 1.2572999000549316 0.1704602837562561
vt 1.2588412761688232 0.17045915126800537
vt 1.2603933811187744 0.23011034727096558
vt 1.261803150177002 0.37532109022140503
vt 1.2563947439193726 0.4649682641029358
vt 1.2563984394073486 0.3733100891113281
vt 1.2597936391830444 0.3733102083206177
vt 1.261215090751648 0.3738991618156433
vt 1.2572952508926392 0.2301120162010193
vt 1.1676528453826904 0.1705440878868103
vt 1.4615741968154907 0.17493116855621338
vt 1.4615741968154907 0.2301110029220581
vt 1.263789415359497 0.23011082410812378
vt 1.26378333568573 0.17493128776550293
vt 1.0020538568496704 0.021016716957092285
vt 1.199836254119873 0.02101653814315796
vt 1.00205397605896 0.01654285192489624
vt 1.402674913406372 0.04829525947570801
vt 1.4837698936462402 0.048296213150024414
vt 1.4837695360183716 0.08408981561660767
vt 1.4026744365692139 0.09900295734405518
vt 1.2823600769042969 0.2398524284362793
vt 1.3808470964431763 0.23450404405593872
vt 1.282360315322876 0.43763959407806396
vt 1.4724751710891724 0.2398524284362793
vt 1.1195625066757202 0.3758546710014343
vt 1.1223233938217163 0.3742606043815613
vt 1.1195625066757202 0.44099175930023193
vt 1.9940967559814453 0.24515408277511597
vt 1.9940967559814453 0.21681886911392212
vt 1.9978251457214355 0.21681886911392212
vt 1.9978251457214355 0.2526107430458069
vt 1.116730809211731 0.35858291387557983
vt 1.1223232746124268 0.34889644384384155
vt 1.117821216583252 0.3615785241127014
vt 1.116730809211731 0.364574134349823
vt 1.1087814569473267 0.35998451709747314
vt 1.097596526145935 0.35998451709747314
vt 1.110830545425415 0.3575424551963806
vt 1.0975964069366455 0.36317259073257446
vt 1.1087814569473267 0.36317241191864014
vt 1.110830545425415 0.3656145930290222
vt 1.1139700412750244 0.36616820096969604
vt 1.0020569562911987 0.5539597272872925
vt 1.0057852268218994 0.3280237317085266
vt 1.1392589807510376 0.24320441484451294
vt 1.1877270936965942 0.24320441484451294
vt 1.1392589807510376 0.24693262577056885
vt 1.1195626258850098 0.34730249643325806
vt 1.1355305910110474 0.24693262577056885
vt 1.1139700412750244 0.35698890686035156
vt 1.043068289756775 0.24320447444915771
vt 1.043068289756775 0.26184600591659546
vt 1.1355305910110474 0.24320441484451294
vt 1.0057852268218994 0.32429540157318115
vt 1.0393400192260742 0.26184600591659546
vt 1.0020569562911987 0.3280237317085266
vt 1.0020569562911987 0.24320447444915771
vt 1.0393400192260742 0.24320447444915771
vt 1.0020569562911987 0.32429540157318115
vt 1.2675825357437134 0.2798052430152893
vt 1.2675825357437134 0.2898716926574707
vt 1.2563974857330322 0.2898716926574707
vt 1.2563974857330322 0.2563168406486511
vt 1.884155511856079 0.24153077602386475
vt 1.858139991760254 0.2447187304496765
vt 1.858139991760254 0.24153083562850952
vt 1.884155511856079 0.2447187304496765
vt 1.9256494045257568 0.6955355405807495
vt 1.9256494045257568 0.7290903329849243
vt 1.9144644737243652 0.7041106820106506
vt 1.9144644737243652 0.7290903329849243
vt 1.9607539176940918 0.813235342502594
vt 1.9466602802276611 0.813235342502594
vt 1.9466602802276611 0.810047447681427
vt 1.9607539176940918 0.810047447681427
vt 1.2662603855133057 0.3522722125053406
vt 1.2774453163146973 0.3422057628631592
vt 1.2774454355239868 0.37576061487197876
vt 1.2662603855133057 0.3422057628631592
vt 1.8882808685302734 0.6542794704437256
vt 1.9218356609344482 0.6542794704437256
vt 1.911769151687622 0.6654644012451172
vt 1.9218356609344482 0.6654644012451172
vt 1.892865538597107 0.6900954246520996
vt 1.896053433418274 0.6800289154052734
vt 1.896053433418274 0.6900954246520996
vt 1.892865538597107 0.6800289154052734
vt 1.7987959384918213 0.2406153678894043
vt 1.8237757682800293 0.23742735385894775
vt 1.8237757682800293 0.2406153678894043
vt 1.7987959384918213 0.2374274730682373
vt 1.8776781558990479 0.6818838119506836
vt 1.8877445459365845 0.6786959171295166
vt 1.8877445459365845 0.6818838119506836
vt 1.8776781558990479 0.6786959171295166
vt 1.95418381690979 0.9955293536186218
vt 1.972144365310669 0.9820964932441711
vt 1.9556093215942383 0.9971003532409668
vt 1.9693341255187988 0.9789831638336182
vt 1.9705688953399658 0.9807401299476624
vt 1.9709559679031372 0.9147819876670837
vt 1.976893424987793 0.975993812084198
vt 1.9731664657592773 0.9753334522247314
vt 1.9694850444793701 0.9761599898338318
vt 1.9651031494140625 0.9148090481758118
vt 1.8594495058059692 0.652226448059082
vt 1.8493831157684326 0.6634114980697632
vt 1.8493831157684326 0.652226448059082
vt 1.8829379081726074 0.6634114980697632
vt 1.845271110534668 0.666447103023529
vt 1.8340861797332764 0.6914268136024475
vt 1.8340861797332764 0.666447103023529
vt 1.845271110534668 0.7000019550323486
vt 1.9142770767211914 0.24471956491470337
vt 1.8882615566253662 0.24471956491470337
vt 1.8882615566253662 0.2415316104888916
vt 1.9142770767211914 0.2415316104888916
vt 1.9924206733703613 0.9955224990844727
vt 1.9771931171417236 0.9789855480194092
vt 1.9938414096832275 0.9939408302307129
vt 1.9765914678573608 0.9927603006362915
vt 1.972001314163208 0.9935661554336548
vt 1.9749996662139893 0.9899982810020447
vt 1.9690083265304565 0.9899939298629761
vt 1.9674122333526611 0.9927535057067871
vt 1.9760355949401855 0.9958993196487427
vt 1.9720046520233154 0.9889057874679565
vt 1.9679635763168335 0.9958933591842651
vt 1.9704041481018066 0.9979443550109863
vt 1.9735920429229736 0.9979466199874878
vt 1.9743887186050415 0.9821119904518127
vt 1.9909965991973877 0.9971003532409668
vt 1.9738584756851196 0.9805573225021362
vt 1.9726886749267578 0.9805449843406677
vt 1.9747923612594604 0.9799214005470276
vt 1.9759669303894043 0.9807634949684143
vt 1.9712644815444946 0.9788435101509094
vt 1.971678376197815 0.9777563810348511
vt 1.9732072353363037 0.9773606657981873
vt 1.971757173538208 0.9798406362533569
vt 1.9752410650253296 0.9790218472480774
vt 1.9747247695922852 0.9777753353118896
vt 1.9767725467681885 0.9147705435752869
vt 1.9527614116668701 0.9939548969268799
vt 1.9276278018951416 0.8953334093093872
vt 1.930481195449829 0.8884443640708923
vt 1.9333348274230957 0.8953334093093872
vt 1.9235923290252686 0.8912979364395142
vt 1.9373703002929688 0.8912979364395142
vt 1.9373703002929688 0.8855908513069153
vt 1.9333348274230957 0.8815553188323975
vt 1.9276278018951416 0.8815553188323975
vt 1.9235923290252686 0.8855907917022705
vt 1.8064894676208496 0.7037601470947266
vt 1.7994389533996582 0.7084811925888062
vt 1.8034098148345947 0.7021699547767639
vt 1.7985668182373047 0.7039480209350586
vt 1.8064863681793213 0.6951783895492554
vt 1.8023079633712769 0.6969820857048035
vt 1.7928247451782227 0.7030087113380432
vt 1.7906079292297363 0.7073500156402588
vt 1.784109115600586 0.6921180486679077
vt 1.7914670705795288 0.6873180270195007
vt 1.787079930305481 0.6936666965484619
vt 1.7923672199249268 0.6919610500335693
vt 1.784442663192749 0.7008751630783081
vt 1.7887176275253296 0.6989826560020447
vt 1.8004417419433594 0.6885930895805359
vt 1.7982091903686523 0.6929548978805542
vt 1.9296612739562988 0.6550680994987488
vt 1.9259330034255981 0.6634047627449036
vt 1.9259330034255981 0.6550680994987488
vt 1.9296612739562988 0.6634047627449036
vt 1.8287475109100342 0.9934750199317932
vt 1.7810242176055908 0.9561916589736938
vt 1.828747272491455 0.9561914205551147
vt 1.9643445014953613 0.2163928747177124
vt 1.9680726528167725 0.24472814798355103
vt 1.9643445014953613 0.24472814798355103
vt 1.9680726528167725 0.2163928747177124
vt 1.790389060974121 0.24882608652114868
vt 1.818724274635315 0.245097815990448
vt 1.8261809349060059 0.24882608652114868
vt 1.790389060974121 0.245097815990448
vt 1.7780417203903198 0.9934753775596619
vt 1.7735676765441895 0.9979494214057922
vt 1.9317275285720825 0.8419632911682129
vt 1.9279992580413818 0.8274037837982178
vt 1.9317275285720825 0.8274037837982178
vt 1.9279992580413818 0.8419632911682129
vt 1.9837400913238525 0.2193683385848999
vt 1.9837400913238525 0.2447209358215332
vt 1.9800117015838623 0.2447209358215332
vt 1.9800117015838623 0.2193683385848999
vt 1.8969357013702393 0.7430834770202637
vt 1.8876148462295532 0.7065458297729492
vt 1.8969357013702393 0.6953609585762024
vt 1.9010342359542847 0.7287212610244751
vt 1.9103550910949707 0.6921838521957397
vt 1.9103550910949707 0.7175363302230835
vt 1.9010341167449951 0.6809989213943481
vt 1.950800895690918 0.8953262567520142
vt 1.941480040550232 0.8953262567520142
vt 1.950800895690918 0.8915979266166687
vt 1.941480040550232 0.8915979266166687
vt 1.9196758270263672 0.6809989213943481
vt 1.9196758270263672 0.6921838521957397
vt 1.9205104112625122 0.9979526400566101
vt 1.924238681793213 0.9942243695259094
vt 1.924238681793213 0.9979526400566101
vt 1.9205104112625122 0.9942243695259094
vt 1.7385632991790771 0.24509501457214355
vt 1.7862857580184937 0.24509501457214355
vt 1.7862857580184937 0.2488234043121338
vt 1.7385632991790771 0.2488234043121338
vt 1.9495267868041992 0.7253538966178894
vt 1.938341736793518 0.7290822267532349
vt 1.938341736793518 0.7253538966178894
vt 1.9495267868041992 0.7290822267532349
vt 1.9602429866790771 0.1970025897026062
vt 1.956514596939087 0.2447250485420227
vt 1.956514596939087 0.1970025897026062
vt 1.9602429866790771 0.2447250485420227
vt 1.952413558959961 0.24471890926361084
vt 1.9486854076385498 0.1969965100288391
vt 1.952413558959961 0.1969965100288391
vt 1.9486852884292603 0.24471890926361084
vt 1.470435619354248 0.2344481348991394
vt 1.472459316253662 0.23645752668380737
vt 1.4718612432479858 0.2350361943244934
vt 1.8287466764450073 0.8599997758865356
vt 1.828747272491455 0.9524632096290588
vt 1.781023621559143 0.8600001335144043
vt 1.7810242176055908 0.9524635076522827
vt 1.7735671997070312 0.9062914848327637
vt 1.7735670804977417 0.7406971454620361
vt 1.781023621559143 0.8562735319137573
vt 1.7780417203903198 0.9979494214057922
vt 1.8782939910888672 0.6953609585762024
vt 1.8876148462295532 0.7318984270095825
vt 1.8782939910888672 0.7065458297729492
vt 1.260382890701294 0.17045831680297852
vt 1.2637795209884644 0.1704554557800293
vt 1.261743187904358 0.4649685025215149
vt 1.2617368698120117 0.6305672526359558
vt 1.2563889026641846 0.6305670738220215
vt 1.1677086353302002 0.23019737005233765
vt 1.0020551681518555 0.1707005500793457
vt 1.0021114349365234 0.23035401105880737
vt 1.8011562824249268 0.7630667686462402
vt 1.8287454843521118 0.8078060746192932
vt 1.4874927997589111 0.08408981561660767
vt 1.4874927997589111 0.04829829931259155
vt 1.2152494192123413 0.23450416326522827
vt 1.8011562824249268 0.7406971454620361
vt 1.8064289093017578 0.7503376603126526
vt 1.8011562824249268 0.7481536865234375
vt 1.7958837747573853 0.7503376603126526
vt 1.8332195281982422 0.7406971454620361
vt 1.7789138555526733 0.6468565464019775
vt 1.7789137363433838 0.7065096497535706
vt 1.7735655307769775 0.6744461059570312
vt 1.7735655307769775 0.6468565464019775
vt 1.2152494192123413 0.23985248804092407
vt 1.7958837747573853 0.7608828544616699
vt 1.7936997413635254 0.7556102871894836
vt 1.8064289093017578 0.7608828544616699
vt 1.8287454843521118 0.8562735319137573
vt 1.8086128234863281 0.7556102871894836
vt 1.8332195281982422 0.8078060746192932
vt 1.402688980102539 0.026801884174346924
vt 1.7982697486877441 0.031276166439056396
vt 1.7982697486877441 0.026802659034729004
vt 1.7735655307769775 0.7065095901489258
vt 0.8925031423568726 0.7451673746109009
vt 0.8447807431221008 0.7824505567550659
vt 0.8925031423568726 0.7824506163597107
vt 0.8287475109100342 0.9934750199317932
vt 0.781024158000946 0.9561916589736938
vt 0.7780417203903198 0.9934753775596619
vt 0.6643040776252747 0.2301105260848999
vt 0.6658474206924438 0.17046082019805908
vt 0.6643060445785522 0.17045974731445312
vt 0.6627645492553711 0.17045891284942627
vt 0.6627539396286011 0.23011040687561035
vt 0.26590216159820557 0.3753199577331543
vt 0.26791149377822876 0.37330931425094604
vt 0.26649010181427 0.3738982081413269
vt 0.2713066339492798 0.3733093738555908
vt 0.27130645513534546 0.4649627208709717
vt 0.6658520698547363 0.23011207580566406
vt 0.7554937601089478 0.17054468393325806
vt 0.3976287841796875 0.016542911529541016
vt 0.19983620941638947 0.016542434692382812
vt 0.19983620941638947 0.02101653814315796
vt 0.3976288437843323 0.021016836166381836
vt 0.786746621131897 0.6782063245773315
vt 0.786746621131897 0.6498711109161377
vt 0.7830182909965515 0.6498711109161377
vt 0.7830182909965515 0.6856629252433777
vt 0.11673080921173096 0.5234004855155945
vt 0.12232321500778198 0.533086895942688
vt 0.11782115697860718 0.5204048156738281
vt 0.11673081666231155 0.5174092054367065
vt 0.12232322245836258 0.5077227354049683
vt 0.10878139734268188 0.5219987630844116
vt 0.09759646654129028 0.5219988822937012
vt 0.11083054542541504 0.5244408249855042
vt 0.10878139734268188 0.5188108682632446
vt 0.11083055287599564 0.5163688659667969
vt 0.09759646654129028 0.5188108086585999
vt 0.11956251412630081 0.5061287879943848
vt 0.09759647399187088 0.44099175930023193
vt 0.12232334166765213 0.44099175930023193
vt 0.11956251412630081 0.44099175930023193
vt 0.11397004872560501 0.5158151984214783
vt 0.13925868272781372 0.6387789249420166
vt 0.18772685527801514 0.6387789249420166
vt 0.13925868272781372 0.6350505352020264
vt 0.11956250667572021 0.5346809029579163
vt 0.1355307698249817 0.6350505352020264
vt 0.11397004127502441 0.524994432926178
vt 0.04306846112012863 0.6387789249420166
vt 0.04306846484541893 0.6201373934745789
vt 0.1355307698249817 0.638778805732727
vt 0.005785346496850252 0.5576881170272827
vt 0.039340075105428696 0.6201373934745789
vt 0.006903777830302715 0.4409918189048767
vt 0.005785346496850252 0.5539597868919373
vt 0.0020569071639329195 0.4409918189048767
vt 0.0020569569896906614 0.5539597272872925
vt 0.0020569495391100645 0.6387789249420166
vt 0.0393400713801384 0.6387789249420166
vt 0.002057075733318925 0.5576881170272827
vt 0.26757970452308655 0.32765084505081177
vt 0.25639477372169495 0.31758439540863037
vt 0.25639477372169495 0.3511391878128052
vt 0.26757970452308655 0.3175843358039856
vt 0.7946974635124207 0.24062156677246094
vt 0.7686819434165955 0.23743361234664917
vt 0.7686819434165955 0.24062156677246094
vt 0.7946974635124207 0.23743367195129395
vt 0.8083184361457825 0.689732551574707
vt 0.8083184361457825 0.6561776995658875
vt 0.7971335053443909 0.6811573505401611
vt 0.7971335053443909 0.6561776995658875
vt 0.927215039730072 0.8768541812896729
vt 0.927215039730072 0.8627603650093079
vt 0.924027144908905 0.8627603650093079
vt 0.924027144908905 0.8768542408943176
vt 0.8236088156700134 0.6601327657699585
vt 0.8236088156700134 0.6500663161277771
vt 0.8124238848686218 0.6500663161277771
vt 0.8124238848686218 0.6836212277412415
vt 0.26644062995910645 0.3050748109817505
vt 0.27762556076049805 0.2950083613395691
vt 0.26644062995910645 0.2950083613395691
vt 0.27762556076049805 0.32856321334838867
vt 0.8887553215026855 0.686903178691864
vt 0.8786888718605042 0.690091073513031
vt 0.8887553215026855 0.690091073513031
vt 0.8786888718605042 0.686903178691864
vt 0.00205093901604414 0.23537403345108032
vt 0.027030589058995247 0.23856204748153687
vt 0.027030589058995247 0.23537403345108032
vt 0.002050938783213496 0.23856204748153687
vt 0.8195417523384094 0.6818830966949463
vt 0.8296082019805908 0.6786950826644897
vt 0.8195417523384094 0.6786950826644897
vt 0.8296082019805908 0.6818829774856567
vt 0.8561896681785583 0.7010022401809692
vt 0.8400309681892395 0.7156658172607422
vt 0.841358482837677 0.7172212600708008
vt 0.8546488881111145 0.699593186378479
vt 0.8383044600486755 0.7144436836242676
vt 0.7736558318138123 0.7171254754066467
vt 0.8355008959770203 0.7145911455154419
vt 0.7735760807991028 0.7112264037132263
vt 0.9884435534477234 0.7964987754821777
vt 0.9884435534477234 0.7629438638687134
vt 0.9772586226463318 0.7730103731155396
vt 0.9772586226463318 0.7629438638687134
vt 0.9851643443107605 0.9476229548454285
vt 0.9963493347167969 0.9726026654243469
vt 0.9963493347167969 0.9476229548454285
vt 0.9851643443107605 0.981177806854248
vt 0.7645798921585083 0.23743510246276855
vt 0.7385643124580383 0.237434983253479
vt 0.7385643124580383 0.24062299728393555
vt 0.7645798921585083 0.24062299728393555
vt 0.8546451926231384 0.7370938658714294
vt 0.841362476348877 0.7194277048110962
vt 0.8400379419326782 0.7209849953651428
vt 0.8530969023704529 0.7384995222091675
vt 0.8561896681785583 0.7356851696968079
vt 0.9194585084915161 0.8329261541366577
vt 0.9194623231887817 0.837586522102356
vt 0.9224550127983093 0.8340139389038086
vt 0.9235001802444458 0.8399133682250977
vt 0.9210599660873413 0.8419645428657532
vt 0.9164637327194214 0.8340189456939697
vt 0.9240512847900391 0.8367733955383301
vt 0.9178720712661743 0.8419672250747681
vt 0.9154282808303833 0.8399201035499573
vt 0.9148721098899841 0.8367810249328613
vt 0.8398284912109375 0.7189003825187683
vt 0.839829683303833 0.7177502512931824
vt 0.8381786346435547 0.7163517475128174
vt 0.8347329497337341 0.7182851433753967
vt 0.837124764919281 0.716772735118866
vt 0.8367761969566345 0.7183110117912292
vt 0.8391478657722473 0.7168326377868652
vt 0.8391798138618469 0.7198249697685242
vt 0.8383015990257263 0.7222031950950623
vt 0.8372429609298706 0.7198368310928345
vt 0.8354474902153015 0.7219919562339783
vt 0.83823561668396 0.7202974557876587
vt 0.773750364780426 0.7229870557785034
vt 0.8531043529510498 0.6981871724128723
vt 0.9587170481681824 0.9815958738327026
vt 0.9518280029296875 0.9787423014640808
vt 0.9546815752983093 0.9856313467025757
vt 0.9587170481681824 0.9758887887001038
vt 0.9489744305610657 0.9856313467025757
vt 0.9449389576911926 0.9815958738327026
vt 0.9449389576911926 0.9758887887001038
vt 0.9489744305610657 0.9718532562255859
vt 0.9546815156936646 0.9718532562255859
vt 0.8748560547828674 0.7393447160720825
vt 0.87324059009552 0.7363375425338745
vt 0.8680315613746643 0.7350946664810181
vt 0.8662582039833069 0.7393447160720825
vt 0.8794943690299988 0.732154905796051
vt 0.8749146461486816 0.7313674688339233
vt 0.8781748414039612 0.7232629060745239
vt 0.8738739490509033 0.7255463600158691
vt 0.8715313076972961 0.7172737121582031
vt 0.869711697101593 0.7216092944145203
vt 0.8628038167953491 0.717104434967041
vt 0.8643931150436401 0.7200334072113037
vt 0.8639197945594788 0.7311037182807922
vt 0.8628089427947998 0.7253178358078003
vt 0.8596040606498718 0.7334141731262207
vt 0.8581717014312744 0.7245105504989624
vt 0.9216480255126953 0.6719903945922852
vt 0.913311243057251 0.6719905138015747
vt 0.913311243057251 0.6757187843322754
vt 0.9216480255126953 0.6757187843322754
vt 0.9721774458885193 0.21638906002044678
vt 0.97590571641922 0.24472427368164062
vt 0.97590571641922 0.21638906002044678
vt 0.9721773862838745 0.24472427368164062
vt 0.7171548008918762 0.08408981561660767
vt 0.7982447743415833 0.09900301694869995
vt 0.7982447743415833 0.04829835891723633
vt 0.7171547412872314 0.04829835891723633
vt 0.7134266495704651 0.08408981561660767
vt 0.6004598140716553 0.09900301694869995
vt 0.2754172086715698 0.2615388035774231
vt 0.27168887853622437 0.28987401723861694
vt 0.2754172086715698 0.28987401723861694
vt 0.27168887853622437 0.25408220291137695
vt 0.9685816764831543 0.761928379535675
vt 0.9723100066184998 0.7473688721656799
vt 0.9685817360877991 0.7473688721656799
vt 0.9723100066184998 0.761928379535675
vt 0.8540300130844116 0.2409929633140564
vt 0.8286774158477783 0.24099302291870117
vt 0.8286774158477783 0.24472123384475708
vt 0.8540300130844116 0.24472123384475708
vt 0.9744762182235718 0.776694655418396
vt 0.9651554822921753 0.8132321834564209
vt 0.9744762182235718 0.8020472526550293
vt 0.9857346415519714 0.7540916204452515
vt 0.9764138460159302 0.7540916204452515
vt 0.9857346415519714 0.7578198909759521
vt 0.9764138460159302 0.7578198909759521
vt 0.9651554822921753 0.7655097246170044
vt 0.983797013759613 0.8132321834564209
vt 0.983797013759613 0.8020472526550293
vt 0.9957062602043152 0.9819064140319824
vt 0.9919779896736145 0.9856346845626831
vt 0.9957062602043152 0.9856346845626831
vt 0.9919779896736145 0.9819064140319824
vt 0.18772710859775543 0.4409918189048767
vt 0.9251739382743835 0.1970004439353943
vt 0.928902268409729 0.2447229027748108
vt 0.928902268409729 0.1970004439353943
vt 0.9251739382743835 0.2447229027748108
vt 0.8541271090507507 0.7126702666282654
vt 0.8653119802474976 0.7126702666282654
vt 0.8653119802474976 0.7089419364929199
vt 0.8541271090507507 0.7089419364929199
vt 0.9445821642875671 0.24472588300704956
vt 0.9445821642875671 0.19700336456298828
vt 0.9408538937568665 0.19700336456298828
vt 0.9408538937568665 0.24472588300704956
vt 0.9367418885231018 0.2447211742401123
vt 0.9330135583877563 0.19699883460998535
vt 0.9330135583877563 0.2447211742401123
vt 0.9367418885231018 0.19699883460998535
vt 0.47247573733329773 0.6354261636734009
vt 0.38084766268730164 0.6407750248908997
vt 0.470436155796051 0.6408305168151855
vt 0.4724598526954651 0.6388211250305176
vt 0.47186172008514404 0.6402425169944763
vt 0.8925031423568726 0.87864089012146
vt 0.8925031423568726 0.7861786484718323
vt 0.8447807431221008 0.87864089012146
vt 0.8447807431221008 0.786178708076477
vt 0.8373240232467651 0.8323501348495483
vt 0.8417981863021851 0.7451673746109009
vt 0.8373241424560547 0.7406933903694153
vt 0.8373240232467651 0.997947096824646
vt 0.8447807431221008 0.8823692798614502
vt 0.8417980670928955 0.7406933903694153
vt 0.9106010794639587 0.847233772277832
vt 0.9199219346046448 0.8837712407112122
vt 0.9199219346046448 0.8584187030792236
vt 0.9106010794639587 0.8949562311172485
vt 0.929242730140686 0.847233772277832
vt 0.929242730140686 0.8584187030792236
vt 0.6593677401542664 0.17045599222183228
vt 0.6593641042709351 0.17493188381195068
vt 0.46157416701316833 0.17493116855621338
vt 0.6593579649925232 0.23011070489883423
vt 0.26595836877822876 0.4649627208709717
vt 0.2713066339492798 0.6305662393569946
vt 0.26595818996429443 0.6305662393569946
vt 0.7554378509521484 0.23019742965698242
vt 0.9210897088050842 0.17070138454437256
vt 0.9210330247879028 0.23035424947738647
vt 0.8649135828018188 0.9755772352218628
vt 0.8925031423568726 0.9308374524116516
vt 0.6004598140716553 0.04829835891723633
vt 0.2823605537414551 0.6354267597198486
vt 0.21524940431118011 0.6407753229141235
vt 0.38084736466407776 0.4376394748687744
vt 0.8649135828018188 0.9979472160339355
vt 0.8701862096786499 0.9883065819740295
vt 0.8649135828018188 0.9904905557632446
vt 0.8596409559249878 0.9883065223693848
vt 0.8969771265983582 0.9979472160339355
vt 0.7735620737075806 0.7352429628372192
vt 0.833215057849884 0.7352429628372192
vt 0.8011515736579895 0.7298946380615234
vt 0.2823602557182312 0.43763959407806396
vt 0.2152494192123413 0.6354268789291382
vt 0.8596409559249878 0.9777612686157227
vt 0.8574569821357727 0.9830338954925537
vt 0.8701862096786499 0.9777612686157227
vt 0.8925031423568726 0.882369339466095
vt 0.8723703026771545 0.9830338954925537
vt 0.8969771265983582 0.9308374524116516
vt 0.40268903970718384 0.03127610683441162
vt 0.6004862785339355 0.03127598762512207
vt 0.40268903970718384 0.026801884174346924
vt 0.7735620737075806 0.7298946380615234
vt 0.833215057849884 0.729894757270813
vt 0.4725044071674347 0.43763935565948486
vt 0.47247520089149475 0.2398524284362793
vt 0.258843332529068 0.23011064529418945
vt 0.26038283109664917 0.17045831680297852
vt 0.258841335773468 0.17045915126800537
vt 0.25639840960502625 0.3733100891113281
vt 0.26180315017700195 0.37532109022140503
vt 0.2597936689853668 0.3733102083206177
vt 0.25639474391937256 0.4649682641029358
vt 0.2617431879043579 0.4649685025215149
vt 0.26121509075164795 0.3738991618156433
vt 0.2572999596595764 0.1704602837562561
vt 0.25729525089263916 0.2301120162010193
vt 0.4615741968154907 0.2301110029220581
vt 0.0020539809484034777 0.01654285192489624
vt 0.0020538615062832832 0.021016716957092285
vt 0.40267497301101685 0.04829525947570801
vt 0.4837695360183716 0.08408981561660767
vt 0.483769953250885 0.048296213150024414
vt 0.2823600471019745 0.2398524284362793
vt 0.11956252157688141 0.3758546710014343
vt 0.12232334911823273 0.3742606043815613
vt 0.9940968155860901 0.21681886911392212
vt 0.9940968155860901 0.24515408277511597
vt 0.9978251457214355 0.21681886911392212
vt 0.9978251457214355 0.2526107430458069
vt 0.11673082411289215 0.35858291387557983
vt 0.11782117187976837 0.3615785241127014
vt 0.12232322990894318 0.34889644384384155
vt 0.11673082411289215 0.364574134349823
vt 0.10878141224384308 0.35998451709747314
vt 0.11083056032657623 0.3575424551963806
vt 0.09759648144245148 0.35998451709747314
vt 0.0975964218378067 0.36317259073257446
vt 0.10878141224384308 0.36317241191864014
vt 0.11083056032657623 0.3656145930290222
vt 0.11397005617618561 0.36616820096969604
vt 0.005785247310996056 0.3280237317085266
vt 0.002056916942819953 0.3280237317085266
vt 0.13925901055335999 0.24320441484451294
vt 0.13925901055335999 0.24693262577056885
vt 0.18772712349891663 0.24320441484451294
vt 0.11956258863210678 0.34730249643325806
vt 0.13553062081336975 0.24693262577056885
vt 0.11397005617618561 0.35698890686035156
vt 0.04306831583380699 0.24320447444915771
vt 0.04306831583380699 0.26184600591659546
vt 0.13553062081336975 0.24320441484451294
vt 0.005785247310996056 0.32429540157318115
vt 0.03934004530310631 0.24320447444915771
vt 0.00205692439340055 0.24320447444915771
vt 0.03933998569846153 0.26184600591659546
vt 0.0020569174084812403 0.32429540157318115
vt 0.2675825357437134 0.2798052430152893
vt 0.256397545337677 0.2898716926574707
vt 0.2675825357437134 0.2898716926574707
vt 0.256397545337677 0.2563168406486511
vt 0.8841554522514343 0.24153077602386475
vt 0.8581399917602539 0.2447187304496765
vt 0.8841554522514343 0.2447187304496765
vt 0.8581399917602539 0.24153083562850952
vt 0.9256494045257568 0.7290903329849243
vt 0.9144644141197205 0.7041106820106506
vt 0.9144644141197205 0.7290903329849243
vt 0.9256494045257568 0.6955355405807495
vt 0.9607539772987366 0.813235342502594
vt 0.9466602206230164 0.810047447681427
vt 0.9466602206230164 0.813235342502594
vt 0.9607539772987366 0.810047447681427
vt 0.26626038551330566 0.3522722125053406
vt 0.27744537591934204 0.3422057628631592
vt 0.26626038551330566 0.3422057628631592
vt 0.2774454355239868 0.37576061487197876
vt 0.9218356609344482 0.6542794704437256
vt 0.9117692112922668 0.6654644012451172
vt 0.9218356609344482 0.6654644012451172
vt 0.8882808089256287 0.6542794704437256
vt 0.8960534334182739 0.6800289154052734
vt 0.8928655385971069 0.6900954246520996
vt 0.8960534334182739 0.6900954246520996
vt 0.8928655385971069 0.6800289154052734
vt 0.8237757086753845 0.23742735385894775
vt 0.7987959980964661 0.2374274730682373
vt 0.7987959980964661 0.2406153678894043
vt 0.8237757086753845 0.2406153678894043
vt 0.8877445459365845 0.6818838119506836
vt 0.8776780962944031 0.6786959171295166
vt 0.8776780962944031 0.6818838119506836
vt 0.8877445459365845 0.6786959171295166
vt 0.9938414692878723 0.9939408302307129
vt 0.9759669303894043 0.9807634949684143
vt 0.9924206137657166 0.9955224990844727
vt 0.9771931171417236 0.9789855480194092
vt 0.9556093811988831 0.9971003532409668
vt 0.9721443057060242 0.9820964932441711
vt 0.9705689549446106 0.9807401299476624
vt 0.9709559679031372 0.9147819876670837
vt 0.9694849848747253 0.9761599898338318
vt 0.9731664061546326 0.9753334522247314
vt 0.9768933653831482 0.975993812084198
vt 0.9767725467681885 0.9147705435752869
vt 0.8493830561637878 0.6634114980697632
vt 0.8829379081726074 0.6634114980697632
vt 0.8594495058059692 0.652226448059082
vt 0.8493830561637878 0.652226448059082
vt 0.8340861797332764 0.6914268136024475
vt 0.8452711701393127 0.666447103023529
vt 0.8340862393379211 0.666447103023529
vt 0.845271110534668 0.7000019550323486
vt 0.888261616230011 0.24471956491470337
vt 0.9142770767211914 0.24471956491470337
vt 0.888261616230011 0.2415316104888916
vt 0.9142770767211914 0.2415316104888916
vt 0.9743887186050415 0.9821119904518127
vt 0.9765914678573608 0.9927603006362915
vt 0.9749996066093445 0.9899982810020447
vt 0.972001314163208 0.9935661554336548
vt 0.9690083265304565 0.9899939298629761
vt 0.9674122929573059 0.9927535057067871
vt 0.9760355949401855 0.9958993196487427
vt 0.9720046520233154 0.9889057874679565
vt 0.9679635763168335 0.9958933591842651
vt 0.9704041481018066 0.9979443550109863
vt 0.9735919833183289 0.9979466199874878
vt 0.9738584756851196 0.9805573225021362
vt 0.9909965991973877 0.9971003532409668
vt 0.9712644815444946 0.9788435101509094
vt 0.9716783761978149 0.9777563810348511
vt 0.9651032090187073 0.9148090481758118
vt 0.972688615322113 0.9805449843406677
vt 0.971757173538208 0.9798406362533569
vt 0.9747923612594604 0.9799214005470276
vt 0.9747248291969299 0.9777753353118896
vt 0.9752410650253296 0.9790218472480774
vt 0.9732072353363037 0.9773606657981873
vt 0.9541838765144348 0.9955293536186218
vt 0.9693341851234436 0.9789831638336182
vt 0.9527614712715149 0.9939548969268799
vt 0.9276277422904968 0.8953334093093872
vt 0.9333348274230957 0.8953334093093872
vt 0.9304812550544739 0.8884443640708923
vt 0.9235922694206238 0.8912979364395142
vt 0.9373703598976135 0.8912979364395142
vt 0.9373703598976135 0.8855908513069153
vt 0.9333348274230957 0.8815553188323975
vt 0.9276277422904968 0.8815553188323975
vt 0.9235922694206238 0.8855907917022705
vt 0.8034098744392395 0.7021699547767639
vt 0.7994388937950134 0.7084811925888062
vt 0.8064895272254944 0.7037601470947266
vt 0.8023079633712769 0.6969820857048035
vt 0.8064863681793213 0.6951783895492554
vt 0.7985668182373047 0.7039480209350586
vt 0.7928247451782227 0.7030087113380432
vt 0.7844427227973938 0.7008751630783081
vt 0.7906079888343811 0.7073500156402588
vt 0.7887176275253296 0.6989826560020447
vt 0.787079930305481 0.6936666965484619
vt 0.7914670705795288 0.6873180270195007
vt 0.7841090559959412 0.6921180486679077
vt 0.7982091903686523 0.6929548978805542
vt 0.8004417419433594 0.6885930895805359
vt 0.7923672199249268 0.6919610500335693
vt 0.9296613335609436 0.6550680994987488
vt 0.9259330034255981 0.6634047627449036
vt 0.9296613335609436 0.6634047627449036
vt 0.9259330034255981 0.6550680994987488
vt 0.9680727124214172 0.2163928747177124
vt 0.9643444418907166 0.24472814798355103
vt 0.9680727124214172 0.24472814798355103
vt 0.9643444418907166 0.2163928747177124
vt 0.4026743769645691 0.09900295734405518
vt 0.4874928593635559 0.08408981561660767
vt 0.8187242746353149 0.245097815990448
vt 0.7903890609741211 0.24882608652114868
vt 0.8261809349060059 0.24882608652114868
vt 0.7903890609741211 0.245097815990448
vt 0.9279992580413818 0.8274037837982178
vt 0.9317275285720825 0.8419632911682129
vt 0.9317275285720825 0.8274037837982178
vt 0.9279992580413818 0.8419632911682129
vt 0.9800117015838623 0.2447209358215332
vt 0.9837400317192078 0.2193683385848999
vt 0.9800117015838623 0.2193683385848999
vt 0.9837400317192078 0.2447209358215332
vt 0.8969356417655945 0.7430834770202637
vt 0.8969356417655945 0.6953609585762024
vt 0.8876148462295532 0.7318984270095825
vt 0.8876148462295532 0.7065458297729492
vt 0.9103550314903259 0.7175363302230835
vt 0.9010341763496399 0.6809989213943481
vt 0.9010342359542847 0.7287212610244751
vt 0.9414800405502319 0.8953262567520142
vt 0.9508008360862732 0.8915979266166687
vt 0.9414800405502319 0.8915979266166687
vt 0.9508008360862732 0.8953262567520142
vt 0.9103550314903259 0.6921838521957397
vt 0.9196758270263672 0.6809989213943481
vt 0.9196758270263672 0.6921838521957397
vt 0.9205104112625122 0.9979526400566101
vt 0.9242387413978577 0.9979526400566101
vt 0.9242387413978577 0.9942243695259094
vt 0.9205104112625122 0.9942243695259094
vt 0.7862857580184937 0.2488234043121338
vt 0.7385632991790771 0.24509501457214355
vt 0.7385632991790771 0.2488234043121338
vt 0.7862857580184937 0.24509501457214355
vt 0.9383417367935181 0.7253538966178894
vt 0.9495267868041992 0.7290822267532349
vt 0.9495267868041992 0.7253538966178894
vt 0.9383417367935181 0.7290822267532349
vt 0.9602429270744324 0.1970025897026062
vt 0.9565145969390869 0.2447250485420227
vt 0.9602429270744324 0.2447250485420227
vt 0.9565145969390869 0.1970025897026062
vt 0.9486852884292603 0.24471890926361084
vt 0.9524136185646057 0.1969965100288391
vt 0.948685348033905 0.1969965100288391
vt 0.9524136185646057 0.24471890926361084
vt 0.38084712624549866 0.23450404405593872
vt 0.47043564915657043 0.2344481348991394
vt 0.4724593162536621 0.23645752668380737
vt 0.47186121344566345 0.2350361943244934
vt 0.8287466764450073 0.8599997758865356
vt 0.7810236215591431 0.8600001335144043
vt 0.8287472128868103 0.9524632096290588
vt 0.781024158000946 0.9524635076522827
vt 0.7735671401023865 0.9062914848327637
vt 0.8287472724914551 0.9561914205551147
vt 0.7735676765441895 0.9979494214057922
vt 0.7780417203903198 0.9979494214057922
vt 0.878294050693512 0.6953609585762024
vt 0.878294050693512 0.7065458297729492
vt 0.2603934407234192 0.23011034727096558
vt 0.26378333568573 0.17493128776550293
vt 0.26377952098846436 0.1704554557800293
vt 0.26378941535949707 0.23011082410812378
vt 0.2563888430595398 0.6305670738220215
vt 0.2617368698120117 0.6305672526359558
vt 0.16765286028385162 0.1705440878868103
vt 0.167708620429039 0.23019737005233765
vt 0.0020551185589283705 0.1707005500793457
vt 0.00211138091981411 0.23035401105880737
vt 0.8011562824249268 0.7630667686462402
vt 0.8287454843521118 0.8078060746192932
vt 0.8064289093017578 0.7608828544616699
vt 0.7134266495704651 0.04829835891723633
vt 0.4874928593635559 0.04829829931259155
vt 0.2152494192123413 0.23450416326522827
vt 0.7958837747573853 0.7503376603126526
vt 0.8011562824249268 0.7406971454620361
vt 0.7735670804977417 0.7406971454620361
vt 0.8064289093017578 0.7503376603126526
vt 0.8332194685935974 0.7406971454620361
vt 0.8011562824249268 0.7481536865234375
vt 0.7735655307769775 0.6468565464019775
vt 0.7735655307769775 0.6744461059570312
vt 0.7789138555526733 0.6468565464019775
vt 0.2152494490146637 0.23985248804092407
vt 0.7958837747573853 0.7608828544616699
vt 0.7810236215591431 0.8562735319137573
vt 0.7936998009681702 0.7556102871894836
vt 0.8287454843521118 0.8562735319137573
vt 0.8086128234863281 0.7556102871894836
vt 0.8332194685935974 0.8078060746192932
vt 0.6004862785339355 0.02680206298828125
vt 0.7982697486877441 0.026802659034729004
vt 0.7982697486877441 0.031276166439056396
vt 0.7789137959480286 0.7065096497535706
vt 0.7735655307769775 0.7065095901489258
vn 0.712519645690918 0.0006191210122779012 0.701651930809021
vn 0.08654999732971191 -0.0012403104919940233 0.9962467551231384
vn 0.08448604494333267 0.0004942156374454498 0.9964245557785034
vn -0.0018090520752593875 -0.9999983310699463 -0.0002578812127467245
vn -0.0018001490971073508 -0.9999983310699463 -0.00023852170852478594
vn -0.01127877552062273 -0.9997293949127197 -0.020346034318208694
vn -0.0008623899193480611 -0.9999996423721313 -0.00004376556898932904
vn -0.0008625297341495752 -0.9999996423721313 -0.00004377265213406645
vn -0.01127877552062273 -0.9997293949127197 -0.020346034318208694
vn 0.9999873042106628 0.000014897799701429904 0.0050446465611457825
vn 0.712603747844696 0.0006234155735000968 0.7015665173530579
vn 0.9999873042106628 0.000017621090592001565 0.0050367615185678005
vn -0.0005435180501081049 -0.9999271035194397 -0.012063395231962204
vn -4.427328281764176e-9 -0.9999272227287292 -0.012063397094607353
vn -0.0005435180501081049 -0.9999271035194397 -0.012063395231962204
vn -0.015330464579164982 -0.023564273491501808 -0.9996047616004944
vn -0.015330464579164982 -0.023564273491501808 -0.9996047616004944
vn -0.01084940042346716 0.026099897921085358 -0.9996004700660706
vn -0.9999993443489075 0.0010791050735861063 0.00043361878488212824
vn -0.9999993443489075 0.0010791050735861063 0.00043361878488212824
vn -0.9999993443489075 0.0010791050735861063 0.00043361878488212824
vn -0.9999993443489075 0.0010791050735861063 0.00043361878488212824
vn -0.009077709168195724 -0.9987146258354187 -0.04986642673611641
vn 7.536436896771193e-7 -0.9994483590126038 -0.03321186825633049
vn 0.0003238443750888109 -0.9999909400939941 0.004241992719471455
vn 0.009079337120056152 -0.9987146258354187 -0.04986652731895447
vn 0.00022822708706371486 -0.9999970197677612 0.00242353742942214
vn 0.04772309586405754 -0.9987147450447083 0.017070068046450615
vn 0.028762320056557655 -0.9994483590126038 0.016605447977781296
vn 0.0011497134109959006 -0.9999966025352478 0.0023283620830625296
vn -0.045567046850919724 -0.9988579750061035 0.014367320574820042
vn 0.0017618382116779685 -0.9999984502792358 0.0002138195704901591
vn -0.031443700194358826 -0.9993910193443298 0.015129806473851204
vn 0.0012271341402083635 -0.9999991059303284 -0.0005762577056884766
vn -3.662762253497931e-7 -0.9999997019767761 0.000750569102820009
vn -0.04403679817914963 -0.9984644055366516 0.03360874578356743
vn -0.07676400244235992 -0.9970479011535645 0.0016760334838181734
vn -0.00004616007208824158 -0.9999715685844421 0.007538699544966221
vn -0.0004099430807400495 -0.9999894499778748 0.004574656020849943
vn 0.001249715336598456 -0.9999991655349731 -0.00033088374766521156
vn -0.003049802267923951 -0.9999948740005493 -0.0009792719502002
vn 0.03864699602127075 -0.9987146258354187 0.03279547020792961
vn -0.022520679980516434 -0.9997438192367554 -0.0022661066614091396
vn -0.0010674865916371346 -0.9999993443489075 0.00046771191409789026
vn -0.022520679980516434 -0.9997438192367554 -0.0022661066614091396
vn 0.0019886214286088943 -0.9999961256980896 -0.0019329492934048176
vn -0.0000014053305221750634 -0.9999989867210388 -0.001417984371073544
vn 2.2233753727007866e-10 -0.9999992251396179 -0.0012303672265261412
vn -5.187866247702289e-10 -0.9994620680809021 -0.032795410603284836
vn -0.0014882192481309175 -0.9999955892562866 -0.0025705883745104074
vn -0.006701314821839333 -0.9999296069145203 -0.009793410077691078
vn -0.006169281899929047 -0.9998919367790222 -0.013345525600016117
vn -0.0011547657195478678 -0.9999982714653015 -0.001437608851119876
vn -6.911248107144274e-8 -0.9985156655311584 -0.05446571856737137
vn -0.4968077540397644 0.00024933333043009043 0.8678605556488037
vn -0.4968077540397644 0.00024933333043009043 0.8678605556488037
vn -0.4968077540397644 0.00024933333043009043 0.8678605556488037
vn -0.4968077540397644 0.00024933333043009043 0.8678605556488037
vn 0.7804375886917114 -0.43346303701400757 -0.45058515667915344
vn 0.7804375886917114 -0.43346303701400757 -0.45058515667915344
vn 0.7804375886917114 -0.43346303701400757 -0.45058515667915344
vn 0.7804375886917114 -0.43346303701400757 -0.45058515667915344
vn -0.9999828934669495 -0.0007223346037790179 -0.005803804844617844
vn -0.9999828934669495 -0.0007223346037790179 -0.005803804844617844
vn -0.9999828934669495 -0.0007223346037790179 -0.005803804844617844
vn -0.9999828934669495 -0.0007223346037790179 -0.005803804844617844
vn 0 -0.7923070192337036 0.6101226210594177
vn 0 -0.7923070192337036 0.6101226210594177
vn 0 -0.7923070192337036 0.6101226210594177
vn 0 -0.7923070192337036 0.6101226210594177
vn -0.50346839427948 -0.00010147383000003174 -0.864013671875
vn -0.50346839427948 -0.00010147383000003174 -0.864013671875
vn -0.50346839427948 -0.00010147383000003174 -0.864013671875
vn -0.50346839427948 -0.00010147383000003174 -0.864013671875
vn 0.5034685730934143 -0.00010077266779262573 -0.8640135526657104
vn 0.5034685730934143 -0.00010077266779262573 -0.8640135526657104
vn 0.5034685730934143 -0.00010077266779262573 -0.8640135526657104
vn 0.5034685730934143 -0.00010077266779262573 -0.8640135526657104
vn -0.8674458265304565 -0.018057070672512054 -0.49720388650894165
vn -0.8674458265304565 -0.018057070672512054 -0.49720388650894165
vn -0.8674458265304565 -0.018057070672512054 -0.49720388650894165
vn -0.8674458265304565 -0.018057070672512054 -0.49720388650894165
vn 0.0019235452637076378 -0.008285808376967907 0.9999638199806213
vn 0.0019235452637076378 -0.008285808376967907 0.9999638199806213
vn 0.0019235452637076378 -0.008285808376967907 0.9999638199806213
vn 0.0019235452637076378 -0.008285808376967907 0.9999638199806213
vn 0.8658730983734131 -0.018849188461899757 -0.499908447265625
vn 0.8658730983734131 -0.018849188461899757 -0.499908447265625
vn 0.8658730983734131 -0.018849188461899757 -0.499908447265625
vn 0.8658730983734131 -0.018849188461899757 -0.499908447265625
vn 0.8663063645362854 -0.0033238371834158897 0.49950194358825684
vn 0.5787816047668457 -0.0007263505249284208 0.8154822587966919
vn 0.8662445545196533 -0.001817231997847557 0.4996168911457062
vn 8.341728374716695e-8 -0.0035870212595909834 -0.9999935626983643
vn -4.670024793540506e-7 -0.0018698914209380746 -0.9999982714653015
vn -0.4214324951171875 0.0007242168067023158 -0.9068595170974731
vn 0.4214322865009308 0.0007222694694064558 -0.9068595767021179
vn 0.49652162194252014 -0.00010032129648607224 0.8680243492126465
vn 0.49652162194252014 -0.00010032129648607224 0.8680243492126465
vn 0.49652162194252014 -0.00010032129648607224 0.8680243492126465
vn 0.49652162194252014 -0.00010032129648607224 0.8680243492126465
vn 0.9999851584434509 -0.0005547783221118152 -0.005421641748398542
vn 0.9999851584434509 -0.0005547783221118152 -0.005421641748398542
vn 0.9999851584434509 -0.0005547783221118152 -0.005421641748398542
vn 0.9999851584434509 -0.0005547783221118152 -0.005421641748398542
vn -0.7804378867149353 -0.43346452713012695 -0.45058318972587585
vn -0.7804378867149353 -0.43346452713012695 -0.45058318972587585
vn -0.7804378867149353 -0.43346452713012695 -0.45058318972587585
vn -0.7804378867149353 -0.43346452713012695 -0.45058318972587585
vn -0.866306722164154 -0.003325236961245537 0.49950140714645386
vn -0.9960794448852539 0.0007211361662484705 0.0884600579738617
vn -0.8662450909614563 -0.0018191629787907004 0.49961593747138977
vn -0.5787813663482666 -0.0007171222241595387 0.8154824376106262
vn -0.6169497966766357 -0.0028439396992325783 0.786997377872467
vn -0.004089832305908203 -0.999988853931427 -0.0023620512802153826
vn -0.0016137711936607957 -0.999988853931427 -0.004438146948814392
vn 8.550230177206686e-7 -1 -3.4323940667491115e-7
vn 0.004090660717338324 -0.999988853931427 -0.0023617621045559645
vn 0.004651255439966917 -0.999988853931427 0.0008194743422791362
vn -0.004650705493986607 -0.999988853931427 0.0008191863889805973
vn 0.001615966553799808 -0.999988853931427 -0.004437712486833334
vn 0.0030355630442500114 -0.999988853931427 0.0036178245209157467
vn 0.000002195584556829999 -0.999988853931427 0.004722729790955782
vn -0.003033643588423729 -0.999988853931427 0.003617381677031517
vn -0.3379074037075043 0.011268947273492813 0.9411119222640991
vn -0.8654879331588745 0.013856219127774239 0.5007381439208984
vn 0.9827907681465149 0.023543069139122963 -0.18321587145328522
vn 0.6501556634902954 0.023529594764113426 -0.7594366073608398
vn 0.37774142622947693 -0.003320970106869936 -0.925905168056488
vn 0.616950511932373 -0.0028428395744413137 0.7869968414306641
vn 0.33790817856788635 0.011273082345724106 0.9411115646362305
vn -0.9907276630401611 -0.0033224900253117085 0.1358221471309662
vn -0.9827913045883179 0.023525962606072426 -0.18321506679058075
vn -0.6501247882843018 0.023540299385786057 -0.7594627141952515
vn 6.108206918042924e-8 0.016331395134329796 -0.9998666048049927
vn -0.3777413070201874 -0.003321555443108082 -0.9259052276611328
vn 0.8655089735984802 0.013862564228475094 0.5007015466690063
vn 0.9960794448852539 0.0007263884181156754 0.0884605273604393
vn 0.9907273650169373 -0.003320935880765319 0.13582439720630646
vn -0.9999958872795105 0.0020237467251718044 -0.002024638233706355
vn -0.9999958872795105 -5.435104033502114e-10 -0.0028629207517951727
vn -1 4.631798417031874e-11 -6.151028131284875e-9
vn -0.9999958872795105 0.0028620027005672455 -2.816372690617186e-9
vn -0.9999958872795105 -0.0020237471908330917 -0.0020275400020182133
vn -0.9999958872795105 -0.00286200363188982 -2.470501581086637e-9
vn -0.9999958872795105 -0.00202373880892992 0.002027532085776329
vn -0.9999958872795105 7.905605614588751e-10 0.0028629095759242773
vn -0.9999958872795105 0.0020237385760992765 0.0020246331114321947
vn -0.01795099303126335 -7.360622475971468e-7 0.9998388886451721
vn -0.01795099303126335 -7.425215926559758e-7 0.9998388886451721
vn -0.01795109175145626 0.7069932818412781 0.7069923877716064
vn -0.017951374873518944 -0.7069934606552124 0.7069922089576721
vn -0.017951376736164093 -0.7069932818412781 0.7069923877716064
vn -0.01795109175145626 0.706993043422699 0.7069926857948303
vn -0.01795116253197193 0.9998388886451721 6.806442911511112e-7
vn -0.01795116253197193 0.9998388886451721 6.74722855364962e-7
vn -0.017951058223843575 0.7069931626319885 -0.7069925665855408
vn -0.0179509948939085 -7.360616791629582e-7 -0.9998388886451721
vn -0.0179509948939085 -7.425210242217872e-7 -0.9998388886451721
vn -0.017951084300875664 -0.706993579864502 -0.7069921493530273
vn -0.017951058223843575 0.7069929242134094 -0.7069928050041199
vn -0.017951084300875664 -0.7069934010505676 -0.7069922685623169
vn -0.017951425164937973 -0.9998388886451721 0.0000011449843668742687
vn -0.01795142889022827 -0.9998388886451721 0.0000011137817637063563
vn 0 -0.625435471534729 -0.7802758812904358
vn 0 -0.625435471534729 -0.7802758812904358
vn 0 -0.625435471534729 -0.7802758812904358
vn 0 -0.625435471534729 -0.7802758812904358
vn -0.9998151063919067 -0.013088351115584373 -0.014085720293223858
vn -0.9998893141746521 0.009728528559207916 -0.01125854067504406
vn -0.9998081922531128 -0.013199115172028542 -0.014467667788267136
vn -0.0045483410358428955 -0.005839529912918806 -0.9999725818634033
vn -0.0045483410358428955 -0.005839529912918806 -0.9999725818634033
vn -0.0045483410358428955 -0.005839529912918806 -0.9999725818634033
vn -0.0045483410358428955 -0.005839529912918806 -0.9999725818634033
vn -0.010855328291654587 0.02610945515334606 -0.9996001720428467
vn 0.008239742368459702 0.015090069733560085 -0.999852180480957
vn 0.9999949932098389 0.0007350858650170267 0.003082329872995615
vn 0.9999949932098389 0.0007350858650170267 0.003082329872995615
vn 0.9999949932098389 0.0007350858650170267 0.003082329872995615
vn 0.9999949932098389 0.0007350858650170267 0.003082329872995615
vn -0.730296790599823 -0.6806146502494812 0.05856813117861748
vn -0.730296790599823 -0.6806146502494812 0.05856813117861748
vn -0.730296790599823 -0.6806146502494812 0.05856813117861748
vn -0.730296790599823 -0.6806146502494812 0.05856813117861748
vn -0.9999935030937195 -0.003606713144108653 0
vn -0.9999935030937195 -0.003606713144108653 0
vn -0.9999935030937195 -0.003606713144108653 0
vn -0.9999935030937195 -0.003606713144108653 0
vn -0.03235317021608353 0.009180409833788872 0.9994343519210815
vn -0.0163141917437315 -0.0038627428002655506 0.9998594522476196
vn -0.03235317021608353 0.009180409833788872 0.9994343519210815
vn -0.008968458510935307 -0.9999597668647766 0
vn -0.008968458510935307 -0.9999597668647766 0
vn -0.008968458510935307 -0.9999597668647766 0
vn -0.008968458510935307 -0.9999597668647766 0
vn -0.01743965409696102 -0.0052050636149942875 -0.9998343586921692
vn -0.03574875369668007 0.010040361434221268 -0.9993103742599487
vn -0.017449920997023582 -0.005197516176849604 -0.9998342394828796
vn 0.02360628731548786 -0.039343636482954025 -0.9989468455314636
vn 0.02360628731548786 -0.039343636482954025 -0.9989468455314636
vn -0.03574875369668007 0.010040361434221268 -0.9993103742599487
vn -0.047272875905036926 -0.998878002166748 0.0028409205842763186
vn -0.047272875905036926 -0.998878002166748 0.0028409205842763186
vn -0.047272875905036926 -0.998878002166748 0.0028409205842763186
vn -0.047272875905036926 -0.998878002166748 0.0028409205842763186
vn 3.8598391149946565e-9 -0.9999967217445374 0.002559768734499812
vn -0.9999951720237732 -0.003105742624029517 0
vn -0.9999951720237732 -0.003105742624029517 0
vn -0.9999951720237732 -0.003105742624029517 0
vn -0.9999951720237732 -0.003105742624029517 0
vn -0.9998134970664978 -0.01121616456657648 0.015721285715699196
vn -0.9998134970664978 -0.01121616456657648 0.015721285715699196
vn -0.9998134970664978 -0.01121616456657648 0.015721285715699196
vn -0.9998134970664978 -0.01121616456657648 0.015721285715699196
vn -0.0036158899310976267 0.0002824797702487558 0.9999934434890747
vn -0.0036158899310976267 0.0002824797702487558 0.9999934434890747
vn -0.0036158899310976267 0.0002824797702487558 0.9999934434890747
vn -0.0036158899310976267 0.0002824797702487558 0.9999934434890747
vn -0.005658105947077274 0.0004420244658831507 -0.9999839067459106
vn -0.005658105947077274 0.0004420244658831507 -0.9999839067459106
vn -0.005658105947077274 0.0004420244658831507 -0.9999839067459106
vn -0.005658105947077274 0.0004420244658831507 -0.9999839067459106
vn -0.00003986461160820909 1 -0.000005533103831112385
vn -0.0006241084192879498 0.9999995231628418 -0.0007465803646482527
vn -5.002582237345621e-10 0.9999997019767761 -0.0007703028968535364
vn -0.000029087066650390625 1 0.000014089065189182293
vn -0.01001269556581974 0.9997867345809937 -0.018060803413391113
vn -0.01001269556581974 0.9997867345809937 -0.018060803413391113
vn -0.9999901056289673 -0.004447645507752895 0
vn -0.9999943375587463 -0.0015347888693213463 0.0030024475418031216
vn -0.9999393820762634 -0.01055055670440197 0.0031421573366969824
vn -0.999912440776825 0.011756369844079018 0.006070755887776613
vn -0.9977920651435852 0.06634848564863205 0.002971605397760868
vn -0.9998872876167297 0.009518018923699856 -0.01161206979304552
vn -0.9998151063919067 -0.013088351115584373 -0.014085720293223858
vn -0.9925499558448792 -0.04226671904325485 -0.1142718642950058
vn 0.020033424720168114 -0.03338974341750145 0.9992415904998779
vn -0.016289422288537025 -0.003879738971590996 0.9998598098754883
vn 0.020033424720168114 -0.03338974341750145 0.9992415904998779
vn 0.00004586949944496155 -0.0024242443032562733 0.999997079372406
vn 0.00008211657404899597 -0.002273708814755082 0.9999974370002747
vn 0.0014951834455132484 0.06915804743766785 0.9976046085357666
vn 0.000004255828571331222 -1 1.2609184807388374e-7
vn 0.000004255828571331222 -1 1.2609184807388374e-7
vn 1 0.0000020809823126910487 -0.00020352301362436265
vn 1 0.0000020809802663279697 -0.00020352280989754945
vn 1 -1.1788905140974748e-7 -1.6626188426016597e-7
vn 1 -1.1788905140974748e-7 -1.6626188426016597e-7
vn -0.99997878074646 0.00610011350363493 0.0022902395576238632
vn -0.999997615814209 -0.0021967419888824224 -0.00004233792424201965
vn -0.9999817609786987 0.004918063525110483 0.003508845344185829
vn -3.1813260648050345e-7 0.01503998227417469 -0.9998868703842163
vn 0 -0.0242474228143692 -0.999705970287323
vn 0.01084683183580637 -0.02424599602818489 -0.9996472001075745
vn -0.04500588774681091 0.9989859461784363 0.001258299220353365
vn -0.0005203904001973569 0.9999988079071045 -0.0014631428057327867
vn -0.9999672174453735 0.0016510628629475832 0.007924227975308895
vn -0.9999422430992126 0.000043688443838618696 0.010745083913207054
vn -0.9999527335166931 0.009596070274710655 0.001560221891850233
vn -0.9999422430992126 0.00004368843656266108 0.010745084844529629
vn -0.9999690651893616 -0.0014434903860092163 0.007734627462923527
vn -0.9998788833618164 -0.014638412743806839 0.005287532694637775
vn 1.8459049044849962e-7 0.9999901056289673 0.004454537760466337
vn -0.9999950528144836 0.002972142305225134 0.0010443620849400759
vn -0.9999843239784241 0.005560648627579212 -0.0006272781756706536
vn -0.9999927878379822 0.0035865968093276024 0.0012634329032152891
vn -0.9999591708183289 -0.0034244812559336424 -0.008363999426364899
vn -0.9999856948852539 0.0001725128386169672 0.005345451645553112
vn -0.9879059791564941 -0.15502706170082092 -0.0028909200336784124
vn -0.0006661411025561392 -0.005020546726882458 -0.9999871850013733
vn 0 -0.00502054812386632 -0.9999874234199524
vn 0 -0.005020547658205032 -0.9999874234199524
vn 0 0 -1
vn 0 0 -1
vn 0 0 -1
vn 0 0 -1
vn 0 0 -1
vn -1.0585151644093571e-9 1 -0.000003836946234514471
vn -0.7124910950660706 0.0006191462744027376 0.7016808390617371
vn -0.9999872446060181 0.000015179160982370377 0.005045685917139053
vn -0.7125192284584045 0.000614732620306313 0.7016522884368896
vn -0.08654964715242386 -0.0010613615158945322 0.9962469935417175
vn 0.0018003343138843775 -0.9999983310699463 -0.00023834597959648818
vn 0.0008623218745924532 -0.9999996423721313 -0.00004376545621198602
vn 0.0018089263467118144 -0.9999983310699463 -0.00025785667821764946
vn 0.011278701946139336 -0.9997293949127197 -0.02034592069685459
vn 0.011278701946139336 -0.9997293949127197 -0.02034592069685459
vn -0.9999873042106628 0.0000186744309758069 0.005037928465753794
vn -1 0.0000020809738998650573 -0.00020362724899314344
vn 0 -0.0024825804866850376 0.9999969005584717
vn 0 -0.0024825804866850376 0.9999969005584717
vn -0.0000811774589237757 -0.002475643064826727 0.9999969601631165
vn -0.000046850796934450045 -0.0024216484744101763 0.999997079372406
vn 0.0005435092025436461 -0.9999271035194397 -0.012063395231962204
vn -4.432473055260289e-9 -0.9999272227287292 -0.012063396163284779
vn 0.0005435092025436461 -0.9999271035194397 -0.012063395231962204
vn 0.0153306033462286 -0.023563850671052933 -0.9996047616004944
vn 0.0153306033462286 -0.023563850671052933 -0.9996047616004944
vn 0.010849742218852043 0.026100091636180878 -0.9996004700660706
vn 0.010851257480680943 0.026109464466571808 -0.9996001720428467
vn 0.0005203187465667725 0.9999988079071045 -0.0014573103981092572
vn 0.0006241092341952026 0.9999995231628418 -0.0007465803064405918
vn 3.703842441082905e-11 0.9999988079071045 -0.0015367679297924042
vn 0.00003990402547060512 1 -0.000005553592927753925
vn -0.0012272146996110678 -0.9999991059303284 -0.000576223130337894
vn -0.0002285247901454568 -0.9999970197677612 0.0024236496537923813
vn -4.0762926367676755e-10 -0.9999992251396179 -0.0012394408695399761
vn 0.9999993443489075 0.0010791050735861063 0.0004340530140325427
vn 0.9999993443489075 0.0010791050735861063 0.0004340530140325427
vn 0.9999993443489075 0.0010791050735861063 0.0004340530140325427
vn 0.9999993443489075 0.0010791050735861063 0.0004340530140325427
vn 0.009077709168195724 -0.9987146258354187 -0.04986642673611641
vn -0.000323734013363719 -0.9999909400939941 0.004242000635713339
vn -9.110081578000973e-7 -0.9994483590126038 -0.03321186825633049
vn -0.009079337120056152 -0.9987146258354187 -0.04986652731895447
vn -0.04772309586405754 -0.9987147450447083 0.017070068046450615
vn -0.0011497391387820244 -0.9999966025352478 0.0023283788468688726
vn -0.02872057445347309 -0.9994499683380127 0.016581395640969276
vn -0.0017615989781916142 -0.9999984502792358 0.00021306317648850381
vn 0.045567046850919724 -0.9988579750061035 0.014367320574820042
vn 0.03144378215074539 -0.9993910193443298 0.015129681676626205
vn 0.04403679817914963 -0.9984644055366516 0.03360874578356743
vn 0.0015103197656571865 -0.9994609355926514 -0.032795362174510956
vn -0.001988406525924802 -0.9999961256980896 -0.0019328277558088303
vn 0.07676400244235992 -0.9970479011535645 0.0016760334838181734
vn 0.00041005155071616173 -0.9999894499778748 0.004574534948915243
vn 0.00009371183841722086 -0.9999716281890869 0.007528397254645824
vn -0.0012494209222495556 -0.9999991655349731 -0.00033054061350412667
vn 0.0030498041305691004 -0.9999948740005493 -0.0009791153715923429
vn -0.03864699602127075 -0.9987146258354187 0.03279547020792961
vn 0.022520674392580986 -0.9997438192367554 -0.0022661052644252777
vn 0.0010674854274839163 -0.9999993443489075 0.0004678731202147901
vn 0.022520674392580986 -0.9997438192367554 -0.0022661052644252777
vn 0.001486679189838469 -0.9999955892562866 -0.0025710787158459425
vn 0.0011546920286491513 -0.9999982714653015 -0.001437657861970365
vn -0.0015103206969797611 -0.9994609355926514 -0.03279538452625275
vn 0.006169282831251621 -0.9998919367790222 -0.013345565646886826
vn 0.006701317150145769 -0.9999296069145203 -0.009793411940336227
vn 0 -0.9985155463218689 -0.05446693301200867
vn 0.49680766463279724 0.0002493248612154275 0.8678606152534485
vn 0.49680766463279724 0.0002493248612154275 0.8678606152534485
vn 0.49680766463279724 0.0002493248612154275 0.8678606152534485
vn 0.49680766463279724 0.0002493248612154275 0.8678606152534485
vn -0.780437171459198 -0.4334627687931061 -0.45058614015579224
vn -0.780437171459198 -0.4334627687931061 -0.45058614015579224
vn -0.780437171459198 -0.4334627687931061 -0.45058614015579224
vn -0.780437171459198 -0.4334627687931061 -0.45058614015579224
vn 0.9999828934669495 -0.000722334545571357 -0.005803957581520081
vn 0.9999828934669495 -0.000722334545571357 -0.005803957581520081
vn 0.9999828934669495 -0.000722334545571357 -0.005803957581520081
vn 0.9999828934669495 -0.000722334545571357 -0.005803957581520081
vn 0 -0.7923070192337036 0.6101226210594177
vn 0 -0.7923070192337036 0.6101226210594177
vn 0 -0.7923070192337036 0.6101226210594177
vn 0 -0.7923070192337036 0.6101226210594177
vn 0.50346839427948 -0.00010147532884730026 -0.864013671875
vn 0.50346839427948 -0.00010147532884730026 -0.864013671875
vn 0.50346839427948 -0.00010147532884730026 -0.864013671875
vn 0.50346839427948 -0.00010147532884730026 -0.864013671875
vn -0.50346839427948 -0.00010078237392008305 -0.8640136122703552
vn -0.50346839427948 -0.00010078237392008305 -0.8640136122703552
vn -0.50346839427948 -0.00010078237392008305 -0.8640136122703552
vn -0.50346839427948 -0.00010078237392008305 -0.8640136122703552
vn 0.8674459457397461 -0.018057070672512054 -0.49720364809036255
vn 0.8674459457397461 -0.018057070672512054 -0.49720364809036255
vn 0.8674459457397461 -0.018057070672512054 -0.49720364809036255
vn 0.8674459457397461 -0.018057070672512054 -0.49720364809036255
vn -0.0019235452637076378 -0.008285854943096638 0.9999638199806213
vn -0.0019235452637076378 -0.008285854943096638 0.9999638199806213
vn -0.0019235452637076378 -0.008285854943096638 0.9999638199806213
vn -0.0019235452637076378 -0.008285854943096638 0.9999638199806213
vn -0.865873396396637 -0.018849195912480354 -0.4999079704284668
vn -0.865873396396637 -0.018849195912480354 -0.4999079704284668
vn -0.865873396396637 -0.018849195912480354 -0.4999079704284668
vn -0.865873396396637 -0.018849195912480354 -0.4999079704284668
vn -0.8662863969802856 -0.0033237768802791834 0.4995366334915161
vn -0.5787817239761353 -0.0007162446854636073 0.8154821991920471
vn -0.616950273513794 -0.002842831192538142 0.7869969606399536
vn -0.9960794448852539 0.0007235222146846354 0.08846037089824677
vn -0.866244375705719 -0.0018171453848481178 0.49961721897125244
vn -2.9196050377322535e-7 -0.003587018931284547 -0.9999935626983643
vn 0.4214326739311218 0.0007213354110717773 -0.9068593978881836
vn -2.5262124836444855e-7 -0.001869882456958294 -0.9999982714653015
vn -0.4214320480823517 0.0007251072092913091 -0.9068596959114075
vn -0.37774166464805603 -0.003320967545732856 -0.9259051084518433
vn -0.4965214431285858 -0.00010032045975094661 0.868024468421936
vn -0.4965214431285858 -0.00010032045975094661 0.868024468421936
vn -0.4965214431285858 -0.00010032045975094661 0.868024468421936
vn -0.4965214431285858 -0.00010032045975094661 0.868024468421936
vn -0.9999851584434509 -0.0005547795444726944 -0.005421933252364397
vn -0.9999851584434509 -0.0005547795444726944 -0.005421933252364397
vn -0.9999851584434509 -0.0005547795444726944 -0.005421933252364397
vn -0.9999851584434509 -0.0005547795444726944 -0.005421933252364397
vn 0.7804376482963562 -0.4334644675254822 -0.45058369636535645
vn 0.7804376482963562 -0.4334644675254822 -0.45058369636535645
vn 0.7804376482963562 -0.4334644675254822 -0.45058369636535645
vn 0.7804376482963562 -0.4334644675254822 -0.45058369636535645
vn 0.8663268089294434 -0.0033252998255193233 0.49946650862693787
vn 0.9960794448852539 0.0007240090053528547 0.08846007287502289
vn 0.9907276630401611 -0.003322490956634283 0.13582223653793335
vn 0.004089832305908203 -0.999988853931427 -0.0023620512802153826
vn -8.551526775590901e-7 -1 -3.4312824936932884e-7
vn 0.0016137711936607957 -0.999988853931427 -0.004438146948814392
vn -0.004090660717338324 -0.999988853931427 -0.0023617621045559645
vn -0.004651255439966917 -0.999988853931427 0.0008194743422791362
vn 0.004650705493986607 -0.999988853931427 0.0008191863889805973
vn -0.001615966553799808 -0.999988853931427 -0.004437712486833334
vn -0.0030355630442500114 -0.999988853931427 0.0036178245209157467
vn -0.000002195584556829999 -0.999988853931427 0.004722729790955782
vn 0.003033643588423729 -0.999988853931427 0.003617381677031517
vn 0.578781247138977 -0.0007270541973412037 0.815482497215271
vn 0.616949737071991 -0.002843949245288968 0.786997377872467
vn 0.3379077911376953 0.011272486299276352 0.9411117434501648
vn -0.3379080891609192 0.011269708164036274 0.9411116242408752
vn 0.8655089139938354 0.013860912062227726 0.5007017254829407
vn 0.8662453889846802 -0.0018191910348832607 0.4996154308319092
vn -0.982768714427948 0.023531008511781693 -0.18333563208580017
vn -0.6501553058624268 0.023542610928416252 -0.7594364881515503
vn -8.144274943333585e-8 0.01633140817284584 -0.9998666048049927
vn -0.8655086159706116 0.013858265243470669 0.5007022619247437
vn 0.9827983975410461 0.023540295660495758 -0.18317513167858124
vn 0.6500633358955383 0.023524966090917587 -0.7595157623291016
vn 0.37774115800857544 -0.00332155404612422 -0.9259052872657776
vn -0.9907274842262268 -0.0033209382090717554 0.13582350313663483
vn 0.9999958872795105 0.0020237467251718044 -0.002024638233706355
vn 1 0 -6.151027687195665e-9
vn 0.9999958872795105 -5.435104033502114e-10 -0.0028629207517951727
vn 0.9999958872795105 0.0028620027005672455 -2.816372690617186e-9
vn 0.9999958872795105 -0.0020237471908330917 -0.0020275400020182133
vn 0.9999958872795105 -0.00286200363188982 -2.470501581086637e-9
vn 0.9999958872795105 -0.00202373880892992 0.002027532085776329
vn 0.9999958872795105 7.905605614588751e-10 0.0028629095759242773
vn 0.9999958872795105 0.0020237385760992765 0.0020246331114321947
vn 0.0179511159658432 -5.929390454184613e-7 0.9998388886451721
vn 0.017951149493455887 0.7069934606552124 0.7069922089576721
vn 0.0179511159658432 -5.981424351375608e-7 0.9998388886451721
vn 0.017951151356101036 0.7069931626319885 0.706992506980896
vn 0.01795130781829357 -0.7069933414459229 0.7069923877716064
vn 0.01795130968093872 -0.7069931626319885 0.706992506980896
vn 0.017951110377907753 0.9998388886451721 7.012698688413366e-7
vn 0.017951110377907753 0.9998388886451721 6.951689783818438e-7
vn 0.017950909212231636 -4.7026153993101616e-7 -0.9998388886451721
vn 0.01795106753706932 -0.7069932818412781 -0.7069924473762512
vn 0.017950911074876785 -4.743883437186014e-7 -0.9998388886451721
vn 0.01795106753706932 -0.7069931030273438 -0.7069926261901855
vn 0.01795094646513462 0.7069931626319885 -0.7069925665855408
vn 0.01795094460248947 0.7069929242134094 -0.7069927453994751
vn 0.017951298505067825 -0.9998388886451721 0.0000011245384712310624
vn 0.017951300367712975 -0.9998388886451721 0.0000011137817637063563
vn 0 -0.625435471534729 -0.7802758812904358
vn 0 -0.625435471534729 -0.7802758812904358
vn 0 -0.625435471534729 -0.7802758812904358
vn 0 -0.625435471534729 -0.7802758812904358
vn 0.9998151063919067 -0.013088349252939224 -0.014086032286286354
vn 0.9998893737792969 0.009727581404149532 -0.011250706389546394
vn 0.9998151063919067 -0.013088349252939224 -0.014086032286286354
vn 0.0045483410358428955 -0.0058395471423864365 -0.9999725818634033
vn 0.0045483410358428955 -0.0058395471423864365 -0.9999725818634033
vn 0.0045483410358428955 -0.0058395471423864365 -0.9999725818634033
vn 0.0045483410358428955 -0.0058395471423864365 -0.9999725818634033
vn -0.9999949932098389 0.0007349494262598455 0.0030809990130364895
vn -0.9999949932098389 0.0007349494262598455 0.0030809990130364895
vn -0.9999949932098389 0.0007349494262598455 0.0030809990130364895
vn -0.9999949932098389 0.0007349494262598455 0.0030809990130364895
vn 0.9998081922531128 -0.013199700973927975 -0.014467734843492508
vn 0.9998872876167297 0.00951613299548626 -0.0116114541888237
vn 0.730296790599823 -0.6806146502494812 0.05856813117861748
vn 0.730296790599823 -0.6806146502494812 0.05856813117861748
vn 0.730296790599823 -0.6806146502494812 0.05856813117861748
vn 0.730296790599823 -0.6806146502494812 0.05856813117861748
vn 0.9999935030937195 -0.003606713144108653 0
vn 0.9999935030937195 -0.003606713144108653 0
vn 0.9999935030937195 -0.003606713144108653 0
vn 0.9999935030937195 -0.003606713144108653 0
vn 0.03235317021608353 0.009180506691336632 0.9994343519210815
vn 0.016313008964061737 -0.0038612091448158026 0.9998594522476196
vn 0.016291353851556778 -0.0038820477202534676 0.9998597502708435
vn 0.03574877604842186 0.010040384717285633 -0.9993103742599487
vn 0.017450058832764626 -0.0051976777613162994 -0.9998342394828796
vn 0.03574877604842186 0.010040384717285633 -0.9993103742599487
vn 0.017439305782318115 -0.005204649642109871 -0.9998343586921692
vn 0.008968424052000046 -0.9999597668647766 0
vn 0.008968424052000046 -0.9999597668647766 0
vn 0.008968424052000046 -0.9999597668647766 0
vn 0.008968424052000046 -0.9999597668647766 0
vn -0.023606300354003906 -0.039343658834695816 -0.9989468455314636
vn -0.023606300354003906 -0.039343658834695816 -0.9989468455314636
vn 0.047273002564907074 -0.9988779425621033 0.0028409205842763186
vn 0.047273002564907074 -0.9988779425621033 0.0028409205842763186
vn 0.047273002564907074 -0.9988779425621033 0.0028409205842763186
vn 0.047273002564907074 -0.9988779425621033 0.0028409205842763186
vn 0.9999951720237732 -0.00310574215836823 0
vn 0.9999951720237732 -0.00310574215836823 0
vn 0.9999951720237732 -0.00310574215836823 0
vn 0.9999951720237732 -0.00310574215836823 0
vn 0.9998134970664978 -0.01121616456657648 0.015721285715699196
vn 0.9998134970664978 -0.01121616456657648 0.015721285715699196
vn 0.9998134970664978 -0.01121616456657648 0.015721285715699196
vn 0.9998134970664978 -0.01121616456657648 0.015721285715699196
vn 0.0036158899310976267 0.0002824822731781751 0.9999934434890747
vn 0.0036158899310976267 0.0002824822731781751 0.9999934434890747
vn 0.0036158899310976267 0.0002824822731781751 0.9999934434890747
vn 0.0036158899310976267 0.0002824822731781751 0.9999934434890747
vn 0.0056580970995128155 0.0004420207696966827 -0.9999839067459106
vn 0.0056580970995128155 0.0004420207696966827 -0.9999839067459106
vn 0.0056580970995128155 0.0004420207696966827 -0.9999839067459106
vn 0.0056580970995128155 0.0004420207696966827 -0.9999839067459106
vn 0.000028811862648581155 1 0.000013811398275720421
vn 0.010012730024755001 0.9997867345809937 -0.018061194568872452
vn 0.010012730024755001 0.9997867345809937 -0.018061194568872452
vn 0.9999901056289673 -0.004447645507752895 0
vn 0.9999393820762634 -0.010550550185143948 0.0031421713065356016
vn 0.9999943375587463 -0.0015347916632890701 0.0030024214647710323
vn 0.999912440776825 0.011756441555917263 0.006073132622987032
vn 0.9977920651435852 0.06634849309921265 0.002971597947180271
vn 0.9999527335166931 0.009596366435289383 0.0015603718347847462
vn 0.9999843239784241 0.005560650024563074 -0.0006271336460486054
vn 0.9925499558448792 -0.04226671904325485 -0.1142718642950058
vn -0.02003343589603901 -0.03338967636227608 0.9992415904998779
vn 0.03235317021608353 0.009180506691336632 0.9994343519210815
vn -0.02003343589603901 -0.03338967636227608 0.9992415904998779
vn -0.08448641747236252 0.0004952214658260345 0.9964244961738586
vn -0.0014951834455132484 0.06915804743766785 0.9976046085357666
vn 0.0008624616893939674 -0.9999996423721313 -0.00004377253571874462
vn -0.000004255828116583871 -1 1.2609183386302902e-7
vn -0.000004255828116583871 -1 1.2609183386302902e-7
vn -1 0.0000020809718535019783 -0.00020362704526633024
vn -1 -1.1788905140974748e-7 -2.0299135883306008e-7
vn -1 -1.1788905140974748e-7 -2.0299135883306008e-7
vn 0.99997878074646 0.006100159138441086 0.0022901794873178005
vn 0.999997615814209 -0.002196740359067917 -0.00004186046135146171
vn -0.008239374496042728 0.015090042725205421 -0.999852180480957
vn -0.01084683183580637 -0.02424599602818489 -0.9996472001075745
vn 0.04500605911016464 0.9989859461784363 0.0012583036441355944
vn 0.9999423027038574 0.00004368848021840677 0.010743719525635242
vn 0.9999690651893616 -0.0014435192570090294 0.007734635844826698
vn 0.9999423027038574 0.00004368846566649154 0.010743719525635242
vn 0.9999669194221497 0.001635639346204698 0.007968033663928509
vn 0.9998788833618164 -0.0146385058760643 0.005288726184517145
vn 0 0 -1
vn 0 0 -1
vn 0 0 -1
vn 0 0 -1
vn 0 0.9999901056289673 0.004454537760466337
vn 0.9999950528144836 0.0029721378814429045 0.0010443958453834057
vn 0.9999927878379822 0.0035865968093276024 0.0012634329032152891
vn 0.9999817609786987 0.00491810217499733 0.003508947091177106
vn 0.9999591708183289 -0.0034244812559336424 -0.008363999426364899
vn 0.9999856948852539 0.0001724574831314385 0.005345427431166172
vn 0.9879059791564941 -0.15502706170082092 -0.0028909200336784124
vn -0.0006661411025561392 -0.005020546726882458 -0.9999871850013733
vn 0.0006661411025561392 -0.005020546726882458 -0.9999871850013733
vn 0.0006661411025561392 -0.005020546726882458 -0.9999871850013733
vn 0 0 -1
vn 1 0 1.9292305353246775e-7
vn 1 0.000004777099093189463 -7.458282880179468e-7
vn 1 0 1.9292305353246775e-7
vn -1 0 0
vn -1 0.000004777099093189463 -8.134027780215547e-7
vn -1 0.000012210038221383002 -6.185123311297502e-7
vn -0.7085745334625244 -0.0006152201676741242 -0.7056357264518738
vn -0.9999826550483704 -0.000035901710361940786 -0.005891676060855389
vn -0.7083578705787659 -0.0006153807626105845 -0.7058532238006592
vn -0.12413101643323898 -0.0005333121516741812 -0.9922657012939453
vn -0.12746131420135498 -0.0007065536919981241 -0.9918432831764221
vn -1.8176541161096793e-8 1 0
vn 0 1 0
vn 0 1 0
vn -2.0056559080217085e-8 1 0
vn -1.2968659923728865e-8 1 0
vn -0.9999825954437256 -0.00019467948004603386 -0.005900338292121887
vn -0.9999999403953552 -0.00000293339053314412 0.00031306606251746416
vn 0 1 7.761044003018469e-7
vn 0 1 7.761044003018469e-7
vn 0 1 7.761044003018469e-7
vn 0 1 7.761044003018469e-7
vn 1 0 0
vn 1 0 0
vn 1 0 0
vn 1 0 0
vn -6.942644290575117e-7 1 3.363479095241928e-7
vn -1.103404585478529e-7 1 -8.227483050404771e-8
vn -8.43806219563703e-7 1 1.448997295483423e-7
vn -0.0000010413947393317358 1 4.697350277638179e-7
vn -8.792512318223089e-8 1 7.756580799878066e-8
vn -0.0000013885272664992954 1 1.5522128649081424e-7
vn -4.5637469270332076e-7 1 2.5455244667682564e-7
vn -9.686050361779053e-7 1 1.4641307188867358e-7
vn -9.256842190552561e-7 1 3.104414929566701e-7
vn -9.000596037367359e-7 1 2.759362871529447e-7
vn -2.011498168030812e-7 1 2.21899192354158e-8
vn 2.432309109678954e-8 1 1.1921002851522644e-7
vn 8.53485546126187e-11 1 -7.68069767786983e-8
vn -5.330779706547162e-10 1 1.8001631474362512e-7
vn -4.477271331460031e-10 1 1.0320929533236267e-7
vn -9.256859243578219e-7 1 1.4074703358346596e-7
vn 0 1 0
vn 2.7090782950267567e-8 1 -9.332143058315978e-9
vn 6.234678551209072e-8 1 -8.192107259219483e-8
vn -1.3968721646051563e-7 1 4.872505243724845e-8
vn 6.56754082228872e-8 1 -9.90675488310444e-8
vn -0.0000010413962172606261 1 -2.1111692660724657e-7
vn 0 1 0
vn 8.842805598874293e-9 1 1.966042795231715e-8
vn 0 1 0
vn -1.4435953232805332e-7 1 3.043082585918455e-8
vn -6.58121057650618e-10 1 -9.761066621649661e-9
vn 2.47369619498514e-16 1 -1.1902144336772835e-7
vn -2.301360524370466e-7 1 -2.459996117920582e-8
vn 0 1 -2.0246095289166988e-7
vn -3.2626363832832794e-9 1 -2.024609671025246e-7
vn 6.7268590697722175e-9 1 0
vn 6.929481433104456e-9 1 0
vn 0 1 0
vn 0.4999998211860657 5.700536007680057e-7 -0.8660255074501038
vn 0.4999998211860657 5.700536007680057e-7 -0.8660255074501038
vn 0.4999998211860657 5.700536007680057e-7 -0.8660255074501038
vn 0.4999998211860657 5.700536007680057e-7 -0.8660255074501038
vn -0.7819010615348816 0.4299332797527313 0.45142900943756104
vn -0.7819010615348816 0.4299332797527313 0.45142900943756104
vn -0.7819010615348816 0.4299332797527313 0.45142900943756104
vn -0.7819010615348816 0.4299332797527313 0.45142900943756104
vn 1 7.118387088667077e-7 0.000001235831177837099
vn 1 7.118387088667077e-7 0.000001235831177837099
vn 1 7.118387088667077e-7 0.000001235831177837099
vn 1 7.118387088667077e-7 0.000001235831177837099
vn 0 0.793606162071228 -0.6084317564964294
vn 0 0.793606162071228 -0.6084317564964294
vn 0 0.793606162071228 -0.6084317564964294
vn 0 0.793606162071228 -0.6084317564964294
vn 0.49999991059303284 2.59115353173911e-7 0.866025447845459
vn 0.49999991059303284 2.59115353173911e-7 0.866025447845459
vn 0.49999991059303284 2.59115353173911e-7 0.866025447845459
vn 0.49999991059303284 2.59115353173911e-7 0.866025447845459
vn -0.5000002384185791 -6.218771204657969e-7 0.8660252690315247
vn -0.5000002384185791 -6.218771204657969e-7 0.8660252690315247
vn -0.5000002384185791 -6.218771204657969e-7 0.8660252690315247
vn -0.5000002384185791 -6.218771204657969e-7 0.8660252690315247
vn 0.8660250306129456 4.924410745843488e-7 0.5000006556510925
vn 0.8660250306129456 4.924410745843488e-7 0.5000006556510925
vn 0.8660250306129456 4.924410745843488e-7 0.5000006556510925
vn 0.8660250306129456 4.924410745843488e-7 0.5000006556510925
vn -3.78505651029825e-14 0 -1
vn -3.78505651029825e-14 0 -1
vn -3.78505651029825e-14 0 -1
vn -3.78505651029825e-14 0 -1
vn -0.8660262823104858 -7.386632887573796e-7 0.4999985098838806
vn -0.8660262823104858 -7.386632887573796e-7 0.4999985098838806
vn -0.8660262823104858 -7.386632887573796e-7 0.4999985098838806
vn -0.8660262823104858 -7.386632887573796e-7 0.4999985098838806
vn -0.6427866816520691 -3.8410385627685173e-7 -0.7660452127456665
vn -0.8660249710083008 -8.410928558078012e-7 -0.5000007748603821
vn -0.595940113067627 -0.00000863807690620888 -0.8030288815498352
vn -0.8660248517990112 -6.209936600498622e-7 -0.5000009536743164
vn -0.9934132099151611 0.00008757718023844063 -0.11458683013916016
vn -9.69138113759982e-7 -1.7293552900810027e-7 1
vn -0.39747294783592224 -0.000008647558388474863 0.9176138639450073
vn -0.3420208692550659 -4.4319816083771e-7 0.9396923780441284
vn -0.5000004768371582 -2.3320410491578514e-7 -0.8660251498222351
vn -0.5000004768371582 -2.3320410491578514e-7 -0.8660251498222351
vn -0.5000004768371582 -2.3320410491578514e-7 -0.8660251498222351
vn -0.5000004768371582 -2.3320410491578514e-7 -0.8660251498222351
vn -1 -5.931990472163307e-7 -1.882908833295005e-7
vn -1 -5.931990472163307e-7 -1.882908833295005e-7
vn -1 -5.931990472163307e-7 -1.882908833295005e-7
vn -1 -5.931990472163307e-7 -1.882908833295005e-7
vn 0.7818995118141174 0.4299340546131134 0.45143091678619385
vn 0.7818995118141174 0.4299340546131134 0.45143091678619385
vn 0.7818995118141174 0.4299340546131134 0.45143091678619385
vn 0.7818995118141174 0.4299340546131134 0.45143091678619385
vn 0.8660256266593933 8.175114203368139e-7 -0.49999967217445374
vn 0.5959413051605225 -0.000007762342647765763 -0.8030279874801636
vn 0.866025447845459 6.386806603586592e-7 -0.49999991059303284
vn 0.9848077297210693 8.5684871464764e-7 -0.17364837229251862
vn 0.6427884101867676 6.795705189688306e-7 -0.7660437226295471
vn -0.000001811100901250029 1 2.5875885967252543e-7
vn -7.546249776169134e-7 1 3.1116701393330004e-7
vn -9.055507916855277e-7 1 3.964375139275944e-7
vn 4.5277550952960155e-7 1 0
vn 4.5277570848156756e-7 1 0
vn -0.000001131938120124687 1 2.5875570486277866e-7
vn 0 1 0
vn 0 1 3.725300530277309e-7
vn -0.0000018110985138264368 1 7.45058798656828e-7
vn -0.0000020374857285787584 1 7.689630479035259e-7
vn 0.34202057123184204 0 -0.939692497253418
vn -0.3420200049877167 -5.659694579662755e-7 -0.9396926760673523
vn -0.9848079085350037 -9.904456419462804e-7 0.17364716529846191
vn -4.239977897668723e-7 -2.2795981635681528e-7 1
vn -0.6427878141403198 -9.196992323268205e-7 0.7660442590713501
vn 5.451400397760153e-7 -2.829834500062134e-7 1
vn -0.8660250902175903 -0.0000010611920515657403 -0.5000004768371582
vn 0.8660252690315247 4.5985012775418e-7 -0.5000001788139343
vn 0.9934132695198059 -0.0000068423796619754285 -0.11458644270896912
vn 0.6427876949310303 9.90445755633118e-7 0.7660443782806396
vn 0.3974722623825073 -0.000007555070624221116 0.9176141619682312
vn 0.9848079085350037 0.000001308804030486499 0.17364728450775146
vn 0.3420190215110779 1.1818563194765375e-7 0.939693033695221
vn -0.984807550907135 -7.82982340297167e-7 -0.17364917695522308
vn 1 0.0000013170906640880276 0
vn 1 -3.256703717466336e-13 0
vn 1 -2.412601097633721e-13 0
vn 1 0.0000018626444671099307 0
vn 1 -0.0000013170910051485407 0
vn 1 -0.0000018626450355441193 0
vn 1 -0.0000013170881629775977 0
vn 1 -5.06646265739652e-13 0
vn 1 0.0000013170871397960582 0
vn 0 0 -1
vn 0 0 -1
vn 0 0.7071059346199036 -0.707107663154602
vn 0 0.7071059346199036 -0.707107663154602
vn 0 -0.7071059346199036 -0.707107663154602
vn 0 -0.7071059346199036 -0.707107663154602
vn 0 -1 -3.696473243053333e-7
vn 0 -1 -3.696473243053333e-7
vn 0 -0.7071067690849304 0.7071067690849304
vn 0 -0.7071067690849304 0.7071067690849304
vn 0 0 1
vn 0 0 1
vn 0 1 -3.696473243053333e-7
vn 0 0.7071067690849304 0.7071067690849304
vn 0 1 -3.696473243053333e-7
vn 0 0.7071067690849304 0.7071067690849304
vn 0 0.4472135901451111 0.8944271802902222
vn 0 0.4472135901451111 0.8944271802902222
vn 0 0.4472135901451111 0.8944271802902222
vn 0 0.4472135901451111 0.8944271802902222
vn 0 0 1
vn 0 0 1
vn 0 0 1
vn 0 0 1
vn 0 6.76389447562542e-7 1
vn 0 1.2466695409329986e-7 1
vn 0 0 1
vn 0 0 1
vn 0 6.879603802190104e-7 1
vn 0 8.996476452693969e-8 1
vn -1 0 -0.0000033841592994576786
vn -1 0 -0.0000033841592994576786
vn -1 0 -0.0000033841592994576786
vn -1 0 -0.0000033841592994576786
vn 0.7682217359542847 0.6401838660240173 0
vn 0.7682217359542847 0.6401838660240173 0
vn 0.7682217359542847 0.6401838660240173 0
vn 0.7682217359542847 0.6401838660240173 0
vn 1 0 0
vn 1 0 0
vn 1 0 0
vn 1 0 0
vn 0 0 1
vn 0 -1.8035036930541537e-7 1
vn 0 -1.5546677900601935e-7 1
vn 0 1 0
vn 0 1 0
vn 0 1 0
vn 0 1 0
vn 0 0 1
vn 0 -3.233759571230621e-7 1
vn 0 -3.233759571230621e-7 1
vn 0 1 0
vn 0 1 0
vn 0 1 0
vn 0 1 0
vn -2.6269386665944694e-10 1 -2.0277282075653602e-8
vn 1 0 0
vn 1 0 0
vn 1 0 0
vn 1 0 0
vn 1 0 0
vn 1 0 0
vn 1 0 0
vn 1 0 0
vn 0 0 -1
vn 0 0 -1
vn 0 0 -1
vn 0 0 -1
vn 0 0 1
vn 0 0 1
vn 0 0 1
vn 0 0 1
vn -1.8519343836231883e-9 -1 4.2002779032657145e-9
vn -4.89131668501841e-9 -1 2.7090946153052187e-10
vn -1.4670992198873023e-9 -1 3.3274529798177355e-9
vn 0 -1 0
vn 0 -1 0
vn 1 0 0
vn 1 0 0
vn 1 0 0
vn 1 0.000004315605110605247 -8.996781843961799e-7
vn 1 3.475640539818414e-7 -7.245699862323818e-8
vn 1 0.000012210040040372405 -5.57471651063679e-7
vn 1 0.000009920380762196146 -0.000006615301117562922
vn 1 0 -1.5481992932109279e-7
vn 1 0 0
vn 1 0 -0.00001597486698301509
vn 0 0 -1
vn 0 0 -1
vn 0 0 -1
vn 0 0 -1
vn 0 0 -1
vn 0 0 -1
vn 0 0 -1
vn -0.0001042588846758008 -0.0002665416686795652 -0.9999999403953552
vn 0 -0.0002618508005980402 -0.9999999403953552
vn -0.00008750688721193 -0.0002638936275616288 -0.9999999403953552
vn -1.2971261398320166e-8 1 0
vn 0 1 0
vn 0 1 0
vn -0.9999999403953552 -0.000002933388941528392 0.0003130658878944814
vn -1 0 0
vn -1 0 0
vn 1 0 0
vn 1 0 -4.856509505657414e-8
vn 0 0 1
vn -1.070837498673427e-7 -1 -1.4994353536579297e-9
vn -1.6230687549523282e-7 -1 0
vn 5.341684872206542e-10 -1 1.6381644651897176e-10
vn 1 0 -0.0000010348463774789707
vn 1 0 -3.699299213621998e-7
vn 1 0 -0.0000010348463774789707
vn 1 0 -1.0784050630263664e-7
vn 1 0 -3.8347960185092234e-7
vn 0 0 1
vn 0 0 1
vn 0 0 1
vn 0 -1 -4.348215121297017e-9
vn -1.6230688970608753e-7 -1 0
vn 1 0 0
vn 1 0 0.0000012308241821301635
vn 1 0 -2.631379061313055e-7
vn 1 0 0
vn 1 0 -9.616578608984128e-7
vn 1 0 0
vn 0 0 1
vn 0 0 1
vn 0 0 1
vn 0 0 1
vn 0 0 1
vn 1.068336863419006e-9 -1 4.6758472649344185e-9
vn -3.362188305544578e-9 -1 5.984698248084896e-8
vn 0.7085744738578796 -0.0006151969428174198 -0.7056357264518738
vn 0.12413115054368973 -0.0006734768976457417 -0.9922655820846558
vn 0.7083578705787659 -0.0006153574795462191 -0.7058532238006592
vn 0 1 0
vn 0 1 0
vn 0 1 0
vn 0 1 0
vn 0 1 0
vn 0 1 0
vn 0.9999826550483704 -0.00019491664716042578 -0.005891605746001005
vn 0.9999825954437256 2.951710200704838e-7 -0.0059004854410886765
vn 0 -0.0002618508005980402 -0.9999999403953552
vn 0 1 7.761044003018469e-7
vn 0 1 7.761044003018469e-7
vn 0 0 1
vn 0 6.76389447562542e-7 1
vn 0 0 1
vn 4.273099563079086e-8 -1 -4.8453854262220375e-9
vn -2.5119060609313237e-8 1 1.1921004272608116e-7
vn 8.691683461847788e-8 1 7.756580799878066e-8
vn -1 0 8.203203378798207e-7
vn -1 0 8.203203378798207e-7
vn -1 0 8.203203378798207e-7
vn -1 0 8.203203378798207e-7
vn 6.942644290575117e-7 1 3.363479095241928e-7
vn 8.43806219563703e-7 1 1.448997295483423e-7
vn 1.1094648755261005e-7 1 -8.227484471490243e-8
vn 0.0000010413947393317358 1 4.697350277638179e-7
vn 0.0000013885272664992954 1 1.5522128649081424e-7
vn 9.686050361779053e-7 1 1.4641307188867358e-7
vn 4.5688415184486075e-7 1 2.5455244667682564e-7
vn 2.0122568855640566e-7 1 2.21899192354158e-8
vn 9.256842190552561e-7 1 3.104414929566701e-7
vn 9.00059546893317e-7 1 2.7593631557465415e-7
vn 9.256859243578219e-7 1 1.4074703358346596e-7
vn 2.3013602401533717e-7 1 -2.45999647319195e-8
vn 3.2626363832832794e-9 1 -2.024609671025246e-7
vn 0 1 0
vn -6.096533411437122e-8 1 -8.192107259219483e-8
vn -2.7466279917121028e-8 1 -9.332149275564916e-9
vn 1.415897941114963e-7 1 4.872505598996213e-8
vn -6.397724661155735e-8 1 -9.90675488310444e-8
vn 0.0000010413962172606261 1 -2.1111692660724657e-7
vn 0 1 0
vn -7.314851391271304e-9 1 1.966043150503083e-8
vn 0 1 0
vn 1.45424621678103e-7 1 3.043082230647087e-8
vn -6.929482765372086e-9 1 0
vn -6.726860402039847e-9 1 0
vn 2.175698732287401e-9 1 -9.761066621649661e-9
vn 0 1 0
vn -0.49999985098838806 5.613825919681403e-7 -0.8660255074501038
vn -0.49999985098838806 5.613825919681403e-7 -0.8660255074501038
vn -0.49999985098838806 5.613825919681403e-7 -0.8660255074501038
vn -0.49999985098838806 5.613825919681403e-7 -0.8660255074501038
vn 0.7819008827209473 0.4299331605434418 0.4514293968677521
vn 0.7819008827209473 0.4299331605434418 0.4514293968677521
vn 0.7819008827209473 0.4299331605434418 0.4514293968677521
vn 0.7819008827209473 0.4299331605434418 0.4514293968677521
vn -1 7.118387657101266e-7 0.0000012358312915239367
vn -1 7.118387657101266e-7 0.0000012358312915239367
vn -1 7.118387657101266e-7 0.0000012358312915239367
vn -1 7.118387657101266e-7 0.0000012358312915239367
vn 0 0.793606162071228 -0.6084317564964294
vn 0 0.793606162071228 -0.6084317564964294
vn 0 0.793606162071228 -0.6084317564964294
vn 0 0.793606162071228 -0.6084317564964294
vn -0.49999991059303284 2.51301173648244e-7 0.866025447845459
vn -0.49999991059303284 2.51301173648244e-7 0.866025447845459
vn -0.49999991059303284 2.51301173648244e-7 0.866025447845459
vn -0.49999991059303284 2.51301173648244e-7 0.866025447845459
vn 0.5000001192092896 -6.140629125184205e-7 0.8660253286361694
vn 0.5000001192092896 -6.140629125184205e-7 0.8660253286361694
vn 0.5000001192092896 -6.140629125184205e-7 0.8660253286361694
vn 0.5000001192092896 -6.140629125184205e-7 0.8660253286361694
vn -0.8660252094268799 4.844912382395705e-7 0.5000003576278687
vn -0.8660252094268799 4.844912382395705e-7 0.5000003576278687
vn -0.8660252094268799 4.844912382395705e-7 0.5000003576278687
vn -0.8660252094268799 4.844912382395705e-7 0.5000003576278687
vn 3.78505651029825e-14 3.706508877598935e-8 -1
vn 3.78505651029825e-14 3.706508877598935e-8 -1
vn 3.78505651029825e-14 3.706508877598935e-8 -1
vn 3.78505651029825e-14 3.706508877598935e-8 -1
vn 0.8660257458686829 -7.285044603122515e-7 0.49999943375587463
vn 0.8660257458686829 -7.285044603122515e-7 0.49999943375587463
vn 0.8660257458686829 -7.285044603122515e-7 0.49999943375587463
vn 0.8660257458686829 -7.285044603122515e-7 0.49999943375587463
vn -0.9848077297210693 8.545354148736806e-7 -0.17364837229251862
vn -0.8660255074501038 6.414572908397531e-7 -0.49999985098838806
vn -0.8660256862640381 8.230646812990017e-7 -0.499999463558197
vn -0.9934132695198059 -0.00005510474511538632 -0.11458640545606613
vn 0.6427870988845825 -3.716441199230758e-7 -0.7660449147224426
vn 0.595940113067627 -0.000008575134415877983 -0.8030288815498352
vn 0.8660250902175903 -8.473847969980852e-7 -0.500000536441803
vn 0.000001110470748244552 -1.8006936386427697e-7 1
vn 0.3974730372428894 -0.00008105995948426425 0.9176138639450073
vn 5.754255880674464e-7 -2.3922936520648364e-7 1
vn -0.3974722623825073 -0.000007542524144810159 0.917614221572876
vn -0.3420190215110779 1.0531903882338156e-7 0.939693033695221
vn 0.5000002980232239 -2.245329540073726e-7 -0.8660252690315247
vn 0.5000002980232239 -2.245329540073726e-7 -0.8660252690315247
vn 0.5000002980232239 -2.245329540073726e-7 -0.8660252690315247
vn 0.5000002980232239 -2.245329540073726e-7 -0.8660252690315247
vn 1 -5.931990472163307e-7 0
vn 1 -5.931990472163307e-7 0
vn 1 -5.931990472163307e-7 0
vn 1 -5.931990472163307e-7 0
vn -0.7818995714187622 0.4299340844154358 0.4514307975769043
vn -0.7818995714187622 0.4299340844154358 0.4514307975769043
vn -0.7818995714187622 0.4299340844154358 0.4514307975769043
vn -0.7818995714187622 0.4299340844154358 0.4514307975769043
vn -0.595941424369812 -0.000007690428901696578 -0.8030279278755188
vn 0.000001811100901250029 1 2.5875885967252543e-7
vn 9.055507916855277e-7 1 3.964375139275944e-7
vn 7.546250344603322e-7 1 3.111669855115906e-7
vn -4.5277550952960155e-7 1 0
vn -4.5277570848156756e-7 1 0
vn 0.000001131938120124687 1 2.5875570486277866e-7
vn 0 1 0
vn 0 1 3.725300530277309e-7
vn 0.0000018110985138264368 1 7.45058798656828e-7
vn 0.0000020374857285787584 1 7.689630479035259e-7
vn -0.34202057123184204 5.0636103310353064e-8 -0.939692497253418
vn -0.6427887082099915 6.923207251929853e-7 -0.766043484210968
vn 0.9848079085350037 -0.0000010058502084575593 0.17364716529846191
vn 0.6427878737449646 -9.351041398986126e-7 0.7660442590713501
vn 0.342021107673645 -4.4373877017278573e-7 0.9396922588348389
vn 0.3420197069644928 -5.357900363378576e-7 -0.9396927952766418
vn 0.8660249710083008 -0.0000010816487474585301 -0.5000007152557373
vn -0.8660252690315247 4.5985012775418e-7 -0.5000001788139343
vn -0.6427876353263855 9.689938451629132e-7 0.7660444378852844
vn -0.9848079085350037 0.0000013027572549617616 0.17364728450775146
vn -3.4323630870858324e-7 -2.9838867021680926e-7 1
vn 0.8660251498222351 -6.131206760073837e-7 -0.5000004172325134
vn 0.9934132695198059 -0.00000901594557944918 -0.11458659172058105
vn 0.9848077297210693 -7.806457915648934e-7 -0.1736483871936798
vn -1 0.0000013170906640880276 0
vn -1 -2.412601097633721e-13 0
vn -1 -3.4376318523536564e-13 0
vn -1 0.0000018626444671099307 0
vn -1 -0.0000013170910051485407 0
vn -1 -0.0000018626450355441193 0
vn -1 -0.0000013170881629775977 0
vn -1 -5.06646265739652e-13 0
vn -1 0.0000013170871397960582 0
vn 0 0 -1
vn 0 -0.7071059346199036 -0.707107663154602
vn 0 0 -1
vn 0 0.7071059346199036 -0.707107663154602
vn 0 0.7071059346199036 -0.707107663154602
vn 0 -0.7071059346199036 -0.707107663154602
vn 0 -1 -3.696473243053333e-7
vn 0 -0.7071067690849304 0.7071067690849304
vn 0 -1 -3.696473243053333e-7
vn 0 -0.7071067690849304 0.7071067690849304
vn 0 0 1
vn 0 0.7071067690849304 0.7071067690849304
vn 0 0 1
vn 0 1 -3.696473243053333e-7
vn 0 1 -3.696473243053333e-7
vn 0 0.7071067690849304 0.7071067690849304
vn 0 0.4472135901451111 0.8944271802902222
vn 0 0.4472135901451111 0.8944271802902222
vn 0 0.4472135901451111 0.8944271802902222
vn 0 0.4472135901451111 0.8944271802902222
vn 0 0 1
vn 0 0 1
vn 0 0 1
vn 0 0 1
vn 0 1.2466695409329986e-7 1
vn 0 6.879603802190104e-7 1
vn 1 0 -0.0000016920796497288393
vn 1 0 -0.0000016920796497288393
vn 1 0 -0.0000016920796497288393
vn 1 0 -0.0000016920796497288393
vn -0.7682217359542847 0.6401838660240173 0
vn -0.7682217359542847 0.6401838660240173 0
vn -0.7682217359542847 0.6401838660240173 0
vn -0.7682217359542847 0.6401838660240173 0
vn -1 0 0
vn -1 0 0
vn -1 0 0
vn -1 0 0
vn 0 0 -1
vn 0 0 -1
vn 0 0 -1
vn 0 0 -1
vn 0 0 1
vn 0 -1.8035036930541537e-7 1
vn 0 0 1
vn 0 1 0
vn 0 1 0
vn 0 1 0
vn 0 1 0
vn 0 -1.5546677900601935e-7 1
vn 0 -3.233759571230621e-7 1
vn 0 -3.233759571230621e-7 1
vn 0 1 0
vn 0 1 0
vn 0 1 0
vn 0 1 0
vn -1 0 0
vn -1 0 0
vn -1 0 0
vn -1 0 0
vn -1 0 0
vn -1 0 0
vn -1 0 0
vn -1 0 0
vn 0 0 -1
vn 0 0 -1
vn 0 0 -1
vn 0 0 -1
vn 0 0 1
vn 0 0 1
vn 0 0 1
vn 0 0 1
vn 4.293657873688517e-9 -1 1.1805348365534485e-10
vn -1.567412688530112e-8 -1 1.4946660087389319e-7
vn -6.261068818957938e-8 -1 4.911217388325895e-7
vn -6.261068818957938e-8 -1 4.911217388325895e-7
vn -1 0 0
vn -1 0 0
vn -1 0 0
vn -1 0.000004315605110605247 -8.996781843961799e-7
vn -1 3.475640539818414e-7 -7.245699862323818e-8
vn -1 0 0
vn -1 0.000009920380762196146 -0.000006615300662815571
vn -1 0 -0.00001597486698301509
vn 0 0 -1
vn 0 0 -1
vn 0.1274612993001938 -0.0007269212510436773 -0.9918432831764221
vn 0.00010425120126456022 -0.00026656739646568894 -0.9999999403953552
vn 0 0 -1
vn 0.00008748845721129328 -0.0002639855083543807 -0.9999999403953552
vn 0 1 0
vn 0 1 0
vn 0.9999999403953552 -0.00000293339053314412 0.00031306606251746416
vn 0.9999999403953552 -0.000002933388941528392 0.0003130658878944814
vn 1 0 0
vn 1 0 0
vn -1 0 0
vn -1 0 -6.070636970889609e-8
vn -1 0 -3.289223968749866e-7
vn 0 0 1
vn 0 0 1
vn 3.329242881378036e-9 -1 -2.6532451236072063e-10
vn -1 0 -1.0784050630263664e-7
vn -1 0 -0.0000010348463774789707
vn -1 0 -1.5481992932109279e-7
vn -1 0 -3.699299213621998e-7
vn -1 0 -4.5193570485935197e-7
vn -1 0 -0.0000010348463774789707
vn 0 0 1
vn 0 0 1
vn 0 0 1
vn 0 -1 0
vn -1 0 0
vn -1 0 0
vn -1 0 0.0000012308241821301635
vn -1 0 0
vn -1 0 -0.000001033246576298552
vn -1 0 0
vn 0 0 1
vn 0 0 1
vn 0 0 1
vn 0 0 1
vn 0 0 1
f 1/1/1 2/2/2 3/3/3
f 4/4/4 5/5/5 6/6/6
f 5/5/5 7/7/7 8/8/8
f 6/6/6 5/5/5 9/9/9
f 10/10/10 11/11/11 1/1/1
f 10/10/10 12/12/12 11/11/11
f 13/13/13 14/14/14 15/15/15
f 16/16/16 17/17/17 18/18/18
f 19/19/19 20/20/20 21/21/21
f 22/22/22 21/21/21 20/20/20
f 23/23/23 24/24/24 25/25/25
f 26/26/26 27/27/27 24/24/24
f 28/28/28 29/29/29 30/30/30
f 31/31/31 32/32/32 33/33/33
f 34/34/34 35/35/35 27/27/27
f 33/33/33 34/34/34 36/36/36
f 37/37/37 38/38/38 39/39/39
f 38/38/38 40/40/40 25/25/25
f 40/40/40 38/38/38 41/41/41
f 29/29/29 42/42/42 40/40/40
f 43/43/43 44/44/44 41/41/41
f 45/45/45 43/43/43 41/41/41
f 44/44/44 40/40/40 41/41/41
f 32/32/32 46/46/46 47/47/47
f 32/32/32 34/34/34 33/33/33
f 32/32/32 48/48/48 34/34/34
f 46/46/46 49/49/49 47/47/47
f 46/46/46 30/30/30 50/50/50
f 30/30/30 46/46/46 32/32/32
f 30/30/30 40/40/40 44/44/44
f 30/30/30 44/44/44 50/50/50
f 30/30/30 29/29/29 40/40/40
f 51/51/51 52/52/52 53/53/53
f 52/52/52 50/50/50 53/53/53
f 50/50/50 44/44/44 53/53/53
f 54/54/54 50/50/50 52/52/52
f 55/55/55 56/56/56 57/57/57
f 56/56/56 55/55/55 58/58/58
f 59/59/59 60/60/60 61/61/61
f 60/60/60 59/59/59 62/62/62
f 63/63/63 64/64/64 65/65/65
f 63/63/63 66/66/66 64/64/64
f 67/67/67 68/68/68 69/69/69
f 68/68/68 67/67/67 70/70/70
f 71/71/71 72/72/72 73/73/73
f 72/72/72 71/71/71 74/74/74
f 75/75/75 76/76/76 77/77/77
f 78/78/78 75/75/75 77/77/77
f 79/79/79 80/80/80 81/81/81
f 80/80/80 79/79/79 82/82/82
f 83/83/83 84/84/84 85/85/85
f 84/84/84 83/83/83 86/86/86
f 87/87/87 88/88/88 89/89/89
f 87/87/87 90/90/90 88/88/88
f 91/91/91 92/92/92 93/93/93
f 94/94/94 95/95/95 96/96/96
f 94/94/94 97/97/97 95/95/95
f 98/98/98 99/99/99 100/100/100
f 98/98/98 101/101/101 99/99/99
f 102/102/102 103/103/103 104/104/104
f 103/103/103 102/102/102 105/105/105
f 106/106/106 107/107/107 108/108/108
f 109/109/109 108/108/108 107/107/107
f 110/110/110 111/111/111 112/112/112
f 110/110/110 113/113/113 114/114/114
f 115/115/115 116/116/116 117/117/117
f 118/118/118 119/119/119 117/117/117
f 120/120/120 115/115/115 117/117/117
f 121/121/121 118/118/118 117/117/117
f 116/116/116 121/121/121 117/117/117
f 122/122/122 123/123/123 117/117/117
f 119/119/119 122/122/122 117/117/117
f 124/124/124 120/120/120 117/117/117
f 123/123/123 124/124/124 117/117/117
f 113/113/113 110/110/110 112/112/112
f 125/125/125 112/112/112 126/126/126
f 125/125/125 92/92/92 113/113/113
f 97/97/97 127/127/127 128/128/128
f 97/97/97 94/94/94 129/129/129
f 128/128/128 95/95/95 97/97/97
f 92/92/92 91/91/91 130/130/130
f 92/92/92 125/125/125 131/131/131
f 131/131/131 93/93/93 92/92/92
f 111/111/111 110/110/110 132/132/132
f 112/112/112 125/125/125 113/113/113
f 112/112/112 133/133/133 126/126/126
f 133/133/133 112/112/112 111/111/111
f 134/134/134 133/133/133 96/96/96
f 95/95/95 135/135/135 134/134/134
f 95/95/95 128/128/128 135/135/135
f 96/96/96 95/95/95 134/134/134
f 96/96/96 136/136/136 94/94/94
f 96/96/96 133/133/133 111/111/111
f 93/93/93 131/131/131 137/137/137
f 138/138/138 139/139/139 91/91/91
f 138/138/138 91/91/91 93/93/93
f 127/127/127 93/93/93 137/137/137
f 127/127/127 138/138/138 93/93/93
f 127/127/127 97/97/97 138/138/138
f 140/140/140 141/141/141 142/142/142
f 143/143/143 140/140/140 142/142/142
f 144/144/144 145/145/145 142/142/142
f 141/141/141 144/144/144 142/142/142
f 146/146/146 147/147/147 142/142/142
f 145/145/145 146/146/146 142/142/142
f 148/148/148 143/143/143 142/142/142
f 147/147/147 148/148/148 142/142/142
f 149/149/149 150/150/150 151/151/151
f 150/150/150 152/152/152 153/153/153
f 150/150/150 154/154/154 151/151/151
f 152/152/152 150/150/150 149/149/149
f 151/151/151 155/155/155 156/156/156
f 155/155/155 151/151/151 154/154/154
f 155/155/155 157/157/157 156/156/156
f 158/158/158 159/159/159 160/160/160
f 159/159/159 157/157/157 161/161/161
f 159/159/159 162/162/162 160/160/160
f 157/157/157 159/159/159 158/158/158
f 157/157/157 155/155/155 161/161/161
f 163/163/163 164/164/164 152/152/152
f 164/164/164 160/160/160 162/162/162
f 164/164/164 153/153/153 152/152/152
f 160/160/160 164/164/164 163/163/163
f 165/165/165 166/166/166 167/167/167
f 168/168/168 166/166/166 165/165/165
f 169/169/169 170/170/170 171/171/171
f 172/172/172 173/173/173 174/174/174
f 173/173/173 172/172/172 175/175/175
f 176/176/176 177/177/177 18/18/18
f 176/176/176 18/18/18 17/17/17
f 178/178/178 179/179/179 180/180/180
f 179/179/179 178/178/178 181/181/181
f 182/182/182 183/183/183 184/184/184
f 182/182/182 185/185/185 183/183/183
f 186/186/186 187/187/187 188/188/188
f 187/187/187 186/186/186 189/189/189
f 190/190/190 191/191/191 192/192/192
f 193/193/193 194/194/194 195/195/195
f 194/194/194 193/193/193 196/196/196
f 197/197/197 198/198/198 199/199/199
f 200/200/200 199/199/199 201/201/201
f 199/199/199 198/198/198 202/202/202
f 199/199/199 200/200/200 197/197/197
f 203/203/203 204/204/204 205/205/205
f 206/206/206 203/203/203 205/205/205
f 27/27/27 25/25/25 24/24/24
f 39/39/39 38/38/38 25/25/25
f 25/25/25 207/207/207 39/39/39
f 208/208/208 209/209/209 210/210/210
f 209/209/209 208/208/208 211/211/211
f 212/212/212 213/213/213 214/214/214
f 213/213/213 212/212/212 215/215/215
f 216/216/216 217/217/217 218/218/218
f 219/219/219 217/217/217 216/216/216
f 220/220/220 221/221/221 222/222/222
f 221/221/221 220/220/220 223/223/223
f 224/224/224 225/225/225 226/226/226
f 227/227/227 228/228/228 229/229/229
f 227/227/227 224/224/224 228/228/228
f 230/230/230 231/231/231 232/232/232
f 231/231/231 233/233/233 232/232/232
f 231/231/231 234/234/234 233/233/233
f 170/170/170 235/235/235 171/171/171
f 170/170/170 169/169/169 236/236/236
f 233/233/233 235/235/235 170/170/170
f 235/235/235 237/237/237 171/171/171
f 235/235/235 233/233/233 234/234/234
f 238/238/238 191/191/191 239/239/239
f 191/191/191 190/190/190 239/239/239
f 191/191/191 238/238/238 240/240/240
f 241/241/241 2/2/2 242/242/242
f 2/2/2 1/1/1 11/11/11
f 3/3/3 241/241/241 243/243/243
f 3/3/3 2/2/2 241/241/241
f 7/7/7 5/5/5 4/4/4
f 7/7/7 244/244/244 8/8/8
f 244/244/244 7/7/7 245/245/245
f 246/246/246 247/247/247 12/12/12
f 246/246/246 12/12/12 10/10/10
f 248/248/248 247/247/247 246/246/246
f 249/249/249 247/247/247 248/248/248
f 250/250/250 251/251/251 252/252/252
f 177/177/177 176/176/176 253/253/253
f 177/177/177 254/254/254 255/255/255
f 225/225/225 256/256/256 257/257/257
f 225/225/225 224/224/224 227/227/227
f 258/258/258 259/259/259 260/260/260
f 259/259/259 258/258/258 261/261/261
f 259/259/259 262/262/262 263/263/263
f 262/262/262 259/259/259 261/261/261
f 257/257/257 226/226/226 225/225/225
f 256/256/256 264/264/264 257/257/257
f 265/265/265 266/266/266 250/250/250
f 266/266/266 234/234/234 231/231/231
f 260/260/260 234/234/234 266/266/266
f 260/260/260 267/267/267 258/258/258
f 260/260/260 265/265/265 267/267/267
f 260/260/260 266/266/266 265/265/265
f 251/251/251 250/250/250 266/266/266
f 251/251/251 266/266/266 268/268/268
f 252/252/252 263/263/263 269/269/269
f 263/263/263 262/262/262 269/269/269
f 263/263/263 251/251/251 270/270/270
f 263/263/263 252/252/252 251/251/251
f 271/271/271 272/272/272 273/273/273
f 274/274/274 275/275/275 276/276/276
f 277/277/277 275/275/275 274/274/274
f 277/277/277 274/274/274 278/278/278
f 279/279/279 224/224/224 226/226/226
f 280/280/280 281/281/281 282/282/282
f 282/282/282 283/283/283 280/280/280
f 284/284/284 285/285/285 286/286/286
f 284/284/284 287/287/287 288/288/288
f 284/284/284 286/286/286 287/287/287
f 281/281/281 280/280/280 289/289/289
f 289/289/289 290/290/290 281/281/281
f 291/291/291 242/242/242 292/292/292
f 291/291/291 241/241/241 242/242/242
f 291/291/291 293/293/293 294/294/294
f 295/295/295 14/14/14 296/296/296
f 14/14/14 295/295/295 297/297/297
f 14/14/14 13/13/13 296/296/296
f 298/298/298 299/299/299 300/300/300
f 298/298/298 300/300/300 301/301/301
f 226/226/226 302/302/302 303/303/303
f 226/226/226 257/257/257 304/304/304
f 226/226/226 305/305/305 279/279/279
f 35/35/35 306/306/306 307/307/307
f 35/35/35 207/207/207 27/27/27
f 35/35/35 307/307/307 207/207/207
f 35/35/35 34/34/34 308/308/308
f 309/309/309 310/310/310 311/311/311
f 309/309/309 311/311/311 312/312/312
f 313/313/313 314/314/314 315/315/315
f 316/316/316 315/315/315 307/307/307
f 317/317/317 318/318/318 319/319/319
f 48/48/48 32/32/32 47/47/47
f 48/48/48 47/47/47 320/320/320
f 308/308/308 34/34/34 48/48/48
f 321/321/321 322/322/322 320/320/320
f 306/306/306 35/35/35 308/308/308
f 306/306/306 48/48/48 320/320/320
f 306/306/306 308/308/308 48/48/48
f 322/322/322 323/323/323 306/306/306
f 49/49/49 46/46/46 324/324/324
f 49/49/49 325/325/325 47/47/47
f 326/326/326 327/327/327 328/328/328
f 328/328/328 329/329/329 330/330/330
f 319/319/319 329/329/329 331/331/331
f 329/329/329 328/328/328 314/314/314
f 332/332/332 330/330/330 333/333/333
f 330/330/330 332/332/332 334/334/334
f 333/333/333 335/335/335 336/336/336
f 333/333/333 330/330/330 329/329/329
f 320/320/320 325/325/325 318/318/318
f 320/320/320 47/47/47 325/325/325
f 320/320/320 322/322/322 306/306/306
f 325/325/325 49/49/49 337/337/337
f 318/318/318 329/329/329 319/319/319
f 318/318/318 335/335/335 333/333/333
f 318/318/318 333/333/333 329/329/329
f 336/336/336 338/338/338 339/339/339
f 335/335/335 318/318/318 325/325/325
f 335/335/335 338/338/338 336/336/336
f 340/340/340 338/338/338 335/335/335
f 341/341/341 342/342/342 343/343/343
f 343/343/343 344/344/344 341/341/341
f 345/345/345 346/346/346 347/347/347
f 346/346/346 345/345/345 348/348/348
f 349/349/349 350/350/350 351/351/351
f 352/352/352 351/351/351 350/350/350
f 353/353/353 354/354/354 355/355/355
f 355/355/355 356/356/356 353/353/353
f 357/357/357 358/358/358 359/359/359
f 358/358/358 357/357/357 360/360/360
f 361/361/361 362/362/362 363/363/363
f 364/364/364 363/363/363 362/362/362
f 365/365/365 366/366/366 367/367/367
f 366/366/366 365/365/365 368/368/368
f 369/369/369 370/370/370 371/371/371
f 372/372/372 370/370/370 369/369/369
f 373/373/373 374/374/374 375/375/375
f 374/374/374 373/373/373 376/376/376
f 377/377/377 378/378/378 379/379/379
f 377/377/377 380/380/380 381/381/381
f 382/382/382 383/383/383 384/384/384
f 382/382/382 385/385/385 386/386/386
f 387/387/387 388/388/388 389/389/389
f 387/387/387 390/390/390 388/388/388
f 391/391/391 392/392/392 393/393/393
f 392/392/392 391/391/391 394/394/394
f 395/395/395 396/396/396 397/397/397
f 397/397/397 398/398/398 395/395/395
f 399/399/399 400/400/400 401/401/401
f 402/402/402 403/403/403 404/404/404
f 405/405/405 403/403/403 406/406/406
f 407/407/407 403/403/403 402/402/402
f 408/408/408 403/403/403 405/405/405
f 404/404/404 403/403/403 408/408/408
f 409/409/409 403/403/403 410/410/410
f 406/406/406 403/403/403 409/409/409
f 411/411/411 403/403/403 407/407/407
f 410/410/410 403/403/403 411/411/411
f 412/412/412 399/399/399 413/413/413
f 414/414/414 378/378/378 415/415/415
f 414/414/414 416/416/416 417/417/417
f 414/414/414 417/417/417 412/412/412
f 385/385/385 418/418/418 380/380/380
f 385/385/385 382/382/382 384/384/384
f 419/419/419 384/384/384 420/420/420
f 378/378/378 377/377/377 381/381/381
f 378/378/378 414/414/414 412/412/412
f 415/415/415 381/381/381 421/421/421
f 400/400/400 399/399/399 417/417/417
f 417/417/417 399/399/399 412/412/412
f 417/417/417 422/422/422 400/400/400
f 422/422/422 417/417/417 416/416/416
f 384/384/384 419/419/419 385/385/385
f 384/384/384 423/423/423 420/420/420
f 423/423/423 383/383/383 422/422/422
f 383/383/383 400/400/400 422/422/422
f 383/383/383 382/382/382 424/424/424
f 383/383/383 423/423/423 384/384/384
f 380/380/380 377/377/377 425/425/425
f 381/381/381 415/415/415 378/378/378
f 381/381/381 418/418/418 421/421/421
f 418/418/418 381/381/381 380/380/380
f 418/418/418 385/385/385 419/419/419
f 426/426/426 427/427/427 428/428/428
f 429/429/429 427/427/427 426/426/426
f 430/430/430 427/427/427 431/431/431
f 428/428/428 427/427/427 430/430/430
f 432/432/432 427/427/427 433/433/433
f 431/431/431 427/427/427 432/432/432
f 434/434/434 427/427/427 429/429/429
f 433/433/433 427/427/427 434/434/434
f 435/435/435 436/436/436 437/437/437
f 437/437/437 436/436/436 438/438/438
f 437/437/437 439/439/439 435/435/435
f 439/439/439 437/437/437 440/440/440
f 436/436/436 441/441/441 438/438/438
f 441/441/441 436/436/436 442/442/442
f 443/443/443 444/444/444 445/445/445
f 445/445/445 444/444/444 446/446/446
f 445/445/445 447/447/447 443/443/443
f 447/447/447 441/441/441 442/442/442
f 447/447/447 448/448/448 441/441/441
f 447/447/447 445/445/445 448/448/448
f 449/449/449 439/439/439 450/450/450
f 450/450/450 439/439/439 440/440/440
f 450/450/450 444/444/444 449/449/449
f 444/444/444 450/450/450 446/446/446
f 451/451/451 452/452/452 453/453/453
f 452/452/452 451/451/451 454/454/454
f 455/455/455 456/456/456 457/457/457
f 458/458/458 459/459/459 460/460/460
f 459/459/459 458/458/458 461/461/461
f 462/462/462 463/463/463 464/464/464
f 463/463/463 462/462/462 465/465/465
f 466/466/466 467/467/467 456/456/456
f 468/468/468 469/469/469 470/470/470
f 469/469/469 468/468/468 471/471/471
f 472/472/472 473/473/473 474/474/474
f 472/472/472 474/474/474 475/475/475
f 476/476/476 477/477/477 478/478/478
f 479/479/479 480/480/480 481/481/481
f 479/479/479 482/482/482 480/480/480
f 483/483/483 484/484/484 485/485/485
f 486/486/486 485/485/485 484/484/484
f 487/487/487 488/488/488 480/480/480
f 482/482/482 487/487/487 480/480/480
f 489/489/489 490/490/490 491/491/491
f 490/490/490 489/489/489 492/492/492
f 307/307/307 315/315/315 314/314/314
f 327/327/327 314/314/314 328/328/328
f 314/314/314 207/207/207 307/307/307
f 207/207/207 314/314/314 327/327/327
f 207/207/207 25/25/25 27/27/27
f 493/493/493 494/494/494 495/495/495
f 493/493/493 495/495/495 496/496/496
f 497/497/497 498/498/498 499/499/499
f 498/498/498 497/497/497 500/500/500
f 501/501/501 502/502/502 503/503/503
f 502/502/502 501/501/501 504/504/504
f 505/505/505 506/506/506 507/507/507
f 506/506/506 505/505/505 508/508/508
f 305/305/305 303/303/303 509/509/509
f 305/305/305 509/509/509 510/510/510
f 510/510/510 509/509/509 511/511/511
f 512/512/512 513/513/513 514/514/514
f 514/514/514 515/515/515 516/516/516
f 514/514/514 513/513/513 515/515/515
f 456/456/456 455/455/455 466/466/466
f 516/516/516 517/517/517 518/518/518
f 516/516/516 518/518/518 514/514/514
f 467/467/467 515/515/515 456/456/456
f 467/467/467 466/466/466 519/519/519
f 515/515/515 467/467/467 516/516/516
f 477/477/477 520/520/520 478/478/478
f 477/477/477 476/476/476 521/521/521
f 520/520/520 477/477/477 522/522/522
f 293/293/293 291/291/291 292/292/292
f 523/523/523 524/524/524 294/294/294
f 523/523/523 283/283/283 282/282/282
f 283/283/283 294/294/294 293/293/293
f 283/283/283 523/523/523 294/294/294
f 285/285/285 284/284/284 525/525/525
f 285/285/285 526/526/526 527/527/527
f 526/526/526 285/285/285 525/525/525
f 290/290/290 289/289/289 528/528/528
f 528/528/528 529/529/529 290/290/290
f 529/529/529 528/528/528 530/530/530
f 531/531/531 532/532/532 518/518/518
f 253/253/253 301/301/301 533/533/533
f 533/533/533 301/301/301 300/300/300
f 533/533/533 254/254/254 253/253/253
f 254/254/254 177/177/177 253/253/253
f 254/254/254 533/533/533 534/534/534
f 303/303/303 305/305/305 226/226/226
f 303/303/303 302/302/302 535/535/535
f 536/536/536 537/537/537 538/538/538
f 536/536/536 539/539/539 517/517/517
f 539/539/539 536/536/536 538/538/538
f 537/537/537 536/536/536 540/540/540
f 541/541/541 542/542/542 543/543/543
f 541/541/541 543/543/543 544/544/544
f 302/302/302 226/226/226 304/304/304
f 535/535/535 302/302/302 545/545/545
f 546/546/546 531/531/531 518/518/518
f 546/546/546 517/517/517 547/547/547
f 517/517/517 539/539/539 547/547/547
f 518/518/518 517/517/517 546/546/546
f 532/532/532 531/531/531 548/548/548
f 532/532/532 549/549/549 518/518/518
f 548/548/548 540/540/540 532/532/532
f 540/540/540 550/550/550 537/537/537
f 540/540/540 551/551/551 532/532/532
f 540/540/540 548/548/548 550/550/550
f 272/272/272 271/271/271 552/552/552
f 272/272/272 553/553/553 273/273/273
f 553/553/553 272/272/272 554/554/554
f 542/542/542 555/555/555 543/543/543
f 556/556/556 557/557/557 558/558/558
f 559/559/559 560/560/560 561/561/561
f 562/562/562 563/563/563 564/564/564
f 562/562/562 565/565/565 566/566/566
f 567/567/567 568/568/568 569/569/569
f 567/567/567 570/570/570 568/568/568
f 567/567/567 571/571/571 570/570/570
f 563/563/563 562/562/562 572/572/572
f 572/572/572 573/573/573 563/563/563
f 574/574/574 575/575/575 576/576/576
f 574/574/574 576/576/576 577/577/577
f 578/578/578 579/579/579 580/580/580
f 580/580/580 581/581/581 578/578/578
f 582/582/582 583/583/583 584/584/584
f 585/585/585 584/584/584 586/586/586
f 587/587/587 588/588/588 589/589/589
f 590/590/590 591/591/591 592/592/592
f 593/593/593 594/594/594 592/592/592
f 593/593/593 595/595/595 596/596/596
f 593/593/593 596/596/596 594/594/594
f 591/591/591 597/597/597 593/593/593
f 598/598/598 599/599/599 600/600/600
f 600/600/600 601/601/601 602/602/602
f 589/589/589 601/601/601 603/603/603
f 601/601/601 600/600/600 583/583/583
f 604/604/604 602/602/602 605/605/605
f 602/602/602 604/604/604 606/606/606
f 605/605/605 602/602/602 601/601/601
f 605/605/605 607/607/607 608/608/608
f 592/592/592 591/591/591 593/593/593
f 592/592/592 609/609/609 610/610/610
f 592/592/592 610/610/610 588/588/588
f 610/610/610 611/611/611 612/612/612
f 588/588/588 607/607/607 605/605/605
f 588/588/588 601/601/601 589/589/589
f 588/588/588 605/605/605 601/601/601
f 608/608/608 613/613/613 614/614/614
f 607/607/607 588/588/588 610/610/610
f 607/607/607 613/613/613 608/608/608
f 615/615/615 613/613/613 607/607/607
f 616/616/616 617/617/617 618/618/618
f 617/617/617 616/616/616 619/619/619
f 620/620/620 621/621/621 622/622/622
f 621/621/621 620/620/620 623/623/623
f 624/624/624 625/625/625 626/626/626
f 627/627/627 626/626/626 625/625/625
f 628/628/628 629/629/629 630/630/630
f 630/630/630 631/631/631 628/628/628
f 632/632/632 633/633/633 634/634/634
f 634/634/634 635/635/635 632/632/632
f 636/636/636 637/637/637 638/638/638
f 636/636/636 639/639/639 637/637/637
f 640/640/640 641/641/641 642/642/642
f 641/641/641 640/640/640 643/643/643
f 644/644/644 645/645/645 646/646/646
f 647/647/647 645/645/645 644/644/644
f 648/648/648 649/649/649 650/650/650
f 649/649/649 648/648/648 651/651/651
f 652/652/652 653/653/653 654/654/654
f 655/655/655 653/653/653 652/652/652
f 655/655/655 656/656/656 653/653/653
f 657/657/657 658/658/658 659/659/659
f 660/660/660 661/661/661 662/662/662
f 663/663/663 662/662/662 661/661/661
f 664/664/664 665/665/665 666/666/666
f 665/665/665 664/664/664 667/667/667
f 668/668/668 669/669/669 670/670/670
f 670/670/670 671/671/671 668/668/668
f 672/672/672 673/673/673 674/674/674
f 672/672/672 674/674/674 675/675/675
f 676/676/676 673/673/673 672/672/672
f 677/677/677 678/678/678 679/679/679
f 680/680/680 678/678/678 681/681/681
f 682/682/682 678/678/678 677/677/677
f 683/683/683 678/678/678 680/680/680
f 679/679/679 678/678/678 683/683/683
f 684/684/684 678/678/678 685/685/685
f 681/681/681 678/678/678 684/684/684
f 686/686/686 678/678/678 682/682/682
f 685/685/685 678/678/678 686/686/686
f 673/673/673 687/687/687 674/674/674
f 687/687/687 654/654/654 688/688/688
f 658/658/658 689/689/689 656/656/656
f 658/658/658 657/657/657 690/690/690
f 691/691/691 690/690/690 692/692/692
f 654/654/654 687/687/687 673/673/673
f 654/654/654 693/693/693 688/688/688
f 674/674/674 687/687/687 694/694/694
f 695/695/695 696/696/696 697/697/697
f 695/695/695 674/674/674 694/694/694
f 695/695/695 675/675/675 674/674/674
f 698/698/698 695/695/695 694/694/694
f 697/697/697 657/657/657 699/699/699
f 690/690/690 657/657/657 697/697/697
f 690/690/690 691/691/691 658/658/658
f 696/696/696 692/692/692 690/690/690
f 696/696/696 690/690/690 697/697/697
f 696/696/696 695/695/695 698/698/698
f 656/656/656 655/655/655 700/700/700
f 653/653/653 689/689/689 693/693/693
f 653/653/653 693/693/693 654/654/654
f 689/689/689 658/658/658 691/691/691
f 689/689/689 653/653/653 656/656/656
f 701/701/701 702/702/702 703/703/703
f 704/704/704 702/702/702 701/701/701
f 705/705/705 702/702/702 706/706/706
f 703/703/703 702/702/702 705/705/705
f 707/707/707 702/702/702 708/708/708
f 706/706/706 702/702/702 707/707/707
f 709/709/709 702/702/702 704/704/704
f 708/708/708 702/702/702 709/709/709
f 710/710/710 711/711/711 712/712/712
f 710/710/710 712/712/712 713/713/713
f 714/714/714 715/715/715 711/711/711
f 714/714/714 711/711/711 710/710/710
f 716/716/716 715/715/715 714/714/714
f 716/716/716 717/717/717 715/715/715
f 718/718/718 717/717/717 716/716/716
f 718/718/718 719/719/719 717/717/717
f 720/720/720 719/719/719 718/718/718
f 720/720/720 721/721/721 719/719/719
f 722/722/722 713/713/713 712/712/712
f 723/723/723 724/724/724 722/722/722
f 724/724/724 713/713/713 722/722/722
f 725/725/725 721/721/721 720/720/720
f 725/725/725 723/723/723 721/721/721
f 725/725/725 724/724/724 723/723/723
f 726/726/726 727/727/727 728/728/728
f 728/728/728 729/729/729 726/726/726
f 730/730/730 731/731/731 732/732/732
f 731/731/731 730/730/730 733/733/733
f 734/734/734 735/735/735 736/736/736
f 734/734/734 736/736/736 737/737/737
f 735/735/735 738/738/738 739/739/739
f 740/740/740 741/741/741 742/742/742
f 741/741/741 740/740/740 743/743/743
f 744/744/744 745/745/745 746/746/746
f 745/745/745 744/744/744 747/747/747
f 748/748/748 749/749/749 750/750/750
f 748/748/748 750/750/750 751/751/751
f 752/752/752 753/753/753 754/754/754
f 755/755/755 756/756/756 757/757/757
f 758/758/758 757/757/757 756/756/756
f 753/753/753 752/752/752 759/759/759
f 760/760/760 754/754/754 753/753/753
f 754/754/754 760/760/760 761/761/761
f 762/762/762 763/763/763 764/764/764
f 763/763/763 762/762/762 765/765/765
f 586/586/586 584/584/584 583/583/583
f 599/599/599 583/583/583 600/600/600
f 583/583/583 766/766/766 586/586/586
f 767/767/767 768/768/768 769/769/769
f 767/767/767 770/770/770 768/768/768
f 771/771/771 772/772/772 773/773/773
f 771/771/771 773/773/773 774/774/774
f 775/775/775 776/776/776 777/777/777
f 777/777/777 778/778/778 775/775/775
f 779/779/779 780/780/780 781/781/781
f 780/780/780 779/779/779 782/782/782
f 783/783/783 784/784/784 785/785/785
f 783/783/783 785/785/785 786/786/786
f 786/786/786 785/785/785 787/787/787
f 788/788/788 789/789/789 790/790/790
f 790/790/790 789/789/789 791/791/791
f 790/790/790 791/791/791 792/792/792
f 557/557/557 793/793/793 794/794/794
f 557/557/557 556/556/556 793/793/793
f 792/792/792 795/795/795 796/796/796
f 792/792/792 796/796/796 790/790/790
f 794/794/794 791/791/791 557/557/557
f 794/794/794 793/793/793 797/797/797
f 791/791/791 794/794/794 792/792/792
f 798/798/798 799/799/799 800/800/800
f 798/798/798 801/801/801 799/799/799
f 802/802/802 800/800/800 803/803/803
f 800/800/800 802/802/802 798/798/798
f 565/565/565 804/804/804 805/805/805
f 565/565/565 562/562/562 564/564/564
f 566/566/566 565/565/565 805/805/805
f 805/805/805 806/806/806 807/807/807
f 805/805/805 807/807/807 566/566/566
f 571/571/571 567/567/567 808/808/808
f 808/808/808 809/809/809 571/571/571
f 809/809/809 808/808/808 810/810/810
f 573/573/573 572/572/572 811/811/811
f 811/811/811 812/812/812 573/573/573
f 812/812/812 811/811/811 813/813/813
f 814/814/814 815/815/815 796/796/796
f 738/738/738 735/735/735 734/734/734
f 738/738/738 816/816/816 739/739/739
f 784/784/784 817/817/817 818/818/818
f 784/784/784 783/783/783 819/819/819
f 820/820/820 821/821/821 822/822/822
f 820/820/820 823/823/823 795/795/795
f 823/823/823 820/820/820 822/822/822
f 821/821/821 820/820/820 824/824/824
f 825/825/825 826/826/826 827/827/827
f 817/817/817 819/819/819 828/828/828
f 818/818/818 817/817/817 829/829/829
f 830/830/830 795/795/795 831/831/831
f 830/830/830 814/814/814 796/796/796
f 795/795/795 823/823/823 831/831/831
f 796/796/796 795/795/795 830/830/830
f 815/815/815 814/814/814 832/832/832
f 815/815/815 833/833/833 796/796/796
f 832/832/832 824/824/824 815/815/815
f 824/824/824 834/834/834 821/821/821
f 824/824/824 832/832/832 834/834/834
f 824/824/824 835/835/835 815/815/815
f 836/836/836 837/837/837 838/838/838
f 827/827/827 839/839/839 825/825/825
f 826/826/826 840/840/840 827/827/827
f 841/841/841 842/842/842 819/819/819
f 843/843/843 844/844/844 845/845/845
f 846/846/846 847/847/847 848/848/848
f 847/847/847 849/849/849 850/850/850
f 848/848/848 847/847/847 851/851/851
f 852/852/852 843/843/843 845/845/845
f 852/852/852 853/853/853 843/843/843
f 854/854/854 807/807/807 806/806/806
f 575/575/575 855/855/855 576/576/576
f 856/856/856 576/576/576 855/855/855
f 857/857/857 858/858/858 859/859/859
f 819/819/819 817/817/817 784/784/784
f 819/819/819 783/783/783 841/841/841
f 819/819/819 860/860/860 828/828/828
f 595/595/595 861/861/861 596/596/596
f 595/595/595 586/586/586 766/766/766
f 595/595/595 593/593/593 586/586/586
f 595/595/595 766/766/766 862/862/862
f 863/863/863 864/864/864 865/865/865
f 866/866/866 865/865/865 864/864/864
f 867/867/867 868/868/868 869/869/869
f 870/870/870 862/862/862 868/868/868
f 871/871/871 872/872/872 873/873/873
f 596/596/596 861/861/861 594/594/594
f 594/594/594 874/874/874 609/609/609
f 594/594/594 609/609/609 592/592/592
f 875/875/875 874/874/874 876/876/876
f 861/861/861 595/595/595 862/862/862
f 876/876/876 861/861/861 877/877/877
f 611/611/611 878/878/878 879/879/879
f 611/611/611 610/610/610 609/609/609
f 880/880/880 881/881/881 882/882/882
f 881/881/881 883/883/883 869/869/869
f 883/883/883 881/881/881 884/884/884
f 872/872/872 885/885/885 883/883/883
f 886/886/886 887/887/887 884/884/884
f 888/888/888 886/886/886 884/884/884
f 887/887/887 883/883/883 884/884/884
f 874/874/874 594/594/594 861/861/861
f 874/874/874 861/861/861 876/876/876
f 874/874/874 878/878/878 609/609/609
f 878/878/878 873/873/873 889/889/889
f 878/878/878 611/611/611 609/609/609
f 873/873/873 887/887/887 889/889/889
f 873/873/873 878/878/878 874/874/874
f 873/873/873 872/872/872 883/883/883
f 873/873/873 883/883/883 887/887/887
f 890/890/890 891/891/891 892/892/892
f 891/891/891 889/889/889 892/892/892
f 889/889/889 887/887/887 892/892/892
f 893/893/893 889/889/889 891/891/891
f 894/894/894 895/895/895 896/896/896
f 895/895/895 894/894/894 897/897/897
f 898/898/898 899/899/899 900/900/900
f 899/899/899 898/898/898 901/901/901
f 902/902/902 903/903/903 904/904/904
f 902/902/902 905/905/905 903/903/903
f 906/906/906 907/907/907 908/908/908
f 909/909/909 907/907/907 906/906/906
f 910/910/910 911/911/911 912/912/912
f 911/911/911 910/910/910 913/913/913
f 914/914/914 915/915/915 916/916/916
f 914/914/914 917/917/917 915/915/915
f 918/918/918 919/919/919 920/920/920
f 919/919/919 918/918/918 921/921/921
f 922/922/922 923/923/923 924/924/924
f 924/924/924 925/925/925 922/922/922
f 926/926/926 927/927/927 928/928/928
f 927/927/927 926/926/926 929/929/929
f 930/930/930 931/931/931 932/932/932
f 930/930/930 933/933/933 931/931/931
f 934/934/934 935/935/935 936/936/936
f 937/937/937 938/938/938 939/939/939
f 937/937/937 940/940/940 941/941/941
f 942/942/942 943/943/943 944/944/944
f 945/945/945 942/942/942 944/944/944
f 946/946/946 947/947/947 948/948/948
f 947/947/947 946/946/946 949/949/949
f 950/950/950 951/951/951 952/952/952
f 953/953/953 952/952/952 951/951/951
f 932/932/932 931/931/931 954/954/954
f 955/955/955 956/956/956 957/957/957
f 958/958/958 959/959/959 957/957/957
f 960/960/960 955/955/955 957/957/957
f 961/961/961 958/958/958 957/957/957
f 956/956/956 961/961/961 957/957/957
f 962/962/962 963/963/963 957/957/957
f 959/959/959 962/962/962 957/957/957
f 964/964/964 960/960/960 957/957/957
f 963/963/963 964/964/964 957/957/957
f 954/954/954 931/931/931 965/965/965
f 954/954/954 966/966/966 932/932/932
f 965/965/965 935/935/935 954/954/954
f 938/938/938 967/967/967 968/968/968
f 938/938/938 937/937/937 969/969/969
f 968/968/968 939/939/939 938/938/938
f 935/935/935 965/965/965 970/970/970
f 935/935/935 970/970/970 971/971/971
f 931/931/931 972/972/972 965/965/965
f 933/933/933 973/973/973 974/974/974
f 933/933/933 972/972/972 931/931/931
f 972/972/972 933/933/933 974/974/974
f 940/940/940 937/937/937 939/939/939
f 939/939/939 968/968/968 975/975/975
f 939/939/939 973/973/973 940/940/940
f 973/973/973 939/939/939 975/975/975
f 973/973/973 933/933/933 940/940/940
f 936/936/936 935/935/935 971/971/971
f 936/936/936 976/976/976 934/934/934
f 977/977/977 978/978/978 976/976/976
f 977/977/977 976/976/976 936/936/936
f 967/967/967 936/936/936 971/971/971
f 967/967/967 977/977/977 936/936/936
f 967/967/967 938/938/938 977/977/977
f 979/979/979 980/980/980 981/981/981
f 982/982/982 979/979/979 981/981/981
f 983/983/983 984/984/984 981/981/981
f 980/980/980 983/983/983 981/981/981
f 985/985/985 986/986/986 981/981/981
f 984/984/984 985/985/985 981/981/981
f 987/987/987 982/982/982 981/981/981
f 986/986/986 987/987/987 981/981/981
f 988/988/988 989/989/989 990/990/990
f 991/991/991 990/990/990 992/992/992
f 990/990/990 991/991/991 988/988/988
f 989/989/989 988/988/988 993/993/993
f 994/994/994 995/995/995 996/996/996
f 993/993/993 996/996/996 989/989/989
f 996/996/996 993/993/993 994/994/994
f 995/995/995 994/994/994 997/997/997
f 998/998/998 999/999/999 1000/1000/1000
f 997/997/997 1000/1000/1000 995/995/995
f 1000/1000/1000 997/997/997 998/998/998
f 1001/1001/1001 991/991/991 992/992/992
f 1002/1002/1002 1001/1001/1001 992/992/992
f 1003/1003/1003 1001/1001/1001 1002/1002/1002
f 999/999/999 998/998/998 1003/1003/1003
f 999/999/999 1003/1003/1003 1002/1002/1002
f 1004/1004/1004 1005/1005/1005 1006/1006/1006
f 1005/1005/1005 1004/1004/1004 1007/1007/1007
f 1008/1008/1008 1009/1009/1009 1010/1010/1010
f 1011/1011/1011 1009/1009/1009 1008/1008/1008
f 858/858/858 857/857/857 1012/1012/1012
f 1012/1012/1012 1013/1013/1013 858/858/858
f 1014/1014/1014 1015/1015/1015 1016/1016/1016
f 1015/1015/1015 1014/1014/1014 1017/1017/1017
f 1018/1018/1018 1019/1019/1019 1020/1020/1020
f 1018/1018/1018 1021/1021/1021 1019/1019/1019
f 1022/1022/1022 1023/1023/1023 1024/1024/1024
f 1023/1023/1023 1022/1022/1022 1025/1025/1025
f 1026/1026/1026 1027/1027/1027 1028/1028/1028
f 1028/1028/1028 1027/1027/1027 1029/1029/1029
f 1030/1030/1030 1031/1031/1031 1032/1032/1032
f 1033/1033/1033 1034/1034/1034 1035/1035/1035
f 1034/1034/1034 1033/1033/1033 1036/1036/1036
f 1031/1031/1031 1030/1030/1030 1037/1037/1037
f 1038/1038/1038 1031/1031/1031 1037/1037/1037
f 1037/1037/1037 1039/1039/1039 1038/1038/1038
f 1040/1040/1040 1041/1041/1041 1042/1042/1042
f 1043/1043/1043 1040/1040/1040 1042/1042/1042
f 862/862/862 869/869/869 868/868/868
f 882/882/882 881/881/881 869/869/869
f 766/766/766 869/869/869 862/862/862
f 766/766/766 583/583/583 599/599/599
f 869/869/869 766/766/766 882/882/882
f 1044/1044/1044 1045/1045/1045 1046/1046/1046
f 1045/1045/1045 1044/1044/1044 1047/1047/1047
f 1048/1048/1048 1049/1049/1049 1050/1050/1050
f 1049/1049/1049 1048/1048/1048 1051/1051/1051
f 1052/1052/1052 1053/1053/1053 1054/1054/1054
f 1055/1055/1055 1053/1053/1053 1052/1052/1052
f 1056/1056/1056 1057/1057/1057 1058/1058/1058
f 1059/1059/1059 1057/1057/1057 1056/1056/1056
f 842/842/842 1060/1060/1060 819/819/819
f 1061/1061/1061 1062/1062/1062 1063/1063/1063
f 1061/1061/1061 842/842/842 1062/1062/1062
f 1064/1064/1064 1065/1065/1065 1066/1066/1066
f 1065/1065/1065 1067/1067/1067 1066/1066/1066
f 1065/1065/1065 1068/1068/1068 1067/1067/1067
f 560/560/560 559/559/559 1069/1069/1069
f 560/560/560 1070/1070/1070 561/561/561
f 1067/1067/1067 1070/1070/1070 560/560/560
f 1070/1070/1070 1067/1067/1067 1068/1068/1068
f 1070/1070/1070 1071/1071/1071 561/561/561
f 1029/1029/1029 1072/1072/1072 1073/1073/1073
f 1072/1072/1072 1029/1029/1029 1027/1027/1027
f 844/844/844 843/843/843 1074/1074/1074
f 844/844/844 1075/1075/1075 1076/1076/1076
f 844/844/844 1074/1074/1074 1075/1075/1075
f 1077/1077/1077 1075/1075/1075 1074/1074/1074
f 1077/1077/1077 854/854/854 806/806/806
f 1077/1077/1077 806/806/806 1075/1075/1075
f 849/849/849 847/847/847 846/846/846
f 1078/1078/1078 850/850/850 849/849/849
f 1079/1079/1079 850/850/850 1078/1078/1078
f 1080/1080/1080 853/853/853 852/852/852
f 1080/1080/1080 1081/1081/1081 853/853/853
f 1082/1082/1082 1081/1081/1081 1080/1080/1080
f 1083/1083/1083 1081/1081/1081 1082/1082/1082
f 1084/1084/1084 1085/1085/1085 1086/1086/1086
f 816/816/816 738/738/738 1087/1087/1087
f 816/816/816 1013/1013/1013 739/739/739
f 1013/1013/1013 816/816/816 1088/1088/1088
f 1013/1013/1013 1012/1012/1012 739/739/739
f 1060/1060/1060 1089/1089/1089 860/860/860
f 1060/1060/1060 842/842/842 1061/1061/1061
f 1090/1090/1090 1091/1091/1091 1092/1092/1092
f 1091/1091/1091 1093/1093/1093 1094/1094/1094
f 1091/1091/1091 1090/1090/1090 1095/1095/1095
f 1093/1093/1093 1091/1091/1091 1095/1095/1095
f 1096/1096/1096 1097/1097/1097 1098/1098/1098
f 860/860/860 819/819/819 1060/1060/1060
f 1089/1089/1089 1099/1099/1099 860/860/860
f 1100/1100/1100 1101/1101/1101 1084/1084/1084
f 1101/1101/1101 1068/1068/1068 1065/1065/1065
f 1092/1092/1092 1101/1101/1101 1100/1100/1100
f 1092/1092/1092 1100/1100/1100 1102/1102/1102
f 1092/1092/1092 1068/1068/1068 1101/1101/1101
f 1092/1092/1092 1102/1102/1102 1090/1090/1090
f 1085/1085/1085 1101/1101/1101 1103/1103/1103
f 1085/1085/1085 1084/1084/1084 1101/1101/1101
f 1086/1086/1086 1094/1094/1094 1104/1104/1104
f 1094/1094/1094 1086/1086/1086 1085/1085/1085
f 1094/1094/1094 1093/1093/1093 1104/1104/1104
f 1094/1094/1094 1085/1085/1085 1105/1105/1105
f 1106/1106/1106 838/838/838 837/837/837
f 1107/1107/1107 837/837/837 1108/1108/1108
f 837/837/837 1107/1107/1107 1106/1106/1106
f 1109/1109/1109 1097/1097/1097 1110/1110/1110
f 1109/1109/1109 1098/1098/1098 1097/1097/1097

o BlackClean_Lid_LOD0
g BlackClean_Lid_LOD0
usemtl CassetteCaseLid
v 0.05284999683499336 0.01580004394054413 -0.03437124378979207
v -0.05284999683499336 0.015800016466528177 0.0069537535309791496
v -0.05284999683499336 0.01580004394054413 -0.03437124378979207
v -0.05279691144824028 0.010747627587988973 0.028878028970211737
v -0.05284999683499336 0.015799999237060547 0.03422875190153717
v -0.05279691144824028 0.011416261550039053 0.030492255436860065
v -0.05279691144824028 0.00913340284023434 0.02820939384400844
v -0.05284999683499336 0.015800016466528177 0.0069537535309791496
v -0.05279691144824028 0.010747625026851892 0.03210648254025727
v -0.05201396718621254 0.01146229449659586 0.030492255466858957
v -0.05279691144824028 0.011416261550039053 0.030492255436860065
v -0.05201396718621254 0.009133398882113397 0.032821146305650466
v -0.05201396718621254 0.01078017451800406 0.032139031914994114
v -0.05279691144824028 0.00913340284023434 0.02820939384400844
v -0.05279691144824028 0.010747627587988973 0.028878028970211737
v -0.05201396718621254 0.00913340284023434 0.028163361130282276
v -0.05279691144824028 0.007519176229834557 0.028878026874735944
v -0.05201396718621254 0.010780177777633071 0.028845479711890214
v -0.05201396718621254 0.00748662615660578 0.02884547575376927
v -0.05281621217727661 0.00686480849981308 0.030492252470756424
v -0.05201396718621254 0.006804507691413164 0.03049225243145947
v -0.05279691144824028 0.007519174367189407 0.03210648067761212
v -0.05201396718621254 0.0074866232462227345 0.03213902807328849
v -0.05280996859073639 0.009133399813435972 0.03277813107706606
v -0.052090805023908615 0.0022619226947426796 0.017130254767835133
v -0.0527820959687233 0.014869343023747206 0.007035130634903901
v -0.052837397903203964 0.002254667691886425 0.01710956916213035
v -0.051927350461483 0.015191604383289814 0.007059652358293526
v -0.05284999683499336 0.00019999686628580093 0.03422874165698885
v -0.05281621217727661 0.00686480849981308 0.030492252470756424
v -0.05279691144824028 0.007519174367189407 0.03210648067761212
v -0.052837397903203964 0.002254667691886425 0.01710956916213035
v -0.05280996859073639 0.009133399813435972 0.03277813107706606
v -0.05279691144824028 0.010747625026851892 0.03210648254025727
v -0.052049994468688965 0.014899999368935823 0.033328751800581806
v -0.051927350461483 0.015191604383289814 0.007059652358293526
v -0.052090805023908615 0.0022619226947426796 0.017130254767835133
v -0.052049994468688965 0.000999996904283762 0.03332874295301735
v -0.052005548030138016 0.0010444531217217445 0.01742042321711778
v -0.05279691144824028 0.007519176229834557 0.028878026874735944
v -0.05284999683499336 0.00020000804215669632 0.01715374179184436
v -0.05284999683499336 0.014900043606758118 -0.03437124378979207
v -0.05284999683499336 0.01580004394054413 -0.03437124378979207
v -0.0527820959687233 0.014869343023747206 0.007035130634903901
v -0.052837397903203964 0.002254667691886425 0.01710956916213035
v -0.052005548030138016 0.0010444531217217445 0.01742042321711778
v -0.052090805023908615 0.0022619226947426796 0.017130254767835133
v -0.05284999683499336 0.00020000804215669632 0.01715374179184436
v -0.05201396718621254 0.010780177777633071 0.028845479711890214
v -0.052003148943185806 0.009133401326835155 0.03049225208651412
v -0.05201396718621254 0.00913340284023434 0.028163361130282276
v -0.05201396718621254 0.01146229449659586 0.030492255466858957
v -0.05201396718621254 0.00748662615660578 0.02884547575376927
v -0.05201396718621254 0.006804507691413164 0.03049225243145947
v -0.05201396718621254 0.0074866232462227345 0.03213902807328849
v -0.05201396718621254 0.009133398882113397 0.032821146305650466
v -0.05201396718621254 0.01078017451800406 0.032139031914994114
v 0.05279691144824028 0.010747627587988973 0.028878028970211737
v 0.05284999683499336 0.015799999237060547 0.03422875190153717
v 0.05284999683499336 0.015800016466528177 0.0069537535309791496
v 0.05279691144824028 0.00913340284023434 0.02820939384400844
v 0.052837397903203964 0.002254667691886425 0.01710956916213035
v 0.05279691144824028 0.010747625026851892 0.03210648254025727
v 0.05279691144824028 0.011416261550039053 0.030492255436860065
v 0.05201396718621254 0.01146229449659586 0.030492255466858957
v 0.05201396718621254 0.009133398882113397 0.032821146305650466
v 0.05280996859073639 0.009133399813435972 0.03277813107706606
v 0.05201396718621254 0.00913340284023434 0.028163361130282276
v 0.05279691144824028 0.010747627587988973 0.028878028970211737
v 0.05279691144824028 0.00913340284023434 0.02820939384400844
v 0.05279691144824028 0.007519176229834557 0.028878026874735944
v 0.05201396718621254 0.00748662615660578 0.02884547575376927
v 0.05201396718621254 0.006804507691413164 0.03049225243145947
v 0.05281621217727661 0.00686480849981308 0.030492252470756424
v 0.05279691144824028 0.007519174367189407 0.03210648067761212
v 0.05201396718621254 0.0074866232462227345 0.03213902807328849
v 0.05201396718621254 0.01078017451800406 0.032139031914994114
v 0.05201396718621254 0.010780177777633071 0.028845479711890214
v 0.052049994468688965 0.000999996904283762 0.03332874295301735
v -0.052005548030138016 0.0010444531217217445 0.01742042321711778
v 0.052005548030138016 0.0010444531217217445 0.01742042321711778
v -0.052049994468688965 0.000999996904283762 0.03332874295301735
v -0.05284999683499336 0.00020000804215669632 0.01715374179184436
v 0.05284999683499336 0.00019999686628580093 0.03422874165698885
v 0.05284999683499336 0.00020000804215669632 0.01715374179184436
v -0.05284999683499336 0.00019999686628580093 0.03422874165698885
v 0.052090805023908615 0.0022619226947426796 0.017130254767835133
v 0.0527820959687233 0.014869343023747206 0.007035130634903901
v 0.051927350461483 0.015191604383289814 0.007059652358293526
v 0.052837397903203964 0.002254667691886425 0.01710956916213035
v 0.05284999683499336 0.00019999686628580093 0.03422874165698885
v 0.05281621217727661 0.00686480849981308 0.030492252470756424
v 0.05280996859073639 0.009133399813435972 0.03277813107706606
v 0.05279691144824028 0.007519174367189407 0.03210648067761212
v 0.05279691144824028 0.011416261550039053 0.030492255436860065
v 0.05279691144824028 0.010747625026851892 0.03210648254025727
v 0.05284999683499336 0.00020000804215669632 0.01715374179184436
v 0.052005548030138016 0.0010444531217217445 0.01742042321711778
v 0.05284999683499336 0.01580004394054413 -0.03437124378979207
v -0.05284999683499336 0.01580004394054413 -0.03437124378979207
v 0.05284999683499336 0.014900043606758118 -0.03437124378979207
v -0.05284999683499336 0.014900043606758118 -0.03437124378979207
v 0.051927350461483 0.015191604383289814 0.007059652358293526
v 0.052049994468688965 0.014899999368935823 0.033328751800581806
v 0.052090805023908615 0.0022619226947426796 0.017130254767835133
v 0.052049994468688965 0.000999996904283762 0.03332874295301735
v 0.052005548030138016 0.0010444531217217445 0.01742042321711778
v 0.05284999683499336 0.015800016466528177 0.0069537535309791496
v -0.05284999683499336 0.015799999237060547 0.03422875190153717
v 0.05284999683499336 0.015799999237060547 0.03422875190153717
v -0.052049994468688965 0.014899999368935823 0.033328751800581806
v 0.052049994468688965 0.014899999368935823 0.033328751800581806
v -0.051927350461483 0.015191604383289814 0.007059652358293526
v 0.05284999683499336 0.00019999686628580093 0.03422874165698885
v -0.05284999683499336 0.00019999686628580093 0.03422874165698885
v -0.05284999683499336 0.015799999237060547 0.03422875190153717
v 0.05284999683499336 0.015799999237060547 0.03422875190153717
v 0.05284999683499336 0.014900043606758118 -0.03437124378979207
v 0.0527820959687233 0.014869343023747206 0.007035130634903901
v 0.05284999683499336 0.01580004394054413 -0.03437124378979207
v 0.05284999683499336 0.00020000804215669632 0.01715374179184436
v 0.05279691144824028 0.007519176229834557 0.028878026874735944
v 0.052837397903203964 0.002254667691886425 0.01710956916213035
v 0.052090805023908615 0.0022619226947426796 0.017130254767835133
v 0.052049994468688965 0.000999996904283762 0.03332874295301735
v -0.052049994468688965 0.014899999368935823 0.033328751800581806
v -0.052049994468688965 0.000999996904283762 0.03332874295301735
v 0.052049994468688965 0.014899999368935823 0.033328751800581806
v -0.05284999683499336 0.014900043606758118 -0.03437124378979207
v -0.0527820959687233 0.014869343023747206 0.007035130634903901
v 0.051927350461483 0.015191604383289814 0.007059652358293526
v 0.0527820959687233 0.014869343023747206 0.007035130634903901
v 0.05284999683499336 0.014900043606758118 -0.03437124378979207
v 0.05201396718621254 0.010780177777633071 0.028845479711890214
v 0.05201396718621254 0.00913340284023434 0.028163361130282276
v 0.052003148943185806 0.009133401326835155 0.03049225208651412
v 0.05201396718621254 0.01146229449659586 0.030492255466858957
v 0.05201396718621254 0.00748662615660578 0.02884547575376927
v 0.05201396718621254 0.006804507691413164 0.03049225243145947
v 0.05201396718621254 0.0074866232462227345 0.03213902807328849
v 0.05201396718621254 0.009133398882113397 0.032821146305650466
v 0.05201396718621254 0.01078017451800406 0.032139031914994114
v -0.05304999649524689 0.010615360923111439 0.029010295402258628
v -0.05304999649524689 0.01599999889731407 0.034428752027451985
v -0.05304999649524689 0.016000017058104277 0.0069537535309791496
v -0.05304999649524689 0.009133402665611356 0.028396446490660303
v -0.05304999649524689 0.00220000883564353 0.01695374492555856
v -0.05304999649524689 0.01061535906046629 0.03197421634104102
v -0.05304999649524689 0.011229209136217833 0.030492255314960907
v -0.05205000191926956 0.011229209136217833 0.030492255314960907
v -0.05205000191926956 0.01061535906046629 0.03197421634104102
v -0.05304999649524689 0.007651442778296769 0.029010293423198157
v -0.05205000191926956 0.009133402665611356 0.028396446490660303
v -0.05304999649524689 0.009133402665611356 0.028396446490660303
v -0.05205000191926956 0.007037593051791191 0.03049225258335713
v -0.05205000191926956 0.007651441788766533 0.02901029167696833
v -0.05304999649524689 0.0070375940995290875 0.030492252583357853
v -0.05205000191926956 0.0076514388783834875 0.03197421261575072
v -0.05304999649524689 0.009133399988058954 0.03258806490339338
v -0.05205000191926956 0.00913339905673638 0.03258806117810308
v -0.05304999649524689 0.007651440741028637 0.03197421447839587
v -0.05304999649524689 0.010615360923111439 0.029010295402258628
v -0.05205000191926956 0.01061536162160337 0.029010295402258628
v -0.05184999480843544 0.014700016472488642 0.0069537535309791496
v -0.05304999649524689 0.00220000883564353 0.01695374492555856
v -0.05304999649524689 0.014700016472488642 0.0069537535309791496
v -0.05184999480843544 0.00220000883564353 0.01695374492555856
v -0.05304999649524689 -2.7939677238464355e-9 0.034428741782903664
v -0.05304999649524689 0.0070375940995290875 0.030492252583357853
v -0.05304999649524689 0.009133399988058954 0.03258806490339338
v -0.05304999649524689 0.007651440741028637 0.03197421447839587
v -0.05304999649524689 0.011229209136217833 0.030492255314960907
v -0.05304999649524689 0.01061535906046629 0.03197421634104102
v -0.05184999480843544 0.014700016472488642 0.0069537535309791496
v -0.05184999480843544 0.014699999243021011 0.033128751674666994
v -0.05184999480843544 0.00220000883564353 0.01695374492555856
v -0.05184999480843544 0.0011999974958598614 0.033128742827102535
v -0.05184999480843544 0.0012000082060694695 0.016953743994235985
v -0.05304999649524689 0.016000043600797653 -0.03457124717533589
v -0.05304999649524689 0.014700016472488642 0.0069537535309791496
v -0.05304999649524689 8.381903171539307e-9 0.016953742131590836
v -0.05304999649524689 0.007651442778296769 0.029010293423198157
v -0.05304999649524689 0.014700043015182018 -0.03457124717533589
v -0.05205000191926956 0.01061536162160337 0.029010295402258628
v -0.05205000191926956 0.009133402665611356 0.028396446490660303
v -0.05205000191926956 0.009133401326835155 0.03049225208651412
v -0.05205000191926956 0.011229209136217833 0.030492255314960907
v -0.05205000191926956 0.007651441788766533 0.02901029167696833
v -0.05205000191926956 0.007037593051791191 0.03049225258335713
v -0.05205000191926956 0.0076514388783834875 0.03197421261575072
v -0.05205000191926956 0.00913339905673638 0.03258806117810308
v -0.05205000191926956 0.01061535906046629 0.03197421634104102
v 0.05304999649524689 0.010615360923111439 0.029010295402258628
v 0.05304999649524689 0.01599999889731407 0.034428752027451985
v 0.05304999649524689 0.011229209136217833 0.030492255314960907
v 0.05304999649524689 0.009133402665611356 0.028396446490660303
v 0.05304999649524689 0.016000017058104277 0.0069537535309791496
v 0.05304999649524689 0.01061535906046629 0.03197421634104102
v 0.05205000191926956 0.011229209136217833 0.030492255314960907
v 0.05304999649524689 0.011229209136217833 0.030492255314960907
v 0.05205000191926956 0.01061535906046629 0.03197421634104102
v 0.05304999649524689 0.007651442778296769 0.029010293423198157
v 0.05205000191926956 0.009133402665611356 0.028396446490660303
v 0.05205000191926956 0.007651441788766533 0.02901029167696833
v 0.05304999649524689 0.009133402665611356 0.028396446490660303
v 0.05205000191926956 0.007037593051791191 0.03049225258335713
v 0.05304999649524689 0.0070375940995290875 0.030492252583357853
v 0.05304999649524689 0.009133399988058954 0.03258806490339338
v 0.05304999649524689 0.007651440741028637 0.03197421447839587
v 0.05205000191926956 0.00913339905673638 0.03258806117810308
v 0.05205000191926956 0.0076514388783834875 0.03197421261575072
v 0.05304999649524689 0.010615360923111439 0.029010295402258628
v 0.05205000191926956 0.01061536162160337 0.029010295402258628
v -0.05184999480843544 0.0011999974958598614 0.033128742827102535
v 0.05184999480843544 0.0012000082060694695 0.016953743994235985
v -0.05184999480843544 0.0012000082060694695 0.016953743994235985
v 0.05184999480843544 0.0011999974958598614 0.033128742827102535
v 0.05304999649524689 -2.7939677238464355e-9 0.034428741782903664
v -0.05304999649524689 -2.7939677238464355e-9 0.034428741782903664
v -0.05304999649524689 8.381903171539307e-9 0.016953742131590836
v 0.05304999649524689 8.381903171539307e-9 0.016953742131590836
v 0.05304999649524689 0.00220000883564353 0.01695374492555856
v 0.05184999480843544 0.014700016472488642 0.0069537535309791496
v 0.05304999649524689 0.014700016472488642 0.0069537535309791496
v 0.05184999480843544 0.00220000883564353 0.01695374492555856
v 0.05304999649524689 -2.7939677238464355e-9 0.034428741782903664
v 0.05304999649524689 0.00220000883564353 0.01695374492555856
v 0.05304999649524689 0.0070375940995290875 0.030492252583357853
v 0.05304999649524689 0.007651440741028637 0.03197421447839587
v 0.05304999649524689 0.009133399988058954 0.03258806490339338
v 0.05304999649524689 0.01061535906046629 0.03197421634104102
v -0.05184999480843544 0.0012000082060694695 0.016953743994235985
v -0.05304999649524689 0.00220000883564353 0.01695374492555856
v -0.05184999480843544 0.00220000883564353 0.01695374492555856
v -0.05304999649524689 8.381903171539307e-9 0.016953742131590836
v 0.05304999649524689 0.014700043015182018 -0.03457124717533589
v -0.05304999649524689 0.014700043015182018 -0.03457124717533589
v -0.05304999649524689 0.016000043600797653 -0.03457124717533589
v 0.05304999649524689 0.016000043600797653 -0.03457124717533589
v 0.05184999480843544 0.014699999243021011 0.033128751674666994
v 0.05184999480843544 0.014700016472488642 0.0069537535309791496
v 0.05184999480843544 0.00220000883564353 0.01695374492555856
v 0.05184999480843544 0.0011999974958598614 0.033128742827102535
v 0.05184999480843544 0.0012000082060694695 0.016953743994235985
v -0.05304999649524689 0.016000017058104277 0.0069537535309791496
v 0.05304999649524689 0.016000017058104277 0.0069537535309791496
v 0.05304999649524689 0.016000043600797653 -0.03457124717533589
v -0.05304999649524689 0.016000043600797653 -0.03457124717533589
v -0.05304999649524689 0.01599999889731407 0.034428752027451985
v 0.05304999649524689 0.01599999889731407 0.034428752027451985
v 0.05184999480843544 0.014699999243021011 0.033128751674666994
v -0.05184999480843544 0.014700016472488642 0.0069537535309791496
v 0.05184999480843544 0.014700016472488642 0.0069537535309791496
v -0.05184999480843544 0.014699999243021011 0.033128751674666994
v 0.05304999649524689 0.01599999889731407 0.034428752027451985
v -0.05304999649524689 0.01599999889731407 0.034428752027451985
v 0.05304999649524689 -2.7939677238464355e-9 0.034428741782903664
v -0.05304999649524689 -2.7939677238464355e-9 0.034428741782903664
v 0.05304999649524689 0.016000043600797653 -0.03457124717533589
v 0.05304999649524689 0.014700016472488642 0.0069537535309791496
v 0.05304999649524689 0.014700043015182018 -0.03457124717533589
v 0.05304999649524689 0.007651442778296769 0.029010293423198157
v 0.05304999649524689 8.381903171539307e-9 0.016953742131590836
v 0.05184999480843544 0.0012000082060694695 0.016953743994235985
v 0.05184999480843544 0.00220000883564353 0.01695374492555856
v 0.05304999649524689 0.00220000883564353 0.01695374492555856
v 0.05304999649524689 8.381903171539307e-9 0.016953742131590836
v 0.05184999480843544 0.0011999974958598614 0.033128742827102535
v -0.05184999480843544 0.0011999974958598614 0.033128742827102535
v -0.05184999480843544 0.014699999243021011 0.033128751674666994
v 0.05184999480843544 0.014699999243021011 0.033128751674666994
v 0.05304999649524689 0.014700043015182018 -0.03457124717533589
v 0.05304999649524689 0.014700016472488642 0.0069537535309791496
v -0.05304999649524689 0.014700043015182018 -0.03457124717533589
v -0.05304999649524689 0.014700016472488642 0.0069537535309791496
v 0.05205000191926956 0.01061536162160337 0.029010295402258628
v 0.05205000191926956 0.009133401326835155 0.03049225208651412
v 0.05205000191926956 0.009133402665611356 0.028396446490660303
v 0.05205000191926956 0.011229209136217833 0.030492255314960907
v 0.05205000191926956 0.007651441788766533 0.02901029167696833
v 0.05205000191926956 0.007037593051791191 0.03049225258335713
v 0.05205000191926956 0.0076514388783834875 0.03197421261575072
v 0.05205000191926956 0.00913339905673638 0.03258806117810308
v 0.05205000191926956 0.01061535906046629 0.03197421634104102
vt 1.7344545125961304 0.640836775302887
vt 1.57926344871521 0.24430978298187256
vt 1.73445463180542 0.24430984258651733
vt 1.9211878776550293 0.7551088929176331
vt 1.9010858535766602 0.734947681427002
vt 1.9188203811645508 0.749713659286499
vt 1.926700234413147 0.757297933101654
vt 1.901580572128296 0.8373770713806152
vt 1.8746168613433838 0.692486047744751
vt 1.8701471090316772 0.6856389045715332
vt 1.8735682964324951 0.6839550137519836
vt 1.8674798011779785 0.6959776282310486
vt 1.8707520961761475 0.691360354423523
vt 1.859210729598999 0.67832350730896
vt 1.8674070835113525 0.67832350730896
vt 1.8605875968933105 0.6812618374824524
vt 1.8540480136871338 0.6846315860748291
vt 1.8660471439361572 0.6817045211791992
vt 1.857509732246399 0.6857269406318665
vt 1.854468584060669 0.6929097175598145
vt 1.8579646348953247 0.6913723349571228
vt 1.8602328300476074 0.6991786360740662
vt 1.8618388175964355 0.6955209970474243
vt 1.869460940361023 0.7002218961715698
vt 1.9092106819152832 0.6736708879470825
vt 1.8493846654891968 0.6691862344741821
vt 1.9092106819152832 0.6691861152648926
vt 1.8493846654891968 0.6736708879470825
vt 1.9605114459991455 0.7344233989715576
vt 1.9343788623809814 0.7493305206298828
vt 1.932068109512329 0.7437425851821899
vt 1.9528093338012695 0.7998059391975403
vt 1.9263827800750732 0.742162823677063
vt 1.9210121631622314 0.7443044185638428
vt 1.9869914054870605 0.8176714181900024
vt 1.9869914054870605 0.9154950976371765
vt 1.9402751922607422 0.8781221508979797
vt 1.9365379810333252 0.8176714181900024
vt 1.9365379810333252 0.8781221508979797
vt 1.9321683645248413 0.7549221515655518
vt 1.9610323905944824 0.7997403740882874
vt 1.9061121940612793 0.9979443550109863
vt 1.9010858535766602 0.9979289770126343
vt 1.9065167903900146 0.8373709917068481
vt 1.7902320623397827 0.03536832332611084
vt 1.7857468128204346 0.039106130599975586
vt 1.7857468128204346 0.03536832332611084
vt 1.7902319431304932 0.043591439723968506
vt 1.9450304508209229 0.9937046766281128
vt 1.9377942085266113 0.9907072186470032
vt 1.9450304508209229 0.9877098202705383
vt 1.9407914876937866 0.997943639755249
vt 1.9407916069030762 0.9834707975387573
vt 1.9347965717315674 0.9834707975387573
vt 1.9305577278137207 0.9877098202705383
vt 1.9305577278137207 0.9937046766281128
vt 1.9347965717315674 0.997943639755249
vt 1.9779608249664307 0.6728680729866028
vt 1.9979496002197266 0.6525988578796387
vt 1.9980063438415527 0.7550181746482849
vt 1.972461462020874 0.6750873327255249
vt 1.9465866088867188 0.7177265286445618
vt 1.8276541233062744 0.700933575630188
vt 1.8271474838256836 0.6952056884765625
vt 1.8305927515029907 0.6935843229293823
vt 1.8262121677398682 0.7085597515106201
vt 1.824789047241211 0.7056989669799805
vt 1.815413236618042 0.686898946762085
vt 1.823096752166748 0.691225528717041
vt 1.817516803741455 0.6911145448684692
vt 1.8143243789672852 0.695631742477417
vt 1.8104875087738037 0.6946109533309937
vt 1.81169593334198 0.703032374382019
vt 1.8150672912597656 0.7012747526168823
vt 1.8192551136016846 0.7051090002059937
vt 1.8179302215576172 0.7085597515106201
vt 1.8312251567840576 0.7019555568695068
vt 1.824571132659912 0.6875427961349487
vt 1.252284049987793 0.2430180311203003
vt 1.191833257675171 0.6305754780769348
vt 1.191833257675171 0.24301797151565552
vt 1.2522839307785034 0.6305754780769348
vt 1.3985753059387207 0.099368155002594
vt 1.0020484924316406 0.16467732191085815
vt 1.0020486116409302 0.099368155002594
vt 1.3985751867294312 0.16467750072479248
vt 1.9342315196990967 0.7290861010551453
vt 1.9297468662261963 0.6692599058151245
vt 1.9342315196990967 0.6692599058151245
vt 1.9297468662261963 0.7290861010551453
vt 1.9385333061218262 0.6524061560630798
vt 1.9647406339645386 0.6671649217605591
vt 1.972696304321289 0.6599537134170532
vt 1.9670205116271973 0.6615651845932007
vt 1.9802985191345215 0.6674609780311584
vt 1.9780774116516113 0.6620648503303528
vt 1.3937207460403442 0.04359138011932373
vt 1.398205280303955 0.03910684585571289
vt 1.3985836505889893 0.03127884864807129
vt 1.0020484924316406 0.03127884864807129
vt 1.3985836505889893 0.026420235633850098
vt 1.0020484924316406 0.02642059326171875
vt 1.9104663133621216 0.9975932240486145
vt 1.9104663133621216 0.8997695446014404
vt 1.95718252658844 0.9602202773094177
vt 1.9609198570251465 0.8997695446014404
vt 1.9609198570251465 0.9602202773094177
vt 1.57926344871521 0.6408364772796631
vt 1.476581335067749 0.24430972337722778
vt 1.476581335067749 0.6408367156982422
vt 1.738563895225525 0.6425092220306396
vt 1.7385640144348145 0.25495195388793945
vt 1.8363875150680542 0.6425091028213501
vt 1.402679681777954 0.10488873720169067
vt 1.7992064952850342 0.1048886775970459
vt 1.7992064952850342 0.16468536853790283
vt 1.402679681777954 0.16468536853790283
vt 1.992910385131836 0.9158495664596558
vt 1.9930663108825684 0.7550162672996521
vt 1.9979455471038818 0.9158544540405273
vt 1.9383656978607178 0.7177054286003113
vt 1.9669811725616455 0.6727423667907715
vt 1.3937207460403442 0.0353696346282959
vt 1.398205280303955 0.0353696346282959
vt 1.389609694480896 0.04445075988769531
vt 1.0020524263381958 0.09490436315536499
vt 1.0020525455474854 0.04445093870162964
vt 1.389609694480896 0.09490436315536499
vt 1.9915786981582642 0.64699387550354
vt 1.8363875150680542 0.64699387550354
vt 1.8363873958587646 0.25495201349258423
vt 1.8363873958587646 0.2504669427871704
vt 1.9915785789489746 0.2504671812057495
vt 1.980928897857666 0.9382953643798828
vt 1.980928897857666 0.9323005080223083
vt 1.9881653785705566 0.935297966003418
vt 1.9851679801940918 0.9425343871116638
vt 1.9851679801940918 0.9280615448951721
vt 1.9911627769470215 0.9280615448951721
vt 1.9954018592834473 0.9323005080223083
vt 1.9954018592834473 0.9382954239845276
vt 1.9911627769470215 0.9425343871116638
vt 0.9211878180503845 0.7551088929176331
vt 0.9010859131813049 0.734947681427002
vt 0.9015806317329407 0.8373770713806152
vt 0.926700234413147 0.757297933101654
vt 0.9528093934059143 0.7998059391975403
vt 0.8746168613433838 0.692486047744751
vt 0.8735682368278503 0.6839550137519836
vt 0.8701471090316772 0.6856389045715332
vt 0.8707520961761475 0.691360354423523
vt 0.8540480136871338 0.6846315860748291
vt 0.8605875372886658 0.6812618374824524
vt 0.859210729598999 0.67832350730896
vt 0.8579646348953247 0.6913723349571228
vt 0.8575097322463989 0.6857269406318665
vt 0.854468584060669 0.6929097175598145
vt 0.8618388772010803 0.6955209970474243
vt 0.869460940361023 0.7002218961715698
vt 0.8674797415733337 0.6959776282310486
vt 0.8602327704429626 0.6991786360740662
vt 0.8674070835113525 0.67832350730896
vt 0.8660471439361572 0.6817045211791992
vt 0.8493846654891968 0.6736708879470825
vt 0.909210741519928 0.6691861152648926
vt 0.8493846654891968 0.6691862344741821
vt 0.909210741519928 0.6736708879470825
vt 0.9605115056037903 0.7344233989715576
vt 0.9343788027763367 0.7493305206298828
vt 0.9263827800750732 0.742162823677063
vt 0.9320681691169739 0.7437425851821899
vt 0.918820321559906 0.749713659286499
vt 0.9210121035575867 0.7443044185638428
vt 0.9869914650917053 0.9154950976371765
vt 0.9869914650917053 0.8176714181900024
vt 0.940275251865387 0.8781221508979797
vt 0.9365379214286804 0.8176714181900024
vt 0.9365379214286804 0.8781221508979797
vt 0.9010859131813049 0.9979289770126343
vt 0.9065167307853699 0.8373709917068481
vt 0.9610323905944824 0.7997403740882874
vt 0.9321683645248413 0.7549221515655518
vt 0.9061122536659241 0.9979443550109863
vt 0.9450305104255676 0.9937046766281128
vt 0.9450305104255676 0.9877098202705383
vt 0.9377941489219666 0.9907072186470032
vt 0.9407914876937866 0.997943639755249
vt 0.9407915472984314 0.9834707975387573
vt 0.9347966313362122 0.9834707975387573
vt 0.9305577278137207 0.9877098202705383
vt 0.9305577278137207 0.9937046766281128
vt 0.9347966313362122 0.997943639755249
vt 0.9779608249664307 0.6728680729866028
vt 0.9979495406150818 0.6525988578796387
vt 0.9802984595298767 0.6674609780311584
vt 0.972461462020874 0.6750873327255249
vt 0.9980064034461975 0.7550181746482849
vt 0.8276541233062744 0.700933575630188
vt 0.8305927515029907 0.6935843229293823
vt 0.8271474242210388 0.6952056884765625
vt 0.8312250971794128 0.7019555568695068
vt 0.8143243789672852 0.695631742477417
vt 0.815413236618042 0.686898946762085
vt 0.8104875087738037 0.6946109533309937
vt 0.8175168037414551 0.6911145448684692
vt 0.81169593334198 0.703032374382019
vt 0.8150672316551208 0.7012747526168823
vt 0.8247889876365662 0.7056989669799805
vt 0.8192551732063293 0.7051090002059937
vt 0.8262122273445129 0.7085597515106201
vt 0.8179301619529724 0.7085597515106201
vt 0.823096752166748 0.691225528717041
vt 0.8245711326599121 0.6875427961349487
vt 0.25228390097618103 0.6305754780769348
vt 0.19183331727981567 0.24301797151565552
vt 0.1918332874774933 0.6305754780769348
vt 0.25228404998779297 0.2430180311203003
vt 0.002048528054729104 0.16467732191085815
vt 0.39857521653175354 0.16467750072479248
vt 0.3985752463340759 0.099368155002594
vt 0.0020485634449869394 0.099368155002594
vt 0.9297468066215515 0.7290861010551453
vt 0.9342314600944519 0.6692599058151245
vt 0.9297468066215515 0.6692599058151245
vt 0.9342314600944519 0.7290861010551453
vt 0.9385332465171814 0.6524061560630798
vt 0.946586549282074 0.7177265286445618
vt 0.9647406339645386 0.6671649217605591
vt 0.9670205116271973 0.6615651845932007
vt 0.9726962447166443 0.6599537134170532
vt 0.9780774712562561 0.6620648503303528
vt 0.7857467532157898 0.039106130599975586
vt 0.7902320623397827 0.03536832332611084
vt 0.7857468128204346 0.03536832332611084
vt 0.7902320027351379 0.043591439723968506
vt 0.39858362078666687 0.026420235633850098
vt 0.0020485094282776117 0.02642059326171875
vt 0.0020484793931245804 0.03127884864807129
vt 0.39858362078666687 0.03127884864807129
vt 0.9104663133621216 0.8997695446014404
vt 0.9104663133621216 0.9975932240486145
vt 0.9571825265884399 0.9602202773094177
vt 0.9609197974205017 0.8997695446014404
vt 0.9609197974205017 0.9602202773094177
vt 0.5792635083198547 0.24430978298187256
vt 0.57926344871521 0.6408364772796631
vt 0.7344545125961304 0.640836775302887
vt 0.7344546318054199 0.24430984258651733
vt 0.476581335067749 0.24430972337722778
vt 0.47658130526542664 0.6408367156982422
vt 0.7385639548301697 0.25495195388793945
vt 0.8363875150680542 0.6425091028213501
vt 0.8363873958587646 0.25495201349258423
vt 0.7385638952255249 0.6425092220306396
vt 0.4026796519756317 0.16468536853790283
vt 0.7992064952850342 0.16468536853790283
vt 0.4026796519756317 0.10488873720169067
vt 0.7992064952850342 0.1048886775970459
vt 0.9979454874992371 0.9158544540405273
vt 0.9930662512779236 0.7550162672996521
vt 0.9929103255271912 0.9158495664596558
vt 0.9669812321662903 0.6727423667907715
vt 0.9383656978607178 0.7177054286003113
vt 0.3982052803039551 0.03910684585571289
vt 0.3982052803039551 0.0353696346282959
vt 0.39372074604034424 0.0353696346282959
vt 0.39372074604034424 0.04359138011932373
vt 0.3896097242832184 0.04445075988769531
vt 0.0020525213330984116 0.04445093870162964
vt 0.0020524573046714067 0.09490436315536499
vt 0.3896096646785736 0.09490436315536499
vt 0.9915786385536194 0.2504671812057495
vt 0.8363874554634094 0.2504669427871704
vt 0.9915786981582642 0.64699387550354
vt 0.8363875150680542 0.64699387550354
vt 0.980928897857666 0.9382953643798828
vt 0.9881653189659119 0.935297966003418
vt 0.980928897857666 0.9323005080223083
vt 0.985167920589447 0.9425343871116638
vt 0.985167920589447 0.9280615448951721
vt 0.9911627173423767 0.9280615448951721
vt 0.9954017996788025 0.9323005080223083
vt 0.9954017996788025 0.9382954239845276
vt 0.9911627173423767 0.9425343871116638
vn 0 -1 -6.535597663059889e-7
vn 0 -1 -6.511635319839115e-7
vn 0 -1 -6.535597663059889e-7
vn 0.9999929070472717 0.003263288177549839 -0.0018777598161250353
vn 0.9999508857727051 0.00854508951306343 0.005019036121666431
vn 0.9999430775642395 0.010668778792023659 -0.000028219275918672793
vn 0.9999954700469971 -0.0010154616320505738 -0.002825816860422492
vn 0.999951183795929 0.009877093136310577 0.00019151970627717674
vn -0.057483114302158356 0.7049985527992249 0.7068753242492676
vn -0.058692824095487595 0.9982761144638062 4.373945898805687e-7
vn -0.0586928129196167 0.9982761144638062 4.250740346378734e-7
vn -0.056329868733882904 -0.000002039658056673943 0.9984121918678284
vn -0.05748317763209343 0.7050387859344482 0.7068352103233337
vn -0.05869314819574356 0.0000012954636758877314 -0.9982760548591614
vn -0.05869274586439133 0.7058881521224976 -0.7058874368667603
vn -0.05869314819574356 0.0000012913552609461476 -0.9982760548591614
vn -0.0628853291273117 -0.7084830403327942 -0.7029204964637756
vn -0.05869273841381073 0.7058885097503662 -0.7058871388435364
vn -0.06288488954305649 -0.7084550857543945 -0.7029487490653992
vn -0.06684784591197968 -0.9977631568908691 -0.0000013790385082756984
vn -0.06684785336256027 -0.9977631568908691 -0.0000013781835832560319
vn -0.061662815511226654 -0.7075979709625244 0.7039196491241455
vn -0.06166387349367142 -0.7076579928398132 0.7038592100143433
vn -0.056329868733882904 -0.0000015072032510943245 0.9984121918678284
vn -0.1480850726366043 0.6131899952888489 0.7759309411048889
vn -0.1480850726366043 0.6131899952888489 0.7759309411048889
vn -0.1480850726366043 0.6131899952888489 0.7759309411048889
vn -0.1480850726366043 0.6131899952888489 0.7759309411048889
vn 0.9999815821647644 -0.0048976317048072815 0.0035803201608359814
vn 0.9999755620956421 -0.006988463923335075 -0.00011542684660525993
vn 0.9998698234558105 -0.003040762385353446 0.015847399830818176
vn 0.999998927116394 -0.0014029073063284159 0.0004578290681820363
vn 0.999678373336792 -0.000014144852684694342 0.025360748171806335
vn 0.9999186992645264 0.0056897965259850025 0.01141304150223732
vn -0.9999836683273315 0.0054437387734651566 -0.0017275848658755422
vn -0.9999836683273315 0.0054437387734651566 -0.0017275848658755422
vn -0.9999942183494568 0.0029115905053913593 -0.0017696120776236057
vn -0.9999939203262329 0.002999819815158844 -0.001768231624737382
vn -0.9975025653839111 -0.07056742906570435 -0.0029848620761185884
vn 0.9999661445617676 -0.008222395554184914 0.00023788191901985556
vn 0.9999812245368958 -0.006129956804215908 -7.366264043184856e-8
vn 0.9993138313293457 0.03702937066555023 -0.0008064471185207367
vn 0.9993138313293457 0.03702937066555023 -0.0008064471185207367
vn 0.9990859627723694 0.04153798520565033 0.010090259835124016
vn -0.22549889981746674 0.09407460689544678 0.9696907997131348
vn -0.0032829272095113993 -0.2958362400531769 0.9552330374717712
vn -0.22549889981746674 0.09407460689544678 0.9696907997131348
vn -0.00327504426240921 -0.29582685232162476 0.9552359580993652
vn 0.9999892115592957 0.0032846438698470592 -0.0032836212776601315
vn 1 1.4451423391292906e-9 -1.663395892137487e-7
vn 0.9999892115592957 4.842175549413241e-9 -0.004643878899514675
vn 0.9999892115592957 0.004645179491490126 -4.940999276392688e-10
vn 0.9999892115592957 -0.0032846357207745314 -0.0032839651685208082
vn 0.9999892115592957 -0.004645177628844976 1.6799387436705615e-9
vn 0.9999892115592957 -0.0032846378162503242 0.003282966325059533
vn 0.9999892115592957 -4.6445349788371004e-9 0.0046432227827608585
vn 0.9999892115592957 0.0032846322283148766 0.003283965401351452
vn -0.9999929070472717 0.0032632567454129457 -0.0018776576034724712
vn -0.9999508857727051 0.008544843643903732 0.005018806084990501
vn -0.999951183795929 0.009877089411020279 0.00019152704044245183
vn -0.9999954700469971 -0.0010154616320505738 -0.0028257807716727257
vn -0.999998927116394 -0.001402971101924777 0.00045799376675859094
vn 0.05748309940099716 0.7049984931945801 0.7068753838539124
vn 0.05869273841381073 0.9982761144638062 0.000001133530759034329
vn 0.05869273841381073 0.9982761144638062 0.0000011247288966842461
vn 0.05632997304201126 -0.00000206047116080299 0.9984121918678284
vn 0.05632997304201126 -0.0000015072035921548377 0.9984121918678284
vn 0.05869323015213013 7.914759407867678e-7 -0.9982760548591614
vn 0.05869271233677864 0.7058884501457214 -0.7058871388435364
vn 0.05869323015213013 8.096649253275245e-7 -0.9982760548591614
vn 0.06288592517375946 -0.7085227966308594 -0.7028803825378418
vn 0.06288488209247589 -0.7084553837776184 -0.7029483914375305
vn 0.0668477863073349 -0.9977631568908691 -0.000001294657295147772
vn 0.0668477863073349 -0.9977631568908691 -0.0000012979185157746542
vn 0.061662811785936356 -0.707598090171814 0.7039194703102112
vn 0.06167299672961235 -0.7076970338821411 0.7038190960884094
vn 0.05748319625854492 0.7050387263298035 0.7068352103233337
vn 0.05869270861148834 0.7058888077735901 -0.7058868408203125
vn 0 -0.9999960660934448 -0.002794486004859209
vn 0 -0.9999960660934448 -0.002794486004859209
vn 0 -0.9999960660934448 -0.002794486004859209
vn 0 -0.9999960660934448 -0.002794486004859209
vn 0 1 6.54516554732254e-7
vn 0 1 6.54516554732254e-7
vn 0 1 6.54516554732254e-7
vn 0 1 6.54516554732254e-7
vn 0.14808529615402222 0.6131909489631653 0.7759301662445068
vn 0.14808529615402222 0.6131909489631653 0.7759301662445068
vn 0.14808529615402222 0.6131909489631653 0.7759301662445068
vn 0.14808529615402222 0.6131909489631653 0.7759301662445068
vn -0.9999815821647644 -0.004897631239145994 0.0035802361089736223
vn -0.9999755620956421 -0.006988517474383116 -0.00011536898819031194
vn -0.999678373336792 -0.000014144853594189044 0.025360360741615295
vn -0.9998698234558105 -0.0030406492296606302 0.01584707200527191
vn -0.9999430775642395 0.010668731294572353 -0.000028310349080129527
vn -0.999918520450592 0.005707435309886932 0.01142040267586708
vn 0.003300108015537262 -0.295841246843338 0.9552314281463623
vn 0.0032901319209486246 -0.2958405613899231 0.9552316665649414
vn 0 0 1
vn 0 0 1
vn 0 0 1
vn 0 0 1
vn 0.9999836683273315 0.0054437387734651566 -0.0017275330610573292
vn 0.9999836683273315 0.0054437387734651566 -0.0017275330610573292
vn 0.9999942183494568 0.0029115600045770407 -0.0017675067065283656
vn 0.9999939203262329 0.002999819815158844 -0.001768178422935307
vn 0.9975025653839111 -0.07056742906570435 -0.0029848620761185884
vn 0 -1 -6.511635319839115e-7
vn 0 -1 -6.48767354505253e-7
vn 0 -1 -6.48767354505253e-7
vn 0 0.9999383687973022 0.01110001839697361
vn 0 0.9999383687973022 0.01110001839697361
vn -0.0009729340090416372 0.9999995231628418 -0.000027652537028188817
vn 0 6.530587484121497e-7 -1
vn 0 6.530587484121497e-7 -1
vn 0 6.530587484121497e-7 -1
vn 0 6.530587484121497e-7 -1
vn -0.9993138313293457 0.03702937066555023 -0.0008064440917223692
vn -0.9990859031677246 0.04154027998447418 0.010089308023452759
vn -0.9993138313293457 0.03702937066555023 -0.0008064440917223692
vn -0.9999812245368958 -0.006129956804215908 -7.366264043184856e-8
vn -0.9999661445617676 -0.008222293108701706 0.00023810818674974144
vn 0.22549846768379211 0.09407427161931992 0.9696909189224243
vn 0.22549846768379211 0.09407427161931992 0.9696909189224243
vn 0 -6.436275157284399e-7 1
vn 0 -6.436275157284399e-7 1
vn 0 -6.436275157284399e-7 1
vn 0 -6.436275157284399e-7 1
vn -0.001543089747428894 0.9999743103981018 -0.007002864498645067
vn -0.35281863808631897 0.9356908798217773 0.0012723393738269806
vn 0.0009728815639391541 0.9999995231628418 -0.00002504093572497368
vn 0.35281863808631897 0.9356908798217773 0.0012723393738269806
vn 0.001543089747428894 0.9999743103981018 -0.0070028589107096195
vn -0.9999892115592957 0.0032846438698470592 -0.0032836212776601315
vn -0.9999892115592957 4.842175549413241e-9 -0.004643878899514675
vn -1 1.6859996732065952e-9 -1.6637666533370066e-7
vn -0.9999892115592957 0.004645179491490126 -4.940999276392688e-10
vn -0.9999892115592957 -0.0032846357207745314 -0.0032839651685208082
vn -0.9999892115592957 -0.004645177628844976 1.6799387436705615e-9
vn -0.9999892115592957 -0.0032846378162503242 0.003282966325059533
vn -0.9999892115592957 -4.6445349788371004e-9 0.0046432227827608585
vn -0.9999892115592957 0.0032846322283148766 0.003283965401351452
vn -1 0 0
vn -1 0 -4.427844828569505e-7
vn -1 0 -5.284478188372077e-9
vn -1 0 0
vn -1 0 1.9354875036015073e-8
vn -0.0000010164598052142537 -0.7071054577827454 -0.7071080803871155
vn 2.3014275996047218e-7 -1 1.4375176249359356e-7
vn 2.3014275996047218e-7 -1 1.4375176249359356e-7
vn -0.0000010164598052142537 -0.7071054577827454 -0.7071080803871155
vn 0.0000012130429922763142 0.7071061134338379 0.707107424736023
vn 6.56863107906247e-7 -0.0000017044832247847808 1
vn 6.56863107906247e-7 -0.0000017044832247847808 1
vn 0.0000011890705309269833 1 0.0000011500127357066958
vn 0.000001213043105963152 0.707105815410614 0.7071077227592468
vn 0.0000011890704172401456 1 0.000001170548102891189
vn -5.65768743854278e-7 0.7071092128753662 -0.7071043848991394
vn -0.0000021192308850004338 0.000002320564817637205 -1
vn -0.0000021192308850004338 0.0000027518153729033656 -1
vn -5.657736892317189e-7 0.7071083188056946 -0.707105278968811
vn 3.2603520594420843e-7 -0.7071062922477722 0.7071072459220886
vn 3.260352912093367e-7 -0.7071064710617065 0.7071070671081543
vn 0 -0.6246938705444336 -0.780869722366333
vn 0 -0.6246938705444336 -0.780869722366333
vn 0 -0.6246938705444336 -0.780869722366333
vn 0 -0.6246938705444336 -0.780869722366333
vn -1 0 -1.3757720296325715e-7
vn -1 0 -4.40417295521911e-7
vn -1 0 -0.0000013813385066896444
vn -1 0 -4.78274671422696e-7
vn -1 0 2.487446693066886e-7
vn -1 0 -0.0000021641549210471567
vn 1 0 0
vn 1 0 0
vn 1 0 -1.7787517947454035e-7
vn 1 0 -1.7677193042686667e-8
vn 1 0 -4.4982712665841973e-7
vn -1 0 -1.0569045194586124e-8
vn -1 0 -4.111794904559929e-9
vn -1 0 1.835008731632115e-7
vn -1 0 -0.0000013909778999732225
vn -1 0 -1.0569045194586124e-8
vn -1 0 -9.904615581035614e-7
vn -1 0 -0.0000033330863971059443
vn -1 0 1.97714797423032e-7
vn -1 0 0
vn -1 0 -7.72032774081638e-13
vn -1 0 0.00000468524149255245
vn -1 0 0.0000017813265458244132
vn -1 0 -5.612942572952306e-7
vn -1 0 0
vn 1 0 8.089344305517443e-8
vn 1 0 -5.177107595955022e-7
vn 1 0 3.131789299004595e-7
vn 1 0 3.530884740143847e-8
vn 1 0 1.9660348016259377e-8
vn 0.0000010164598052142537 -0.7071054577827454 -0.7071080803871155
vn -2.3014280259303632e-7 -1 -3.080394037624501e-7
vn -2.3014280259303632e-7 -1 -3.080394037624501e-7
vn 0.0000010164598052142537 -0.7071054577827454 -0.7071080803871155
vn -0.0000012146227845732938 0.7071059346199036 0.707107663154602
vn -6.584432412637398e-7 -0.0000014375161754287547 1
vn -0.0000012146227845732938 0.7071056962013245 0.7071079015731812
vn -6.584432412637398e-7 -0.0000014375161754287547 1
vn -0.0000011714732863765676 1 0.0000015607321302013588
vn -0.0000011714731726897298 1 0.000001540195398774813
vn 0.0000021184016532060923 0.0000020946688437106786 -1
vn 5.82542611482495e-7 0.7071080207824707 -0.7071055173873901
vn 0.0000021184016532060923 0.0000025259196263505146 -1
vn 5.825376661050541e-7 0.7071089744567871 -0.7071046233177185
vn -3.26035376474465e-7 -0.7071066498756409 0.70710688829422
vn -3.2603549016130273e-7 -0.70710688829422 0.7071067094802856
vn 0 1 6.621459078814951e-7
vn 0 1 6.621459078814951e-7
vn 0 1 6.621459078814951e-7
vn 0 1 6.621459078814951e-7
vn 0 -1 -6.395349032572994e-7
vn 0 -1 -6.395349032572994e-7
vn 0 -1 -6.395349032572994e-7
vn 0 -1 -6.395349032572994e-7
vn 0 -0.6246938705444336 -0.780869722366333
vn 0 -0.6246938705444336 -0.780869722366333
vn 0 -0.6246938705444336 -0.780869722366333
vn 0 -0.6246938705444336 -0.780869722366333
vn 1 0 -2.8978175237170944e-7
vn 1 0 4.3300559582348797e-8
vn 1 0 -4.40417295521911e-7
vn 1 0 -9.56549342845392e-7
vn 1 0 -0.0000020140184915362624
vn 1 0 -0.0000021641549210471567
vn -2.4253026253973076e-8 9.360991271023522e-7 -1
vn -4.85060773769419e-8 9.473859563513543e-7 -1
vn -4.85060773769419e-8 9.473859563513543e-7 -1
vn -2.425306888653722e-8 9.360992407891899e-7 -1
vn 0 0 -1
vn 0 0 -1
vn 0 0 -1
vn 0 0 -1
vn -1 0 8.00215218532685e-8
vn -1 0 8.00215218532685e-8
vn -1 0 -1.2949658412253484e-7
vn -1 0 5.91996638377168e-8
vn -1 0 -4.4982712665841973e-7
vn 0 1 6.557026495102036e-7
vn 0 1 6.557026495102036e-7
vn 0 1 6.504118914563151e-7
vn 0 1 6.504118914563151e-7
vn 0 1 6.609934075640922e-7
vn 0 1 6.609934075640922e-7
vn 0 -1 -6.582413334399462e-7
vn 0 -1 -6.530217433464713e-7
vn 0 -1 -6.530218001898902e-7
vn 0 -1 -6.582413334399462e-7
vn 0 -6.343317977552942e-7 1
vn 0 -6.343317977552942e-7 1
vn 0 -6.343317977552942e-7 1
vn 0 -6.343317977552942e-7 1
vn 1 0 0
vn 1 0 0
vn 1 0 0
vn 1 0 -0.0000013909778999732225
vn 1 0 1.835008731632115e-7
vn 2.4253026253973076e-8 9.360991271023522e-7 -1
vn 4.85060773769419e-8 9.473859563513543e-7 -1
vn 4.85060773769419e-8 9.473859563513543e-7 -1
vn 2.425306888653722e-8 9.360992407891899e-7 -1
vn 0 6.652541060248041e-7 -1
vn 0 6.652541060248041e-7 -1
vn 0 6.652541060248041e-7 -1
vn 0 6.652541060248041e-7 -1
vn 0 -1 -6.504119482997339e-7
vn 0 -1 -6.504120051431528e-7
vn 0 -1 -6.504119482997339e-7
vn 0 -1 -6.504120051431528e-7
vn 1 0 -9.904615581035614e-7
vn 1 0 1.977148116338867e-7
vn 1 0 -0.0000033330863971059443
vn 1 0 0
vn 1 0 -7.72032774081638e-13
vn 1 0 0.00000468524149255245
vn 1 0 0.0000017813265458244132
vn 1 0 -5.612942572952306e-7
vn 1 0 0
f 1111/1111/1111 1112/1112/1112 1113/1113/1113
f 1114/1114/1114 1115/1115/1115 1116/1116/1116
f 1117/1117/1117 1118/1118/1118 1114/1114/1114
f 1119/1119/1119 1120/1120/1120 1121/1121/1121
f 1119/1119/1119 1122/1122/1122 1123/1123/1123
f 1123/1123/1123 1120/1120/1120 1119/1119/1119
f 1124/1124/1124 1125/1125/1125 1126/1126/1126
f 1126/1126/1126 1127/1127/1127 1124/1124/1124
f 1126/1126/1126 1125/1125/1125 1128/1128/1128
f 1127/1127/1127 1126/1126/1126 1129/1129/1129
f 1130/1130/1130 1127/1127/1127 1131/1131/1131
f 1131/1131/1131 1127/1127/1127 1129/1129/1129
f 1131/1131/1131 1132/1132/1132 1130/1130/1130
f 1122/1122/1122 1132/1132/1132 1133/1133/1133
f 1122/1122/1122 1119/1119/1119 1134/1134/1134
f 1132/1132/1132 1131/1131/1131 1133/1133/1133
f 1134/1134/1134 1132/1132/1132 1122/1122/1122
f 1125/1125/1125 1120/1120/1120 1128/1128/1128
f 1120/1120/1120 1125/1125/1125 1121/1121/1121
f 1135/1135/1135 1136/1136/1136 1137/1137/1137
f 1136/1136/1136 1135/1135/1135 1138/1138/1138
f 1139/1139/1139 1140/1140/1140 1141/1141/1141
f 1139/1139/1139 1142/1142/1142 1140/1140/1140
f 1143/1143/1143 1139/1139/1139 1141/1141/1141
f 1115/1115/1115 1139/1139/1139 1143/1143/1143
f 1115/1115/1115 1143/1143/1143 1144/1144/1144
f 1115/1115/1115 1144/1144/1144 1116/1116/1116
f 1115/1115/1115 1114/1114/1114 1118/1118/1118
f 1145/1145/1145 1146/1146/1146 1147/1147/1147
f 1148/1148/1148 1145/1145/1145 1147/1147/1147
f 1148/1148/1148 1147/1147/1147 1149/1149/1149
f 1142/1142/1142 1117/1117/1117 1150/1150/1150
f 1142/1142/1142 1139/1139/1139 1151/1151/1151
f 1142/1142/1142 1150/1150/1150 1140/1140/1140
f 1118/1118/1118 1117/1117/1117 1142/1142/1142
f 1118/1118/1118 1152/1152/1152 1153/1153/1153
f 1154/1154/1154 1152/1152/1152 1118/1118/1118
f 1154/1154/1154 1118/1118/1118 1142/1142/1142
f 1155/1155/1155 1156/1156/1156 1157/1157/1157
f 1155/1155/1155 1158/1158/1158 1156/1156/1156
f 1159/1159/1159 1160/1160/1160 1161/1161/1161
f 1162/1162/1162 1160/1160/1160 1159/1159/1159
f 1163/1163/1163 1160/1160/1160 1164/1164/1164
f 1161/1161/1161 1160/1160/1160 1163/1163/1163
f 1165/1165/1165 1160/1160/1160 1166/1166/1166
f 1164/1164/1164 1160/1160/1160 1165/1165/1165
f 1167/1167/1167 1160/1160/1160 1162/1162/1162
f 1166/1166/1166 1160/1160/1160 1167/1167/1167
f 1168/1168/1168 1169/1169/1169 1170/1170/1170
f 1171/1171/1171 1170/1170/1170 1172/1172/1172
f 1173/1173/1173 1174/1174/1174 1175/1175/1175
f 1173/1173/1173 1176/1176/1176 1177/1177/1177
f 1178/1178/1178 1179/1179/1179 1180/1180/1180
f 1178/1178/1178 1181/1181/1181 1182/1182/1182
f 1181/1181/1181 1183/1183/1183 1182/1182/1182
f 1181/1181/1181 1178/1178/1178 1180/1180/1180
f 1183/1183/1183 1181/1181/1181 1184/1184/1184
f 1183/1183/1183 1185/1185/1185 1186/1186/1186
f 1185/1185/1185 1183/1183/1183 1184/1184/1184
f 1185/1185/1185 1176/1176/1176 1186/1186/1186
f 1176/1176/1176 1173/1173/1173 1187/1187/1187
f 1176/1176/1176 1185/1185/1185 1177/1177/1177
f 1179/1179/1179 1178/1178/1178 1188/1188/1188
f 1179/1179/1179 1175/1175/1175 1174/1174/1174
f 1175/1175/1175 1179/1179/1179 1188/1188/1188
f 1175/1175/1175 1187/1187/1187 1173/1173/1173
f 1189/1189/1189 1190/1190/1190 1191/1191/1191
f 1190/1190/1190 1189/1189/1189 1192/1192/1192
f 1193/1193/1193 1194/1194/1194 1195/1195/1195
f 1194/1194/1194 1193/1193/1193 1196/1196/1196
f 1197/1197/1197 1198/1198/1198 1199/1199/1199
f 1198/1198/1198 1197/1197/1197 1200/1200/1200
f 1201/1201/1201 1202/1202/1202 1172/1172/1172
f 1201/1201/1201 1169/1169/1169 1203/1203/1203
f 1201/1201/1201 1204/1204/1204 1202/1202/1202
f 1201/1201/1201 1203/1203/1203 1204/1204/1204
f 1169/1169/1169 1205/1205/1205 1206/1206/1206
f 1169/1169/1169 1168/1168/1168 1205/1205/1205
f 1169/1169/1169 1206/1206/1206 1203/1203/1203
f 1156/1156/1156 1207/1207/1207 1208/1208/1208
f 1158/1158/1158 1207/1207/1207 1156/1156/1156
f 1209/1209/1209 1210/1210/1210 1211/1211/1211
f 1212/1212/1212 1211/1211/1211 1210/1210/1210
f 1213/1213/1213 1214/1214/1214 1215/1215/1215
f 1216/1216/1216 1215/1215/1215 1214/1214/1214
f 1216/1216/1216 1217/1217/1217 1215/1215/1215
f 1112/1112/1112 1111/1111/1111 1218/1218/1218
f 1218/1218/1218 1219/1219/1219 1112/1112/1112
f 1219/1219/1219 1218/1218/1218 1220/1220/1220
f 1221/1221/1221 1222/1222/1222 1223/1223/1223
f 1224/1224/1224 1225/1225/1225 1226/1226/1226
f 1224/1224/1224 1226/1226/1226 1227/1227/1227
f 1228/1228/1228 1229/1229/1229 1170/1170/1170
f 1170/1170/1170 1230/1230/1230 1228/1228/1228
f 1170/1170/1170 1171/1171/1171 1168/1168/1168
f 1172/1172/1172 1231/1231/1231 1201/1201/1201
f 1172/1172/1172 1232/1232/1232 1171/1171/1171
f 1172/1172/1172 1202/1202/1202 1232/1232/1232
f 1229/1229/1229 1172/1172/1172 1170/1170/1170
f 1233/1233/1233 1234/1234/1234 1208/1208/1208
f 1233/1233/1233 1208/1208/1208 1207/1207/1207
f 1235/1235/1235 1236/1236/1236 1237/1237/1237
f 1236/1236/1236 1235/1235/1235 1238/1238/1238
f 1223/1223/1223 1239/1239/1239 1240/1240/1240
f 1223/1223/1223 1241/1241/1241 1239/1239/1239
f 1241/1241/1241 1223/1223/1223 1222/1222/1222
f 1241/1241/1241 1242/1242/1242 1243/1243/1243
f 1243/1243/1243 1239/1239/1239 1241/1241/1241
f 1244/1244/1244 1245/1245/1245 1246/1246/1246
f 1247/1247/1247 1244/1244/1244 1246/1246/1246
f 1248/1248/1248 1249/1249/1249 1246/1246/1246
f 1245/1245/1245 1248/1248/1248 1246/1246/1246
f 1250/1250/1250 1251/1251/1251 1246/1246/1246
f 1249/1249/1249 1250/1250/1250 1246/1246/1246
f 1252/1252/1252 1247/1247/1247 1246/1246/1246
f 1251/1251/1251 1252/1252/1252 1246/1246/1246
f 1253/1253/1253 1254/1254/1254 1255/1255/1255
f 1256/1256/1256 1255/1255/1255 1257/1257/1257
f 1258/1258/1258 1259/1259/1259 1260/1260/1260
f 1261/1261/1261 1258/1258/1258 1260/1260/1260
f 1262/1262/1262 1263/1263/1263 1264/1264/1264
f 1262/1262/1262 1265/1265/1265 1266/1266/1266
f 1263/1263/1263 1262/1262/1262 1266/1266/1266
f 1265/1265/1265 1262/1262/1262 1267/1267/1267
f 1267/1267/1267 1268/1268/1268 1265/1265/1265
f 1269/1269/1269 1258/1258/1258 1261/1261/1261
f 1270/1270/1270 1269/1269/1269 1261/1261/1261
f 1271/1271/1271 1269/1269/1269 1270/1270/1270
f 1268/1268/1268 1271/1271/1271 1270/1270/1270
f 1268/1268/1268 1267/1267/1267 1271/1271/1271
f 1272/1272/1272 1264/1264/1264 1263/1263/1263
f 1273/1273/1273 1272/1272/1272 1263/1263/1263
f 1259/1259/1259 1272/1272/1272 1273/1273/1273
f 1260/1260/1260 1259/1259/1259 1273/1273/1273
f 1274/1274/1274 1275/1275/1275 1276/1276/1276
f 1275/1275/1275 1274/1274/1274 1277/1277/1277
f 1278/1278/1278 1279/1279/1279 1257/1257/1257
f 1278/1278/1278 1280/1280/1280 1281/1281/1281
f 1278/1278/1278 1254/1254/1254 1280/1280/1280
f 1278/1278/1278 1281/1281/1281 1279/1279/1279
f 1254/1254/1254 1253/1253/1253 1282/1282/1282
f 1254/1254/1254 1282/1282/1282 1283/1283/1283
f 1254/1254/1254 1283/1283/1283 1280/1280/1280
f 1284/1284/1284 1285/1285/1285 1286/1286/1286
f 1287/1287/1287 1288/1288/1288 1286/1286/1286
f 1286/1286/1286 1285/1285/1285 1287/1287/1287
f 1289/1289/1289 1290/1290/1290 1255/1255/1255
f 1255/1255/1255 1256/1256/1256 1253/1253/1253
f 1257/1257/1257 1291/1291/1291 1278/1278/1278
f 1257/1257/1257 1279/1279/1279 1292/1292/1292
f 1257/1257/1257 1292/1292/1292 1256/1256/1256
f 1290/1290/1290 1257/1257/1257 1255/1255/1255
f 1290/1290/1290 1289/1289/1289 1293/1293/1293
f 1294/1294/1294 1295/1295/1295 1296/1296/1296
f 1297/1297/1297 1294/1294/1294 1296/1296/1296
f 1298/1298/1298 1299/1299/1299 1296/1296/1296
f 1295/1295/1295 1298/1298/1298 1296/1296/1296
f 1300/1300/1300 1301/1301/1301 1296/1296/1296
f 1299/1299/1299 1300/1300/1300 1296/1296/1296
f 1302/1302/1302 1297/1297/1297 1296/1296/1296
f 1301/1301/1301 1302/1302/1302 1296/1296/1296
f 1303/1303/1303 1304/1304/1304 1305/1305/1305
f 1306/1306/1306 1307/1307/1307 1303/1303/1303
f 1308/1308/1308 1309/1309/1309 1310/1310/1310
f 1311/1311/1311 1309/1309/1309 1308/1308/1308
f 1312/1312/1312 1313/1313/1313 1314/1314/1314
f 1313/1313/1313 1312/1312/1312 1315/1315/1315
f 1316/1316/1316 1317/1317/1317 1312/1312/1312
f 1316/1316/1316 1312/1312/1312 1314/1314/1314
f 1318/1318/1318 1311/1311/1311 1308/1308/1308
f 1319/1319/1319 1320/1320/1320 1318/1318/1318
f 1320/1320/1320 1311/1311/1311 1318/1318/1318
f 1321/1321/1321 1317/1317/1317 1316/1316/1316
f 1321/1321/1321 1320/1320/1320 1319/1319/1319
f 1321/1321/1321 1319/1319/1319 1317/1317/1317
f 1322/1322/1322 1313/1313/1313 1315/1315/1315
f 1310/1310/1310 1323/1323/1323 1322/1322/1322
f 1323/1323/1323 1313/1313/1313 1322/1322/1322
f 1309/1309/1309 1323/1323/1323 1310/1310/1310
f 1324/1324/1324 1325/1325/1325 1326/1326/1326
f 1324/1324/1324 1327/1327/1327 1325/1325/1325
f 1328/1328/1328 1329/1329/1329 1330/1330/1330
f 1328/1328/1328 1330/1330/1330 1331/1331/1331
f 1332/1332/1332 1333/1333/1333 1334/1334/1334
f 1335/1335/1335 1333/1333/1333 1332/1332/1332
f 1336/1336/1336 1337/1337/1337 1338/1338/1338
f 1336/1336/1336 1338/1338/1338 1339/1339/1339
f 1340/1340/1340 1336/1336/1336 1339/1339/1339
f 1304/1304/1304 1341/1341/1341 1305/1305/1305
f 1304/1304/1304 1336/1336/1336 1340/1340/1340
f 1304/1304/1304 1340/1340/1340 1341/1341/1341
f 1304/1304/1304 1303/1303/1303 1307/1307/1307
f 1342/1342/1342 1343/1343/1343 1344/1344/1344
f 1345/1345/1345 1343/1343/1343 1342/1342/1342
f 1346/1346/1346 1347/1347/1347 1348/1348/1348
f 1346/1346/1346 1348/1348/1348 1349/1349/1349
f 1350/1350/1350 1351/1351/1351 1352/1352/1352
f 1353/1353/1353 1350/1350/1350 1352/1352/1352
f 1353/1353/1353 1352/1352/1352 1354/1354/1354
f 1355/1355/1355 1356/1356/1356 1357/1357/1357
f 1355/1355/1355 1357/1357/1357 1358/1358/1358
f 1359/1359/1359 1360/1360/1360 1356/1356/1356
f 1359/1359/1359 1356/1356/1356 1355/1355/1355
f 1361/1361/1361 1362/1362/1362 1363/1363/1363
f 1361/1361/1361 1364/1364/1364 1362/1362/1362
f 1365/1365/1365 1366/1366/1366 1367/1367/1367
f 1368/1368/1368 1367/1367/1367 1366/1366/1366
f 1369/1369/1369 1370/1370/1370 1371/1371/1371
f 1337/1337/1337 1372/1372/1372 1338/1338/1338
f 1337/1337/1337 1336/1336/1336 1373/1373/1373
f 1337/1337/1337 1306/1306/1306 1372/1372/1372
f 1307/1307/1307 1306/1306/1306 1337/1337/1337
f 1370/1370/1370 1369/1369/1369 1307/1307/1307
f 1370/1370/1370 1307/1307/1307 1337/1337/1337
f 1374/1374/1374 1375/1375/1375 1376/1376/1376
f 1377/1377/1377 1342/1342/1342 1374/1374/1374
f 1377/1377/1377 1345/1345/1345 1342/1342/1342
f 1377/1377/1377 1374/1374/1374 1376/1376/1376
f 1378/1378/1378 1379/1379/1379 1380/1380/1380
f 1378/1378/1378 1380/1380/1380 1381/1381/1381
f 1363/1363/1363 1382/1382/1382 1383/1383/1383
f 1382/1382/1382 1362/1362/1362 1384/1384/1384
f 1362/1362/1362 1382/1382/1382 1363/1363/1363
f 1362/1362/1362 1385/1385/1385 1384/1384/1384
f 1386/1386/1386 1387/1387/1387 1388/1388/1388
f 1389/1389/1389 1387/1387/1387 1386/1386/1386
f 1390/1390/1390 1387/1387/1387 1391/1391/1391
f 1388/1388/1388 1387/1387/1387 1390/1390/1390
f 1392/1392/1392 1387/1387/1387 1393/1393/1393
f 1391/1391/1391 1387/1387/1387 1392/1392/1392
f 1394/1394/1394 1387/1387/1387 1389/1389/1389
f 1393/1393/1393 1387/1387/1387 1394/1394/1394
