# 3ds Max Wavefront OBJ Exporter v0.97b - (c)2007 guruware
# File Created: 24.10.2018 19:28:16

#
# object Audio_Cassette
#

v  -4.725000 3.200000 0.440000
v  -4.841711 3.176405 0.440000
v  -4.937077 3.112077 0.440000
v  -5.001403 3.016711 0.440000
v  -5.025000 2.900001 0.440000
v  -5.025000 -2.900000 0.440000
v  -5.001403 -3.016711 0.440000
v  -4.937075 -3.112076 0.440000
v  -4.841710 -3.176404 0.440000
v  -4.725000 -3.200000 0.440000
v  -4.607586 -3.200000 0.440000
v  -5.025000 2.733202 0.440000
v  -3.570245 -3.200000 0.440000
v  -3.106577 -1.692287 0.600000
v  -1.387662 -3.200000 0.600000
v  -1.650001 -3.200000 0.250001
v  -0.700002 -3.200000 0.540000
v  -3.470244 -3.200000 0.600000
v  -3.436991 -3.200000 0.540000
v  -3.182457 -1.592288 0.440000
v  -5.025000 -2.775315 0.440000
v  -2.100000 -3.200000 0.540000
v  -4.607586 3.200000 0.440000
v  -2.800003 0.322650 0.440000
v  -2.748875 0.069775 0.440000
v  -2.609498 -0.136851 0.440000
v  -2.402874 -0.276227 0.440000
v  -2.150002 -0.327351 0.440000
v  -1.897131 -0.276227 0.440000
v  -1.551129 0.069775 0.440000
v  -1.500001 0.322650 0.440000
v  -1.551129 0.575521 0.440000
v  -1.897131 0.921521 0.440000
v  -2.150002 0.972647 0.440000
v  -2.402874 0.921521 0.440000
v  -2.609498 0.782145 0.440000
v  -2.748875 0.575521 0.440000
v  -1.690504 0.782145 0.440000
v  -1.690504 -0.136851 0.440000
v  -1.150003 -3.200000 0.250001
v  -1.567006 -2.393844 0.600000
v  -1.232962 -2.393844 0.600000
v  -1.501392 -2.360894 0.600000
v  -1.600002 -2.661586 0.600000
v  -1.200001 -2.661586 0.600000
v  -1.650001 -2.999999 0.250001
v  -0.700002 -2.999999 0.540000
v  -3.436991 -2.999999 0.540000
v  -2.100000 -2.999999 0.540000
v  -1.150003 -2.999999 0.250001
v  -1.600002 -2.459753 0.600000
v  -1.567006 -2.727891 0.600000
v  -1.299599 -2.760894 0.600000
v  -1.232962 -2.727891 0.600000
v  -1.200001 -2.459753 0.600000
v  -1.299599 -2.360894 0.600000
v  -1.501392 -2.760894 0.600000
v  -2.205009 -2.719319 0.600000
v  -2.236494 -2.601819 0.600000
v  -2.322509 -2.515802 0.600000
v  -2.440008 -2.484319 0.600000
v  -2.557509 -2.515802 0.600000
v  -2.643525 -2.601819 0.600000
v  -2.675009 -2.719319 0.600000
v  -2.643525 -2.836819 0.600000
v  -2.557509 -2.922835 0.600000
v  -2.440008 -2.954319 0.600000
v  -2.322509 -2.922835 0.600000
v  -2.236494 -2.836819 0.600000
v  -1.650001 0.322650 0.100010
v  -1.689328 0.517164 0.100010
v  -1.796540 0.676107 0.100010
v  -1.955483 0.783319 0.100010
v  -2.150002 0.822647 0.100010
v  -2.344517 0.783319 0.100010
v  -2.503462 0.676107 0.100010
v  -2.610673 0.517164 0.100010
v  -2.650001 0.322650 0.100010
v  -2.610673 0.128131 0.100010
v  -2.503462 -0.030813 0.100010
v  -2.344517 -0.138026 0.100010
v  -2.150002 -0.177351 0.100010
v  -1.955483 -0.138026 0.100010
v  -1.796540 -0.030813 0.100010
v  -1.689328 0.128131 0.100010
v  5.001402 -3.016711 0.440000
v  5.024998 -2.900000 0.440000
v  4.937076 -3.112076 0.440000
v  4.841708 -3.176404 0.440000
v  4.725000 -3.200000 0.440000
v  5.024998 2.900001 0.440000
v  5.001402 3.016711 0.440000
v  4.937077 3.112077 0.440000
v  4.841712 3.176405 0.440000
v  4.725000 3.200000 0.440000
v  4.607585 -3.200000 0.440000
v  4.607585 3.200000 0.440000
v  5.024998 -2.775315 0.440000
v  3.570242 -3.200000 0.440000
v  3.182455 -1.592288 0.440000
v  5.024998 2.733202 0.440000
v  3.470243 -3.200000 0.600000
v  3.106577 -1.692287 0.600000
v  1.650000 -3.200000 0.250001
v  2.099998 -3.200000 0.540000
v  1.150000 -3.200000 0.250001
v  1.387659 -3.200000 0.600000
v  0.699998 -3.200000 0.540000
v  3.436989 -3.200000 0.540000
v  2.799999 0.322650 0.440000
v  2.609496 -0.136851 0.440000
v  2.748874 0.069775 0.440000
v  2.402871 -0.276227 0.440000
v  2.150000 -0.327351 0.440000
v  1.499998 0.322650 0.440000
v  1.551126 0.069775 0.440000
v  1.551126 0.575521 0.440000
v  1.690501 0.782145 0.440000
v  2.150000 0.972647 0.440000
v  1.897128 0.921521 0.440000
v  2.402871 0.921521 0.440000
v  2.609496 0.782145 0.440000
v  1.690501 -0.136851 0.440000
v  1.897128 -0.276227 0.440000
v  2.748874 0.575521 0.440000
v  2.440007 -2.484319 0.600000
v  2.322508 -2.515802 0.600000
v  2.643522 -2.601819 0.600000
v  2.557508 -2.515802 0.600000
v  2.557508 -2.922835 0.600000
v  2.643522 -2.836819 0.600000
v  2.236490 -2.836819 0.600000
v  2.322508 -2.922835 0.600000
v  2.236490 -2.601819 0.600000
v  1.567006 -2.727891 0.600000
v  2.675008 -2.719319 0.600000
v  2.440007 -2.954319 0.600000
v  1.501389 -2.760894 0.600000
v  1.199999 -2.661586 0.600000
v  1.232959 -2.727891 0.600000
v  1.299595 -2.360894 0.600000
v  1.232959 -2.393844 0.600000
v  1.501389 -2.360894 0.600000
v  1.567006 -2.393844 0.600000
v  1.599999 -2.459753 0.600000
v  1.599999 -2.661586 0.600000
v  2.205008 -2.719319 0.600000
v  1.199999 -2.459753 0.600000
v  1.299595 -2.760894 0.600000
v  0.699998 -2.999999 0.540000
v  3.436989 -2.999999 0.540000
v  2.099998 -2.999999 0.540000
v  1.650000 -2.999999 0.250001
v  1.150000 -2.999999 0.250001
v  1.955480 0.783319 0.100010
v  2.150000 0.822647 0.100010
v  2.344517 0.783319 0.100010
v  2.503459 0.676107 0.100010
v  1.796539 0.676107 0.100010
v  1.689325 0.517164 0.100010
v  1.650000 0.322650 0.100010
v  1.689325 0.128131 0.100010
v  1.796539 -0.030813 0.100010
v  1.955480 -0.138026 0.100010
v  2.150000 -0.177351 0.100010
v  2.344517 -0.138026 0.100010
v  2.503459 -0.030813 0.100010
v  2.610673 0.517164 0.100010
v  2.649998 0.322650 0.100010
v  2.610673 0.128131 0.100010
v  -5.001403 -3.016711 -0.439998
v  -5.025000 -2.900000 -0.439998
v  -4.937075 -3.112076 -0.439998
v  -4.841710 -3.176404 -0.439998
v  -4.725000 -3.200000 -0.439998
v  -5.025000 2.900001 -0.439998
v  -5.001403 3.016711 -0.439998
v  -4.937077 3.112077 -0.439998
v  -4.841711 3.176405 -0.439998
v  -4.725000 3.200000 -0.439998
v  -4.607586 -3.200000 -0.439998
v  -4.607586 3.200000 -0.439998
v  -5.025000 -2.775315 -0.439998
v  -3.570245 -3.200000 -0.439998
v  -3.182457 -1.592288 -0.439998
v  -5.025000 2.733202 -0.439998
v  -3.470244 -3.200000 -0.600000
v  -3.106577 -1.692287 -0.600000
v  -1.650001 -3.200000 -0.249998
v  -2.100000 -3.200000 -0.540000
v  -1.150003 -3.200000 -0.249998
v  -1.387662 -3.200000 -0.600000
v  -0.700002 -3.200000 -0.540000
v  0.699998 -3.200000 -0.540000
v  1.387659 -3.200000 -0.600000
v  -3.436991 -3.200000 -0.540000
v  -2.800003 0.322650 -0.439998
v  -2.609498 -0.136851 -0.439998
v  -2.748875 0.069775 -0.439998
v  -2.402874 -0.276227 -0.439998
v  -2.150002 -0.327351 -0.439998
v  -2.402874 0.921521 -0.439998
v  -2.150002 0.972647 -0.439998
v  -2.609498 0.782145 -0.439998
v  -2.748875 0.575521 -0.439998
v  -2.440008 -2.484319 -0.600000
v  -2.322509 -2.515802 -0.600000
v  -2.643525 -2.601819 -0.600000
v  -2.557509 -2.515802 -0.600000
v  -2.557509 -2.922835 -0.600000
v  -2.643525 -2.836819 -0.600000
v  -2.236494 -2.836819 -0.600000
v  -2.322509 -2.922835 -0.600000
v  -1.501392 -2.760894 -0.600000
v  -2.675009 -2.719319 -0.600000
v  -2.440008 -2.954319 -0.600000
v  -1.567006 -2.393844 -0.600000
v  -1.501392 -2.360894 -0.600000
v  -1.600002 -2.459753 -0.600000
v  -2.236494 -2.601819 -0.600000
v  -1.600002 -2.661586 -0.600000
v  -2.205009 -2.719319 -0.600000
v  -1.567006 -2.727891 -0.600000
v  -1.299599 -2.760894 -0.600000
v  -0.700002 -2.999999 -0.540000
v  0.699998 -2.999999 -0.540000
v  -3.436991 -2.999999 -0.540000
v  -2.100000 -2.999999 -0.540000
v  -1.650001 -2.999999 -0.249998
v  -1.150003 -2.999999 -0.249998
v  -1.232962 -2.727891 -0.600000
v  -1.200001 -2.661586 -0.600000
v  -1.200001 -2.459753 -0.600000
v  -1.232962 -2.393844 -0.600000
v  -1.299599 -2.360894 -0.600000
v  -1.955483 0.783319 -0.100009
v  -2.150002 0.822647 -0.100009
v  -2.344517 0.783319 -0.100009
v  -2.503462 0.676107 -0.100009
v  -1.796540 0.676107 -0.100009
v  -1.689328 0.517164 -0.100009
v  -1.650001 0.322650 -0.100009
v  -1.689328 0.128131 -0.100009
v  -1.796540 -0.030813 -0.100009
v  -1.955483 -0.138026 -0.100009
v  -2.150002 -0.177351 -0.100009
v  -2.344517 -0.138026 -0.100009
v  -2.503462 -0.030813 -0.100009
v  -2.610673 0.517164 -0.100009
v  -2.650001 0.322650 -0.100009
v  -2.610673 0.128131 -0.100009
v  -1.897131 -0.276227 -0.439998
v  -1.690504 -0.136851 -0.439998
v  -1.551129 0.069775 -0.439998
v  -1.500001 0.322650 -0.439998
v  -1.551129 0.575521 -0.439998
v  -1.690504 0.782145 -0.439998
v  -1.897131 0.921521 -0.439998
v  5.001402 -3.016711 -0.439998
v  5.024998 -2.900000 -0.439998
v  4.937076 -3.112076 -0.439998
v  4.841708 -3.176404 -0.439998
v  4.725000 -3.200000 -0.439998
v  5.024998 2.900001 -0.439998
v  5.001402 3.016711 -0.439998
v  4.937077 3.112077 -0.439998
v  4.841712 3.176405 -0.439998
v  4.725000 3.200000 -0.439998
v  4.607585 -3.200000 -0.439998
v  4.607585 3.200000 -0.439998
v  5.024998 -2.775315 -0.439998
v  3.182455 -1.592288 -0.439998
v  3.570242 -3.200000 -0.439998
v  5.024998 2.733202 -0.439998
v  3.106577 -1.692287 -0.600000
v  3.470243 -3.200000 -0.600000
v  1.650000 -3.200000 -0.249998
v  2.099998 -3.200000 -0.540000
v  1.150000 -3.200000 -0.249998
v  3.436989 -3.200000 -0.540000
v  2.799999 0.322650 -0.439998
v  2.748874 0.069775 -0.439998
v  2.609496 -0.136851 -0.439998
v  2.402871 -0.276227 -0.439998
v  2.150000 -0.327351 -0.439998
v  2.150000 0.972647 -0.439998
v  2.402871 0.921521 -0.439998
v  2.609496 0.782145 -0.439998
v  2.748874 0.575521 -0.439998
v  2.322508 -2.515802 -0.600000
v  2.440007 -2.484319 -0.600000
v  2.557508 -2.515802 -0.600000
v  2.643522 -2.601819 -0.600000
v  2.643522 -2.836819 -0.600000
v  2.557508 -2.922835 -0.600000
v  2.322508 -2.922835 -0.600000
v  1.501389 -2.760894 -0.600000
v  2.675008 -2.719319 -0.600000
v  2.440007 -2.954319 -0.600000
v  1.501389 -2.360894 -0.600000
v  1.567006 -2.393844 -0.600000
v  1.599999 -2.459753 -0.600000
v  1.599999 -2.661586 -0.600000
v  2.205008 -2.719319 -0.600000
v  2.236490 -2.601819 -0.600000
v  1.567006 -2.727891 -0.600000
v  2.236490 -2.836819 -0.600000
v  1.299595 -2.760894 -0.600000
v  2.099998 -2.999999 -0.540000
v  3.436989 -2.999999 -0.540000
v  1.650000 -2.999999 -0.249998
v  1.150000 -2.999999 -0.249998
v  1.232959 -2.727891 -0.600000
v  1.199999 -2.661586 -0.600000
v  1.199999 -2.459753 -0.600000
v  1.232959 -2.393844 -0.600000
v  1.299595 -2.360894 -0.600000
v  1.955480 0.783319 -0.100009
v  2.150000 0.822647 -0.100009
v  2.344517 0.783319 -0.100009
v  2.503459 0.676107 -0.100009
v  1.796539 0.676107 -0.100009
v  1.689325 0.517164 -0.100009
v  1.650000 0.322650 -0.100009
v  1.689325 0.128131 -0.100009
v  1.796539 -0.030813 -0.100009
v  1.955480 -0.138026 -0.100009
v  2.150000 -0.177351 -0.100009
v  2.344517 -0.138026 -0.100009
v  2.503459 -0.030813 -0.100009
v  2.610673 0.517164 -0.100009
v  2.649998 0.322650 -0.100009
v  2.610673 0.128131 -0.100009
v  1.897128 -0.276227 -0.439998
v  1.690501 -0.136851 -0.439998
v  1.551126 0.069775 -0.439998
v  1.499998 0.322650 -0.439998
v  1.551126 0.575521 -0.439998
v  1.690501 0.782145 -0.439998
v  1.897128 0.921521 -0.439998
v  -2.633674 0.515295 -0.074998
v  -2.558675 0.645201 -0.074998
v  -2.633674 0.515295 0.075000
v  -2.558675 0.645201 0.075000
v  -2.511358 0.444676 -0.074998
v  -2.436360 0.574579 -0.074998
v  -2.511358 0.444676 0.075000
v  -2.436360 0.574579 0.075000
v  -1.666328 0.130001 -0.074998
v  -1.741327 0.000096 -0.074998
v  -1.666328 0.130001 0.075000
v  -1.741327 0.000096 0.075000
v  -1.788642 0.200620 -0.074998
v  -1.863643 0.070715 -0.074998
v  -1.788642 0.200620 0.075000
v  -1.863643 0.070715 0.075000
v  -2.558675 0.000096 -0.074998
v  -2.633674 0.130001 -0.074998
v  -2.558675 0.000096 0.075000
v  -2.633674 0.130001 0.075000
v  -2.436360 0.070715 -0.074998
v  -2.511358 0.200620 -0.074998
v  -2.436360 0.070715 0.075000
v  -2.511358 0.200620 0.075000
v  -1.741327 0.645197 -0.074998
v  -1.666328 0.515295 -0.074998
v  -1.741327 0.645197 0.075000
v  -1.666328 0.515295 0.075000
v  -1.863643 0.574578 -0.074998
v  -1.788642 0.444676 -0.074998
v  -1.863643 0.574578 0.075000
v  -1.788642 0.444676 0.075000
v  -2.075001 -0.192550 -0.074998
v  -2.225000 -0.192550 -0.074998
v  -2.075001 -0.192550 0.075000
v  -2.225000 -0.192550 0.075000
v  -2.075001 -0.051310 -0.074998
v  -2.225000 -0.051310 -0.074998
v  -2.075001 -0.051310 0.075000
v  -2.225000 -0.051310 0.075000
v  -2.225000 0.837846 -0.074998
v  -2.075001 0.837846 -0.074998
v  -2.225000 0.837846 0.075000
v  -2.075001 0.837846 0.075000
v  -2.225000 0.696607 -0.074998
v  -2.075001 0.696607 -0.074998
v  -2.225000 0.696607 0.075000
v  -2.075001 0.696607 0.075000
v  1.863642 0.574579 -0.074998
v  1.863642 0.574579 0.075000
v  1.788644 0.444676 0.075000
v  1.788644 0.444676 -0.074998
v  1.741327 0.645201 -0.074998
v  1.666328 0.515295 -0.074998
v  1.741327 0.645201 0.075000
v  1.666328 0.515295 0.075000
v  2.436358 0.070715 -0.074998
v  2.436358 0.070715 0.075000
v  2.511360 0.200620 0.075000
v  2.511360 0.200620 -0.074998
v  2.558675 0.000096 -0.074998
v  2.633674 0.130001 -0.074998
v  2.558675 0.000096 0.075000
v  2.633674 0.130001 0.075000
v  1.788644 0.200620 -0.074998
v  1.788644 0.200620 0.075000
v  1.863642 0.070715 0.075000
v  1.863642 0.070715 -0.074998
v  1.666328 0.130001 -0.074998
v  1.741327 0.000096 -0.074998
v  1.666328 0.130001 0.075000
v  1.741327 0.000096 0.075000
v  2.511360 0.444676 -0.074998
v  2.511360 0.444676 0.075000
v  2.436358 0.574578 0.075000
v  2.436358 0.574578 -0.074998
v  2.633674 0.515295 -0.074998
v  2.558675 0.645197 -0.074998
v  2.633674 0.515295 0.075000
v  2.558675 0.645197 0.075000
v  2.075002 -0.051310 -0.074998
v  2.075002 -0.051310 0.075000
v  2.225001 -0.051310 0.075000
v  2.225001 -0.051310 -0.074998
v  2.075002 -0.192550 -0.074998
v  2.225001 -0.192550 -0.074998
v  2.075002 -0.192550 0.075000
v  2.225001 -0.192550 0.075000
v  2.225001 0.696607 -0.074998
v  2.225001 0.696607 0.075000
v  2.075002 0.696607 0.075000
v  2.075002 0.696607 -0.074998
v  2.225001 0.837846 -0.074998
v  2.075002 0.837846 -0.074998
v  2.225001 0.837846 0.075000
v  2.075002 0.837846 0.075000
v  -3.450001 -3.100000 -0.189998
v  3.449998 -3.100000 -0.189998
v  -3.450001 -3.100000 0.190001
v  3.449998 -3.100000 0.190001
# 440 vertices

vn 0.000000 1.000000 0.000000
vn 0.000000 1.000000 0.000000
vn -0.099574 0.995030 0.000000
vn -0.099574 0.995030 0.000000
vn 0.000000 -0.000000 1.000000
vn 0.000000 -0.000000 1.000000
vn 0.000000 -0.000000 1.000000
vn -0.830797 0.200392 0.519249
vn -0.830797 0.200392 0.519249
vn -0.830795 0.200391 0.519252
vn -0.830795 0.200391 0.519252
vn 0.000000 -1.000000 -0.000000
vn 0.000000 -1.000000 -0.000000
vn 0.000000 -1.000000 -0.000000
vn 0.000000 -1.000000 -0.000000
vn 0.000000 -1.000000 -0.000000
vn 0.000000 -1.000000 -0.000000
vn 0.000000 -1.000000 -0.000000
vn 0.000000 -1.000000 -0.000000
vn 0.000000 -1.000000 -0.000000
vn 0.000000 -1.000000 -0.000000
vn 0.000000 -1.000000 -0.000000
vn 0.000000 -1.000000 -0.000000
vn 0.000000 -1.000000 -0.000000
vn 0.000000 -1.000000 -0.000000
vn 0.000000 -1.000000 -0.000000
vn 0.000000 -1.000000 -0.000000
vn 0.000000 -1.000000 -0.000000
vn 0.000000 -1.000000 -0.000000
vn 0.000000 -1.000000 -0.000000
vn 0.000000 -1.000000 -0.000000
vn 0.000000 -1.000000 -0.000000
vn 0.000000 -1.000000 -0.000000
vn -1.000000 0.000000 -0.000000
vn -1.000000 0.000000 -0.000000
vn -1.000000 0.000000 -0.000000
vn -1.000000 0.000000 -0.000000
vn 0.000000 -1.000000 -0.000000
vn 0.000000 -1.000000 -0.000000
vn 0.000000 -1.000000 -0.000000
vn 0.000000 -0.000000 1.000000
vn 0.000000 -0.000000 1.000000
vn 0.000000 -0.000000 1.000000
vn 0.000000 -0.000000 1.000000
vn 0.000000 -0.000000 1.000000
vn 0.000000 -0.000000 1.000000
vn 0.000000 -0.000000 1.000000
vn 0.000000 -0.000000 1.000000
vn 0.000000 -0.000000 1.000000
vn 0.000000 -0.000000 1.000000
vn 0.000000 -0.000000 1.000000
vn 0.000000 -0.000000 1.000000
vn 0.000000 -0.000000 1.000000
vn 0.000000 -0.000000 1.000000
vn 0.000000 -0.000000 1.000000
vn 0.000000 -0.000000 1.000000
vn 0.000000 -0.000000 1.000000
vn 0.000000 -0.000000 1.000000
vn 0.000000 -1.000000 -0.000000
vn 0.000000 -1.000000 -0.000000
vn 0.000000 -1.000000 -0.000000
vn 0.000000 -0.000000 1.000000
vn 0.000000 -0.000000 1.000000
vn 0.000000 -0.000000 1.000000
vn 0.000000 -0.000000 1.000000
vn 0.000000 -0.000000 1.000000
vn 0.000000 -0.000000 1.000000
vn 0.000000 -0.000000 1.000000
vn 0.000000 -0.000000 1.000000
vn 0.000000 -0.000000 1.000000
vn 0.000000 -0.000000 1.000000
vn 0.000000 -0.000000 1.000000
vn 0.000000 -0.000000 1.000000
vn 0.000000 -0.000000 1.000000
vn 0.000000 -0.000000 1.000000
vn 0.000000 -0.000000 1.000000
vn 0.000000 -0.000000 1.000000
vn 0.000000 -0.000000 1.000000
vn 0.000000 -0.000000 1.000000
vn 0.000000 -0.000000 1.000000
vn 0.000000 -0.000000 1.000000
vn 0.000000 -0.000000 1.000000
vn 0.000000 -0.000000 1.000000
vn 0.000000 -0.000000 1.000000
vn 0.000000 -0.000000 1.000000
vn 0.000000 -0.000000 1.000000
vn 0.000000 -0.000000 1.000000
vn 0.000000 -0.000000 1.000000
vn 0.000000 -0.000000 1.000000
vn 0.000000 -0.000000 1.000000
vn 0.000000 -0.000000 1.000000
vn 0.000000 -0.000000 1.000000
vn 0.000000 -0.000000 1.000000
vn 0.000000 -0.000000 1.000000
vn 0.000000 -0.000000 1.000000
vn 0.000000 -0.000000 1.000000
vn 0.000000 -0.000000 1.000000
vn 0.000000 -0.000000 1.000000
vn 0.000000 -0.000000 1.000000
vn 0.000000 -0.000000 1.000000
vn 0.000000 -0.000000 1.000000
vn 0.000000 -0.000000 1.000000
vn 0.000000 -0.000000 1.000000
vn 0.000000 -0.000000 1.000000
vn 0.000000 -0.000000 1.000000
vn 0.000000 -0.000000 1.000000
vn 0.000000 -0.000000 1.000000
vn 0.000000 -0.000000 1.000000
vn 0.000000 -0.000000 1.000000
vn 0.000000 -0.000000 1.000000
vn 0.000000 -0.000000 1.000000
vn 0.000000 -0.000000 1.000000
vn 0.000000 -0.000000 1.000000
vn 0.000000 -0.000000 1.000000
vn 0.000000 -0.000000 1.000000
vn 0.000000 -0.000000 1.000000
vn 0.000000 -0.000000 1.000000
vn 0.000000 -0.000000 1.000000
vn 0.000000 -0.000000 1.000000
vn 0.000000 -0.000000 1.000000
vn 0.000000 -0.000000 1.000000
vn 0.000000 -0.000000 1.000000
vn 0.000000 -0.000000 1.000000
vn 0.000000 -0.000000 1.000000
vn 0.000000 -0.000000 1.000000
vn 0.000000 -0.000000 1.000000
vn 0.000000 -0.000000 1.000000
vn 0.000000 -0.000000 1.000000
vn 0.000000 -0.000000 1.000000
vn 0.000000 -0.000000 1.000000
vn 0.000000 -0.000000 1.000000
vn 0.000000 -0.000000 1.000000
vn 0.000000 -0.000000 1.000000
vn 0.000000 -0.000000 1.000000
vn 0.000000 -0.000000 1.000000
vn 0.000000 -0.000000 1.000000
vn 0.000000 -0.000000 1.000000
vn 0.000000 -0.000000 1.000000
vn 0.000000 -0.000000 1.000000
vn 0.000000 -0.000000 1.000000
vn 0.000000 -0.000000 1.000000
vn 0.000000 -0.000000 1.000000
vn 0.000000 -0.000000 1.000000
vn 0.000000 -0.000000 1.000000
vn 0.000000 -0.000000 1.000000
vn 0.000000 -0.000000 1.000000
vn 0.000000 -0.000000 1.000000
vn 0.000000 -0.000000 1.000000
vn 0.000000 -0.000000 1.000000
vn 0.000000 -0.000000 1.000000
vn 0.000000 -0.000000 1.000000
vn 0.000000 -0.000000 1.000000
vn 0.000000 -0.000000 1.000000
vn 0.000000 -0.000000 1.000000
vn 0.000000 -0.000000 1.000000
vn 0.000000 -0.000000 1.000000
vn 0.000000 0.000000 -1.000000
vn 0.000000 0.000000 -1.000000
vn 0.000000 0.000000 -1.000000
vn 0.000000 0.000000 -1.000000
vn 0.000000 0.000000 -1.000000
vn 0.000000 0.000000 -1.000000
vn 0.000000 0.000000 -1.000000
vn 0.000000 0.000000 -1.000000
vn 0.000000 0.000000 -1.000000
vn 0.000000 0.000000 -1.000000
vn 0.000000 0.000000 -1.000000
vn 0.000000 0.000000 -1.000000
vn -1.000000 0.000000 -0.000000
vn -1.000000 0.000000 -0.000000
vn -1.000000 0.000000 -0.000000
vn -1.000000 0.000000 -0.000000
vn 0.000000 -1.000000 -0.000000
vn 0.000000 -1.000000 -0.000000
vn 0.000000 -1.000000 -0.000000
vn 0.000000 -1.000000 -0.000000
vn 0.000000 -1.000000 -0.000000
vn 0.000000 -1.000000 -0.000000
vn 0.000000 -1.000000 -0.000000
vn 0.000000 -1.000000 -0.000000
vn 0.973191 -0.229998 -0.000000
vn 0.973466 0.228834 0.000000
vn 0.973466 0.228834 0.000000
vn 0.973191 -0.229998 -0.000000
vn 0.973466 0.228834 0.000000
vn 0.973466 0.228834 0.000000
vn 0.708617 0.705593 0.000000
vn 0.708617 0.705593 0.000000
vn -0.973514 0.228627 0.000000
vn -0.973240 -0.229791 -0.000000
vn -0.973240 -0.229791 -0.000000
vn -0.973514 0.228627 0.000000
vn -0.227594 -0.973756 -0.000000
vn 0.230600 -0.973049 -0.000000
vn 0.230600 -0.973049 -0.000000
vn -0.227594 -0.973756 -0.000000
vn 0.708617 0.705593 0.000000
vn 0.708617 0.705593 0.000000
vn 0.230915 0.972974 0.000000
vn 0.230915 0.972974 0.000000
vn -1.000000 0.000000 0.000000
vn -1.000000 0.000000 0.000000
vn -0.866026 -0.499998 -0.000000
vn -0.866026 -0.499998 -0.000000
vn 0.866027 -0.499997 -0.000000
vn 0.866027 -0.499997 -0.000000
vn 1.000000 0.000000 0.000000
vn 1.000000 0.000000 0.000000
vn -0.000002 1.000000 0.000000
vn -0.000002 1.000000 0.000000
vn -0.500004 0.866023 0.000000
vn -0.500004 0.866023 0.000000
vn -0.500004 0.866023 0.000000
vn -0.500004 0.866023 0.000000
vn -0.866025 0.500001 0.000000
vn -0.866025 0.500001 0.000000
vn -0.377332 -0.901565 -0.211664
vn -0.377332 -0.901565 0.211663
vn 0.000002 -0.977331 0.211715
vn 0.000002 -0.977331 -0.211716
vn 0.377331 -0.901565 -0.211665
vn 0.377331 -0.901565 0.211664
vn 0.691117 -0.691119 0.211453
vn 0.691116 -0.691119 -0.211454
vn 0.377326 0.901567 -0.211665
vn 0.377326 0.901567 0.211665
vn 0.000001 0.977332 0.211713
vn 0.000001 0.977332 -0.211714
vn 0.691121 0.691115 -0.211453
vn 0.691121 0.691115 0.211453
vn 0.377326 0.901567 0.211665
vn 0.377326 0.901567 -0.211665
vn 0.691116 -0.691119 -0.211454
vn 0.691117 -0.691119 0.211453
vn 0.901564 -0.377332 0.211666
vn 0.901564 -0.377332 -0.211666
vn 0.901564 -0.377332 -0.211666
vn 0.901564 -0.377332 0.211666
vn 0.977331 -0.000002 0.211717
vn 0.977331 -0.000002 -0.211717
vn 0.977331 -0.000002 -0.211717
vn 0.977331 -0.000002 0.211717
vn 0.901566 0.377329 0.211663
vn 0.901566 0.377329 -0.211664
vn 0.377331 -0.901565 0.211664
vn 0.353417 -0.843879 0.403688
vn 0.646968 -0.646972 0.403559
vn 0.691117 -0.691119 0.211453
vn 0.691117 -0.691119 0.211453
vn 0.646968 -0.646972 0.403559
vn 0.843879 -0.353420 0.403687
vn 0.901564 -0.377332 0.211666
vn 0.901564 -0.377332 0.211666
vn 0.843879 -0.353420 0.403687
vn 0.914912 -0.000001 0.403654
vn 0.977331 -0.000002 0.211717
vn 0.977331 -0.000002 0.211717
vn 0.914912 -0.000001 0.403654
vn 0.843879 0.353417 0.403689
vn 0.901566 0.377329 0.211663
vn 0.901566 0.377329 0.211663
vn 0.843879 0.353417 0.403689
vn 0.646971 0.646968 0.403559
vn 0.691121 0.691115 0.211453
vn 0.691121 0.691115 0.211453
vn 0.646971 0.646968 0.403559
vn 0.353413 0.843882 0.403686
vn 0.377326 0.901567 0.211665
vn 0.377326 0.901567 0.211665
vn 0.353413 0.843882 0.403686
vn -0.000001 0.914914 0.403650
vn 0.000001 0.977332 0.211713
vn 0.000001 0.977332 0.211713
vn -0.000001 0.914914 0.403650
vn -0.353409 0.843885 0.403684
vn -0.377327 0.901567 0.211663
vn -0.377327 0.901567 0.211663
vn -0.353409 0.843885 0.403684
vn -0.646971 0.646970 0.403557
vn -0.691121 0.691115 0.211452
vn -0.691121 0.691115 0.211452
vn -0.646971 0.646970 0.403557
vn -0.843883 0.353417 0.403682
vn -0.901566 0.377329 0.211663
vn -0.901566 0.377329 0.211663
vn -0.843883 0.353417 0.403682
vn -0.914914 -0.000003 0.403649
vn -0.977332 -0.000003 0.211714
vn -0.977332 -0.000003 0.211714
vn -0.914914 -0.000003 0.403649
vn -0.843881 -0.353418 0.403684
vn -0.901565 -0.377332 0.211662
vn -0.901565 -0.377332 0.211662
vn -0.843881 -0.353418 0.403684
vn -0.646969 -0.646971 0.403558
vn -0.691118 -0.691118 0.211452
vn -0.691118 -0.691118 0.211452
vn -0.646969 -0.646971 0.403558
vn -0.353413 -0.843883 0.403685
vn -0.377332 -0.901565 0.211663
vn -0.377332 -0.901565 0.211663
vn -0.353413 -0.843883 0.403685
vn -0.000000 -0.914913 0.403650
vn 0.000002 -0.977331 0.211715
vn 0.000002 -0.977331 0.211715
vn -0.000000 -0.914913 0.403650
vn 0.353417 -0.843879 0.403688
vn 0.377331 -0.901565 0.211664
vn 0.386152 -0.922435 -0.000000
vn 0.099580 -0.995030 -0.000000
vn 0.099580 -0.995030 -0.000000
vn 0.386152 -0.922435 -0.000000
vn 0.707116 0.707097 0.000000
vn 0.922438 0.386146 0.000000
vn 0.922438 0.386146 0.000000
vn 0.707116 0.707097 0.000000
vn 0.386152 0.922435 0.000000
vn 0.707116 0.707097 0.000000
vn 0.707116 0.707097 0.000000
vn 0.386152 0.922435 0.000000
vn 0.099573 0.995030 0.000000
vn 0.386152 0.922435 0.000000
vn 0.386152 0.922435 0.000000
vn 0.099573 0.995030 0.000000
vn 0.099580 -0.995030 -0.000000
vn 0.000000 -1.000000 -0.000000
vn 0.000000 -1.000000 -0.000000
vn 0.099580 -0.995030 -0.000000
vn 0.000000 1.000000 0.000000
vn 0.000000 1.000000 0.000000
vn 0.099573 0.995030 0.000000
vn 0.099573 0.995030 0.000000
vn 0.000000 -0.000000 1.000000
vn 0.000000 -0.000000 1.000000
vn 0.000000 -0.000000 1.000000
vn 0.995030 0.099580 0.000000
vn 1.000000 0.000000 -0.000000
vn 1.000000 0.000000 -0.000000
vn 0.995030 0.099580 0.000000
vn 1.000000 0.000000 -0.000000
vn 1.000000 0.000000 -0.000000
vn 0.995030 -0.099579 -0.000000
vn 0.995030 -0.099579 -0.000000
vn 0.830801 0.200393 0.519242
vn 0.830800 0.200392 0.519244
vn 0.830800 0.200392 0.519244
vn 0.830801 0.200393 0.519242
vn 0.000000 -1.000000 -0.000000
vn 0.000000 -1.000000 -0.000000
vn 0.000000 -1.000000 -0.000000
vn 0.000000 -1.000000 -0.000000
vn 0.000000 -1.000000 -0.000000
vn 0.000000 -1.000000 -0.000000
vn 0.000000 -1.000000 -0.000000
vn 0.000000 -1.000000 -0.000000
vn 0.000000 -1.000000 -0.000000
vn 0.000000 -1.000000 -0.000000
vn 0.000000 -1.000000 -0.000000
vn 0.000000 -1.000000 -0.000000
vn 0.000000 -1.000000 -0.000000
vn 0.000000 -1.000000 -0.000000
vn 0.000000 -1.000000 -0.000000
vn 0.000000 -1.000000 -0.000000
vn 0.000000 -1.000000 -0.000000
vn 0.000000 -0.000000 1.000000
vn 0.000000 -0.000000 1.000000
vn 0.000000 -0.000000 1.000000
vn 0.000000 -0.000000 1.000000
vn 0.000000 -0.000000 1.000000
vn 0.000000 -0.000000 1.000000
vn 0.000000 -0.000000 1.000000
vn 0.000000 -0.000000 1.000000
vn 0.000000 -0.000000 1.000000
vn 0.000000 -0.000000 1.000000
vn 0.000000 -0.000000 1.000000
vn 0.000000 -0.000000 1.000000
vn 0.000000 -0.000000 1.000000
vn 0.000000 -0.000000 1.000000
vn 0.000000 -0.000000 1.000000
vn 0.000000 -0.000000 1.000000
vn 0.000000 -0.000000 1.000000
vn 0.000000 -0.000000 1.000000
vn 0.000000 -0.000000 1.000000
vn 0.000000 -0.000000 1.000000
vn 0.000000 -0.000000 1.000000
vn 0.000000 -0.000000 1.000000
vn 0.000000 -1.000000 -0.000000
vn 0.000000 -1.000000 -0.000000
vn 0.000000 -1.000000 -0.000000
vn 0.000000 0.848001 0.529995
vn 0.000000 0.848001 0.529995
vn 0.000000 0.848001 0.529995
vn 0.000000 0.848001 0.529995
vn 0.000000 -0.000000 1.000000
vn 0.000000 -0.000000 1.000000
vn 0.000000 -0.000000 1.000000
vn 0.000000 -0.000000 1.000000
vn 0.000000 -0.000000 1.000000
vn 0.000000 -0.000000 1.000000
vn 0.000000 -0.000000 1.000000
vn 0.000000 -0.000000 1.000000
vn 0.000000 -0.000000 1.000000
vn 0.000000 -0.000000 1.000000
vn 0.000000 -0.000000 1.000000
vn 0.000000 -0.000000 1.000000
vn 0.000000 -0.000000 1.000000
vn 0.000000 -0.000000 1.000000
vn 0.000000 -0.000000 1.000000
vn 0.000000 -0.000000 1.000000
vn 0.000000 -0.000000 1.000000
vn 0.000000 -0.000000 1.000000
vn 0.000000 -0.000000 1.000000
vn 0.000000 -0.000000 1.000000
vn 0.000000 -0.000000 1.000000
vn 0.000000 -0.000000 1.000000
vn 0.000000 -0.000000 1.000000
vn 0.000000 -0.000000 1.000000
vn 0.000000 -0.000000 1.000000
vn 0.000000 -0.000000 1.000000
vn 0.000000 -0.000000 1.000000
vn 0.000000 -0.000000 1.000000
vn 0.000000 -0.000000 1.000000
vn 0.000000 -0.000000 1.000000
vn 0.000000 -0.000000 1.000000
vn 0.000000 -0.000000 1.000000
vn 0.000000 -0.000000 1.000000
vn 0.000000 -0.000000 1.000000
vn 0.000000 -0.000000 1.000000
vn 0.000000 -0.000000 1.000000
vn 0.000000 -0.000000 1.000000
vn 0.000000 -0.000000 1.000000
vn 0.000000 -0.000000 1.000000
vn 0.000000 -0.000000 1.000000
vn 0.000000 -0.000000 1.000000
vn 0.000000 -0.000000 1.000000
vn 0.000000 -0.000000 1.000000
vn 0.000000 -0.000000 1.000000
vn 0.000000 -0.000000 1.000000
vn 0.000000 -0.000000 1.000000
vn 0.000000 -0.000000 1.000000
vn 0.000000 -0.000000 1.000000
vn 0.000000 -0.000000 1.000000
vn 0.000000 -0.000000 1.000000
vn 0.000000 -0.000000 1.000000
vn 0.000000 -0.000000 1.000000
vn 0.000000 -0.000000 1.000000
vn 0.000000 -0.000000 1.000000
vn 0.000000 -0.000000 1.000000
vn 0.000000 -0.000000 1.000000
vn 0.000000 -0.000000 1.000000
vn 0.000000 -0.000000 1.000000
vn 0.000000 -0.000000 1.000000
vn 0.000000 -0.000000 1.000000
vn 0.000000 -0.000000 1.000000
vn 0.000000 -0.000000 1.000000
vn 0.000000 -0.000000 1.000000
vn 0.000000 -0.000000 1.000000
vn 0.000000 -0.000000 1.000000
vn 0.000000 -0.000000 1.000000
vn 0.000000 -0.000000 1.000000
vn 0.000000 -0.000000 1.000000
vn 0.000000 -0.000000 1.000000
vn 0.000000 -0.000000 1.000000
vn 0.000000 -0.000000 1.000000
vn 0.000000 -0.000000 1.000000
vn 0.000000 -0.000000 1.000000
vn 0.000000 -0.000000 1.000000
vn 0.000000 -0.000000 1.000000
vn 0.000000 -0.000000 1.000000
vn 0.000000 -0.000000 1.000000
vn 0.000000 -0.000000 1.000000
vn 0.000000 -0.000000 1.000000
vn 0.000000 -0.000000 1.000000
vn 0.000000 -0.000000 1.000000
vn 0.000000 -0.000000 1.000000
vn 0.000000 -0.000000 1.000000
vn 0.000000 -0.000000 1.000000
vn 0.000000 -0.000000 1.000000
vn 0.000000 -0.000000 1.000000
vn 0.000000 -0.000000 1.000000
vn 0.000000 -0.000000 1.000000
vn 0.000000 -0.000000 1.000000
vn 0.000000 -0.000000 1.000000
vn 0.000000 -0.000000 1.000000
vn 0.000000 -0.000000 1.000000
vn 0.000000 -0.000000 1.000000
vn 0.000000 0.000000 -1.000000
vn 0.000000 0.000000 -1.000000
vn 0.000000 0.000000 -1.000000
vn 0.000000 0.000000 -1.000000
vn -1.000000 0.000000 -0.000000
vn -1.000000 0.000000 -0.000000
vn -1.000000 0.000000 -0.000000
vn -1.000000 0.000000 -0.000000
vn -1.000000 0.000000 -0.000000
vn -1.000000 0.000000 -0.000000
vn -1.000000 0.000000 -0.000000
vn -1.000000 0.000000 -0.000000
vn 0.000000 0.000000 -1.000000
vn 0.000000 0.000000 -1.000000
vn 0.000000 0.000000 -1.000000
vn 0.000000 0.000000 -1.000000
vn 0.000000 -1.000000 -0.000000
vn 0.000000 -1.000000 -0.000000
vn 0.000000 -1.000000 -0.000000
vn 0.000000 -1.000000 -0.000000
vn 0.706589 0.707624 0.000000
vn 0.227909 0.973682 0.000000
vn 0.227909 0.973682 0.000000
vn 0.706589 0.707624 0.000000
vn 1.000000 0.000000 0.000000
vn 1.000000 0.000000 0.000000
vn 0.866028 -0.499995 -0.000000
vn 0.866028 -0.499995 -0.000000
vn 0.866028 -0.499995 -0.000000
vn 0.866028 -0.499995 -0.000000
vn 0.499995 -0.866028 -0.000000
vn 0.499995 -0.866028 -0.000000
vn 0.499995 -0.866028 -0.000000
vn 0.499995 -0.866028 -0.000000
vn 0.000002 -1.000000 -0.000000
vn 0.000002 -1.000000 -0.000000
vn 0.000002 -1.000000 -0.000000
vn 0.000002 -1.000000 -0.000000
vn -0.500003 -0.866024 -0.000000
vn -0.500003 -0.866024 -0.000000
vn -0.500003 -0.866024 -0.000000
vn -0.500003 -0.866024 -0.000000
vn -0.866026 -0.499999 -0.000000
vn -0.866026 -0.499999 -0.000000
vn -0.866026 -0.499999 -0.000000
vn -0.866026 -0.499999 -0.000000
vn -1.000000 0.000000 0.000000
vn -1.000000 0.000000 0.000000
vn -1.000000 0.000000 0.000000
vn -1.000000 0.000000 0.000000
vn -0.866024 0.500002 0.000000
vn -0.866024 0.500002 0.000000
vn -0.866024 0.500002 0.000000
vn -0.866024 0.500002 0.000000
vn -0.500004 0.866023 0.000000
vn -0.500004 0.866023 0.000000
vn -0.500004 0.866023 0.000000
vn -0.500004 0.866023 0.000000
vn 0.000002 1.000000 0.000000
vn 0.000002 1.000000 0.000000
vn 0.000002 1.000000 0.000000
vn 0.000002 1.000000 0.000000
vn 0.499996 0.866028 0.000000
vn 0.499996 0.866028 0.000000
vn 0.866027 0.499998 0.000000
vn 0.866027 0.499998 0.000000
vn 1.000000 0.000000 0.000000
vn 1.000000 0.000000 0.000000
vn -0.377334 -0.901564 0.211664
vn -0.000002 -0.977332 0.211715
vn -0.000002 -0.977331 -0.211715
vn -0.377334 -0.901564 -0.211664
vn 0.377334 -0.901564 0.211663
vn 0.691116 -0.691119 0.211453
vn 0.691116 -0.691119 -0.211453
vn 0.377334 -0.901564 -0.211664
vn 0.691116 -0.691119 0.211453
vn 0.901566 -0.377330 0.211663
vn 0.901566 -0.377330 -0.211663
vn 0.691116 -0.691119 -0.211453
vn 0.977332 -0.000004 0.211715
vn 0.901566 0.377329 0.211664
vn 0.901566 0.377329 -0.211664
vn 0.977331 -0.000004 -0.211715
vn 0.691120 0.691116 0.211453
vn 0.377328 0.901566 0.211663
vn 0.377328 0.901566 -0.211664
vn 0.691120 0.691116 -0.211453
vn -0.377330 0.901566 0.211664
vn -0.691118 0.691118 0.211452
vn -0.691118 0.691117 -0.211453
vn -0.377330 0.901566 -0.211664
vn -0.977332 -0.000002 0.211715
vn -0.901565 -0.377331 0.211665
vn -0.901565 -0.377331 -0.211666
vn -0.977331 -0.000002 -0.211715
vn -0.646967 -0.646973 0.403560
vn -0.353415 -0.843881 0.403686
vn -0.377334 -0.901564 0.211664
vn -0.691116 -0.691120 0.211453
vn -0.843880 -0.353418 0.403686
vn -0.646967 -0.646973 0.403560
vn -0.691116 -0.691120 0.211453
vn -0.901565 -0.377331 0.211665
vn -0.914913 -0.000000 0.403651
vn -0.843880 -0.353418 0.403686
vn -0.901565 -0.377331 0.211665
vn -0.977332 -0.000002 0.211715
vn -0.843881 0.353413 0.403687
vn -0.914913 -0.000000 0.403651
vn -0.977332 -0.000002 0.211715
vn -0.901567 0.377327 0.211664
vn -0.646968 0.646971 0.403560
vn -0.843881 0.353413 0.403687
vn -0.901567 0.377327 0.211664
vn -0.691118 0.691118 0.211452
vn -0.353413 0.843883 0.403685
vn -0.646968 0.646971 0.403560
vn -0.691118 0.691118 0.211452
vn -0.377330 0.901566 0.211664
vn 0.000000 0.914914 0.403649
vn -0.353413 0.843883 0.403685
vn -0.377330 0.901566 0.211664
vn -0.000001 0.977332 0.211713
vn 0.353409 0.843885 0.403684
vn 0.000000 0.914914 0.403649
vn -0.000001 0.977332 0.211713
vn 0.377328 0.901566 0.211663
vn 0.646971 0.646968 0.403559
vn 0.353409 0.843885 0.403684
vn 0.377328 0.901566 0.211663
vn 0.691120 0.691116 0.211453
vn 0.843882 0.353417 0.403683
vn 0.646971 0.646968 0.403559
vn 0.691120 0.691116 0.211453
vn 0.901566 0.377329 0.211664
vn 0.914913 -0.000004 0.403651
vn 0.843882 0.353417 0.403683
vn 0.901566 0.377329 0.211664
vn 0.977332 -0.000004 0.211715
vn 0.843881 -0.353417 0.403685
vn 0.914913 -0.000004 0.403651
vn 0.977332 -0.000004 0.211715
vn 0.901566 -0.377330 0.211663
vn 0.646968 -0.646971 0.403560
vn 0.843881 -0.353417 0.403685
vn 0.901566 -0.377330 0.211663
vn 0.691116 -0.691119 0.211453
vn 0.353414 -0.843882 0.403685
vn 0.646968 -0.646971 0.403560
vn 0.691116 -0.691119 0.211453
vn 0.377334 -0.901564 0.211663
vn -0.000001 -0.914913 0.403650
vn 0.353414 -0.843882 0.403685
vn 0.377334 -0.901564 0.211663
vn -0.000002 -0.977332 0.211715
vn -0.353415 -0.843881 0.403686
vn -0.000001 -0.914913 0.403650
vn -0.000002 -0.977332 0.211715
vn -0.377334 -0.901564 0.211664
vn 0.000000 -0.000000 1.000000
vn 0.000000 -0.000000 1.000000
vn 0.000000 -0.000000 1.000000
vn 0.000000 -0.000000 1.000000
vn 0.000000 -0.000000 1.000000
vn 0.000000 -0.000000 1.000000
vn 0.000000 -0.000000 1.000000
vn 0.000000 -0.000000 1.000000
vn 0.000000 -0.000000 1.000000
vn 0.000000 -0.000000 1.000000
vn 0.000000 -0.000000 1.000000
vn 0.000000 -0.000000 1.000000
vn 0.000000 -0.000000 1.000000
vn 0.000000 -0.000000 1.000000
vn 0.000000 -0.000000 1.000000
vn 0.000000 -0.000000 1.000000
vn 0.000000 -0.000000 1.000000
vn 0.000000 -0.000000 1.000000
vn 0.000000 -0.000000 1.000000
vn 0.000000 -0.000000 1.000000
vn 0.000000 -0.000000 1.000000
vn 0.000000 -0.000000 1.000000
vn 0.000000 -0.000000 1.000000
vn 0.000000 -0.000000 1.000000
vn 0.000000 -0.000000 1.000000
vn 0.000000 -0.000000 1.000000
vn 0.000000 -0.000000 1.000000
vn 0.000000 -0.000000 1.000000
vn 0.000000 -0.000000 1.000000
vn 0.000000 -0.000000 1.000000
vn 0.000000 -0.000000 1.000000
vn 0.000000 -0.000000 1.000000
vn 0.000000 -0.000000 1.000000
vn 0.000000 -0.000000 1.000000
vn 0.000000 -0.000000 1.000000
vn 0.000000 -0.000000 1.000000
vn 0.000000 -0.000000 1.000000
vn 0.000000 -0.000000 1.000000
vn 0.000000 -0.000000 1.000000
vn 0.000000 -0.000000 1.000000
vn 0.000000 -0.000000 1.000000
vn 0.000000 -0.000000 1.000000
vn 0.000000 -0.000000 1.000000
vn 0.000000 -0.000000 1.000000
vn 0.000000 -0.000000 1.000000
vn 0.000000 -0.000000 1.000000
vn 0.000000 -0.000000 1.000000
vn 0.000000 -0.000000 1.000000
vn 0.000000 -0.000000 1.000000
vn 0.000000 -0.000000 1.000000
vn 0.000000 -0.000000 1.000000
vn 0.000000 -0.000000 1.000000
vn 0.000000 -0.000000 1.000000
vn 0.000000 -0.000000 1.000000
vn 0.000000 -0.000000 1.000000
vn 0.000000 -0.000000 1.000000
vn 0.000000 -0.000000 1.000000
vn 0.000000 -0.000000 1.000000
vn 0.000000 -0.000000 1.000000
vn 0.000000 -0.000000 1.000000
vn 0.000000 -0.000000 1.000000
vn 0.000000 -0.000000 1.000000
vn 0.000000 -0.000000 1.000000
vn 0.000000 -0.000000 1.000000
vn 0.000000 -0.000000 1.000000
vn 0.000000 -0.000000 1.000000
vn 0.000000 -0.000000 1.000000
vn 0.000000 -0.000000 1.000000
vn 0.000000 -0.000000 1.000000
vn 0.000000 -0.000000 1.000000
vn 0.000000 -0.000000 1.000000
vn 0.000000 -0.000000 1.000000
vn 0.000000 -0.000000 1.000000
vn 0.000000 -0.000000 1.000000
vn 0.000000 -0.000000 1.000000
vn 0.000000 -0.000000 1.000000
vn 0.000000 -0.000000 1.000000
vn 0.000000 -0.000000 1.000000
vn 0.000000 -0.000000 1.000000
vn 0.000000 -0.000000 1.000000
vn 0.000000 -0.000000 1.000000
vn 0.000000 -0.000000 1.000000
vn 0.000000 -0.000000 1.000000
vn 0.000000 -0.000000 1.000000
vn 0.000000 -0.000000 1.000000
vn 0.000000 -0.000000 1.000000
vn 0.000000 -0.000000 1.000000
vn 0.000000 -0.000000 1.000000
vn -0.995029 -0.099583 -0.000000
vn -0.922432 -0.386160 -0.000000
vn -0.922432 -0.386160 -0.000000
vn -0.995029 -0.099583 -0.000000
vn -0.922432 -0.386160 -0.000000
vn -0.707107 -0.707106 -0.000000
vn -0.707107 -0.707106 -0.000000
vn -0.922432 -0.386160 -0.000000
vn -0.707107 -0.707106 -0.000000
vn -0.386157 -0.922433 -0.000000
vn -0.386157 -0.922433 -0.000000
vn -0.707107 -0.707106 -0.000000
vn -0.386157 -0.922433 -0.000000
vn -0.099578 -0.995030 -0.000000
vn -0.099578 -0.995030 -0.000000
vn -0.386157 -0.922433 -0.000000
vn -0.922435 0.386153 0.000000
vn -0.995029 0.099583 0.000000
vn -0.995029 0.099583 0.000000
vn -0.922435 0.386153 0.000000
vn -0.707112 0.707101 0.000000
vn -0.922435 0.386153 0.000000
vn -0.922435 0.386153 0.000000
vn -0.707112 0.707101 0.000000
vn -0.386151 0.922436 0.000000
vn -0.707112 0.707101 0.000000
vn -0.707112 0.707101 0.000000
vn -0.386151 0.922436 0.000000
vn -0.099574 0.995030 0.000000
vn -0.386151 0.922436 0.000000
vn -0.386151 0.922436 0.000000
vn -0.099574 0.995030 0.000000
vn -0.099578 -0.995030 -0.000000
vn 0.000000 -1.000000 -0.000000
vn 0.000000 -1.000000 -0.000000
vn -0.099578 -0.995030 -0.000000
vn 0.000000 0.000000 -1.000000
vn 0.000000 0.000000 -1.000000
vn 0.000000 0.000000 -1.000000
vn -0.995029 0.099583 0.000000
vn -1.000000 0.000000 -0.000000
vn -1.000000 0.000000 -0.000000
vn -0.995029 0.099583 0.000000
vn -1.000000 0.000000 -0.000000
vn -1.000000 0.000000 -0.000000
vn -0.995029 -0.099583 -0.000000
vn -0.995029 -0.099583 -0.000000
vn 0.000000 -1.000000 -0.000000
vn 0.000000 -1.000000 -0.000000
vn 0.000000 -1.000000 -0.000000
vn 0.000000 -1.000000 -0.000000
vn -0.830799 0.200393 -0.519245
vn -0.830798 0.200392 -0.519248
vn -0.830798 0.200392 -0.519247
vn -0.830799 0.200393 -0.519245
vn 0.000000 -1.000000 -0.000000
vn 0.000000 -1.000000 -0.000000
vn 0.000000 -1.000000 -0.000000
vn 0.000000 -1.000000 -0.000000
vn 0.000000 -1.000000 -0.000000
vn 0.000000 -1.000000 -0.000000
vn 0.000000 -1.000000 -0.000000
vn 0.000000 -1.000000 -0.000000
vn 0.000000 -1.000000 -0.000000
vn 0.000000 -1.000000 -0.000000
vn 0.000000 -1.000000 -0.000000
vn 0.000000 -1.000000 -0.000000
vn 0.000000 -1.000000 -0.000000
vn 0.000000 -1.000000 -0.000000
vn 0.000000 -1.000000 -0.000000
vn 0.000000 -1.000000 -0.000000
vn 0.000000 -1.000000 -0.000000
vn 0.000000 -1.000000 -0.000000
vn 0.000000 -1.000000 -0.000000
vn 0.000000 -1.000000 -0.000000
vn 0.000000 -1.000000 -0.000000
vn 0.000000 0.000000 -1.000000
vn 0.000000 0.000000 -1.000000
vn 0.000000 0.000000 -1.000000
vn 0.000000 0.000000 -1.000000
vn 0.000000 0.000000 -1.000000
vn 0.000000 0.000000 -1.000000
vn 0.000000 0.000000 -1.000000
vn 0.000000 0.000000 -1.000000
vn 0.000000 0.000000 -1.000000
vn 0.000000 0.000000 -1.000000
vn 0.000000 0.000000 -1.000000
vn 0.000000 0.000000 -1.000000
vn 0.000000 0.000000 -1.000000
vn 0.000000 0.000000 -1.000000
vn 0.000000 0.000000 -1.000000
vn 0.000000 0.000000 -1.000000
vn 0.000000 0.000000 -1.000000
vn 0.000000 0.000000 -1.000000
vn 0.000000 -1.000000 -0.000000
vn 0.000000 -1.000000 -0.000000
vn 0.000000 -1.000000 -0.000000
vn 0.000000 0.000000 -1.000000
vn 0.000000 0.000000 -1.000000
vn 0.000000 0.000000 -1.000000
vn 0.000000 0.000000 -1.000000
vn 0.000000 0.000000 -1.000000
vn 0.000000 0.000000 -1.000000
vn 0.000000 0.000000 -1.000000
vn 0.000000 0.000000 -1.000000
vn 0.000000 0.000000 -1.000000
vn 0.000000 0.000000 -1.000000
vn 0.000000 0.000000 -1.000000
vn 0.000000 0.000000 -1.000000
vn 0.000000 0.000000 -1.000000
vn 0.000000 0.000000 -1.000000
vn 0.000000 0.000000 -1.000000
vn 0.000000 0.000000 -1.000000
vn 0.000000 0.000000 -1.000000
vn 0.000000 0.000000 -1.000000
vn 0.000000 0.000000 -1.000000
vn 0.000000 0.000000 -1.000000
vn 0.000000 0.000000 -1.000000
vn 0.000000 0.000000 -1.000000
vn 0.000000 0.000000 -1.000000
vn 0.000000 0.000000 -1.000000
vn 0.000000 0.000000 -1.000000
vn 0.000000 0.000000 -1.000000
vn 0.000000 0.000000 -1.000000
vn 0.000000 0.000000 -1.000000
vn 0.000000 0.000000 -1.000000
vn 0.000000 0.000000 -1.000000
vn 0.000000 0.000000 -1.000000
vn 0.000000 0.000000 -1.000000
vn 0.000000 0.000000 -1.000000
vn 0.000000 0.000000 -1.000000
vn 0.000000 0.000000 -1.000000
vn 0.000000 0.000000 -1.000000
vn 0.000000 0.000000 -1.000000
vn 0.000000 0.000000 -1.000000
vn 0.000000 0.000000 -1.000000
vn 0.000000 0.000000 -1.000000
vn 0.000000 0.000000 -1.000000
vn 0.000000 0.000000 -1.000000
vn 0.000000 0.000000 -1.000000
vn 0.000000 0.000000 -1.000000
vn 0.000000 0.000000 -1.000000
vn 0.000000 0.000000 -1.000000
vn 0.000000 0.000000 -1.000000
vn 0.000000 0.000000 -1.000000
vn 0.000000 0.000000 -1.000000
vn 0.000000 0.000000 -1.000000
vn 0.000000 0.000000 -1.000000
vn 0.000000 0.000000 -1.000000
vn 0.000000 0.000000 -1.000000
vn 0.000000 0.000000 -1.000000
vn 0.000000 0.000000 -1.000000
vn 0.000000 0.000000 -1.000000
vn 0.000000 0.000000 -1.000000
vn 0.000000 0.000000 -1.000000
vn 0.000000 0.000000 -1.000000
vn 0.000000 0.000000 -1.000000
vn 0.000000 0.000000 -1.000000
vn 0.000000 0.000000 -1.000000
vn 0.000000 0.000000 -1.000000
vn 0.000000 0.000000 -1.000000
vn 0.000000 0.000000 -1.000000
vn 0.000000 0.000000 -1.000000
vn 0.000000 0.000000 -1.000000
vn 0.000000 0.000000 -1.000000
vn 0.000000 0.000000 -1.000000
vn 0.000000 0.000000 -1.000000
vn 0.000000 0.000000 -1.000000
vn 0.000000 0.000000 -1.000000
vn 0.000000 0.000000 -1.000000
vn 0.000000 0.000000 -1.000000
vn 0.000000 0.000000 -1.000000
vn 0.000000 0.000000 -1.000000
vn 0.000000 0.000000 -1.000000
vn 0.000000 0.000000 -1.000000
vn 0.000000 0.000000 -1.000000
vn 0.000000 0.000000 -1.000000
vn 0.000000 0.000000 -1.000000
vn 0.000000 0.000000 -1.000000
vn 0.000000 0.000000 -1.000000
vn 0.000000 0.000000 -1.000000
vn 0.000000 0.000000 -1.000000
vn 0.000000 0.000000 -1.000000
vn 0.000000 0.000000 -1.000000
vn 0.000000 0.000000 -1.000000
vn 0.000000 0.000000 -1.000000
vn 0.000000 0.000000 -1.000000
vn 0.000000 0.000000 -1.000000
vn 0.000000 0.000000 -1.000000
vn 0.000000 0.000000 -1.000000
vn 0.000000 0.000000 -1.000000
vn 0.000000 0.000000 -1.000000
vn 0.000000 -0.000000 1.000000
vn 0.000000 -0.000000 1.000000
vn 0.000000 -0.000000 1.000000
vn 0.000000 -0.000000 1.000000
vn 0.000000 -0.000000 1.000000
vn 0.000000 -0.000000 1.000000
vn 0.000000 -0.000000 1.000000
vn 0.000000 -0.000000 1.000000
vn 1.000000 0.000000 -0.000000
vn 1.000000 0.000000 -0.000000
vn 1.000000 0.000000 -0.000000
vn 1.000000 0.000000 -0.000000
vn 1.000000 0.000000 -0.000000
vn 1.000000 0.000000 -0.000000
vn 1.000000 0.000000 -0.000000
vn 1.000000 0.000000 -0.000000
vn 1.000000 0.000000 -0.000000
vn 1.000000 0.000000 -0.000000
vn 1.000000 0.000000 -0.000000
vn 1.000000 0.000000 -0.000000
vn -1.000000 0.000000 -0.000000
vn -1.000000 0.000000 -0.000000
vn -1.000000 0.000000 -0.000000
vn -1.000000 0.000000 -0.000000
vn 0.000000 -0.000000 1.000000
vn 0.000000 -0.000000 1.000000
vn 0.000000 -0.000000 1.000000
vn 0.000000 -0.000000 1.000000
vn 0.000000 -1.000000 -0.000000
vn 0.000000 -1.000000 -0.000000
vn 0.000000 -1.000000 -0.000000
vn 0.000000 -1.000000 -0.000000
vn 0.973191 -0.229998 -0.000000
vn 0.707544 -0.706669 -0.000000
vn 0.707544 -0.706669 -0.000000
vn 0.973191 -0.229998 -0.000000
vn -0.227906 0.973683 0.000000
vn -0.227906 0.973683 0.000000
vn 0.230915 0.972974 0.000000
vn 0.230915 0.972974 0.000000
vn -0.706583 0.707630 0.000000
vn -0.227906 0.973683 0.000000
vn -0.227906 0.973683 0.000000
vn -0.706583 0.707630 0.000000
vn -0.973514 0.228627 0.000000
vn -0.706583 0.707630 0.000000
vn -0.706583 0.707630 0.000000
vn -0.973514 0.228627 0.000000
vn -0.705509 -0.708701 -0.000000
vn -0.973240 -0.229791 -0.000000
vn -0.973240 -0.229791 -0.000000
vn -0.705509 -0.708701 -0.000000
vn -0.227594 -0.973756 -0.000000
vn -0.705509 -0.708701 -0.000000
vn -0.705509 -0.708701 -0.000000
vn -0.227594 -0.973756 -0.000000
vn 0.707544 -0.706669 -0.000000
vn 0.230600 -0.973049 -0.000000
vn 0.230600 -0.973049 -0.000000
vn 0.707544 -0.706669 -0.000000
vn -0.866026 -0.499998 -0.000000
vn -0.866026 -0.499998 -0.000000
vn -0.500003 -0.866024 -0.000000
vn -0.500003 -0.866024 -0.000000
vn -0.500003 -0.866024 -0.000000
vn -0.500003 -0.866024 -0.000000
vn -0.000002 -1.000000 -0.000000
vn -0.000002 -1.000000 -0.000000
vn -0.000002 -1.000000 -0.000000
vn -0.000002 -1.000000 -0.000000
vn 0.499998 -0.866026 -0.000000
vn 0.499998 -0.866026 -0.000000
vn 0.499998 -0.866026 -0.000000
vn 0.499998 -0.866026 -0.000000
vn 0.866027 -0.499997 -0.000000
vn 0.866027 -0.499997 -0.000000
vn 1.000000 0.000000 0.000000
vn 1.000000 0.000000 0.000000
vn 0.866026 0.500000 0.000000
vn 0.866026 0.500000 0.000000
vn 0.866026 0.500000 0.000000
vn 0.866026 0.500000 0.000000
vn 0.499999 0.866026 0.000000
vn 0.499999 0.866026 0.000000
vn 0.499999 0.866026 0.000000
vn 0.499999 0.866026 0.000000
vn -0.000002 1.000000 0.000000
vn -0.000002 1.000000 0.000000
vn -0.866025 0.500001 0.000000
vn -0.866025 0.500001 0.000000
vn -1.000000 0.000000 0.000000
vn -1.000000 0.000000 0.000000
vn 0.377331 -0.901565 -0.211665
vn 0.000002 -0.977331 -0.211716
vn 0.000002 -0.977331 0.211715
vn 0.377331 -0.901565 0.211664
vn -0.377332 -0.901565 -0.211664
vn -0.691118 -0.691118 -0.211452
vn -0.691118 -0.691118 0.211452
vn -0.377332 -0.901565 0.211663
vn -0.691118 -0.691118 -0.211452
vn -0.901565 -0.377331 -0.211662
vn -0.901565 -0.377332 0.211662
vn -0.691118 -0.691118 0.211452
vn -0.901565 -0.377331 -0.211662
vn -0.977332 -0.000003 -0.211714
vn -0.977332 -0.000003 0.211714
vn -0.901565 -0.377332 0.211662
vn -0.977332 -0.000003 -0.211714
vn -0.901566 0.377329 -0.211663
vn -0.901566 0.377329 0.211663
vn -0.977332 -0.000003 0.211714
vn -0.901566 0.377329 -0.211663
vn -0.691121 0.691115 -0.211453
vn -0.691121 0.691115 0.211452
vn -0.901566 0.377329 0.211663
vn -0.691121 0.691115 -0.211453
vn -0.377327 0.901567 -0.211663
vn -0.377327 0.901567 0.211663
vn -0.691121 0.691115 0.211452
vn -0.377327 0.901567 -0.211663
vn 0.000001 0.977332 -0.211714
vn 0.000001 0.977332 0.211713
vn -0.377327 0.901567 0.211663
vn 0.691121 0.691115 -0.211453
vn 0.901566 0.377329 -0.211664
vn 0.901566 0.377329 0.211663
vn 0.691121 0.691115 0.211453
vn 0.646967 -0.646972 -0.403560
vn 0.353417 -0.843879 -0.403689
vn 0.377331 -0.901565 -0.211665
vn 0.691116 -0.691119 -0.211454
vn 0.843879 -0.353420 -0.403688
vn 0.646967 -0.646972 -0.403560
vn 0.691116 -0.691119 -0.211454
vn 0.901564 -0.377332 -0.211666
vn 0.914911 -0.000001 -0.403655
vn 0.843879 -0.353420 -0.403688
vn 0.901564 -0.377332 -0.211666
vn 0.977331 -0.000002 -0.211717
vn 0.843879 0.353417 -0.403690
vn 0.914911 -0.000001 -0.403655
vn 0.977331 -0.000002 -0.211717
vn 0.901566 0.377329 -0.211664
vn 0.646971 0.646968 -0.403560
vn 0.843879 0.353417 -0.403690
vn 0.901566 0.377329 -0.211664
vn 0.691121 0.691115 -0.211453
vn 0.353413 0.843882 -0.403686
vn 0.646971 0.646968 -0.403560
vn 0.691121 0.691115 -0.211453
vn 0.377326 0.901567 -0.211665
vn -0.000001 0.914913 -0.403651
vn 0.353413 0.843882 -0.403686
vn 0.377326 0.901567 -0.211665
vn 0.000001 0.977332 -0.211714
vn -0.353409 0.843884 -0.403685
vn -0.000001 0.914913 -0.403651
vn 0.000001 0.977332 -0.211714
vn -0.377327 0.901567 -0.211663
vn -0.646971 0.646970 -0.403558
vn -0.353409 0.843884 -0.403685
vn -0.377327 0.901567 -0.211663
vn -0.691121 0.691115 -0.211453
vn -0.843882 0.353416 -0.403682
vn -0.646971 0.646970 -0.403558
vn -0.691121 0.691115 -0.211453
vn -0.901566 0.377329 -0.211663
vn -0.914914 -0.000003 -0.403650
vn -0.843882 0.353416 -0.403682
vn -0.901566 0.377329 -0.211663
vn -0.977332 -0.000003 -0.211714
vn -0.843880 -0.353418 -0.403685
vn -0.914914 -0.000003 -0.403650
vn -0.977332 -0.000003 -0.211714
vn -0.901565 -0.377331 -0.211662
vn -0.646969 -0.646971 -0.403559
vn -0.843880 -0.353418 -0.403685
vn -0.901565 -0.377331 -0.211662
vn -0.691118 -0.691118 -0.211452
vn -0.353413 -0.843882 -0.403686
vn -0.646969 -0.646971 -0.403559
vn -0.691118 -0.691118 -0.211452
vn -0.377332 -0.901565 -0.211664
vn -0.000000 -0.914913 -0.403651
vn -0.353413 -0.843882 -0.403686
vn -0.377332 -0.901565 -0.211664
vn 0.000002 -0.977331 -0.211716
vn 0.353417 -0.843879 -0.403689
vn -0.000000 -0.914913 -0.403651
vn 0.000002 -0.977331 -0.211716
vn 0.377331 -0.901565 -0.211665
vn 0.922436 -0.386150 -0.000000
vn 0.922436 -0.386150 -0.000000
vn 0.995030 -0.099579 -0.000000
vn 0.995030 -0.099579 -0.000000
vn 0.707107 -0.707106 -0.000000
vn 0.707107 -0.707106 -0.000000
vn 0.922436 -0.386150 -0.000000
vn 0.922436 -0.386150 -0.000000
vn 0.386152 -0.922435 -0.000000
vn 0.386152 -0.922435 -0.000000
vn 0.707107 -0.707106 -0.000000
vn 0.707107 -0.707106 -0.000000
vn 0.995030 0.099580 0.000000
vn 0.995030 0.099580 0.000000
vn 0.922438 0.386146 0.000000
vn 0.922438 0.386146 0.000000
vn 0.000000 0.000000 -1.000000
vn 0.000000 0.000000 -1.000000
vn 0.000000 0.000000 -1.000000
vn 0.000000 -1.000000 -0.000000
vn 0.000000 -1.000000 -0.000000
vn 0.000000 -1.000000 -0.000000
vn 0.000000 -1.000000 -0.000000
vn 0.830804 0.200393 -0.519237
vn 0.830804 0.200393 -0.519237
vn 0.830803 0.200393 -0.519239
vn 0.830803 0.200393 -0.519240
vn 0.000000 -1.000000 -0.000000
vn 0.000000 -1.000000 -0.000000
vn 0.000000 -1.000000 -0.000000
vn 0.000000 -1.000000 -0.000000
vn 0.000000 -1.000000 -0.000000
vn 0.000000 -1.000000 -0.000000
vn 0.000000 -1.000000 -0.000000
vn 0.000000 -1.000000 -0.000000
vn 0.000000 -1.000000 -0.000000
vn 0.000000 -1.000000 -0.000000
vn 0.000000 -1.000000 -0.000000
vn 0.000000 -1.000000 -0.000000
vn 0.000000 -1.000000 -0.000000
vn 0.000000 -1.000000 -0.000000
vn 0.000000 -1.000000 -0.000000
vn 0.000000 -1.000000 -0.000000
vn 0.000000 -1.000000 -0.000000
vn 0.000000 -1.000000 -0.000000
vn 1.000000 0.000000 -0.000000
vn 1.000000 0.000000 -0.000000
vn 1.000000 0.000000 -0.000000
vn 1.000000 0.000000 -0.000000
vn 0.000000 1.000000 0.000000
vn 0.000000 1.000000 0.000000
vn 0.000000 1.000000 0.000000
vn 0.000000 1.000000 0.000000
vn 0.000000 -1.000000 -0.000000
vn 0.000000 -1.000000 -0.000000
vn 0.000000 -1.000000 -0.000000
vn 0.000000 0.000000 -1.000000
vn 0.000000 0.000000 -1.000000
vn 0.000000 0.000000 -1.000000
vn 0.000000 0.000000 -1.000000
vn 0.000000 0.000000 -1.000000
vn 0.000000 0.000000 -1.000000
vn 0.000000 0.000000 -1.000000
vn 0.000000 0.000000 -1.000000
vn 0.000000 0.000000 -1.000000
vn 0.000000 0.000000 -1.000000
vn 0.000000 0.000000 -1.000000
vn 0.000000 0.000000 -1.000000
vn 0.000000 0.000000 -1.000000
vn 0.000000 0.000000 -1.000000
vn 0.000000 0.000000 -1.000000
vn 0.000000 0.000000 -1.000000
vn 0.000000 0.000000 -1.000000
vn 0.000000 0.000000 -1.000000
vn 0.000000 0.000000 -1.000000
vn 0.000000 0.000000 -1.000000
vn 0.000000 0.000000 -1.000000
vn 0.000000 0.000000 -1.000000
vn 0.000000 -1.000000 -0.000000
vn 0.000000 -1.000000 -0.000000
vn 0.000000 -1.000000 -0.000000
vn 0.000000 0.848004 -0.529990
vn 0.000000 0.848004 -0.529990
vn 0.000000 0.848004 -0.529990
vn 0.000000 0.848004 -0.529990
vn 0.000000 0.000000 -1.000000
vn 0.000000 0.000000 -1.000000
vn 0.000000 0.000000 -1.000000
vn 0.000000 0.000000 -1.000000
vn 0.000000 0.000000 -1.000000
vn 0.000000 0.000000 -1.000000
vn 0.000000 0.000000 -1.000000
vn 0.000000 0.000000 -1.000000
vn 0.000000 0.000000 -1.000000
vn 0.000000 0.000000 -1.000000
vn 0.000000 0.000000 -1.000000
vn 0.000000 0.000000 -1.000000
vn 0.000000 0.000000 -1.000000
vn 0.000000 0.000000 -1.000000
vn 0.000000 0.000000 -1.000000
vn 0.000000 0.000000 -1.000000
vn 0.000000 0.000000 -1.000000
vn 0.000000 0.000000 -1.000000
vn 0.000000 0.000000 -1.000000
vn 0.000000 0.000000 -1.000000
vn 0.000000 0.000000 -1.000000
vn 0.000000 0.000000 -1.000000
vn 0.000000 0.000000 -1.000000
vn 0.000000 0.000000 -1.000000
vn 0.000000 0.000000 -1.000000
vn 0.000000 0.000000 -1.000000
vn 0.000000 0.000000 -1.000000
vn 0.000000 0.000000 -1.000000
vn 0.000000 0.000000 -1.000000
vn 0.000000 0.000000 -1.000000
vn 0.000000 0.000000 -1.000000
vn 0.000000 0.000000 -1.000000
vn 0.000000 0.000000 -1.000000
vn 0.000000 0.000000 -1.000000
vn 0.000000 0.000000 -1.000000
vn 0.000000 0.000000 -1.000000
vn 0.000000 0.000000 -1.000000
vn 0.000000 0.000000 -1.000000
vn 0.000000 0.000000 -1.000000
vn 0.000000 0.000000 -1.000000
vn 0.000000 0.000000 -1.000000
vn 0.000000 0.000000 -1.000000
vn 0.000000 0.000000 -1.000000
vn 0.000000 0.000000 -1.000000
vn 0.000000 0.000000 -1.000000
vn 0.000000 0.000000 -1.000000
vn 0.000000 0.000000 -1.000000
vn 0.000000 0.000000 -1.000000
vn 0.000000 0.000000 -1.000000
vn 0.000000 0.000000 -1.000000
vn 0.000000 0.000000 -1.000000
vn 0.000000 0.000000 -1.000000
vn 0.000000 0.000000 -1.000000
vn 0.000000 0.000000 -1.000000
vn 0.000000 0.000000 -1.000000
vn 0.000000 0.000000 -1.000000
vn 0.000000 0.000000 -1.000000
vn 0.000000 0.000000 -1.000000
vn 0.000000 0.000000 -1.000000
vn 0.000000 0.000000 -1.000000
vn 0.000000 0.000000 -1.000000
vn 0.000000 0.000000 -1.000000
vn 0.000000 0.000000 -1.000000
vn 0.000000 0.000000 -1.000000
vn 0.000000 0.000000 -1.000000
vn 0.000000 0.000000 -1.000000
vn 0.000000 0.000000 -1.000000
vn 0.000000 0.000000 -1.000000
vn 0.000000 0.000000 -1.000000
vn 0.000000 0.000000 -1.000000
vn 0.000000 0.000000 -1.000000
vn 0.000000 0.000000 -1.000000
vn 0.000000 0.000000 -1.000000
vn 0.000000 0.000000 -1.000000
vn 0.000000 0.000000 -1.000000
vn 0.000000 0.000000 -1.000000
vn 0.000000 0.000000 -1.000000
vn 0.000000 0.000000 -1.000000
vn 0.000000 0.000000 -1.000000
vn 0.000000 0.000000 -1.000000
vn 0.000000 0.000000 -1.000000
vn 0.000000 0.000000 -1.000000
vn 0.000000 0.000000 -1.000000
vn 0.000000 0.000000 -1.000000
vn 0.000000 0.000000 -1.000000
vn 0.000000 0.000000 -1.000000
vn 0.000000 0.000000 -1.000000
vn 0.000000 0.000000 -1.000000
vn 0.000000 0.000000 -1.000000
vn 0.000000 0.000000 -1.000000
vn 0.000000 0.000000 -1.000000
vn 0.000000 0.000000 -1.000000
vn 0.000000 0.000000 -1.000000
vn 0.000000 -0.000000 1.000000
vn 0.000000 -0.000000 1.000000
vn 0.000000 -0.000000 1.000000
vn 0.000000 -0.000000 1.000000
vn -1.000000 0.000000 -0.000000
vn -1.000000 0.000000 -0.000000
vn -1.000000 0.000000 -0.000000
vn -1.000000 0.000000 -0.000000
vn 1.000000 0.000000 -0.000000
vn 1.000000 0.000000 -0.000000
vn 1.000000 0.000000 -0.000000
vn 1.000000 0.000000 -0.000000
vn 0.000000 -0.000000 1.000000
vn 0.000000 -0.000000 1.000000
vn 0.000000 -0.000000 1.000000
vn 0.000000 -0.000000 1.000000
vn 1.000000 0.000000 -0.000000
vn 1.000000 0.000000 -0.000000
vn 1.000000 0.000000 -0.000000
vn 1.000000 0.000000 -0.000000
vn 0.000000 -1.000000 -0.000000
vn 0.000000 -1.000000 -0.000000
vn 0.000000 -1.000000 -0.000000
vn 0.000000 -1.000000 -0.000000
vn -0.707551 -0.706662 -0.000000
vn -0.707551 -0.706662 -0.000000
vn -0.973195 -0.229980 -0.000000
vn -0.973195 -0.229980 -0.000000
vn -0.973195 -0.229980 -0.000000
vn -0.973470 0.228815 0.000000
vn -0.973470 0.228815 0.000000
vn -0.973195 -0.229980 -0.000000
vn -0.973470 0.228815 0.000000
vn -0.973470 0.228815 0.000000
vn -0.708624 0.705586 0.000000
vn -0.708624 0.705586 0.000000
vn -0.230906 0.972976 0.000000
vn 0.227909 0.973682 0.000000
vn 0.227909 0.973682 0.000000
vn -0.230906 0.972976 0.000000
vn 0.706589 0.707624 0.000000
vn 0.706589 0.707624 0.000000
vn 0.973515 0.228622 0.000000
vn 0.973515 0.228622 0.000000
vn 0.973515 0.228622 0.000000
vn 0.973241 -0.229785 -0.000000
vn 0.973241 -0.229785 -0.000000
vn 0.973515 0.228622 0.000000
vn 0.973241 -0.229785 -0.000000
vn 0.973241 -0.229785 -0.000000
vn 0.705516 -0.708694 -0.000000
vn 0.705516 -0.708694 -0.000000
vn 0.705516 -0.708694 -0.000000
vn 0.705516 -0.708694 -0.000000
vn 0.227597 -0.973755 -0.000000
vn 0.227597 -0.973755 -0.000000
vn -0.230591 -0.973051 -0.000000
vn -0.230591 -0.973051 -0.000000
vn -0.707551 -0.706662 -0.000000
vn -0.707551 -0.706662 -0.000000
vn 0.227597 -0.973755 -0.000000
vn -0.230591 -0.973051 -0.000000
vn -0.230591 -0.973051 -0.000000
vn 0.227597 -0.973755 -0.000000
vn -0.708624 0.705586 0.000000
vn -0.708624 0.705586 0.000000
vn -0.230906 0.972976 0.000000
vn -0.230906 0.972976 0.000000
vn 0.499996 0.866028 0.000000
vn 0.499996 0.866028 0.000000
vn 0.866027 0.499998 0.000000
vn 0.866027 0.499998 0.000000
vn 0.377334 -0.901564 0.211663
vn 0.377334 -0.901564 -0.211664
vn -0.000002 -0.977331 -0.211715
vn -0.000002 -0.977332 0.211715
vn -0.377334 -0.901564 0.211664
vn -0.377334 -0.901564 -0.211664
vn -0.691116 -0.691120 -0.211454
vn -0.691116 -0.691120 0.211453
vn 0.977332 -0.000004 0.211715
vn 0.977331 -0.000004 -0.211715
vn 0.901566 -0.377330 -0.211663
vn 0.901566 -0.377330 0.211663
vn 0.691120 0.691116 0.211453
vn 0.691120 0.691116 -0.211453
vn 0.901566 0.377329 -0.211664
vn 0.901566 0.377329 0.211664
vn -0.000001 0.977332 0.211713
vn -0.000001 0.977332 -0.211714
vn 0.377328 0.901566 -0.211664
vn 0.377328 0.901566 0.211663
vn -0.377330 0.901566 0.211664
vn -0.377330 0.901566 -0.211664
vn -0.000001 0.977332 -0.211714
vn -0.000001 0.977332 0.211713
vn -0.691116 -0.691120 0.211453
vn -0.691116 -0.691120 -0.211454
vn -0.901565 -0.377331 -0.211666
vn -0.901565 -0.377331 0.211665
vn -0.977332 -0.000002 0.211715
vn -0.977331 -0.000002 -0.211715
vn -0.901567 0.377327 -0.211664
vn -0.901567 0.377327 0.211664
vn -0.901567 0.377327 0.211664
vn -0.901567 0.377327 -0.211664
vn -0.691118 0.691117 -0.211453
vn -0.691118 0.691118 0.211452
vn -0.377334 -0.901564 -0.211664
vn -0.353415 -0.843881 -0.403687
vn -0.646967 -0.646972 -0.403561
vn -0.691116 -0.691120 -0.211454
vn -0.691116 -0.691120 -0.211454
vn -0.646967 -0.646972 -0.403561
vn -0.843880 -0.353417 -0.403687
vn -0.901565 -0.377331 -0.211666
vn -0.901565 -0.377331 -0.211666
vn -0.843880 -0.353417 -0.403687
vn -0.914912 -0.000000 -0.403652
vn -0.977331 -0.000002 -0.211715
vn -0.977331 -0.000002 -0.211715
vn -0.914912 -0.000000 -0.403652
vn -0.843881 0.353413 -0.403688
vn -0.901567 0.377327 -0.211664
vn -0.901567 0.377327 -0.211664
vn -0.843881 0.353413 -0.403688
vn -0.646968 0.646971 -0.403561
vn -0.691118 0.691117 -0.211453
vn -0.691118 0.691117 -0.211453
vn -0.646968 0.646971 -0.403561
vn -0.353413 0.843882 -0.403686
vn -0.377330 0.901566 -0.211664
vn -0.377330 0.901566 -0.211664
vn -0.353413 0.843882 -0.403686
vn 0.000000 0.914913 -0.403650
vn -0.000001 0.977332 -0.211714
vn -0.000001 0.977332 -0.211714
vn 0.000000 0.914913 -0.403650
vn 0.353409 0.843884 -0.403685
vn 0.377328 0.901566 -0.211664
vn 0.377328 0.901566 -0.211664
vn 0.353409 0.843884 -0.403685
vn 0.646971 0.646968 -0.403560
vn 0.691120 0.691116 -0.211453
vn 0.691120 0.691116 -0.211453
vn 0.646971 0.646968 -0.403560
vn 0.843881 0.353417 -0.403684
vn 0.901566 0.377329 -0.211664
vn 0.901566 0.377329 -0.211664
vn 0.843881 0.353417 -0.403684
vn 0.914912 -0.000004 -0.403652
vn 0.977331 -0.000004 -0.211715
vn 0.977331 -0.000004 -0.211715
vn 0.914912 -0.000004 -0.403652
vn 0.843880 -0.353417 -0.403686
vn 0.901566 -0.377330 -0.211663
vn 0.901566 -0.377330 -0.211663
vn 0.843880 -0.353417 -0.403686
vn 0.646968 -0.646971 -0.403561
vn 0.691116 -0.691119 -0.211453
vn 0.691116 -0.691119 -0.211453
vn 0.646968 -0.646971 -0.403561
vn 0.353414 -0.843882 -0.403686
vn 0.377334 -0.901564 -0.211664
vn 0.377334 -0.901564 -0.211664
vn 0.353414 -0.843882 -0.403686
vn -0.000001 -0.914913 -0.403651
vn -0.000002 -0.977331 -0.211715
vn -0.000002 -0.977331 -0.211715
vn -0.000001 -0.914913 -0.403651
vn -0.353415 -0.843881 -0.403687
vn -0.377334 -0.901564 -0.211664
vn 0.000000 0.000000 -1.000000
vn 0.000000 0.000000 -1.000000
vn 0.000000 0.000000 -1.000000
vn 0.000000 0.000000 -1.000000
vn 0.000000 0.000000 -1.000000
vn 0.000000 0.000000 -1.000000
vn 0.000000 0.000000 -1.000000
vn 0.000000 0.000000 -1.000000
vn 0.000000 0.000000 -1.000000
vn 0.000000 0.000000 -1.000000
vn 0.000000 0.000000 -1.000000
vn 0.000000 0.000000 -1.000000
vn 0.000000 0.000000 -1.000000
vn 0.000000 0.000000 -1.000000
vn 0.000000 0.000000 -1.000000
vn 0.000000 0.000000 -1.000000
vn 0.000000 0.000000 -1.000000
vn 0.000000 0.000000 -1.000000
vn 0.000000 0.000000 -1.000000
vn 0.000000 0.000000 -1.000000
vn 0.000000 0.000000 -1.000000
vn 0.000000 0.000000 -1.000000
vn 0.000000 0.000000 -1.000000
vn 0.000000 0.000000 -1.000000
vn 0.000000 0.000000 -1.000000
vn 0.000000 0.000000 -1.000000
vn 0.000000 0.000000 -1.000000
vn 0.000000 0.000000 -1.000000
vn 0.000000 0.000000 -1.000000
vn 0.000000 0.000000 -1.000000
vn 0.000000 0.000000 -1.000000
vn 0.000000 0.000000 -1.000000
vn 0.000000 0.000000 -1.000000
vn 0.000000 0.000000 -1.000000
vn 0.000000 0.000000 -1.000000
vn 0.000000 0.000000 -1.000000
vn 0.000000 0.000000 -1.000000
vn 0.000000 0.000000 -1.000000
vn 0.000000 0.000000 -1.000000
vn 0.000000 0.000000 -1.000000
vn 0.000000 0.000000 -1.000000
vn 0.000000 0.000000 -1.000000
vn 0.000000 0.000000 -1.000000
vn 0.000000 0.000000 -1.000000
vn 0.000000 0.000000 -1.000000
vn 0.000000 0.000000 -1.000000
vn 0.000000 0.000000 -1.000000
vn 0.000000 0.000000 -1.000000
vn 0.000000 0.000000 -1.000000
vn 0.000000 0.000000 -1.000000
vn 0.000000 0.000000 -1.000000
vn 0.000000 0.000000 -1.000000
vn 0.000000 0.000000 -1.000000
vn 0.000000 0.000000 -1.000000
vn 0.000000 0.000000 -1.000000
vn 0.000000 0.000000 -1.000000
vn 0.000000 0.000000 -1.000000
vn 0.000000 0.000000 -1.000000
vn 0.000000 0.000000 -1.000000
vn 0.000000 0.000000 -1.000000
vn 0.000000 0.000000 -1.000000
vn 0.000000 0.000000 -1.000000
vn 0.000000 0.000000 -1.000000
vn 0.000000 0.000000 -1.000000
vn 0.000000 0.000000 -1.000000
vn 0.000000 0.000000 -1.000000
vn 0.000000 0.000000 -1.000000
vn 0.000000 0.000000 -1.000000
vn 0.000000 0.000000 -1.000000
vn 0.000000 0.000000 -1.000000
vn 0.000000 0.000000 -1.000000
vn 0.000000 0.000000 -1.000000
vn 0.000000 0.000000 -1.000000
vn 0.000000 0.000000 -1.000000
vn 0.000000 0.000000 -1.000000
vn 0.000000 0.000000 -1.000000
vn 0.000000 0.000000 -1.000000
vn 0.000000 0.000000 -1.000000
vn 0.000000 0.000000 -1.000000
vn 0.000000 0.000000 -1.000000
vn 0.000000 0.000000 -1.000000
vn 0.000000 0.000000 -1.000000
vn 0.000000 0.000000 -1.000000
vn 0.000000 0.000000 -1.000000
vn 0.000000 0.000000 -1.000000
vn 0.000000 0.000000 -1.000000
vn 0.000000 0.000000 -1.000000
vn 0.000000 0.000000 -1.000000
vn 0.866029 -0.499993 -0.000000
vn 0.866029 -0.499993 -0.000000
vn 0.866029 -0.499993 -0.000000
vn 0.866029 -0.499993 -0.000000
vn -0.353554 -0.612374 -0.707105
vn -0.353552 -0.612370 -0.707110
vn 0.353570 0.612372 -0.707099
vn 0.353563 0.612360 -0.707113
vn 0.353563 0.612360 -0.707113
vn 0.353570 0.612372 -0.707099
vn 0.353570 0.612372 0.707099
vn 0.353563 0.612360 0.707113
vn 0.353563 0.612360 0.707113
vn 0.353570 0.612372 0.707099
vn -0.353552 -0.612370 0.707110
vn -0.353554 -0.612374 0.707105
vn -0.353554 -0.612374 0.707105
vn -0.353552 -0.612370 0.707110
vn -0.353552 -0.612370 -0.707110
vn -0.353554 -0.612374 -0.707105
vn -0.866024 0.500002 0.000000
vn -0.866024 0.500002 0.000000
vn -0.866024 0.500002 0.000000
vn -0.866024 0.500002 0.000000
vn 0.353557 0.612371 -0.707106
vn 0.353555 0.612368 -0.707110
vn -0.353554 -0.612374 -0.707105
vn -0.353553 -0.612373 -0.707106
vn -0.353553 -0.612373 -0.707106
vn -0.353554 -0.612374 -0.707105
vn -0.353554 -0.612374 0.707105
vn -0.353553 -0.612373 0.707106
vn -0.353553 -0.612373 0.707106
vn -0.353554 -0.612374 0.707105
vn 0.353555 0.612367 0.707110
vn 0.353557 0.612371 0.707106
vn 0.353557 0.612371 0.707106
vn 0.353555 0.612367 0.707110
vn 0.353555 0.612368 -0.707110
vn 0.353557 0.612371 -0.707106
vn 0.866033 0.499987 0.000000
vn 0.866033 0.499987 0.000000
vn 0.866033 0.499987 0.000000
vn 0.866033 0.499987 0.000000
vn 0.353553 -0.612368 -0.707111
vn 0.353556 -0.612374 -0.707104
vn -0.353552 0.612371 -0.707109
vn -0.353555 0.612375 -0.707104
vn -0.353555 0.612375 -0.707104
vn -0.353552 0.612371 -0.707109
vn -0.353552 0.612371 0.707109
vn -0.353555 0.612375 0.707104
vn -0.353555 0.612375 0.707104
vn -0.353552 0.612371 0.707109
vn 0.353556 -0.612374 0.707104
vn 0.353553 -0.612369 0.707110
vn 0.353553 -0.612369 0.707110
vn 0.353556 -0.612374 0.707104
vn 0.353556 -0.612374 -0.707104
vn 0.353553 -0.612368 -0.707111
vn -0.866019 -0.500010 -0.000000
vn -0.866019 -0.500010 -0.000000
vn -0.866019 -0.500010 -0.000000
vn -0.866019 -0.500010 -0.000000
vn -0.353554 0.612375 -0.707104
vn -0.353552 0.612373 -0.707107
vn 0.353556 -0.612369 -0.707108
vn 0.353556 -0.612369 -0.707108
vn 0.353556 -0.612369 -0.707108
vn 0.353556 -0.612369 -0.707108
vn 0.353556 -0.612370 0.707108
vn 0.353556 -0.612369 0.707108
vn 0.353556 -0.612369 0.707108
vn 0.353556 -0.612370 0.707108
vn -0.353552 0.612372 0.707107
vn -0.353554 0.612375 0.707104
vn -0.353554 0.612375 0.707104
vn -0.353552 0.612372 0.707107
vn -0.353552 0.612373 -0.707107
vn -0.353554 0.612375 -0.707104
vn 0.000000 1.000000 0.000000
vn 0.000000 1.000000 0.000000
vn 0.000000 1.000000 0.000000
vn 0.000000 1.000000 0.000000
vn 0.707107 0.000000 -0.707107
vn 0.707107 0.000000 -0.707107
vn -0.707107 0.000000 -0.707107
vn -0.707107 0.000000 -0.707107
vn -0.707107 0.000000 -0.707107
vn -0.707107 0.000000 -0.707107
vn -0.707107 -0.000000 0.707107
vn -0.707107 -0.000000 0.707107
vn -0.707107 -0.000000 0.707107
vn -0.707107 -0.000000 0.707107
vn 0.707107 -0.000000 0.707107
vn 0.707107 -0.000000 0.707107
vn 0.707107 -0.000000 0.707107
vn 0.707107 -0.000000 0.707107
vn 0.707107 0.000000 -0.707107
vn 0.707107 0.000000 -0.707107
vn 0.000000 -1.000000 -0.000000
vn 0.000000 -1.000000 -0.000000
vn 0.000000 -1.000000 -0.000000
vn 0.000000 -1.000000 -0.000000
vn -0.707107 0.000000 -0.707107
vn -0.707107 0.000000 -0.707107
vn 0.707107 0.000000 -0.707107
vn 0.707107 0.000000 -0.707107
vn 0.707107 0.000000 -0.707107
vn 0.707107 0.000000 -0.707107
vn 0.707107 -0.000000 0.707107
vn 0.707107 -0.000000 0.707107
vn 0.707107 -0.000000 0.707107
vn 0.707107 -0.000000 0.707107
vn -0.707107 -0.000000 0.707107
vn -0.707107 -0.000000 0.707107
vn -0.707107 -0.000000 0.707107
vn -0.707107 -0.000000 0.707107
vn -0.707107 0.000000 -0.707107
vn -0.707107 0.000000 -0.707107
vn 0.866029 -0.499993 -0.000000
vn 0.866029 -0.499993 -0.000000
vn 0.866029 -0.499993 -0.000000
vn 0.866029 -0.499993 -0.000000
vn -0.353555 -0.612374 -0.707105
vn -0.353552 -0.612369 -0.707110
vn 0.353571 0.612372 -0.707099
vn 0.353564 0.612359 -0.707114
vn 0.353564 0.612359 -0.707114
vn 0.353571 0.612372 -0.707099
vn 0.353571 0.612372 0.707099
vn 0.353564 0.612359 0.707114
vn 0.353564 0.612359 0.707114
vn 0.353571 0.612372 0.707099
vn -0.353552 -0.612369 0.707110
vn -0.353555 -0.612374 0.707105
vn -0.353555 -0.612374 0.707105
vn -0.353552 -0.612369 0.707110
vn -0.353552 -0.612369 -0.707110
vn -0.353555 -0.612374 -0.707105
vn -0.866024 0.500003 0.000000
vn -0.866024 0.500003 0.000000
vn -0.866024 0.500003 0.000000
vn -0.866024 0.500003 0.000000
vn 0.353557 0.612371 -0.707106
vn 0.353555 0.612367 -0.707110
vn -0.353553 -0.612374 -0.707105
vn -0.353553 -0.612374 -0.707106
vn -0.353553 -0.612374 -0.707106
vn -0.353553 -0.612374 -0.707105
vn -0.353553 -0.612375 0.707105
vn -0.353553 -0.612374 0.707106
vn -0.353553 -0.612374 0.707106
vn -0.353553 -0.612375 0.707105
vn 0.353555 0.612367 0.707110
vn 0.353557 0.612371 0.707106
vn 0.353557 0.612371 0.707106
vn 0.353555 0.612367 0.707110
vn 0.353555 0.612367 -0.707110
vn 0.353557 0.612371 -0.707106
vn 0.866033 0.499987 0.000000
vn 0.866033 0.499987 0.000000
vn 0.866033 0.499987 0.000000
vn 0.866033 0.499987 0.000000
vn 0.353554 -0.612368 -0.707111
vn 0.353557 -0.612374 -0.707104
vn -0.353553 0.612370 -0.707109
vn -0.353556 0.612375 -0.707103
vn -0.353556 0.612375 -0.707103
vn -0.353553 0.612370 -0.707109
vn -0.353553 0.612370 0.707109
vn -0.353556 0.612375 0.707103
vn -0.353556 0.612375 0.707103
vn -0.353553 0.612370 0.707109
vn 0.353557 -0.612374 0.707104
vn 0.353554 -0.612368 0.707111
vn 0.353554 -0.612368 0.707111
vn 0.353557 -0.612374 0.707104
vn 0.353557 -0.612374 -0.707104
vn 0.353554 -0.612368 -0.707111
vn -0.866019 -0.500012 -0.000000
vn -0.866019 -0.500011 -0.000000
vn -0.866019 -0.500012 -0.000000
vn -0.866019 -0.500011 -0.000000
vn -0.353554 0.612376 -0.707103
vn -0.353552 0.612373 -0.707107
vn 0.353557 -0.612369 -0.707108
vn 0.353556 -0.612369 -0.707108
vn 0.353556 -0.612369 -0.707108
vn 0.353557 -0.612369 -0.707108
vn 0.353557 -0.612369 0.707108
vn 0.353556 -0.612369 0.707108
vn 0.353556 -0.612369 0.707108
vn 0.353557 -0.612369 0.707108
vn -0.353552 0.612372 0.707107
vn -0.353554 0.612376 0.707103
vn -0.353554 0.612376 0.707103
vn -0.353552 0.612372 0.707107
vn -0.353552 0.612373 -0.707107
vn -0.353554 0.612376 -0.707103
vn 0.000000 1.000000 0.000000
vn 0.000000 1.000000 0.000000
vn 0.000000 1.000000 0.000000
vn 0.000000 1.000000 0.000000
vn 0.707107 0.000000 -0.707107
vn 0.707107 0.000000 -0.707107
vn -0.707107 0.000000 -0.707107
vn -0.707107 0.000000 -0.707107
vn -0.707107 0.000000 -0.707107
vn -0.707107 0.000000 -0.707107
vn -0.707107 -0.000000 0.707107
vn -0.707107 -0.000000 0.707107
vn -0.707107 -0.000000 0.707107
vn -0.707107 -0.000000 0.707107
vn 0.707107 -0.000000 0.707107
vn 0.707107 -0.000000 0.707107
vn 0.707107 -0.000000 0.707107
vn 0.707107 -0.000000 0.707107
vn 0.707107 0.000000 -0.707107
vn 0.707107 0.000000 -0.707107
vn 0.000000 -1.000000 -0.000000
vn 0.000000 -1.000000 -0.000000
vn 0.000000 -1.000000 -0.000000
vn 0.000000 -1.000000 -0.000000
vn -0.707107 0.000000 -0.707107
vn -0.707107 0.000000 -0.707107
vn 0.707107 0.000000 -0.707107
vn 0.707107 0.000000 -0.707107
vn 0.707107 0.000000 -0.707107
vn 0.707107 0.000000 -0.707107
vn 0.707107 -0.000000 0.707107
vn 0.707107 -0.000000 0.707107
vn 0.707107 -0.000000 0.707107
vn 0.707107 -0.000000 0.707107
vn -0.707107 -0.000000 0.707107
vn -0.707107 -0.000000 0.707107
vn -0.707107 -0.000000 0.707107
vn -0.707107 -0.000000 0.707107
vn -0.707107 0.000000 -0.707107
vn -0.707107 0.000000 -0.707107
vn 0.000000 -1.000000 -0.000000
vn 0.000000 -1.000000 -0.000000
vn 0.000000 -1.000000 -0.000000
vn 0.000000 -1.000000 -0.000000
# 1800 vertex normals

vt 0.961283 0.423245 0.000000
vt 0.961283 0.438582 0.000000
vt 0.947544 0.438583 0.000000
vt 0.947544 0.423246 0.000000
vt 0.961283 0.453921 0.000000
vt 0.961283 0.468795 0.000000
vt 0.947544 0.468795 0.000000
vt 0.947544 0.453921 0.000000
vt 0.961283 0.544276 0.000000
vt 0.947544 0.544276 0.000000
vt 0.961283 0.529410 0.000000
vt 0.947544 0.529410 0.000000
vt 0.961283 0.483683 0.000000
vt 0.947544 0.483682 0.000000
vt 0.961283 0.499060 0.000000
vt 0.947544 0.499060 0.000000
vt 0.961283 0.514459 0.000000
vt 0.947544 0.514458 0.000000
vt 0.961283 0.332888 0.000000
vt 0.961283 0.347755 0.000000
vt 0.739960 0.219161 0.000000
vt 0.726220 0.219161 0.000000
vt 0.726220 0.203822 0.000000
vt 0.739960 0.203823 0.000000
vt 0.739960 0.249372 0.000000
vt 0.726220 0.249371 0.000000
vt 0.726220 0.234498 0.000000
vt 0.739960 0.234498 0.000000
vt 0.739960 0.264260 0.000000
vt 0.726220 0.264259 0.000000
vt 0.739960 0.295035 0.000000
vt 0.726220 0.295034 0.000000
vt 0.726220 0.279637 0.000000
vt 0.739960 0.279638 0.000000
vt 0.739960 0.324855 0.000000
vt 0.726220 0.324855 0.000000
vt 0.726220 0.309987 0.000000
vt 0.739960 0.309987 0.000000
vt 0.739960 0.128334 0.000000
vt 0.726220 0.128333 0.000000
vt 0.726220 0.113466 0.000000
vt 0.739960 0.113467 0.000000
vt 0.739960 0.174061 0.000000
vt 0.726220 0.174060 0.000000
vt 0.726220 0.158683 0.000000
vt 0.739960 0.158685 0.000000
vt 0.739960 0.188949 0.000000
vt 0.739960 0.143286 0.000000
vt 0.961283 0.362707 0.000000
vt 0.961283 0.378105 0.000000
vt 0.961283 0.393484 0.000000
vt 0.961283 0.408372 0.000000
vt 0.947544 0.408372 0.000000
vt 0.947544 0.393484 0.000000
vt 0.947544 0.378105 0.000000
vt 0.947544 0.362708 0.000000
vt 0.947544 0.347755 0.000000
vt 0.947544 0.332888 0.000000
vt 0.726220 0.188948 0.000000
vt 0.726220 0.143285 0.000000
vt 0.788715 0.321649 0.000000
vt 0.788715 0.313553 0.000000
vt 0.849403 0.313540 0.000000
vt 0.849403 0.321642 0.000000
vt 0.849403 0.305324 0.000000
vt 0.788715 0.305342 0.000000
vt 0.788715 0.957146 0.000000
vt 0.849403 0.957139 0.000000
vt 0.849403 0.297390 0.000000
vt 0.788714 0.297409 0.000000
vt 0.849403 0.965237 0.000000
vt 0.788715 0.965247 0.000000
vt 0.849403 0.289460 0.000000
vt 0.788715 0.289471 0.000000
vt 0.788715 0.973462 0.000000
vt 0.849402 0.973446 0.000000
vt 0.788715 0.281254 0.000000
vt 0.849403 0.281254 0.000000
vt 0.788715 0.981398 0.000000
vt 0.849403 0.981380 0.000000
vt 0.788715 0.989327 0.000000
vt 0.849403 0.989317 0.000000
vt 0.788714 0.997534 0.000000
vt 0.849403 0.997534 0.000000
vt 0.102766 0.556115 0.000000
vt 0.129631 0.666972 0.000000
vt 0.031225 0.556185 0.000000
vt 0.002474 0.585504 0.000000
vt 0.002466 0.576911 0.000000
vt 0.023124 0.556192 0.000000
vt 0.169193 0.767325 0.000000
vt 0.159604 0.781576 0.000000
vt 0.156085 0.799020 0.000000
vt 0.004083 0.568862 0.000000
vt 0.015075 0.557830 0.000000
vt 0.183426 0.757716 0.000000
vt 0.002753 0.965358 0.000000
vt 0.008507 0.562278 0.000000
vt 0.200855 0.754201 0.000000
vt 0.159628 0.816464 0.000000
vt 0.568571 0.666972 0.000000
vt 0.169257 0.830717 0.000000
vt 0.514838 0.757743 0.000000
vt 0.497392 0.754201 0.000000
vt 0.479971 0.757724 0.000000
vt 0.218310 0.757724 0.000000
vt 0.529105 0.767359 0.000000
vt 0.465739 0.767332 0.000000
vt 0.232576 0.767332 0.000000
vt 0.031542 0.997520 0.000000
vt 0.023449 0.997534 0.000000
vt 0.002753 0.976851 0.000000
vt 0.183522 0.840331 0.000000
vt 0.538742 0.781609 0.000000
vt 0.456143 0.781581 0.000000
vt 0.242204 0.781581 0.000000
vt 0.015400 0.995909 0.000000
vt 0.004382 0.984901 0.000000
vt 0.200975 0.843850 0.000000
vt 0.452634 0.799020 0.000000
vt 0.245746 0.799020 0.000000
vt 0.008822 0.991476 0.000000
vt 0.667040 0.997390 0.000000
vt 0.542276 0.799039 0.000000
vt 0.595184 0.556093 0.000000
vt 0.456175 0.816458 0.000000
vt 0.242237 0.816458 0.000000
vt 0.497513 0.843850 0.000000
vt 0.514940 0.840318 0.000000
vt 0.480063 0.840321 0.000000
vt 0.218403 0.840321 0.000000
vt 0.695540 0.585268 0.000000
vt 0.695823 0.965174 0.000000
vt 0.666717 0.556015 0.000000
vt 0.465802 0.830708 0.000000
vt 0.232640 0.830708 0.000000
vt 0.529177 0.830711 0.000000
vt 0.538771 0.816467 0.000000
vt 0.674813 0.556007 0.000000
vt 0.695529 0.576668 0.000000
vt 0.682862 0.557625 0.000000
vt 0.693890 0.568621 0.000000
vt 0.695823 0.976684 0.000000
vt 0.675140 0.997379 0.000000
vt 0.689444 0.562051 0.000000
vt 0.694198 0.984735 0.000000
vt 0.683187 0.995748 0.000000
vt 0.689763 0.991313 0.000000
vt 0.225280 0.569387 0.000000
vt 0.223662 0.582298 0.000000
vt 0.116705 0.582298 0.000000
vt 0.111227 0.569387 0.000000
vt 0.724987 0.557906 0.000000
vt 0.724987 0.592386 0.000000
vt 0.759468 0.592387 0.000000
vt 0.779468 0.623420 0.000000
vt 0.704989 0.623418 0.000000
vt 0.704992 0.719964 0.000000
vt 0.700858 0.767386 0.000000
vt 0.700851 0.575996 0.000000
vt 0.759467 0.557908 0.000000
vt 0.704988 0.526873 0.000000
vt 0.779466 0.526877 0.000000
vt 0.704988 0.434666 0.000000
vt 0.700850 0.432375 0.000000
vt 0.711885 0.425475 0.000000
vt 0.783604 0.576000 0.000000
vt 0.783612 0.767385 0.000000
vt 0.779471 0.719964 0.000000
vt 0.724992 0.750995 0.000000
vt 0.724995 0.785475 0.000000
vt 0.759473 0.750995 0.000000
vt 0.783607 0.432386 0.000000
vt 0.779469 0.434681 0.000000
vt 0.772572 0.425493 0.000000
vt 0.711904 0.353937 0.000000
vt 0.772590 0.353954 0.000000
vt 0.759476 0.785475 0.000000
vt 0.700864 0.911006 0.000000
vt 0.704997 0.816509 0.000000
vt 0.705001 0.908713 0.000000
vt 0.779476 0.816508 0.000000
vt 0.711906 0.345839 0.000000
vt 0.772592 0.345856 0.000000
vt 0.711900 0.917901 0.000000
vt 0.779480 0.908703 0.000000
vt 0.783617 0.910998 0.000000
vt 0.772587 0.917891 0.000000
vt 0.772603 0.989427 0.000000
vt 0.711915 0.989437 0.000000
vt 0.772605 0.997524 0.000000
vt 0.711918 0.997534 0.000000
vt 0.915187 0.606154 0.000000
vt 0.915187 0.986031 0.000000
vt 0.854500 0.986027 0.000000
vt 0.854500 0.606146 0.000000
vt 0.915187 0.997534 0.000000
vt 0.854500 0.997534 0.000000
vt 0.854500 0.597543 0.000000
vt 0.915187 0.597557 0.000000
vt 0.915187 0.589345 0.000000
vt 0.854500 0.589329 0.000000
vt 0.915187 0.581408 0.000000
vt 0.854500 0.581397 0.000000
vt 0.915187 0.573471 0.000000
vt 0.854500 0.573467 0.000000
vt 0.854500 0.565258 0.000000
vt 0.915188 0.565258 0.000000
vt 0.179554 0.160721 0.000000
vt 0.187658 0.158549 0.000000
vt 0.171451 0.158549 0.000000
vt 0.165522 0.152618 0.000000
vt 0.237482 0.162418 0.000000
vt 0.239757 0.166963 0.000000
vt 0.193590 0.152617 0.000000
vt 0.163352 0.144515 0.000000
vt 0.244281 0.169236 0.000000
vt 0.237484 0.148494 0.000000
vt 0.195761 0.144509 0.000000
vt 0.133583 0.215339 0.000000
vt 0.108511 0.111367 0.000000
vt 0.258197 0.169245 0.000000
vt 0.239758 0.143919 0.000000
vt 0.165525 0.136410 0.000000
vt 0.562055 0.215370 0.000000
vt 0.193590 0.136403 0.000000
vt 0.171458 0.130475 0.000000
vt 0.437443 0.169245 0.000000
vt 0.451363 0.169250 0.000000
vt 0.432844 0.166975 0.000000
vt 0.262788 0.166975 0.000000
vt 0.244281 0.141643 0.000000
vt 0.179560 0.128302 0.000000
vt 0.455887 0.166980 0.000000
vt 0.430569 0.162430 0.000000
vt 0.265059 0.162430 0.000000
vt 0.252130 0.111361 0.000000
vt 0.458158 0.162437 0.000000
vt 0.430568 0.148510 0.000000
vt 0.265058 0.148510 0.000000
vt 0.258194 0.141653 0.000000
vt 0.187660 0.130472 0.000000
vt 0.432842 0.143934 0.000000
vt 0.262787 0.143934 0.000000
vt 0.443522 0.111370 0.000000
vt 0.502053 0.152643 0.000000
vt 0.507985 0.158577 0.000000
vt 0.516084 0.160752 0.000000
vt 0.437442 0.141653 0.000000
vt 0.451360 0.141657 0.000000
vt 0.499884 0.144538 0.000000
vt 0.458159 0.148515 0.000000
vt 0.524187 0.158581 0.000000
vt 0.502055 0.136434 0.000000
vt 0.455886 0.143937 0.000000
vt 0.530122 0.152648 0.000000
vt 0.516089 0.128334 0.000000
vt 0.507987 0.130502 0.000000
vt 0.532296 0.144546 0.000000
vt 0.587143 0.111412 0.000000
vt 0.524193 0.130507 0.000000
vt 0.530125 0.136442 0.000000
vt 0.429130 0.593177 0.000000
vt 0.429130 0.606969 0.000000
vt 0.332584 0.606969 0.000000
vt 0.332584 0.593177 0.000000
vt 0.002466 0.002861 0.000000
vt 0.094668 0.002861 0.000000
vt 0.094668 0.016653 0.000000
vt 0.002466 0.016653 0.000000
vt 0.545324 0.582298 0.000000
vt 0.510844 0.582298 0.000000
vt 0.510844 0.568505 0.000000
vt 0.545324 0.568505 0.000000
vt 0.541728 0.661875 0.000000
vt 0.527936 0.661875 0.000000
vt 0.527936 0.627394 0.000000
vt 0.541728 0.627394 0.000000
vt 0.744908 0.868800 0.000000
vt 0.744908 0.903281 0.000000
vt 0.710427 0.903281 0.000000
vt 0.710427 0.868800 0.000000
vt 0.230187 0.587395 0.000000
vt 0.230187 0.661875 0.000000
vt 0.133641 0.661875 0.000000
vt 0.133641 0.587395 0.000000
vt 0.968560 0.029246 0.000000
vt 0.968560 0.043166 0.000000
vt 0.885804 0.043166 0.000000
vt 0.885804 0.029246 0.000000
vt 0.885803 0.024138 0.000000
vt 0.968558 0.024138 0.000000
vt 0.885804 0.048248 0.000000
vt 0.968560 0.048248 0.000000
vt 0.885803 0.019074 0.000000
vt 0.968558 0.019074 0.000000
vt 0.885804 0.053311 0.000000
vt 0.968560 0.053311 0.000000
vt 0.968560 0.067228 0.000000
vt 0.885804 0.067228 0.000000
vt 0.885804 0.072353 0.000000
vt 0.968560 0.072353 0.000000
vt 0.885804 0.077435 0.000000
vt 0.968560 0.077435 0.000000
vt 0.968560 0.091354 0.000000
vt 0.885804 0.091354 0.000000
vt 0.885804 0.096460 0.000000
vt 0.968560 0.096460 0.000000
vt 0.885804 0.101588 0.000000
vt 0.968560 0.101588 0.000000
vt 0.968558 0.115505 0.000000
vt 0.885803 0.115505 0.000000
vt 0.644814 0.009729 0.000000
vt 0.653203 0.009729 0.000000
vt 0.653202 0.092485 0.000000
vt 0.644813 0.092485 0.000000
vt 0.661592 0.009731 0.000000
vt 0.661591 0.092486 0.000000
vt 0.636425 0.009729 0.000000
vt 0.636424 0.092485 0.000000
vt 0.669980 0.009731 0.000000
vt 0.669980 0.092486 0.000000
vt 0.628038 0.009728 0.000000
vt 0.628035 0.092484 0.000000
vt 0.678368 0.009731 0.000000
vt 0.678368 0.092486 0.000000
vt 0.619649 0.009728 0.000000
vt 0.619646 0.092484 0.000000
vt 0.686758 0.009731 0.000000
vt 0.686759 0.092486 0.000000
vt 0.695146 0.009731 0.000000
vt 0.695147 0.092486 0.000000
vt 0.703535 0.009729 0.000000
vt 0.703535 0.092485 0.000000
vt 0.711922 0.009729 0.000000
vt 0.711923 0.092485 0.000000
vt 0.720312 0.009729 0.000000
vt 0.720313 0.092485 0.000000
vt 0.986806 0.423183 0.000000
vt 0.986806 0.438580 0.000000
vt 0.922021 0.438583 0.000000
vt 0.922021 0.423187 0.000000
vt 0.986806 0.453979 0.000000
vt 0.986806 0.408368 0.000000
vt 0.922021 0.453981 0.000000
vt 0.922021 0.408373 0.000000
vt 0.986806 0.468794 0.000000
vt 0.986806 0.393535 0.000000
vt 0.922021 0.468795 0.000000
vt 0.922021 0.393540 0.000000
vt 0.986806 0.483628 0.000000
vt 0.986806 0.378088 0.000000
vt 0.922021 0.483629 0.000000
vt 0.922021 0.378093 0.000000
vt 0.986806 0.499075 0.000000
vt 0.986806 0.362596 0.000000
vt 0.922021 0.499076 0.000000
vt 0.922021 0.362600 0.000000
vt 0.986806 0.514567 0.000000
vt 0.986806 0.347623 0.000000
vt 0.922021 0.514567 0.000000
vt 0.922021 0.347626 0.000000
vt 0.986806 0.529541 0.000000
vt 0.986806 0.332438 0.000000
vt 0.922021 0.529540 0.000000
vt 0.922021 0.332440 0.000000
vt 0.947544 0.317002 0.000000
vt 0.961283 0.317002 0.000000
vt 0.986806 0.544726 0.000000
vt 0.986806 0.317002 0.000000
vt 0.961283 0.560161 0.000000
vt 0.947543 0.560161 0.000000
vt 0.922021 0.544725 0.000000
vt 0.922021 0.317002 0.000000
vt 0.986806 0.560161 0.000000
vt 0.922021 0.560161 0.000000
vt 0.980972 0.997534 0.000000
vt 0.920285 0.997534 0.000000
vt 0.920286 0.989319 0.000000
vt 0.980972 0.989324 0.000000
vt 0.920286 0.981381 0.000000
vt 0.980972 0.981394 0.000000
vt 0.920286 0.973447 0.000000
vt 0.980972 0.973460 0.000000
vt 0.920286 0.965239 0.000000
vt 0.980972 0.965244 0.000000
vt 0.980972 0.956642 0.000000
vt 0.920286 0.956640 0.000000
vt 0.920286 0.576761 0.000000
vt 0.980972 0.576762 0.000000
vt 0.920286 0.565258 0.000000
vt 0.980972 0.565258 0.000000
vt 0.332584 0.648964 0.000000
vt 0.446635 0.648964 0.000000
vt 0.441158 0.661875 0.000000
vt 0.334200 0.661875 0.000000
vt 0.916924 0.560161 0.000000
vt 0.903912 0.554927 0.000000
vt 0.903912 0.126456 0.000000
vt 0.916924 0.121223 0.000000
vt 0.440792 0.574286 0.000000
vt 0.440792 0.588079 0.000000
vt 0.348590 0.588079 0.000000
vt 0.348590 0.574286 0.000000
vt 0.490156 0.587395 0.000000
vt 0.503948 0.587395 0.000000
vt 0.503948 0.661875 0.000000
vt 0.490156 0.661875 0.000000
vt 0.471266 0.587395 0.000000
vt 0.485058 0.587395 0.000000
vt 0.485058 0.661875 0.000000
vt 0.471266 0.661875 0.000000
vt 0.541727 0.622296 0.000000
vt 0.527936 0.622296 0.000000
vt 0.527936 0.587815 0.000000
vt 0.541727 0.587815 0.000000
vt 0.235285 0.587395 0.000000
vt 0.327486 0.587395 0.000000
vt 0.327486 0.661875 0.000000
vt 0.235285 0.661875 0.000000
vt 0.821842 0.009726 0.000000
vt 0.821842 0.092480 0.000000
vt 0.816714 0.092480 0.000000
vt 0.816714 0.009726 0.000000
vt 0.811608 0.092480 0.000000
vt 0.811608 0.009726 0.000000
vt 0.797688 0.009726 0.000000
vt 0.797688 0.092480 0.000000
vt 0.792606 0.092480 0.000000
vt 0.792606 0.009726 0.000000
vt 0.787481 0.092480 0.000000
vt 0.787481 0.009726 0.000000
vt 0.773565 0.009726 0.000000
vt 0.773565 0.092480 0.000000
vt 0.768502 0.092481 0.000000
vt 0.768502 0.009727 0.000000
vt 0.763418 0.092481 0.000000
vt 0.763418 0.009727 0.000000
vt 0.749499 0.009727 0.000000
vt 0.749499 0.092481 0.000000
vt 0.744392 0.092482 0.000000
vt 0.744392 0.009728 0.000000
vt 0.739327 0.092484 0.000000
vt 0.739327 0.009729 0.000000
vt 0.725410 0.092485 0.000000
vt 0.725410 0.009731 0.000000
vt 0.077968 0.104506 0.000000
vt 0.069578 0.104506 0.000000
vt 0.069578 0.021751 0.000000
vt 0.077968 0.021751 0.000000
vt 0.061190 0.104507 0.000000
vt 0.061190 0.021752 0.000000
vt 0.086356 0.104505 0.000000
vt 0.086356 0.021750 0.000000
vt 0.052801 0.104507 0.000000
vt 0.052801 0.021752 0.000000
vt 0.094745 0.104505 0.000000
vt 0.094745 0.021750 0.000000
vt 0.044411 0.104507 0.000000
vt 0.044411 0.021752 0.000000
vt 0.103133 0.104505 0.000000
vt 0.103133 0.021750 0.000000
vt 0.036022 0.104506 0.000000
vt 0.036022 0.021751 0.000000
vt 0.027633 0.104506 0.000000
vt 0.027633 0.021751 0.000000
vt 0.019245 0.104506 0.000000
vt 0.019245 0.021751 0.000000
vt 0.010856 0.104506 0.000000
vt 0.010856 0.021751 0.000000
vt 0.002466 0.104506 0.000000
vt 0.002466 0.021751 0.000000
vt 0.700698 0.219161 0.000000
vt 0.700698 0.203764 0.000000
vt 0.765482 0.203764 0.000000
vt 0.765482 0.219161 0.000000
vt 0.700698 0.234556 0.000000
vt 0.765482 0.234557 0.000000
vt 0.700698 0.188947 0.000000
vt 0.765482 0.188947 0.000000
vt 0.700698 0.249372 0.000000
vt 0.765482 0.249372 0.000000
vt 0.700698 0.174115 0.000000
vt 0.765482 0.174116 0.000000
vt 0.700698 0.264205 0.000000
vt 0.765482 0.264207 0.000000
vt 0.700698 0.158667 0.000000
vt 0.765482 0.158667 0.000000
vt 0.700698 0.279651 0.000000
vt 0.765482 0.279653 0.000000
vt 0.700698 0.143176 0.000000
vt 0.765482 0.143176 0.000000
vt 0.700698 0.295144 0.000000
vt 0.765482 0.295146 0.000000
vt 0.700698 0.128202 0.000000
vt 0.765482 0.128202 0.000000
vt 0.700698 0.310117 0.000000
vt 0.765482 0.310119 0.000000
vt 0.700698 0.113018 0.000000
vt 0.726219 0.097582 0.000000
vt 0.739959 0.097582 0.000000
vt 0.765482 0.113018 0.000000
vt 0.700698 0.325303 0.000000
vt 0.765482 0.325305 0.000000
vt 0.739960 0.340741 0.000000
vt 0.726220 0.340741 0.000000
vt 0.700696 0.097582 0.000000
vt 0.765482 0.097582 0.000000
vt 0.700698 0.340741 0.000000
vt 0.765482 0.340741 0.000000
vt 0.568516 0.220468 0.000000
vt 0.595179 0.109587 0.000000
vt 0.666717 0.109534 0.000000
vt 0.542209 0.352539 0.000000
vt 0.538675 0.335104 0.000000
vt 0.529045 0.320856 0.000000
vt 0.674817 0.109527 0.000000
vt 0.695516 0.130205 0.000000
vt 0.695521 0.138805 0.000000
vt 0.695723 0.518704 0.000000
vt 0.514784 0.311243 0.000000
vt 0.682868 0.111149 0.000000
vt 0.693885 0.122158 0.000000
vt 0.538700 0.369967 0.000000
vt 0.497331 0.307702 0.000000
vt 0.689446 0.115582 0.000000
vt 0.529103 0.384210 0.000000
vt 0.129579 0.220468 0.000000
vt 0.479900 0.311229 0.000000
vt 0.218239 0.311229 0.000000
vt 0.200793 0.307702 0.000000
vt 0.183369 0.311211 0.000000
vt 0.514862 0.393821 0.000000
vt 0.695720 0.530208 0.000000
vt 0.675045 0.550910 0.000000
vt 0.666938 0.550916 0.000000
vt 0.465659 0.320842 0.000000
vt 0.232498 0.320842 0.000000
vt 0.169131 0.320822 0.000000
vt 0.497429 0.397348 0.000000
vt 0.694098 0.538255 0.000000
vt 0.683096 0.549280 0.000000
vt 0.456059 0.335092 0.000000
vt 0.242121 0.335092 0.000000
vt 0.159530 0.335070 0.000000
vt 0.031437 0.550977 0.000000
vt 0.689668 0.544837 0.000000
vt 0.452545 0.352529 0.000000
vt 0.245659 0.352529 0.000000
vt 0.479976 0.393823 0.000000
vt 0.200892 0.397348 0.000000
vt 0.218316 0.393823 0.000000
vt 0.183449 0.393821 0.000000
vt 0.456085 0.369967 0.000000
vt 0.242147 0.369967 0.000000
vt 0.102774 0.109602 0.000000
vt 0.156016 0.352504 0.000000
vt 0.465713 0.384214 0.000000
vt 0.232550 0.384214 0.000000
vt 0.169186 0.384202 0.000000
vt 0.031242 0.109641 0.000000
vt 0.002651 0.518809 0.000000
vt 0.002470 0.138942 0.000000
vt 0.002466 0.130341 0.000000
vt 0.023147 0.109646 0.000000
vt 0.159556 0.369946 0.000000
vt 0.023349 0.550984 0.000000
vt 0.002650 0.530305 0.000000
vt 0.004091 0.122291 0.000000
vt 0.015101 0.111274 0.000000
vt 0.015299 0.549361 0.000000
vt 0.004281 0.538354 0.000000
vt 0.008525 0.115711 0.000000
vt 0.008722 0.544928 0.000000
vt 0.446635 0.643867 0.000000
vt 0.332584 0.643867 0.000000
vt 0.338060 0.630957 0.000000
vt 0.445018 0.630957 0.000000
vt 0.537033 0.049518 0.000000
vt 0.545132 0.051691 0.000000
vt 0.553233 0.049520 0.000000
vt 0.531102 0.043583 0.000000
vt 0.484935 0.057921 0.000000
vt 0.487207 0.053378 0.000000
vt 0.559168 0.043586 0.000000
vt 0.528933 0.035477 0.000000
vt 0.487209 0.039457 0.000000
vt 0.480413 0.060189 0.000000
vt 0.561342 0.035482 0.000000
vt 0.484936 0.034881 0.000000
vt 0.466501 0.060183 0.000000
vt 0.616188 0.002342 0.000000
vt 0.591106 0.106307 0.000000
vt 0.531105 0.027372 0.000000
vt 0.162635 0.106275 0.000000
vt 0.559172 0.027377 0.000000
vt 0.480413 0.032601 0.000000
vt 0.461907 0.057913 0.000000
vt 0.287253 0.060183 0.000000
vt 0.291853 0.057913 0.000000
vt 0.273336 0.060177 0.000000
vt 0.553241 0.021446 0.000000
vt 0.459637 0.053370 0.000000
vt 0.294127 0.053370 0.000000
vt 0.268809 0.057900 0.000000
vt 0.545138 0.019274 0.000000
vt 0.537036 0.021443 0.000000
vt 0.466500 0.032599 0.000000
vt 0.459638 0.039452 0.000000
vt 0.294128 0.039452 0.000000
vt 0.266531 0.053353 0.000000
vt 0.472572 0.002316 0.000000
vt 0.281177 0.002311 0.000000
vt 0.461907 0.034878 0.000000
vt 0.291853 0.034878 0.000000
vt 0.287251 0.032599 0.000000
vt 0.273330 0.032589 0.000000
vt 0.208601 0.051655 0.000000
vt 0.216705 0.049485 0.000000
vt 0.222637 0.043554 0.000000
vt 0.200498 0.049484 0.000000
vt 0.266529 0.039434 0.000000
vt 0.224807 0.035451 0.000000
vt 0.222636 0.027349 0.000000
vt 0.216704 0.021417 0.000000
vt 0.208599 0.019245 0.000000
vt 0.194564 0.043551 0.000000
vt 0.268805 0.034862 0.000000
vt 0.137548 0.002302 0.000000
vt 0.192391 0.035446 0.000000
vt 0.200494 0.021413 0.000000
vt 0.194562 0.027343 0.000000
vt 0.332584 0.612067 0.000000
vt 0.429131 0.612067 0.000000
vt 0.429131 0.625859 0.000000
vt 0.332584 0.625859 0.000000
vt 0.108231 0.014068 0.000000
vt 0.122022 0.014068 0.000000
vt 0.122022 0.106270 0.000000
vt 0.108231 0.106270 0.000000
vt 0.560618 0.661875 0.000000
vt 0.546826 0.661875 0.000000
vt 0.546826 0.627394 0.000000
vt 0.560618 0.627394 0.000000
vt 0.509046 0.587395 0.000000
vt 0.522838 0.587395 0.000000
vt 0.522838 0.661875 0.000000
vt 0.509046 0.661875 0.000000
vt 0.784372 0.278388 0.000000
vt 0.770580 0.278388 0.000000
vt 0.770580 0.203909 0.000000
vt 0.784372 0.203909 0.000000
vt 0.808359 0.201678 0.000000
vt 0.822152 0.201678 0.000000
vt 0.822152 0.276157 0.000000
vt 0.808359 0.276157 0.000000
vt 0.710425 0.829223 0.000000
vt 0.724217 0.829223 0.000000
vt 0.724217 0.863703 0.000000
vt 0.710425 0.863703 0.000000
vt 0.996501 0.219704 0.000000
vt 0.996501 0.311905 0.000000
vt 0.922021 0.311905 0.000000
vt 0.922021 0.219704 0.000000
vt 0.228799 0.582298 0.000000
vt 0.230417 0.569387 0.000000
vt 0.337374 0.569387 0.000000
vt 0.342850 0.582298 0.000000
vt 0.898815 0.121223 0.000000
vt 0.898815 0.560161 0.000000
vt 0.885803 0.554928 0.000000
vt 0.885803 0.126456 0.000000
vt 0.466169 0.569673 0.000000
vt 0.466169 0.661875 0.000000
vt 0.452376 0.661875 0.000000
vt 0.452376 0.569673 0.000000
vt 0.183642 0.373615 0.000000
vt 0.218123 0.373615 0.000000
vt 0.218123 0.387406 0.000000
vt 0.183642 0.387406 0.000000
vt 0.789469 0.201678 0.000000
vt 0.803262 0.201678 0.000000
vt 0.803262 0.276157 0.000000
vt 0.789469 0.276157 0.000000
vt 0.165140 0.354726 0.000000
vt 0.199621 0.354726 0.000000
vt 0.199621 0.368518 0.000000
vt 0.165140 0.368518 0.000000
vt 0.505747 0.568505 0.000000
vt 0.505747 0.582298 0.000000
vt 0.471266 0.582298 0.000000
vt 0.471266 0.568505 0.000000
vt 0.744899 0.680057 0.000000
vt 0.744899 0.714538 0.000000
vt 0.710418 0.714538 0.000000
vt 0.710418 0.680057 0.000000
vt 0.172625 0.782290 0.000000
vt 0.172625 0.771945 0.000000
vt 0.182970 0.771945 0.000000
vt 0.182970 0.782290 0.000000
vt 0.489477 0.792182 0.000000
vt 0.489478 0.802527 0.000000
vt 0.479737 0.802527 0.000000
vt 0.479736 0.792183 0.000000
vt 0.489478 0.812869 0.000000
vt 0.479737 0.812869 0.000000
vt 0.489478 0.823214 0.000000
vt 0.479737 0.823213 0.000000
vt 0.489476 0.833559 0.000000
vt 0.479735 0.833557 0.000000
vt 0.220786 0.783707 0.000000
vt 0.220786 0.794051 0.000000
vt 0.210442 0.794051 0.000000
vt 0.210442 0.783707 0.000000
vt 0.163967 0.787388 0.000000
vt 0.174312 0.787388 0.000000
vt 0.174312 0.797128 0.000000
vt 0.163967 0.797128 0.000000
vt 0.184656 0.787388 0.000000
vt 0.184656 0.797128 0.000000
vt 0.195000 0.787388 0.000000
vt 0.195000 0.797127 0.000000
vt 0.205344 0.787386 0.000000
vt 0.205345 0.797127 0.000000
vt 0.221072 0.799148 0.000000
vt 0.221072 0.809493 0.000000
vt 0.210728 0.809493 0.000000
vt 0.210728 0.799148 0.000000
vt 0.494573 0.836935 0.000000
vt 0.494574 0.826591 0.000000
vt 0.504313 0.826591 0.000000
vt 0.504313 0.836935 0.000000
vt 0.494574 0.816248 0.000000
vt 0.504315 0.816248 0.000000
vt 0.494574 0.805904 0.000000
vt 0.504315 0.805904 0.000000
vt 0.494574 0.795559 0.000000
vt 0.504315 0.795559 0.000000
vt 0.188067 0.771947 0.000000
vt 0.198412 0.771947 0.000000
vt 0.198412 0.782289 0.000000
vt 0.188067 0.782289 0.000000
vt 0.464897 0.819676 0.000000
vt 0.464897 0.809331 0.000000
vt 0.474638 0.809331 0.000000
vt 0.474638 0.819676 0.000000
vt 0.464897 0.798986 0.000000
vt 0.474638 0.798985 0.000000
vt 0.464897 0.788641 0.000000
vt 0.474638 0.788640 0.000000
vt 0.464897 0.778296 0.000000
vt 0.474638 0.778296 0.000000
vt 0.490079 0.776741 0.000000
vt 0.490079 0.787084 0.000000
vt 0.479735 0.787084 0.000000
vt 0.479735 0.776741 0.000000
vt 0.164251 0.802225 0.000000
vt 0.174596 0.802225 0.000000
vt 0.174597 0.811969 0.000000
vt 0.164251 0.811968 0.000000
vt 0.184941 0.802225 0.000000
vt 0.184941 0.811968 0.000000
vt 0.195286 0.802225 0.000000
vt 0.195286 0.811968 0.000000
vt 0.205631 0.802225 0.000000
vt 0.205631 0.811968 0.000000
vt 0.219642 0.814590 0.000000
vt 0.229986 0.814590 0.000000
vt 0.229986 0.824935 0.000000
vt 0.219642 0.824935 0.000000
vt 0.214545 0.826806 0.000000
vt 0.204199 0.826806 0.000000
vt 0.204198 0.817065 0.000000
vt 0.214545 0.817066 0.000000
vt 0.193854 0.826806 0.000000
vt 0.193853 0.817066 0.000000
vt 0.183510 0.826805 0.000000
vt 0.183508 0.817066 0.000000
vt 0.173164 0.826806 0.000000
vt 0.173163 0.817066 0.000000
vt 0.172625 0.771945 0.000000
vt 0.182970 0.771945 0.000000
vt 0.182970 0.782290 0.000000
vt 0.172625 0.782290 0.000000
vt 0.489478 0.802527 0.000000
vt 0.479737 0.802527 0.000000
vt 0.479736 0.792183 0.000000
vt 0.489477 0.792182 0.000000
vt 0.489478 0.812869 0.000000
vt 0.479737 0.812869 0.000000
vt 0.489478 0.823214 0.000000
vt 0.479737 0.823213 0.000000
vt 0.489476 0.833559 0.000000
vt 0.479735 0.833557 0.000000
vt 0.220786 0.794051 0.000000
vt 0.210442 0.794051 0.000000
vt 0.210442 0.783707 0.000000
vt 0.220786 0.783707 0.000000
vt 0.174312 0.787388 0.000000
vt 0.174312 0.797128 0.000000
vt 0.163967 0.797128 0.000000
vt 0.163967 0.787388 0.000000
vt 0.184656 0.787388 0.000000
vt 0.184656 0.797128 0.000000
vt 0.195000 0.787388 0.000000
vt 0.195000 0.797127 0.000000
vt 0.205344 0.787386 0.000000
vt 0.205345 0.797127 0.000000
vt 0.221072 0.809493 0.000000
vt 0.210728 0.809493 0.000000
vt 0.210728 0.799148 0.000000
vt 0.221072 0.799148 0.000000
vt 0.494574 0.826591 0.000000
vt 0.504313 0.826591 0.000000
vt 0.504313 0.836935 0.000000
vt 0.494573 0.836935 0.000000
vt 0.494574 0.816248 0.000000
vt 0.504315 0.816248 0.000000
vt 0.494574 0.805904 0.000000
vt 0.504315 0.805904 0.000000
vt 0.494574 0.795559 0.000000
vt 0.504315 0.795559 0.000000
vt 0.198412 0.771947 0.000000
vt 0.198412 0.782289 0.000000
vt 0.188067 0.782289 0.000000
vt 0.188067 0.771947 0.000000
vt 0.464897 0.809331 0.000000
vt 0.474638 0.809331 0.000000
vt 0.474638 0.819676 0.000000
vt 0.464897 0.819676 0.000000
vt 0.464897 0.798986 0.000000
vt 0.474638 0.798985 0.000000
vt 0.464897 0.788641 0.000000
vt 0.474638 0.788640 0.000000
vt 0.464897 0.778296 0.000000
vt 0.474638 0.778296 0.000000
vt 0.490079 0.787084 0.000000
vt 0.479735 0.787084 0.000000
vt 0.479735 0.776741 0.000000
vt 0.490079 0.776741 0.000000
vt 0.174596 0.802225 0.000000
vt 0.174597 0.811969 0.000000
vt 0.164251 0.811968 0.000000
vt 0.164251 0.802225 0.000000
vt 0.184941 0.802225 0.000000
vt 0.184941 0.811968 0.000000
vt 0.195286 0.802225 0.000000
vt 0.195286 0.811968 0.000000
vt 0.205631 0.802225 0.000000
vt 0.205631 0.811968 0.000000
vt 0.229986 0.814590 0.000000
vt 0.229986 0.824935 0.000000
vt 0.219642 0.824935 0.000000
vt 0.219642 0.814590 0.000000
vt 0.204199 0.826806 0.000000
vt 0.204198 0.817065 0.000000
vt 0.214545 0.817066 0.000000
vt 0.214545 0.826806 0.000000
vt 0.193854 0.826806 0.000000
vt 0.193853 0.817066 0.000000
vt 0.183510 0.826805 0.000000
vt 0.183508 0.817066 0.000000
vt 0.173164 0.826806 0.000000
vt 0.173163 0.817066 0.000000
vt 0.880706 0.560161 0.000000
vt 0.854500 0.560161 0.000000
vt 0.854500 0.084323 0.000000
vt 0.880706 0.084323 0.000000
# 868 texture coords

g Audio_Cassette
s 1
f 23/64/1 182/61/2 180/62/3 1/63/4 
s 2
f 21/88/5 13/85/6 20/86/7 
s 4
f 14/151/8 20/152/9 13/149/10 18/150/11 
s 1
f 16/153/12 40/154/13 15/160/14 
f 193/156/15 17/157/16 40/154/17 191/155/18 
f 15/160/19 17/157/20 108/158/21 107/159/22 
f 18/165/23 19/164/24 22/162/25 15/160/26 
f 196/174/27 19/164/28 13/166/29 184/175/30 
f 18/165/31 13/166/32 19/164/33 
f 183/196/34 21/193/35 12/194/36 186/195/37 
f 22/162/38 16/153/39 15/160/40 
s 2
f 12/97/41 21/88/42 24/93/43 
f 20/86/44 26/91/45 25/92/46 
f 20/86/47 27/96/48 26/91/49 
f 20/86/50 28/99/51 27/96/52 
f 23/110/53 35/113/54 34/119/55 
f 23/110/56 36/102/57 35/113/58 
s 1
f 40/154/59 17/157/60 15/160/61 
s 2
f 5/112/62 12/97/63 23/110/64 1/111/65 
f 5/112/66 1/111/67 2/117/68 4/118/69 
f 2/117/70 3/122/71 4/118/72 
f 11/87/73 21/88/74 6/89/75 10/90/76 
f 10/90/77 6/89/78 7/94/79 9/95/80 
f 7/94/81 8/98/82 9/95/83 
f 21/88/84 25/92/85 24/93/86 
f 21/88/87 20/86/88 25/92/89 
f 23/110/90 12/97/91 36/102/92 
f 12/97/93 24/93/94 37/100/95 
f 37/100/96 36/102/97 12/97/98 
f 21/88/99 11/87/100 13/85/101 
f 14/220/102 61/209/103 60/210/104 
f 14/220/105 63/212/106 62/211/107 
f 18/221/108 66/227/109 65/224/110 
f 15/237/111 69/226/112 68/242/113 
f 15/237/114 57/232/115 69/226/116 
f 14/220/117 64/216/118 63/212/119 
f 14/220/120 18/221/121 64/216/122 
f 18/221/123 65/224/124 64/216/125 
f 18/221/126 67/233/127 66/227/128 
f 18/221/129 15/237/130 67/233/131 
f 15/237/132 68/242/133 67/233/134 
f 14/220/135 62/211/136 61/209/137 
f 14/220/138 41/214/139 43/217/140 
f 51/213/141 60/210/142 59/215/143 
f 59/215/144 58/219/145 44/218/146 51/213/147 
f 52/223/148 58/219/149 69/226/150 
f 51/213/151 41/214/152 14/220/153 
f 15/237/154 53/241/155 57/232/156 
f 108/266/157 17/263/158 47/264/159 150/265/160 
f 49/270/161 22/267/162 19/268/163 48/269/164 
s 4
f 50/274/165 40/271/166 16/272/167 46/273/168 
s 2
f 191/278/169 40/275/170 50/276/171 230/277/172 
s 1
f 230/282/173 50/279/174 46/280/175 229/281/176 
f 150/286/177 47/283/178 225/284/179 226/285/180 
f 51/289/181 44/290/182 221/287/183 219/288/184 
f 221/287/185 44/290/186 52/291/187 223/292/188 
f 45/306/189 55/303/190 233/304/191 232/305/192 
f 56/300/193 43/297/194 218/298/195 235/299/196 
f 223/292/197 52/291/198 57/295/199 214/296/200 
f 222/316/201 58/313/202 59/314/203 220/315/204 
f 208/330/205 63/329/206 64/331/207 215/332/208 
f 216/328/209 67/327/210 68/323/211 213/324/212 
f 213/324/213 68/323/214 69/319/215 212/320/216 
f 236/4/217 73/1/218 74/2/219 237/3/220 
f 238/8/221 75/5/222 76/6/223 239/7/224 
f 247/10/225 81/9/226 82/371/227 246/372/228 
f 248/12/229 80/11/230 81/9/231 247/10/232 
f 239/7/233 76/6/234 77/13/235 249/14/236 
f 249/14/237 77/13/238 78/15/239 250/16/240 
f 250/16/241 78/15/242 79/17/243 251/18/244 
f 75/5/245 35/343/246 36/347/247 76/6/248 
f 76/6/249 36/347/250 37/351/251 77/13/252 
f 77/13/253 37/351/254 24/355/255 78/15/256 
f 78/15/257 24/355/258 25/359/259 79/17/260 
f 79/17/261 25/359/262 26/363/263 80/11/264 
f 80/11/265 26/363/266 27/369/267 81/9/268 
f 81/9/269 27/369/270 28/375/271 82/371/272 
f 82/368/273 28/370/274 29/364/275 83/19/276 
f 83/19/277 29/364/278 39/360/279 84/20/280 
f 84/20/281 39/360/282 30/356/283 85/49/284 
f 85/49/285 30/356/286 31/352/287 70/50/288 
f 70/50/289 31/352/290 32/348/291 71/51/292 
f 71/51/293 32/348/294 38/344/295 72/52/296 
f 72/52/297 38/344/298 33/339/299 73/1/300 
f 73/1/301 33/339/302 34/340/303 74/2/304 
f 74/2/305 34/340/306 35/343/307 75/5/308 
f 89/380/309 90/377/310 263/378/311 262/379/312 
f 93/80/313 92/82/314 265/81/315 266/79/316 
f 94/76/317 93/80/318 266/79/319 267/75/320 
f 95/71/321 94/76/322 267/75/323 268/72/324 
f 90/192/325 96/190/326 269/189/327 263/191/328 
f 270/67/329 97/68/330 95/71/331 268/72/332 
s 2
f 98/132/333 100/101/334 99/125/335 
s 1
f 91/392/336 101/390/337 274/389/338 264/391/339 
f 271/388/340 98/387/341 87/386/342 260/385/343 
s 4
f 103/395/344 102/396/345 99/393/346 100/394/347 
s 1
f 104/171/348 107/159/349 106/170/350 
f 105/180/351 109/181/352 102/179/353 107/159/354 
f 99/185/355 109/181/356 280/186/357 273/188/358 
f 102/179/359 109/181/360 99/185/361 
f 105/180/362 107/159/363 104/171/364 
s 2
f 101/133/365 110/124/366 98/132/367 
f 100/101/368 112/114/369 111/107/370 
f 100/101/371 111/107/372 113/103/373 
f 100/101/374 113/103/375 114/104/376 
f 20/86/377 100/101/378 114/104/379 28/99/380 
f 97/123/381 119/128/382 121/129/383 
f 97/123/384 121/129/385 122/137/386 
s 1
f 106/170/387 107/159/388 108/158/389 
f 100/400/390 20/397/391 14/398/392 103/399/393 
s 2
f 91/143/394 95/144/395 97/123/396 101/133/397 
f 94/147/398 95/144/399 91/143/400 92/146/401 
f 94/147/402 92/146/403 93/148/404 
f 87/140/405 98/132/406 96/134/407 90/139/408 
f 86/142/409 87/140/410 90/139/411 89/141/412 
f 86/142/413 89/141/414 88/145/415 
f 98/132/416 110/124/417 112/114/418 
f 98/132/419 112/114/420 100/101/421 
f 97/123/422 122/137/423 101/133/424 
f 101/133/425 125/138/426 110/124/427 
f 125/138/428 101/133/429 122/137/430 
f 98/132/431 99/125/432 96/134/433 
f 103/225/434 127/247/435 126/248/436 
f 103/225/437 129/253/438 128/256/439 
f 102/260/440 131/262/441 130/261/442 
f 107/245/443 133/258/444 138/250/445 
f 103/225/446 128/256/447 136/259/448 
f 103/225/449 136/259/450 102/260/451 
f 102/260/452 136/259/453 131/262/454 
f 102/260/455 130/261/456 137/257/457 
f 102/260/458 137/257/459 107/245/460 
f 107/245/461 137/257/462 133/258/463 
f 103/225/464 126/248/465 129/253/466 
f 103/225/467 143/229/468 144/234/469 
f 145/238/470 127/247/471 103/225/472 
f 134/246/473 145/238/474 146/252/475 147/251/476 
f 147/251/477 146/252/478 135/255/479 132/254/480 
f 145/238/481 103/225/482 144/234/483 
f 138/250/484 149/249/485 107/245/486 
f 109/404/487 105/401/488 152/402/489 151/403/490 
s 4
f 194/408/491 108/405/492 150/406/493 226/407/494 
f 280/412/495 109/409/496 151/410/497 310/411/498 
f 104/416/499 106/413/500 154/414/501 153/415/502 
s 1
f 152/420/503 309/417/504 310/418/505 151/419/506 
f 140/424/507 149/421/508 308/422/509 313/423/510 
f 147/450/511 304/447/512 305/448/513 134/449/514 
f 134/449/515 305/448/516 290/451/517 127/452/518 
f 127/452/519 290/451/520 291/455/521 126/456/522 
f 126/456/523 291/455/524 292/459/525 129/460/526 
f 129/460/527 292/459/528 293/463/529 128/464/530 
f 128/464/531 293/463/532 298/465/533 136/466/534 
f 136/466/535 298/465/536 294/467/537 131/468/538 
f 131/468/539 294/467/540 295/469/541 130/470/542 
f 130/470/543 295/469/544 299/471/545 137/472/546 
f 137/462/547 299/461/548 296/457/549 133/458/550 
f 132/454/551 307/453/552 304/447/553 147/450/554 
f 157/24/555 156/21/556 319/22/557 320/23/558 
f 155/28/559 159/25/560 322/26/561 318/27/562 
f 159/25/563 160/29/564 323/30/565 322/26/566 
f 161/34/567 162/31/568 325/32/569 324/33/570 
f 163/38/571 164/35/572 327/36/573 326/37/574 
f 166/42/575 167/39/576 330/40/577 329/41/578 
f 169/46/579 168/43/580 331/44/581 332/45/582 
f 122/480/583 121/475/584 157/24/585 158/47/586 
f 125/484/587 122/480/588 158/47/589 168/43/590 
f 110/488/591 125/484/592 168/43/593 169/46/594 
f 112/492/595 110/488/596 169/46/597 170/48/598 
f 111/496/599 112/492/600 170/48/601 167/39/602 
f 113/502/603 111/496/604 167/39/605 166/42/606 
f 114/508/607 113/502/608 166/42/609 165/501/610 
f 124/504/611 114/510/612 165/505/613 164/35/614 
f 123/498/615 124/504/616 164/35/617 163/38/618 
f 116/494/619 123/498/620 163/38/621 162/31/622 
f 115/490/623 116/494/624 162/31/625 161/34/626 
f 117/486/627 115/490/628 161/34/629 160/29/630 
f 118/482/631 117/486/632 160/29/633 159/25/634 
f 120/478/635 118/482/636 159/25/637 155/28/638 
f 119/476/639 120/478/640 155/28/641 156/21/642 
f 121/475/643 119/476/644 156/21/645 157/24/646 
s 2
f 31/121/647 115/120/648 117/126/649 32/127/650 
f 32/127/651 117/126/652 118/135/653 38/136/654 
f 38/136/655 118/135/656 120/130/657 33/131/658 
f 33/131/659 120/130/660 119/128/661 34/119/662 
f 34/119/663 119/128/664 97/123/665 23/110/666 
f 30/116/667 116/115/668 115/120/669 31/121/670 
f 39/109/671 123/108/672 116/115/673 30/116/674 
f 29/106/675 124/105/676 123/108/677 39/109/678 
f 28/99/679 114/104/680 124/105/681 29/106/682 
f 55/236/683 148/235/684 142/230/685 42/231/686 
f 42/231/687 142/230/688 141/228/689 56/222/690 
f 56/222/691 141/228/692 103/225/693 14/220/694 
f 45/240/695 139/239/696 148/235/697 55/236/698 
f 14/220/699 43/217/700 56/222/701 
f 141/228/702 143/229/703 103/225/704 
f 132/254/705 135/255/706 138/250/707 
f 133/258/708 132/254/709 138/250/710 
f 57/232/711 52/223/712 69/226/713 
f 52/223/714 44/218/715 58/219/716 
f 54/244/717 140/243/718 139/239/719 45/240/720 
f 53/241/721 149/249/722 140/243/723 54/244/724 
f 107/245/725 149/249/726 53/241/727 15/237/728 
f 145/238/729 134/246/730 127/247/731 
f 51/213/732 14/220/733 60/210/734 
s 1
f 172/199/735 171/202/736 7/201/737 6/200/738 
f 171/202/739 173/204/740 8/203/741 7/201/742 
f 173/204/743 174/206/744 9/205/745 8/203/746 
f 174/206/747 175/207/748 10/208/749 9/205/750 
f 177/74/751 176/77/752 5/78/753 4/73/754 
f 178/70/755 177/74/756 4/73/757 3/69/758 
f 179/66/759 178/70/760 3/69/761 2/65/762 
f 180/62/763 179/66/764 2/65/765 1/63/766 
f 175/184/767 181/177/768 11/176/769 10/183/770 
s 2
f 183/519/771 185/511/772 184/512/773 
s 1
f 176/198/774 186/195/775 12/194/776 5/197/777 
f 21/193/778 183/196/779 172/199/780 6/200/781 
f 181/177/782 184/175/783 13/166/784 11/176/785 
s 4
f 188/577/786 187/578/787 184/575/788 185/576/789 
s 1
f 190/163/790 189/161/791 16/153/792 22/162/793 
f 189/161/794 192/167/795 191/155/796 
f 194/169/797 193/156/798 192/167/799 195/168/800 
f 190/163/801 196/174/802 187/173/803 192/167/804 
f 187/173/805 196/174/806 184/175/807 
f 190/163/808 192/167/809 189/161/810 
s 2
f 186/520/811 197/514/812 183/519/813 
f 185/511/814 199/515/815 198/516/816 
f 185/511/817 198/516/818 200/521/819 
f 185/511/820 200/521/821 201/525/822 
f 182/536/823 203/540/824 202/533/825 
f 182/536/826 202/533/827 204/527/828 
s 1
f 191/155/829 192/167/830 193/156/831 
s 2
f 176/534/832 180/535/833 182/536/834 186/520/835 
f 179/542/836 180/535/837 176/534/838 177/541/839 
f 179/542/840 177/541/841 178/547/842 
f 172/518/843 183/519/844 181/513/845 175/517/846 
f 171/523/847 172/518/848 175/517/849 174/522/850 
f 171/523/851 174/522/852 173/526/853 
f 183/519/854 197/514/855 199/515/856 
f 183/519/857 199/515/858 185/511/859 
f 182/536/860 204/527/861 186/520/862 
f 186/520/863 205/524/864 197/514/865 
f 205/524/866 186/520/867 204/527/868 
f 183/519/869 184/512/870 181/513/871 
f 188/593/872 207/579/873 206/580/874 
f 188/593/875 209/581/876 208/585/877 
f 187/592/878 211/596/879 210/602/880 
f 192/612/881 213/607/882 212/594/883 
f 192/612/884 212/594/885 214/597/886 
f 188/593/887 208/585/888 215/589/889 
f 188/593/890 215/589/891 187/592/892 
f 187/592/893 215/589/894 211/596/895 
f 187/592/896 210/602/897 216/606/898 
f 187/592/899 216/606/900 192/612/901 
f 192/612/902 216/606/903 213/607/904 
f 188/593/905 206/580/906 209/581/907 
f 188/593/908 218/588/909 217/583/910 
f 219/584/911 220/582/912 207/579/913 
f 220/582/914 219/584/915 221/587/916 222/586/917 
f 223/590/918 212/594/919 222/586/920 
f 219/584/921 188/593/922 217/583/923 
f 192/612/924 214/597/925 224/608/926 
f 225/636/927 193/633/928 194/634/929 226/635/930 
f 196/640/931 190/637/932 228/638/933 227/639/934 
f 16/644/935 189/641/936 229/642/937 46/643/938 
s 4
f 17/648/939 193/645/940 225/646/941 47/647/942 
f 19/652/943 196/649/944 227/650/945 48/651/946 
f 190/656/947 22/653/948 49/654/949 228/655/950 
f 189/660/951 191/657/952 230/658/953 229/659/954 
s 1
f 228/664/955 49/661/956 48/662/957 227/663/958 
f 219/288/959 217/294/960 41/293/961 51/289/962 
f 53/309/963 224/310/964 214/311/965 57/312/966 
f 231/308/967 224/310/968 53/309/969 54/307/970 
f 232/305/971 231/308/972 54/307/973 45/306/974 
f 234/302/975 233/304/976 55/303/977 42/301/978 
f 235/299/979 234/302/980 42/301/981 56/300/982 
f 217/294/983 218/298/984 43/297/985 41/293/986 
f 220/315/987 59/314/988 60/317/989 207/318/990 
f 207/318/991 60/317/992 61/321/993 206/322/994 
f 206/322/995 61/321/996 62/325/997 209/326/998 
f 209/326/999 62/325/1000 63/329/1001 208/330/1002 
f 215/332/1003 64/331/1004 65/333/1005 211/334/1006 
f 211/334/1007 65/333/1008 66/335/1009 210/336/1010 
f 210/336/1011 66/335/1012 67/337/1013 216/338/1014 
f 212/320/1015 69/319/1016 58/313/1017 222/316/1018 
f 238/8/1019 237/3/1020 74/2/1021 75/5/1022 
f 236/4/1023 240/53/1024 72/52/1025 73/1/1026 
f 240/53/1027 241/54/1028 71/51/1029 72/52/1030 
f 241/54/1031 242/55/1032 70/50/1033 71/51/1034 
f 242/55/1035 243/56/1036 85/49/1037 70/50/1038 
f 243/56/1039 244/57/1040 84/20/1041 85/49/1042 
f 244/57/1043 245/58/1044 83/19/1045 84/20/1046 
f 245/58/1047 246/367/1048 82/368/1049 83/19/1050 
f 248/12/1051 251/18/1052 79/17/1053 80/11/1054 
f 204/349/1055 202/345/1056 238/8/1057 239/7/1058 
f 205/353/1059 204/349/1060 239/7/1061 249/14/1062 
f 197/357/1063 205/353/1064 249/14/1065 250/16/1066 
f 199/361/1067 197/357/1068 250/16/1069 251/18/1070 
f 198/365/1071 199/361/1072 251/18/1073 248/12/1074 
f 200/373/1075 198/365/1076 248/12/1077 247/10/1078 
f 201/376/1079 200/373/1080 247/10/1081 246/372/1082 
f 252/366/1083 201/374/1084 246/367/1085 245/58/1086 
f 253/362/1087 252/366/1088 245/58/1089 244/57/1090 
f 254/358/1091 253/362/1092 244/57/1093 243/56/1094 
f 255/354/1095 254/358/1096 243/56/1097 242/55/1098 
f 256/350/1099 255/354/1100 242/55/1101 241/54/1102 
f 257/346/1103 256/350/1104 241/54/1105 240/53/1106 
f 258/342/1107 257/346/1108 240/53/1109 236/4/1110 
f 203/341/1111 258/342/1112 236/4/1113 237/3/1114 
f 202/345/1115 203/341/1116 237/3/1117 238/8/1118 
f 86/384/1119 259/383/1120 260/385/1121 87/386/1122 
f 88/382/1123 261/381/1124 259/383/1125 86/384/1126 
f 89/380/1127 262/379/1128 261/381/1129 88/382/1130 
f 91/84/1131 264/83/1132 265/81/1133 92/82/1134 
s 2
f 271/563/1135 273/556/1136 272/528/1137 
s 1
f 99/185/1138 273/188/1139 269/189/1140 96/190/1141 
s 4
f 275/667/1142 272/668/1143 273/665/1144 276/666/1145 
s 1
f 104/171/1146 277/178/1147 278/182/1148 105/180/1149 
f 277/178/1150 279/172/1151 195/168/1152 
f 108/158/1153 194/169/1154 279/172/1155 106/170/1156 
f 276/187/1157 280/186/1158 278/182/1159 195/168/1160 
f 276/187/1161 273/188/1162 280/186/1163 
f 98/387/1164 271/388/1165 274/389/1166 101/390/1167 
f 97/68/1168 270/67/1169 182/61/1170 23/64/1171 
f 278/182/1172 277/178/1173 195/168/1174 
s 2
f 274/562/1175 271/563/1176 281/557/1177 
f 272/528/1178 283/539/1179 282/545/1180 
f 272/528/1181 284/532/1182 283/539/1183 
f 272/528/1184 285/531/1185 284/532/1186 
f 285/531/1187 272/528/1188 185/511/1189 201/525/1190 
f 270/546/1191 287/553/1192 286/551/1193 
f 270/546/1194 288/560/1195 287/553/1196 
s 1
f 279/172/1197 194/169/1198 195/168/1199 
f 188/672/1200 185/669/1201 272/670/1202 275/671/1203 
s 2
f 264/568/1204 274/562/1205 270/546/1206 268/567/1207 
f 264/568/1208 268/567/1209 267/571/1210 265/572/1211 
f 267/571/1212 266/574/1213 265/572/1214 
f 269/561/1215 271/563/1216 260/564/1217 263/565/1218 
f 263/565/1219 260/564/1220 259/569/1221 262/570/1222 
f 259/569/1223 261/573/1224 262/570/1225 
f 271/563/1226 282/545/1227 281/557/1228 
f 271/563/1229 272/528/1230 282/545/1231 
f 270/546/1232 274/562/1233 288/560/1234 
f 274/562/1235 281/557/1236 289/566/1237 
f 289/566/1238 288/560/1239 274/562/1240 
f 271/563/1241 269/561/1242 273/556/1243 
f 275/595/1244 291/618/1245 290/619/1246 
f 275/595/1247 293/627/1248 292/621/1249 
f 276/629/1250 295/631/1251 294/632/1252 
f 195/613/1253 297/617/1254 296/625/1255 
f 275/595/1256 298/630/1257 293/627/1258 
f 275/595/1259 276/629/1260 298/630/1261 
f 276/629/1262 294/632/1263 298/630/1264 
f 276/629/1265 299/626/1266 295/631/1267 
f 276/629/1268 195/613/1269 299/626/1270 
f 195/613/1271 296/625/1272 299/626/1273 
f 275/595/1274 292/621/1275 291/618/1276 
f 275/595/1277 301/605/1278 300/601/1279 
f 302/611/1280 275/595/1281 290/619/1282 
f 305/620/1283 304/623/1284 303/622/1285 302/611/1286 
f 304/623/1287 307/624/1288 306/628/1289 303/622/1290 
f 302/611/1291 301/605/1292 275/595/1293 
f 297/617/1294 195/613/1295 308/616/1296 
f 309/676/1297 278/673/1298 280/674/1299 310/675/1300 
f 311/680/1301 277/677/1302 104/678/1303 153/679/1304 
s 4
f 105/684/1305 278/681/1306 309/682/1307 152/683/1308 
f 312/688/1309 279/685/1310 277/686/1311 311/687/1312 
s 2
f 106/692/1313 279/689/1314 312/690/1315 154/691/1316 
s 1
f 154/696/1317 312/693/1318 311/694/1319 153/695/1320 
f 144/436/1321 301/435/1322 302/437/1323 145/438/1324 
f 302/437/1325 303/440/1326 146/439/1327 145/438/1328 
f 146/439/1329 303/440/1330 306/441/1331 135/442/1332 
f 297/443/1333 308/445/1334 149/446/1335 138/444/1336 
f 140/424/1337 313/423/1338 314/425/1339 139/426/1340 
f 314/425/1341 315/428/1342 148/427/1343 139/426/1344 
f 148/427/1345 315/428/1346 316/429/1347 142/430/1348 
f 142/430/1349 316/429/1350 317/431/1351 141/432/1352 
f 143/433/1353 300/434/1354 301/435/1355 144/436/1356 
f 317/431/1357 300/434/1358 143/433/1359 141/432/1360 
f 135/442/1361 306/441/1362 297/443/1363 138/444/1364 
f 133/458/1365 296/457/1366 307/453/1367 132/454/1368 
f 155/28/1369 318/27/1370 319/22/1371 156/21/1372 
f 157/24/1373 320/23/1374 321/59/1375 158/47/1376 
f 161/34/1377 324/33/1378 323/30/1379 160/29/1380 
f 163/38/1381 326/37/1382 325/32/1383 162/31/1384 
f 165/505/1385 328/506/1386 327/36/1387 164/35/1388 
f 166/42/1389 329/41/1390 328/500/1391 165/501/1392 
f 158/47/1393 321/59/1394 331/44/1395 168/43/1396 
f 169/46/1397 332/45/1398 333/60/1399 170/48/1400 
f 170/48/1401 333/60/1402 330/40/1403 167/39/1404 
f 320/23/1405 287/474/1406 288/479/1407 321/59/1408 
f 321/59/1409 288/479/1410 289/483/1411 331/44/1412 
f 331/44/1413 289/483/1414 281/487/1415 332/45/1416 
f 332/45/1417 281/487/1418 282/491/1419 333/60/1420 
f 333/60/1421 282/491/1422 283/495/1423 330/40/1424 
f 330/40/1425 283/495/1426 284/499/1427 329/41/1428 
f 329/41/1429 284/499/1430 285/507/1431 328/500/1432 
f 328/506/1433 285/509/1434 334/503/1435 327/36/1436 
f 327/36/1437 334/503/1438 335/497/1439 326/37/1440 
f 326/37/1441 335/497/1442 336/493/1443 325/32/1444 
f 325/32/1445 336/493/1446 337/489/1447 324/33/1448 
f 324/33/1449 337/489/1450 338/485/1451 323/30/1452 
f 323/30/1453 338/485/1454 339/481/1455 322/26/1456 
f 322/26/1457 339/481/1458 340/477/1459 318/27/1460 
f 318/27/1461 340/477/1462 286/473/1463 319/22/1464 
f 319/22/1465 286/473/1466 287/474/1467 320/23/1468 
s 2
f 338/555/1469 337/549/1470 255/548/1471 256/554/1472 
f 339/559/1473 338/555/1474 256/554/1475 257/558/1476 
f 340/552/1477 339/559/1478 257/558/1479 258/550/1480 
f 286/551/1481 340/552/1482 258/550/1483 203/540/1484 
f 270/546/1485 286/551/1486 203/540/1487 182/536/1488 
f 337/549/1489 336/544/1490 254/543/1491 255/548/1492 
f 336/544/1493 335/538/1494 253/537/1495 254/543/1496 
f 335/538/1497 334/530/1498 252/529/1499 253/537/1500 
f 334/530/1501 285/531/1502 201/525/1503 252/529/1504 
f 316/600/1505 315/604/1506 233/603/1507 234/598/1508 
f 317/599/1509 316/600/1510 234/598/1511 235/591/1512 
f 275/595/1513 317/599/1514 235/591/1515 188/593/1516 
f 315/604/1517 314/610/1518 232/609/1519 233/603/1520 
f 188/593/1521 235/591/1522 218/588/1523 
f 317/599/1524 275/595/1525 300/601/1526 
f 307/624/1527 297/617/1528 306/628/1529 
f 296/625/1530 297/617/1531 307/624/1532 
f 214/597/1533 212/594/1534 223/590/1535 
f 223/590/1536 222/586/1537 221/587/1538 
f 314/610/1539 313/615/1540 231/614/1541 232/609/1542 
f 313/615/1543 308/616/1544 224/608/1545 231/614/1546 
f 224/608/1547 308/616/1548 195/613/1549 192/612/1550 
f 302/611/1551 290/619/1552 305/620/1553 
f 219/584/1554 207/579/1555 188/593/1556 
s 4
f 347/700/1557 345/697/1558 346/698/1559 348/699/1560 
s 1
f 345/704/1561 341/701/1562 342/702/1563 346/703/1564 
f 346/703/1565 342/702/1566 344/705/1567 348/706/1568 
f 348/706/1569 344/705/1570 343/707/1571 347/708/1572 
f 347/708/1573 343/707/1574 341/709/1575 345/710/1576 
s 4
f 355/714/1577 353/711/1578 354/712/1579 356/713/1580 
s 1
f 353/718/1581 349/715/1582 350/716/1583 354/717/1584 
f 354/717/1585 350/716/1586 352/719/1587 356/720/1588 
f 356/720/1589 352/719/1590 351/721/1591 355/722/1592 
f 355/722/1593 351/721/1594 349/723/1595 353/724/1596 
s 4
f 363/728/1597 361/725/1598 362/726/1599 364/727/1600 
s 1
f 361/732/1601 357/729/1602 358/730/1603 362/731/1604 
f 362/731/1605 358/730/1606 360/733/1607 364/734/1608 
f 364/734/1609 360/733/1610 359/735/1611 363/736/1612 
f 363/736/1613 359/735/1614 357/737/1615 361/738/1616 
s 4
f 371/742/1617 369/739/1618 370/740/1619 372/741/1620 
s 1
f 369/746/1621 365/743/1622 366/744/1623 370/745/1624 
f 370/745/1625 366/744/1626 368/747/1627 372/748/1628 
f 372/748/1629 368/747/1630 367/749/1631 371/750/1632 
f 371/750/1633 367/749/1634 365/751/1635 369/752/1636 
s 4
f 379/756/1637 377/753/1638 378/754/1639 380/755/1640 
s 1
f 377/760/1641 373/757/1642 374/758/1643 378/759/1644 
f 378/759/1645 374/758/1646 376/761/1647 380/762/1648 
f 380/762/1649 376/761/1650 375/763/1651 379/764/1652 
f 379/764/1653 375/763/1654 373/765/1655 377/766/1656 
s 4
f 387/770/1657 385/767/1658 386/768/1659 388/769/1660 
s 1
f 385/774/1661 381/771/1662 382/772/1663 386/773/1664 
f 386/773/1665 382/772/1666 384/775/1667 388/776/1668 
f 388/776/1669 384/775/1670 383/777/1671 387/778/1672 
f 387/778/1673 383/777/1674 381/779/1675 385/780/1676 
s 4
f 391/783/1677 392/784/1678 389/781/1679 390/782/1680 
s 1
f 392/787/1681 394/788/1682 393/785/1683 389/786/1684 
f 389/786/1685 393/785/1686 395/789/1687 390/790/1688 
f 390/790/1689 395/789/1690 396/791/1691 391/792/1692 
f 391/792/1693 396/791/1694 394/793/1695 392/794/1696 
s 4
f 399/797/1697 400/798/1698 397/795/1699 398/796/1700 
s 1
f 400/801/1701 402/802/1702 401/799/1703 397/800/1704 
f 397/800/1705 401/799/1706 403/803/1707 398/804/1708 
f 398/804/1709 403/803/1710 404/805/1711 399/806/1712 
f 399/806/1713 404/805/1714 402/807/1715 400/808/1716 
s 4
f 407/811/1717 408/812/1718 405/809/1719 406/810/1720 
s 1
f 408/815/1721 410/816/1722 409/813/1723 405/814/1724 
f 405/814/1725 409/813/1726 411/817/1727 406/818/1728 
f 406/818/1729 411/817/1730 412/819/1731 407/820/1732 
f 407/820/1733 412/819/1734 410/821/1735 408/822/1736 
s 4
f 415/825/1737 416/826/1738 413/823/1739 414/824/1740 
s 1
f 416/829/1741 418/830/1742 417/827/1743 413/828/1744 
f 413/828/1745 417/827/1746 419/831/1747 414/832/1748 
f 414/832/1749 419/831/1750 420/833/1751 415/834/1752 
f 415/834/1753 420/833/1754 418/835/1755 416/836/1756 
s 4
f 423/839/1757 424/840/1758 421/837/1759 422/838/1760 
s 1
f 424/843/1761 426/844/1762 425/841/1763 421/842/1764 
f 421/842/1765 425/841/1766 427/845/1767 422/846/1768 
f 422/846/1769 427/845/1770 428/847/1771 423/848/1772 
f 423/848/1773 428/847/1774 426/849/1775 424/850/1776 
s 4
f 431/853/1777 432/854/1778 429/851/1779 430/852/1780 
s 1
f 432/857/1781 434/858/1782 433/855/1783 429/856/1784 
f 429/856/1785 433/855/1786 435/859/1787 430/860/1788 
f 430/860/1789 435/859/1790 436/861/1791 431/862/1792 
f 431/862/1793 436/861/1794 434/863/1795 432/864/1796 
f 440/868/1797 439/865/1798 437/866/1799 438/867/1800 
# 333 polygons - 156 triangles

