o DVDcase
v -1.560474 2.220482 -0.171698
v 1.560474 2.220600 -0.171106
v -1.561066 2.220482 0.171106
v 1.560474 2.220600 0.171106
v -1.560474 2.216744 -0.190491
v -1.567892 2.216744 -0.189016
v -1.574181 2.216744 -0.184813
v -1.578384 2.216744 -0.178524
v -1.579859 2.216744 -0.171106
v -1.579859 2.216744 0.171106
v -1.578384 2.216744 0.178524
v -1.574181 2.216744 0.184813
v -1.567892 2.216744 0.189016
v -1.560474 2.216744 0.190491
v 1.560474 2.216744 0.190491
v 1.567892 2.216744 0.189016
v 1.574181 2.216744 0.184813
v 1.578384 2.216744 0.178524
v 1.579859 2.216744 0.171106
v 1.579859 2.216744 -0.171106
v 1.578384 2.216744 -0.178524
v 1.574181 2.216744 -0.184813
v 1.567892 2.216744 -0.189016
v 1.560474 2.216744 -0.190491
v -1.560474 2.205764 -0.206925
v -1.574181 2.205764 -0.204199
v -1.585802 2.205764 -0.196434
v -1.593567 2.205764 -0.184813
v -1.596293 2.205764 -0.171106
v -1.596293 2.205764 0.171106
v -1.593567 2.205764 0.184813
v -1.585802 2.205764 0.196434
v -1.574181 2.205764 0.204199
v -1.560474 2.205764 0.206925
v 1.560474 2.205764 0.206925
v 1.574181 2.205764 0.204199
v 1.585802 2.205764 0.196434
v 1.593567 2.205764 0.184813
v 1.596293 2.205764 0.171106
v 1.596293 2.205764 -0.171106
v 1.593567 2.205764 -0.184813
v 1.585802 2.205764 -0.196434
v 1.574181 2.205764 -0.204199
v 1.560474 2.205764 -0.206925
v -1.560474 2.189329 -0.217906
v -1.578384 2.189329 -0.214343
v -1.593567 2.189329 -0.204199
v -1.603712 2.189329 -0.189016
v -1.607274 2.189329 -0.171106
v -1.607274 2.189329 0.171106
v -1.603712 2.189329 0.189016
v -1.593567 2.189329 0.204199
v -1.578384 2.189329 0.214343
v -1.560474 2.189329 0.217906
v 1.560474 2.189329 0.217906
v 1.578384 2.189329 0.214343
v 1.593567 2.189329 0.204199
v 1.603712 2.189329 0.189016
v 1.607274 2.189329 0.171106
v 1.607274 2.189329 -0.171106
v 1.603712 2.189329 -0.189016
v 1.593567 2.189329 -0.204199
v 1.578384 2.189329 -0.214343
v 1.560474 2.189329 -0.217906
v -1.560474 2.169944 -0.221762
v -1.579859 2.169944 -0.217906
v -1.596293 2.169944 -0.206925
v -1.607274 2.169944 -0.190491
v -1.611130 2.169944 -0.171106
v -1.611130 2.169944 0.171106
v -1.607274 2.169944 0.190491
v -1.596293 2.169944 0.206925
v -1.579859 2.169944 0.217906
v -1.560474 2.169944 0.221762
v 1.560474 2.169944 0.221762
v 1.579859 2.169944 0.217906
v 1.596293 2.169944 0.206925
v 1.607274 2.169944 0.190491
v 1.611130 2.169944 0.171106
v 1.611130 2.169944 -0.171106
v 1.607274 2.169944 -0.190491
v 1.596293 2.169944 -0.206925
v 1.579859 2.169944 -0.217906
v 1.560474 2.169944 -0.221762
v -1.560474 -2.174344 -0.221762
v -1.579859 -2.174344 -0.217906
v -1.596293 -2.174344 -0.206925
v -1.607274 -2.174344 -0.190491
v -1.611130 -2.174344 -0.171106
v -1.611130 -2.174344 0.171106
v -1.607274 -2.174344 0.190491
v -1.596293 -2.174344 0.206925
v -1.579859 -2.174344 0.217906
v -1.560474 -2.174344 0.221762
v 1.560474 -2.174344 0.221762
v 1.579859 -2.174344 0.217906
v 1.596293 -2.174344 0.206925
v 1.607274 -2.174344 0.190491
v 1.611130 -2.174344 0.171106
v 1.611130 -2.174344 -0.171106
v 1.607274 -2.174344 -0.190491
v 1.596293 -2.174344 -0.206925
v 1.579859 -2.174344 -0.217906
v 1.560474 -2.174344 -0.221762
v -1.560474 -2.193729 -0.217906
v -1.578384 -2.193729 -0.214343
v -1.593567 -2.193729 -0.204199
v -1.603712 -2.193729 -0.189016
v -1.607274 -2.193729 -0.171106
v -1.607274 -2.193729 0.171106
v -1.603712 -2.193729 0.189016
v -1.593567 -2.193729 0.204199
v -1.578384 -2.193729 0.214343
v -1.560474 -2.193729 0.217906
v 1.560474 -2.193729 0.217906
v 1.578384 -2.193729 0.214343
v 1.593567 -2.193729 0.204199
v 1.603712 -2.193729 0.189016
v 1.607274 -2.193729 0.171106
v 1.607274 -2.193729 -0.171106
v 1.603712 -2.193729 -0.189016
v 1.593567 -2.193729 -0.204199
v 1.578384 -2.193729 -0.214343
v 1.560474 -2.193729 -0.217906
v -1.560474 -2.210163 -0.206925
v -1.574181 -2.210163 -0.204199
v -1.585802 -2.210163 -0.196434
v -1.593567 -2.210163 -0.184813
v -1.596293 -2.210163 -0.171106
v -1.596293 -2.210163 0.171106
v -1.593567 -2.210163 0.184813
v -1.585802 -2.210163 0.196434
v -1.574181 -2.210163 0.204199
v -1.560474 -2.210163 0.206925
v 1.560474 -2.210163 0.206925
v 1.574181 -2.210163 0.204199
v 1.585802 -2.210163 0.196434
v 1.593567 -2.210163 0.184813
v 1.596293 -2.210163 0.171106
v 1.596293 -2.210163 -0.171106
v 1.593567 -2.210163 -0.184813
v 1.585802 -2.210163 -0.196434
v 1.574181 -2.210163 -0.204199
v 1.560474 -2.210163 -0.206925
v -1.560474 -2.221144 -0.190491
v -1.567892 -2.221144 -0.189016
v -1.574181 -2.221144 -0.184813
v -1.578384 -2.221144 -0.178524
v -1.579859 -2.221144 -0.171106
v -1.579859 -2.221144 0.171106
v -1.578384 -2.221144 0.178524
v -1.574181 -2.221144 0.184813
v -1.567892 -2.221144 0.189016
v -1.560474 -2.221144 0.190491
v 1.560474 -2.221144 0.190491
v 1.567892 -2.221144 0.189016
v 1.574181 -2.221144 0.184813
v 1.578384 -2.221144 0.178524
v 1.579859 -2.221144 0.171106
v 1.579859 -2.221144 -0.171106
v 1.578384 -2.221144 -0.178524
v 1.574181 -2.221144 -0.184813
v 1.567892 -2.221144 -0.189016
v 1.560474 -2.221144 -0.190491
v 1.560474 -2.225000 0.171106
v -1.561066 -2.224882 0.171106
v 1.560474 -2.225000 -0.171106
v -1.560474 -2.224882 -0.171698
v -1.560474 2.133886 -0.221762
v -1.560474 -2.138286 -0.221762
v -1.579859 -2.138287 -0.217906
v -1.579859 2.133886 -0.217906
v -1.596293 -2.138287 -0.206925
v -1.596293 2.133886 -0.206925
v -1.607274 -2.138287 -0.190491
v -1.607274 2.133886 -0.190491
v -1.611130 -2.138287 -0.171106
v -1.611130 2.133886 -0.171106
v -1.611130 -2.138287 0.171106
v -1.611130 2.133886 0.171106
v -1.607274 -2.138287 0.190491
v -1.607274 2.133886 0.190491
v -1.596293 -2.138287 0.206925
v -1.596293 2.133886 0.206925
v -1.579859 -2.138287 0.217906
v -1.579859 2.133886 0.217906
v -1.560474 -2.138287 0.221762
v -1.560474 2.133886 0.221762
v 1.560474 -2.138287 0.221762
v 1.560474 2.133886 0.221762
v 1.579859 -2.138287 0.217906
v 1.579859 2.133886 0.217906
v 1.596293 -2.138287 0.206925
v 1.596293 2.133886 0.206925
v 1.607274 -2.138287 0.190491
v 1.607274 2.133886 0.190491
v 1.611130 -2.138287 0.171106
v 1.611130 2.133886 0.171106
v 1.611130 -2.138287 -0.171106
v 1.611130 2.133886 -0.171106
v 1.607274 -2.138287 -0.190491
v 1.607274 2.133886 -0.190491
v 1.596293 -2.138287 -0.206925
v 1.596293 2.133886 -0.206925
v 1.579859 -2.138287 -0.217906
v 1.579859 2.133886 -0.217906
v 1.560474 -2.138287 -0.221762
v 1.560474 2.133886 -0.221762
v 1.482450 2.220600 0.171106
v 1.482450 2.220600 -0.171106
v 1.482450 2.216744 0.190491
v 1.482450 2.216744 -0.190491
v 1.482450 2.205764 0.206925
v 1.482450 2.205764 -0.206925
v 1.482450 2.189329 0.217906
v 1.482450 2.189329 -0.217906
v 1.482450 2.169944 0.221762
v 1.482450 2.169944 -0.221762
v 1.482450 -2.174344 0.221762
v 1.482450 -2.174344 -0.221762
v 1.482450 -2.193729 0.217906
v 1.482450 -2.193729 -0.217906
v 1.482450 -2.210163 0.206925
v 1.482450 -2.210163 -0.206925
v 1.482450 -2.221144 0.190491
v 1.482450 -2.221144 -0.190491
v 1.482450 -2.225000 0.171106
v 1.482450 -2.225000 -0.171106
v 1.482450 -2.138287 0.221762
v 1.482450 2.133886 0.221762
v 1.482450 -2.138287 -0.221762
v 1.482450 2.133886 -0.221762
v -1.577278 -2.138286 -0.198694
v -1.587061 -2.138287 -0.195239
v -1.595355 -2.138287 -0.185401
v -1.600896 -2.138287 -0.170676
v -1.602842 -2.138287 -0.153307
v -1.602842 -2.138287 0.153307
v -1.600896 -2.138287 0.170676
v -1.595355 -2.138287 0.185401
v -1.587061 -2.138287 0.195239
v -1.577278 -2.138287 0.198694
v 1.482450 -2.138287 0.198694
v 1.482450 2.133886 0.198694
v -1.577278 2.133886 0.198694
v -1.587061 2.133886 0.195239
v -1.595355 2.133886 0.185401
v -1.600896 2.133886 0.170676
v -1.602842 2.133886 0.153307
v -1.602842 2.133886 -0.153307
v -1.600896 2.133886 -0.170676
v -1.595355 2.133886 -0.185401
v -1.587061 2.133886 -0.195239
v -1.577278 2.133886 -0.198694
v 1.482450 2.133886 -0.198694
v 1.482450 -2.138287 -0.198694
v -1.453972 2.220600 0.171106
v -1.453972 2.216744 0.190491
v -1.453972 2.205764 0.206925
v -1.453972 2.189329 0.217906
v -1.453972 2.169944 0.221762
v -1.453972 -2.174344 0.221762
v -1.453972 -2.193729 0.217906
v -1.453972 -2.210163 0.206925
v -1.453972 -2.221144 0.190491
v -1.453972 -2.225000 0.171106
v -1.453972 -2.138287 0.221762
v -1.453972 2.133886 -0.221762
v -1.453972 2.220600 -0.171106
v -1.453972 2.216744 -0.190491
v -1.453972 2.205764 -0.206925
v -1.453972 2.189329 -0.217906
v -1.453972 2.169944 -0.221762
v -1.453972 -2.174344 -0.221762
v -1.453972 -2.193729 -0.217906
v -1.453972 -2.210163 -0.206925
v -1.453972 -2.221144 -0.190491
v -1.453972 -2.225000 -0.171106
v -1.453972 2.133886 0.221762
v -1.453972 -2.138286 -0.221762
v -1.470188 -2.138287 0.198694
v -1.470188 2.133886 0.198694
v -1.470188 2.133886 -0.198694
v -1.470188 -2.138286 -0.198694
v -1.560474 2.220600 -0.004278
v -1.560474 2.220600 0.000000
v -1.560474 2.220600 0.004278
v 1.560474 2.220600 0.004278
v 1.558628 2.201853 0.000000
v 1.560474 2.220600 -0.004278
v -1.579859 2.216744 -0.004278
v -1.579859 2.216744 0.000000
v -1.579859 2.216744 0.004278
v 1.579859 2.216744 0.004278
v 1.572650 2.199340 0.000000
v 1.579859 2.216744 -0.004278
v -1.596293 2.205764 -0.004278
v -1.596293 2.205764 0.000000
v -1.596293 2.205764 0.004278
v 1.596293 2.205764 0.004278
v 1.582972 2.192443 0.000000
v 1.596293 2.205764 -0.004278
v -1.607274 2.189329 -0.004278
v -1.607274 2.189329 0.000000
v -1.607274 2.189329 0.004278
v 1.607274 2.189329 0.004278
v 1.589870 2.182120 0.000000
v 1.607274 2.189329 -0.004278
v -1.611130 2.169944 -0.004278
v -1.611130 2.169944 0.000000
v -1.611130 2.169944 0.004278
v 1.611130 2.169944 0.004278
v 1.592382 2.168098 0.000000
v 1.611130 2.169944 -0.004278
v -1.611130 -2.174344 -0.004278
v -1.611130 -2.174344 0.000000
v -1.611130 -2.174344 0.004278
v 1.611130 -2.174344 0.004278
v 1.592382 -2.172498 0.000000
v 1.611130 -2.174344 -0.004278
v -1.607274 -2.193729 -0.004278
v -1.607274 -2.193729 0.000000
v -1.607274 -2.193729 0.004278
v 1.607274 -2.193729 0.004278
v 1.589870 -2.186520 0.000000
v 1.607274 -2.193729 -0.004278
v -1.596293 -2.210163 -0.004278
v -1.596293 -2.210163 0.000000
v -1.596293 -2.210163 0.004278
v 1.596293 -2.210163 0.004278
v 1.582972 -2.196842 0.000000
v 1.596293 -2.210163 -0.004278
v -1.579859 -2.221144 -0.004278
v -1.579859 -2.221144 0.000000
v -1.579859 -2.221144 0.004278
v 1.579859 -2.221144 0.004278
v 1.572650 -2.203740 0.000000
v 1.579859 -2.221144 -0.004278
v -1.560474 -2.225000 -0.004278
v -1.560474 -2.225000 0.000000
v -1.560474 -2.225000 0.004278
v 1.560474 -2.225000 0.004278
v 1.558628 -2.206252 0.000000
v 1.560474 -2.225000 -0.004278
v -1.611130 -2.138287 -0.004278
v -1.611130 -2.138287 0.000000
v -1.611130 -2.138287 0.004278
v -1.611130 2.133886 0.004278
v -1.611130 2.133886 0.000000
v -1.611130 2.133886 -0.004278
v 1.611130 -2.138287 0.004278
v 1.592292 -2.138287 0.000000
v 1.611130 -2.138287 -0.004278
v 1.611130 2.133886 -0.004278
v 1.592292 2.133886 0.000000
v 1.611130 2.133886 0.004278
v 1.482450 2.220600 0.004278
v 1.482450 2.201762 0.000000
v 1.482450 2.220600 -0.004278
v 1.482450 -2.225000 0.004278
v 1.482450 -2.206161 0.000000
v 1.482450 -2.225000 -0.004278
v -1.602842 -2.138287 -0.003833
v -1.602842 -2.138287 0.000000
v -1.602842 -2.138287 0.003833
v -1.602842 2.133886 0.003833
v -1.602842 2.133886 0.000000
v -1.602842 2.133886 -0.003833
v -1.453972 2.220600 0.004881
v -1.453972 2.201762 0.000000
v -1.454575 2.220600 -0.004278
v -1.454575 -2.225000 0.004278
v -1.453972 -2.206161 0.000000
v -1.453972 -2.225000 -0.004881
v -1.560701 2.220482 -0.171653
v -1.560892 2.220482 -0.171524
v -1.561021 2.220482 -0.171332
v -1.561066 2.220482 -0.171106
v -1.560474 2.220600 -0.170503
v -1.559871 2.220600 -0.171106
v -1.453972 2.220600 -0.003674
v -1.453368 2.220600 -0.004278
v -1.453972 2.220600 -0.004881
v -1.560531 2.220541 -0.171391
v -1.560635 2.220541 -0.171347
v -1.560715 2.220541 -0.171267
v -1.560759 2.220541 -0.171163
v -1.560622 2.220571 -0.170955
v -1.560323 2.201762 -0.170955
v -1.560323 2.220571 -0.171254
v -1.454123 2.220600 -0.004127
v -1.453821 2.220600 -0.004127
v -1.453821 2.220600 -0.004428
v -1.454123 2.201762 -0.004428
v -1.561021 2.220482 0.171332
v -1.560892 2.220482 0.171524
v -1.560701 2.220482 0.171653
v -1.560474 2.220482 0.171698
v -1.559871 2.220600 0.171106
v -1.560474 2.220600 0.170503
v -1.453368 2.220600 0.004278
v -1.453972 2.220600 0.003674
v -1.454575 2.220600 0.004278
v -1.560759 2.220541 0.171163
v -1.560715 2.220541 0.171267
v -1.560635 2.220541 0.171347
v -1.560531 2.220541 0.171391
v -1.560323 2.220571 0.171254
v -1.560323 2.201762 0.170955
v -1.560622 2.220571 0.170955
v -1.453821 2.220600 0.004428
v -1.453821 2.220600 0.004127
v -1.454123 2.220600 0.004127
v -1.454123 2.201762 0.004428
v -1.559871 -2.225000 -0.171106
v -1.560474 -2.225000 -0.170503
v -1.561066 -2.224882 -0.171106
v -1.561021 -2.224882 -0.171332
v -1.560892 -2.224882 -0.171524
v -1.560701 -2.224882 -0.171653
v -1.453368 -2.225000 -0.004278
v -1.453972 -2.225000 -0.003674
v -1.454575 -2.225000 -0.004278
v -1.560323 -2.224971 -0.171254
v -1.560323 -2.206161 -0.170955
v -1.560622 -2.224971 -0.170955
v -1.560759 -2.224941 -0.171163
v -1.560715 -2.224941 -0.171267
v -1.560635 -2.224941 -0.171347
v -1.560531 -2.224941 -0.171391
v -1.453821 -2.225000 -0.004428
v -1.453821 -2.225000 -0.004127
v -1.454123 -2.225000 -0.004127
v -1.454123 -2.206161 -0.004428
v -1.560474 -2.225000 0.170503
v -1.559871 -2.225000 0.171106
v -1.560474 -2.224882 0.171698
v -1.560701 -2.224882 0.171653
v -1.560892 -2.224882 0.171524
v -1.561021 -2.224882 0.171332
v -1.453972 -2.225000 0.003674
v -1.453368 -2.225000 0.004278
v -1.453972 -2.225000 0.004881
v -1.560622 -2.224971 0.170955
v -1.560323 -2.206161 0.170955
v -1.560323 -2.224971 0.171254
v -1.560531 -2.224941 0.171391
v -1.560635 -2.224941 0.171347
v -1.560715 -2.224941 0.171267
v -1.560759 -2.224941 0.171163
v -1.454123 -2.225000 0.004127
v -1.453821 -2.225000 0.004127
v -1.453821 -2.225000 0.004428
v -1.454123 -2.206161 0.004428
v 1.611130 -0.779593 0.171106
v 1.611130 0.775193 0.171106
v 1.611130 -0.779593 -0.171106
v 1.611130 0.775193 -0.171106
v 1.611130 -0.779593 -0.004278
v 1.611130 0.775193 -0.004278
v 1.592292 -0.779593 0.000000
v 1.592292 0.775193 0.000000
v 1.611130 0.775193 0.004278
v 1.611130 -0.779593 0.004278
v 1.611130 0.706791 0.171106
v 1.611130 -0.711191 0.171106
v 1.611130 -0.779593 0.004278
v 1.611130 -0.798432 0.000001
v 1.611130 -0.779593 -0.004278
v 1.611130 -0.711191 -0.171106
v 1.611130 0.706791 -0.171106
v 1.611130 0.775193 -0.004278
v 1.611130 0.794031 -0.000001
v 1.611130 0.775193 0.004278
v 1.489650 0.775193 -0.171106
v 1.489650 0.775193 -0.004278
v 1.489650 0.775193 -0.004278
v 1.476330 0.788514 -0.000000
v 1.489650 0.775193 0.004278
v 1.489650 0.775193 0.004278
v 1.489650 0.775193 0.171106
v 1.489650 0.706791 0.171106
v 1.489650 -0.711191 0.171106
v 1.489650 -0.779593 0.171106
v 1.489650 -0.779593 0.004278
v 1.489650 -0.779593 0.004278
v 1.476330 -0.792914 0.000000
v 1.489650 -0.779593 -0.004278
v 1.489650 -0.779593 -0.004278
v 1.489650 -0.779593 -0.171106
v 1.489650 -0.711191 -0.171106
v 1.489650 0.706791 -0.171106
v 1.560474 2.220600 0.003175
v 1.560474 2.220600 -0.003175
v 1.579859 2.216744 0.003175
v 1.579859 2.216744 -0.003175
v 1.596293 2.205764 0.003175
v 1.596293 2.205764 -0.003175
v 1.607274 2.189329 0.003175
v 1.607274 2.189329 -0.003175
v 1.611130 2.169944 0.003175
v 1.611130 2.169944 -0.003175
v 1.611130 -2.174344 0.003175
v 1.611130 -2.174344 -0.003175
v 1.607274 -2.193729 0.003175
v 1.607274 -2.193729 -0.003175
v 1.596293 -2.210163 0.003175
v 1.596293 -2.210163 -0.003175
v 1.579859 -2.221144 0.003175
v 1.579859 -2.221144 -0.003175
v 1.560474 -2.225000 0.003175
v 1.560474 -2.225000 -0.003175
v 1.611130 -2.138287 0.003175
v 1.611130 -2.138287 -0.003175
v 1.611130 2.133886 -0.003175
v 1.611130 2.133886 0.003175
v 1.482450 2.220600 0.003175
v 1.482450 2.220600 -0.003175
v 1.482450 -2.225000 0.003175
v 1.482450 -2.225000 -0.003175
v -1.453972 2.220600 0.003175
v -1.453972 2.220600 -0.003175
v -1.453972 -2.225000 0.003175
v -1.453972 -2.225000 -0.003175
v -1.457147 2.220600 0.000000
v -1.457147 -2.225000 0.000000
v 1.611130 0.775193 0.003175
v 1.611130 -0.779593 0.003175
v 1.611130 0.775193 -0.003175
v 1.611130 -0.779593 -0.003175
v 1.611130 -0.779593 0.003175
v 1.611130 -0.779593 -0.003175
v 1.611130 0.775193 -0.003175
v 1.611130 0.775193 0.003175
v 1.611130 -0.779593 0.000000
v 1.611130 -0.779593 0.000000
v 1.611130 0.775193 0.000000
v 1.611130 0.775193 0.000000
v 1.489650 0.775193 -0.003175
v 1.489650 0.775193 0.003175
v 1.489650 -0.779593 0.003175
v 1.489650 -0.779593 -0.003175
v -1.560474 2.220600 -0.170503
v -1.453972 2.220600 -0.004881
v -1.559871 2.220600 -0.171106
v -1.454575 2.220600 -0.004278
v -1.560622 2.220571 -0.170955
v -1.560323 2.220571 -0.171254
v -1.454123 2.220600 -0.004127
v -1.453821 2.220600 -0.004428
v -1.559871 2.220600 0.171106
v -1.454575 2.220600 0.004278
v -1.560474 2.220600 0.170503
v -1.453972 2.220600 0.004881
v -1.560323 2.220571 0.171254
v -1.560622 2.220571 0.170955
v -1.453821 2.220600 0.004428
v -1.454123 2.220600 0.004127
v -1.559871 -2.225000 -0.171106
v -1.454575 -2.225000 -0.004278
v -1.560474 -2.225000 -0.170503
v -1.453972 -2.225000 -0.004881
v -1.560323 -2.224971 -0.171254
v -1.560622 -2.224971 -0.170955
v -1.453821 -2.225000 -0.004428
v -1.454123 -2.225000 -0.004127
v -1.560474 -2.225000 0.170503
v -1.453972 -2.225000 0.004881
v -1.559871 -2.225000 0.171106
v -1.454575 -2.225000 0.004278
v -1.560622 -2.224971 0.170955
v -1.560323 -2.224971 0.171254
v -1.454123 -2.225000 0.004127
v -1.453821 -2.225000 0.004428
v -1.560474 2.220600 0.000000
v -1.453972 2.220600 -0.003175
v -1.560474 2.220600 0.000000
v -1.453972 2.220600 -0.003674
v -1.560474 2.220600 -0.004278
v -1.453972 2.220600 -0.003674
v -1.560474 2.220600 -0.004278
v -1.454123 2.220600 -0.004127
v -1.560474 2.220482 -0.171698
v -1.567892 2.216744 -0.189016
v -1.560531 2.220541 -0.171391
v -1.567892 2.216744 -0.189016
v -1.560701 2.220482 -0.171653
v -1.567892 2.216744 -0.189016
v -1.560701 2.220482 -0.171653
v -1.574181 2.216744 -0.184813
v -1.560635 2.220541 -0.171347
v -1.574181 2.216744 -0.184813
v -1.560892 2.220482 -0.171524
v -1.574181 2.216744 -0.184813
v -1.560892 2.220482 -0.171524
v -1.578384 2.216744 -0.178524
v -1.560715 2.220541 -0.171267
v -1.578384 2.216744 -0.178524
v -1.561021 2.220482 -0.171332
v -1.578384 2.216744 -0.178524
v -1.561021 2.220482 -0.171332
v -1.579859 2.216744 -0.171106
v -1.560759 2.220541 -0.171163
v -1.579859 2.216744 -0.171106
v -1.560474 2.220600 0.000000
v -1.560474 2.220600 -0.004278
v -1.560474 2.220600 -0.004278
v -1.579859 2.216744 0.000000
v -1.561066 2.220482 0.171106
v -1.578384 2.216744 0.178524
v -1.560759 2.220541 0.171163
v -1.578384 2.216744 0.178524
v -1.561021 2.220482 0.171332
v -1.578384 2.216744 0.178524
v -1.561021 2.220482 0.171332
v -1.574181 2.216744 0.184813
v -1.560715 2.220541 0.171267
v -1.574181 2.216744 0.184813
v -1.560892 2.220482 0.171524
v -1.574181 2.216744 0.184813
v -1.560892 2.220482 0.171524
v -1.567892 2.216744 0.189016
v -1.560635 2.220541 0.171347
v -1.567892 2.216744 0.189016
v -1.560701 2.220482 0.171653
v -1.567892 2.216744 0.189016
v -1.560701 2.220482 0.171653
v -1.560474 2.216744 0.190491
v -1.560531 2.220541 0.171391
v -1.560474 2.216744 0.190491
v -1.560474 2.216744 0.190491
v -1.560474 2.220482 0.171698
v -1.560474 2.216744 0.190491
v -1.453972 2.220600 0.171106
v -1.560474 2.220482 0.171698
v -1.453972 2.220600 0.171106
v -1.560323 2.220571 0.171254
v -1.453972 2.220600 0.171106
v 1.560474 2.220600 0.171106
v 1.567892 2.216744 0.189016
v 1.560474 2.220600 0.171106
v 1.574181 2.216744 0.184813
v 1.560474 2.220600 0.171106
v 1.578384 2.216744 0.178524
v 1.560474 2.220600 0.004278
v 1.579859 2.216744 0.003175
v 1.560474 2.220600 -0.171106
v 1.578384 2.216744 -0.178524
v 1.560474 2.220600 -0.171106
v 1.574181 2.216744 -0.184813
v 1.560474 2.220600 -0.171106
v 1.567892 2.216744 -0.189016
v 1.560474 2.216744 -0.190491
v 1.482450 2.220600 -0.171106
v 1.560474 2.220600 -0.171106
v 1.560474 2.216744 -0.190491
v -1.567892 2.216744 -0.189016
v -1.560474 2.216744 -0.190491
v -1.560474 2.216744 -0.190491
v -1.574181 2.205764 -0.204199
v -1.574181 2.216744 -0.184813
v -1.567892 2.216744 -0.189016
v -1.567892 2.216744 -0.189016
v -1.574181 2.205764 -0.204199
v -1.585802 2.205764 -0.196434
v -1.578384 2.216744 -0.178524
v -1.574181 2.216744 -0.184813
v -1.574181 2.216744 -0.184813
v -1.585802 2.205764 -0.196434
v -1.593567 2.205764 -0.184813
v -1.579859 2.216744 -0.171106
v -1.578384 2.216744 -0.178524
v -1.578384 2.216744 -0.178524
v -1.593567 2.205764 -0.184813
v -1.596293 2.205764 -0.171106
v -1.579859 2.216744 0.000000
v -1.579859 2.216744 -0.004278
v -1.579859 2.216744 -0.004278
v -1.596293 2.205764 0.000000
v -1.578384 2.216744 0.178524
v -1.579859 2.216744 0.171106
v -1.579859 2.216744 0.171106
v -1.593567 2.205764 0.184813
v -1.574181 2.216744 0.184813
v -1.578384 2.216744 0.178524
v -1.578384 2.216744 0.178524
v -1.593567 2.205764 0.184813
v -1.585802 2.205764 0.196434
v -1.567892 2.216744 0.189016
v -1.574181 2.216744 0.184813
v -1.574181 2.216744 0.184813
v -1.585802 2.205764 0.196434
v -1.574181 2.205764 0.204199
v -1.560474 2.216744 0.190491
v -1.567892 2.216744 0.189016
v -1.567892 2.216744 0.189016
v -1.574181 2.205764 0.204199
v -1.560474 2.205764 0.206925
v -1.560474 2.205764 0.206925
v -1.453972 2.216744 0.190491
v -1.453972 2.216744 0.190491
v -1.560474 2.216744 0.190491
v -1.560474 2.205764 0.206925
v 1.567892 2.216744 0.189016
v 1.560474 2.216744 0.190491
v 1.560474 2.216744 0.190491
v 1.574181 2.205764 0.204199
v 1.574181 2.216744 0.184813
v 1.567892 2.216744 0.189016
v 1.567892 2.216744 0.189016
v 1.574181 2.205764 0.204199
v 1.585802 2.205764 0.196434
v 1.578384 2.216744 0.178524
v 1.574181 2.216744 0.184813
v 1.574181 2.216744 0.184813
v 1.585802 2.205764 0.196434
v 1.593567 2.205764 0.184813
v 1.579859 2.216744 0.171106
v 1.578384 2.216744 0.178524
v 1.578384 2.216744 0.178524
v 1.593567 2.205764 0.184813
v 1.596293 2.205764 0.171106
v 1.579859 2.216744 0.003175
v 1.579859 2.216744 0.004278
v 1.579859 2.216744 0.004278
v 1.596293 2.205764 0.003175
v 1.578384 2.216744 -0.178524
v 1.579859 2.216744 -0.171106
v 1.579859 2.216744 -0.171106
v 1.593567 2.205764 -0.184813
v 1.574181 2.216744 -0.184813
v 1.578384 2.216744 -0.178524
v 1.578384 2.216744 -0.178524
v 1.593567 2.205764 -0.184813
v 1.585802 2.205764 -0.196434
v 1.567892 2.216744 -0.189016
v 1.574181 2.216744 -0.184813
v 1.574181 2.216744 -0.184813
v 1.585802 2.205764 -0.196434
v 1.574181 2.205764 -0.204199
v 1.560474 2.216744 -0.190491
v 1.567892 2.216744 -0.189016
v 1.567892 2.216744 -0.189016
v 1.574181 2.205764 -0.204199
v 1.560474 2.205764 -0.206925
v 1.560474 2.205764 -0.206925
v 1.482450 2.216744 -0.190491
v 1.482450 2.216744 -0.190491
v 1.560474 2.216744 -0.190491
v 1.560474 2.205764 -0.206925
v -1.574181 2.205764 -0.204199
v -1.560474 2.205764 -0.206925
v -1.560474 2.205764 -0.206925
v -1.578384 2.189329 -0.214343
v -1.585802 2.205764 -0.196434
v -1.574181 2.205764 -0.204199
v -1.574181 2.205764 -0.204199
v -1.578384 2.189329 -0.214343
v -1.593567 2.189329 -0.204199
v -1.593567 2.205764 -0.184813
v -1.585802 2.205764 -0.196434
v -1.585802 2.205764 -0.196434
v -1.593567 2.189329 -0.204199
v -1.603712 2.189329 -0.189016
v -1.596293 2.205764 -0.171106
v -1.593567 2.205764 -0.184813
v -1.593567 2.205764 -0.184813
v -1.603712 2.189329 -0.189016
v -1.607274 2.189329 -0.171106
v -1.596293 2.205764 0.000000
v -1.596293 2.205764 -0.004278
v -1.596293 2.205764 -0.004278
v -1.607274 2.189329 0.000000
v -1.593567 2.205764 0.184813
v -1.596293 2.205764 0.171106
v -1.596293 2.205764 0.171106
v -1.603712 2.189329 0.189016
v -1.585802 2.205764 0.196434
v -1.593567 2.205764 0.184813
v -1.593567 2.205764 0.184813
v -1.603712 2.189329 0.189016
v -1.593567 2.189329 0.204199
v -1.574181 2.205764 0.204199
v -1.585802 2.205764 0.196434
v -1.585802 2.205764 0.196434
v -1.593567 2.189329 0.204199
v -1.578384 2.189329 0.214343
v -1.560474 2.205764 0.206925
v -1.574181 2.205764 0.204199
v -1.574181 2.205764 0.204199
v -1.578384 2.189329 0.214343
v -1.560474 2.189329 0.217906
v -1.560474 2.189329 0.217906
v -1.453972 2.205764 0.206925
v -1.453972 2.205764 0.206925
v -1.560474 2.205764 0.206925
v -1.560474 2.189329 0.217906
v 1.574181 2.205764 0.204199
v 1.560474 2.205764 0.206925
v 1.560474 2.205764 0.206925
v 1.578384 2.189329 0.214343
v 1.585802 2.205764 0.196434
v 1.574181 2.205764 0.204199
v 1.574181 2.205764 0.204199
v 1.578384 2.189329 0.214343
v 1.593567 2.189329 0.204199
v 1.593567 2.205764 0.184813
v 1.585802 2.205764 0.196434
v 1.585802 2.205764 0.196434
v 1.593567 2.189329 0.204199
v 1.603712 2.189329 0.189016
v 1.596293 2.205764 0.171106
v 1.593567 2.205764 0.184813
v 1.593567 2.205764 0.184813
v 1.603712 2.189329 0.189016
v 1.607274 2.189329 0.171106
v 1.596293 2.205764 0.003175
v 1.596293 2.205764 0.004278
v 1.596293 2.205764 0.004278
v 1.607274 2.189329 0.003175
v 1.593567 2.205764 -0.184813
v 1.596293 2.205764 -0.171106
v 1.596293 2.205764 -0.171106
v 1.603712 2.189329 -0.189016
v 1.585802 2.205764 -0.196434
v 1.593567 2.205764 -0.184813
v 1.593567 2.205764 -0.184813
v 1.603712 2.189329 -0.189016
v 1.593567 2.189329 -0.204199
v 1.574181 2.205764 -0.204199
v 1.585802 2.205764 -0.196434
v 1.585802 2.205764 -0.196434
v 1.593567 2.189329 -0.204199
v 1.578384 2.189329 -0.214343
v 1.560474 2.205764 -0.206925
v 1.574181 2.205764 -0.204199
v 1.574181 2.205764 -0.204199
v 1.578384 2.189329 -0.214343
v 1.560474 2.189329 -0.217906
v 1.560474 2.189329 -0.217906
v 1.482450 2.205764 -0.206925
v 1.482450 2.205764 -0.206925
v 1.560474 2.205764 -0.206925
v 1.560474 2.189329 -0.217906
v -1.578384 2.189329 -0.214343
v -1.560474 2.189329 -0.217906
v -1.560474 2.189329 -0.217906
v -1.579859 2.169944 -0.217906
v -1.593567 2.189329 -0.204199
v -1.578384 2.189329 -0.214343
v -1.578384 2.189329 -0.214343
v -1.579859 2.169944 -0.217906
v -1.596293 2.169944 -0.206925
v -1.603712 2.189329 -0.189016
v -1.593567 2.189329 -0.204199
v -1.593567 2.189329 -0.204199
v -1.596293 2.169944 -0.206925
v -1.607274 2.169944 -0.190491
v -1.607274 2.189329 -0.171106
v -1.603712 2.189329 -0.189016
v -1.603712 2.189329 -0.189016
v -1.607274 2.169944 -0.190491
v -1.611130 2.169944 -0.171106
v -1.607274 2.189329 0.000000
v -1.607274 2.189329 -0.004278
v -1.607274 2.189329 -0.004278
v -1.611130 2.169944 0.000000
v -1.603712 2.189329 0.189016
v -1.607274 2.189329 0.171106
v -1.607274 2.189329 0.171106
v -1.607274 2.169944 0.190491
v -1.593567 2.189329 0.204199
v -1.603712 2.189329 0.189016
v -1.603712 2.189329 0.189016
v -1.607274 2.169944 0.190491
v -1.596293 2.169944 0.206925
v -1.578384 2.189329 0.214343
v -1.593567 2.189329 0.204199
v -1.593567 2.189329 0.204199
v -1.596293 2.169944 0.206925
v -1.579859 2.169944 0.217906
v -1.560474 2.189329 0.217906
v -1.578384 2.189329 0.214343
v -1.578384 2.189329 0.214343
v -1.579859 2.169944 0.217906
v -1.560474 2.169944 0.221762
v -1.560474 2.169944 0.221762
v -1.453972 2.189329 0.217906
v -1.453972 2.189329 0.217906
v -1.560474 2.189329 0.217906
v -1.560474 2.169944 0.221762
v 1.578384 2.189329 0.214343
v 1.560474 2.189329 0.217906
v 1.560474 2.189329 0.217906
v 1.579859 2.169944 0.217906
v 1.593567 2.189329 0.204199
v 1.578384 2.189329 0.214343
v 1.578384 2.189329 0.214343
v 1.579859 2.169944 0.217906
v 1.596293 2.169944 0.206925
v 1.603712 2.189329 0.189016
v 1.593567 2.189329 0.204199
v 1.593567 2.189329 0.204199
v 1.596293 2.169944 0.206925
v 1.607274 2.169944 0.190491
v 1.607274 2.189329 0.171106
v 1.603712 2.189329 0.189016
v 1.603712 2.189329 0.189016
v 1.607274 2.169944 0.190491
v 1.611130 2.169944 0.171106
v 1.607274 2.189329 0.003175
v 1.607274 2.189329 0.004278
v 1.607274 2.189329 0.004278
v 1.611130 2.169944 0.003175
v 1.603712 2.189329 -0.189016
v 1.607274 2.189329 -0.171106
v 1.607274 2.189329 -0.171106
v 1.607274 2.169944 -0.190491
v 1.593567 2.189329 -0.204199
v 1.603712 2.189329 -0.189016
v 1.603712 2.189329 -0.189016
v 1.607274 2.169944 -0.190491
v 1.596293 2.169944 -0.206925
v 1.578384 2.189329 -0.214343
v 1.593567 2.189329 -0.204199
v 1.593567 2.189329 -0.204199
v 1.596293 2.169944 -0.206925
v 1.579859 2.169944 -0.217906
v 1.560474 2.189329 -0.217906
v 1.578384 2.189329 -0.214343
v 1.578384 2.189329 -0.214343
v 1.579859 2.169944 -0.217906
v 1.560474 2.169944 -0.221762
v 1.560474 2.169944 -0.221762
v 1.482450 2.189329 -0.217906
v 1.482450 2.189329 -0.217906
v 1.560474 2.189329 -0.217906
v 1.560474 2.169944 -0.221762
v -1.587061 2.133886 -0.195239
v -1.577278 -2.138286 -0.198694
v -1.587061 -2.138287 -0.195239
v -1.595355 2.133886 -0.185401
v -1.587061 2.133886 -0.195239
v -1.587061 -2.138287 -0.195239
v -1.595355 -2.138287 -0.185401
v -1.600896 2.133886 -0.170676
v -1.595355 2.133886 -0.185401
v -1.595355 -2.138287 -0.185401
v -1.600896 -2.138287 -0.170676
v -1.602842 2.133886 -0.153307
v -1.600896 2.133886 -0.170676
v -1.600896 -2.138287 -0.170676
v -1.602842 2.133886 -0.003833
v -1.602842 -2.138287 0.000000
v -1.600896 2.133886 0.170676
v -1.602842 -2.138287 0.153307
v -1.600896 -2.138287 0.170676
v -1.595355 2.133886 0.185401
v -1.600896 2.133886 0.170676
v -1.600896 -2.138287 0.170676
v -1.595355 -2.138287 0.185401
v -1.587061 2.133886 0.195239
v -1.595355 2.133886 0.185401
v -1.595355 -2.138287 0.185401
v -1.587061 -2.138287 0.195239
v -1.577278 2.133886 0.198694
v -1.587061 2.133886 0.195239
v -1.587061 -2.138287 0.195239
v -1.577278 -2.138287 0.198694
v -1.470188 2.133886 0.198694
v -1.577278 2.133886 0.198694
v -1.577278 -2.138287 0.198694
v 1.579859 2.133886 0.217906
v 1.560474 -2.138287 0.221762
v 1.579859 -2.138287 0.217906
v 1.596293 2.133886 0.206925
v 1.579859 2.133886 0.217906
v 1.579859 -2.138287 0.217906
v 1.596293 -2.138287 0.206925
v 1.607274 2.133886 0.190491
v 1.596293 2.133886 0.206925
v 1.596293 -2.138287 0.206925
v 1.607274 -2.138287 0.190491
v 1.607274 -2.138287 0.190491
v 1.611130 -0.779593 0.171106
v 1.607274 -2.138287 0.190491
v 1.611130 0.775193 0.171106
v 1.607274 2.133886 0.190491
v 1.607274 -2.138287 0.190491
v 1.611130 2.133886 0.171106
v 1.489650 -0.779593 0.003175
v 1.489650 0.775193 0.004278
v 1.611130 -2.138287 -0.171106
v 1.607274 2.133886 -0.190491
v 1.611130 -0.779593 -0.171106
v 1.607274 2.133886 -0.190491
v 1.611130 0.775193 -0.171106
v 1.607274 2.133886 -0.190491
v 1.607274 -2.138287 -0.190491
v 1.596293 2.133886 -0.206925
v 1.607274 2.133886 -0.190491
v 1.607274 -2.138287 -0.190491
v 1.596293 -2.138287 -0.206925
v 1.579859 2.133886 -0.217906
v 1.596293 2.133886 -0.206925
v 1.596293 -2.138287 -0.206925
v 1.579859 -2.138287 -0.217906
v 1.560474 2.133886 -0.221762
v 1.579859 2.133886 -0.217906
v 1.579859 -2.138287 -0.217906
v 1.560474 -2.138287 -0.221762
v 1.482450 2.133886 -0.221762
v 1.560474 2.133886 -0.221762
v 1.560474 -2.138287 -0.221762
v -1.560474 -2.174344 -0.221762
v -1.578384 -2.193729 -0.214343
v -1.579859 -2.174344 -0.217906
v -1.579859 -2.174344 -0.217906
v -1.578384 -2.193729 -0.214343
v -1.593567 -2.193729 -0.204199
v -1.596293 -2.174344 -0.206925
v -1.596293 -2.174344 -0.206925
v -1.593567 -2.193729 -0.204199
v -1.603712 -2.193729 -0.189016
v -1.607274 -2.174344 -0.190491
v -1.607274 -2.174344 -0.190491
v -1.603712 -2.193729 -0.189016
v -1.607274 -2.193729 -0.171106
v -1.611130 -2.174344 -0.004278
v -1.607274 -2.193729 0.000000
v -1.611130 -2.174344 0.171106
v -1.603712 -2.193729 0.189016
v -1.607274 -2.174344 0.190491
v -1.607274 -2.174344 0.190491
v -1.603712 -2.193729 0.189016
v -1.593567 -2.193729 0.204199
v -1.596293 -2.174344 0.206925
v -1.596293 -2.174344 0.206925
v -1.593567 -2.193729 0.204199
v -1.578384 -2.193729 0.214343
v -1.579859 -2.174344 0.217906
v -1.579859 -2.174344 0.217906
v -1.578384 -2.193729 0.214343
v -1.560474 -2.193729 0.217906
v -1.560474 -2.193729 0.217906
v -1.453972 -2.174344 0.221762
v -1.560474 -2.174344 0.221762
v -1.560474 -2.193729 0.217906
v 1.560474 -2.174344 0.221762
v 1.578384 -2.193729 0.214343
v 1.579859 -2.174344 0.217906
v 1.579859 -2.174344 0.217906
v 1.578384 -2.193729 0.214343
v 1.593567 -2.193729 0.204199
v 1.596293 -2.174344 0.206925
v 1.596293 -2.174344 0.206925
v 1.593567 -2.193729 0.204199
v 1.603712 -2.193729 0.189016
v 1.607274 -2.174344 0.190491
v 1.607274 -2.174344 0.190491
v 1.603712 -2.193729 0.189016
v 1.607274 -2.193729 0.171106
v 1.611130 -2.174344 0.004278
v 1.607274 -2.193729 0.003175
v 1.611130 -2.174344 -0.171106
v 1.603712 -2.193729 -0.189016
v 1.607274 -2.174344 -0.190491
v 1.607274 -2.174344 -0.190491
v 1.603712 -2.193729 -0.189016
v 1.593567 -2.193729 -0.204199
v 1.596293 -2.174344 -0.206925
v 1.596293 -2.174344 -0.206925
v 1.593567 -2.193729 -0.204199
v 1.578384 -2.193729 -0.214343
v 1.579859 -2.174344 -0.217906
v 1.579859 -2.174344 -0.217906
v 1.578384 -2.193729 -0.214343
v 1.560474 -2.193729 -0.217906
v 1.560474 -2.193729 -0.217906
v 1.482450 -2.174344 -0.221762
v 1.560474 -2.174344 -0.221762
v 1.560474 -2.193729 -0.217906
v -1.578384 -2.193729 -0.214343
v -1.560474 -2.193729 -0.217906
v -1.560474 -2.193729 -0.217906
v -1.574181 -2.210163 -0.204199
v -1.593567 -2.193729 -0.204199
v -1.578384 -2.193729 -0.214343
v -1.578384 -2.193729 -0.214343
v -1.574181 -2.210163 -0.204199
v -1.585802 -2.210163 -0.196434
v -1.603712 -2.193729 -0.189016
v -1.593567 -2.193729 -0.204199
v -1.593567 -2.193729 -0.204199
v -1.585802 -2.210163 -0.196434
v -1.593567 -2.210163 -0.184813
v -1.607274 -2.193729 -0.171106
v -1.603712 -2.193729 -0.189016
v -1.603712 -2.193729 -0.189016
v -1.593567 -2.210163 -0.184813
v -1.596293 -2.210163 -0.171106
v -1.607274 -2.193729 0.000000
v -1.607274 -2.193729 -0.004278
v -1.607274 -2.193729 -0.004278
v -1.596293 -2.210163 0.000000
v -1.603712 -2.193729 0.189016
v -1.607274 -2.193729 0.171106
v -1.607274 -2.193729 0.171106
v -1.593567 -2.210163 0.184813
v -1.593567 -2.193729 0.204199
v -1.603712 -2.193729 0.189016
v -1.603712 -2.193729 0.189016
v -1.593567 -2.210163 0.184813
v -1.585802 -2.210163 0.196434
v -1.578384 -2.193729 0.214343
v -1.593567 -2.193729 0.204199
v -1.593567 -2.193729 0.204199
v -1.585802 -2.210163 0.196434
v -1.574181 -2.210163 0.204199
v -1.560474 -2.193729 0.217906
v -1.578384 -2.193729 0.214343
v -1.578384 -2.193729 0.214343
v -1.574181 -2.210163 0.204199
v -1.560474 -2.210163 0.206925
v -1.560474 -2.210163 0.206925
v -1.453972 -2.193729 0.217906
v -1.453972 -2.193729 0.217906
v -1.560474 -2.193729 0.217906
v -1.560474 -2.210163 0.206925
v 1.578384 -2.193729 0.214343
v 1.560474 -2.193729 0.217906
v 1.560474 -2.193729 0.217906
v 1.574181 -2.210163 0.204199
v 1.593567 -2.193729 0.204199
v 1.578384 -2.193729 0.214343
v 1.578384 -2.193729 0.214343
v 1.574181 -2.210163 0.204199
v 1.585802 -2.210163 0.196434
v 1.603712 -2.193729 0.189016
v 1.593567 -2.193729 0.204199
v 1.593567 -2.193729 0.204199
v 1.585802 -2.210163 0.196434
v 1.593567 -2.210163 0.184813
v 1.607274 -2.193729 0.171106
v 1.603712 -2.193729 0.189016
v 1.603712 -2.193729 0.189016
v 1.593567 -2.210163 0.184813
v 1.596293 -2.210163 0.171106
v 1.607274 -2.193729 0.003175
v 1.607274 -2.193729 0.004278
v 1.607274 -2.193729 0.004278
v 1.596293 -2.210163 0.003175
v 1.603712 -2.193729 -0.189016
v 1.607274 -2.193729 -0.171106
v 1.607274 -2.193729 -0.171106
v 1.593567 -2.210163 -0.184813
v 1.593567 -2.193729 -0.204199
v 1.603712 -2.193729 -0.189016
v 1.603712 -2.193729 -0.189016
v 1.593567 -2.210163 -0.184813
v 1.585802 -2.210163 -0.196434
v 1.578384 -2.193729 -0.214343
v 1.593567 -2.193729 -0.204199
v 1.593567 -2.193729 -0.204199
v 1.585802 -2.210163 -0.196434
v 1.574181 -2.210163 -0.204199
v 1.560474 -2.193729 -0.217906
v 1.578384 -2.193729 -0.214343
v 1.578384 -2.193729 -0.214343
v 1.574181 -2.210163 -0.204199
v 1.560474 -2.210163 -0.206925
v 1.560474 -2.210163 -0.206925
v 1.482450 -2.193729 -0.217906
v 1.482450 -2.193729 -0.217906
v 1.560474 -2.193729 -0.217906
v 1.560474 -2.210163 -0.206925
v -1.574181 -2.210163 -0.204199
v -1.560474 -2.210163 -0.206925
v -1.560474 -2.210163 -0.206925
v -1.567892 -2.221144 -0.189016
v -1.585802 -2.210163 -0.196434
v -1.574181 -2.210163 -0.204199
v -1.574181 -2.210163 -0.204199
v -1.567892 -2.221144 -0.189016
v -1.574181 -2.221144 -0.184813
v -1.593567 -2.210163 -0.184813
v -1.585802 -2.210163 -0.196434
v -1.585802 -2.210163 -0.196434
v -1.574181 -2.221144 -0.184813
v -1.578384 -2.221144 -0.178524
v -1.596293 -2.210163 -0.171106
v -1.593567 -2.210163 -0.184813
v -1.593567 -2.210163 -0.184813
v -1.578384 -2.221144 -0.178524
v -1.579859 -2.221144 -0.171106
v -1.596293 -2.210163 0.000000
v -1.596293 -2.210163 -0.004278
v -1.596293 -2.210163 -0.004278
v -1.579859 -2.221144 0.000000
v -1.593567 -2.210163 0.184813
v -1.596293 -2.210163 0.171106
v -1.596293 -2.210163 0.171106
v -1.578384 -2.221144 0.178524
v -1.585802 -2.210163 0.196434
v -1.593567 -2.210163 0.184813
v -1.593567 -2.210163 0.184813
v -1.578384 -2.221144 0.178524
v -1.574181 -2.221144 0.184813
v -1.574181 -2.210163 0.204199
v -1.585802 -2.210163 0.196434
v -1.585802 -2.210163 0.196434
v -1.574181 -2.221144 0.184813
v -1.567892 -2.221144 0.189016
v -1.560474 -2.210163 0.206925
v -1.574181 -2.210163 0.204199
v -1.574181 -2.210163 0.204199
v -1.567892 -2.221144 0.189016
v -1.560474 -2.221144 0.190491
v -1.560474 -2.221144 0.190491
v -1.453972 -2.210163 0.206925
v -1.453972 -2.210163 0.206925
v -1.560474 -2.210163 0.206925
v -1.560474 -2.221144 0.190491
v 1.574181 -2.210163 0.204199
v 1.560474 -2.210163 0.206925
v 1.560474 -2.210163 0.206925
v 1.567892 -2.221144 0.189016
v 1.585802 -2.210163 0.196434
v 1.574181 -2.210163 0.204199
v 1.574181 -2.210163 0.204199
v 1.567892 -2.221144 0.189016
v 1.574181 -2.221144 0.184813
v 1.593567 -2.210163 0.184813
v 1.585802 -2.210163 0.196434
v 1.585802 -2.210163 0.196434
v 1.574181 -2.221144 0.184813
v 1.578384 -2.221144 0.178524
v 1.596293 -2.210163 0.171106
v 1.593567 -2.210163 0.184813
v 1.593567 -2.210163 0.184813
v 1.578384 -2.221144 0.178524
v 1.579859 -2.221144 0.171106
v 1.596293 -2.210163 0.003175
v 1.596293 -2.210163 0.004278
v 1.596293 -2.210163 0.004278
v 1.579859 -2.221144 0.003175
v 1.593567 -2.210163 -0.184813
v 1.596293 -2.210163 -0.171106
v 1.596293 -2.210163 -0.171106
v 1.578384 -2.221144 -0.178524
v 1.585802 -2.210163 -0.196434
v 1.593567 -2.210163 -0.184813
v 1.593567 -2.210163 -0.184813
v 1.578384 -2.221144 -0.178524
v 1.574181 -2.221144 -0.184813
v 1.574181 -2.210163 -0.204199
v 1.585802 -2.210163 -0.196434
v 1.585802 -2.210163 -0.196434
v 1.574181 -2.221144 -0.184813
v 1.567892 -2.221144 -0.189016
v 1.560474 -2.210163 -0.206925
v 1.574181 -2.210163 -0.204199
v 1.574181 -2.210163 -0.204199
v 1.567892 -2.221144 -0.189016
v 1.560474 -2.221144 -0.190491
v 1.560474 -2.221144 -0.190491
v 1.482450 -2.210163 -0.206925
v 1.482450 -2.210163 -0.206925
v 1.560474 -2.210163 -0.206925
v 1.560474 -2.221144 -0.190491
v -1.560474 -2.221144 -0.190491
v -1.560474 -2.221144 -0.190491
v -1.560531 -2.224941 -0.171391
v -1.560474 -2.221144 -0.190491
v -1.560701 -2.224882 -0.171653
v -1.567892 -2.221144 -0.189016
v -1.567892 -2.221144 -0.189016
v -1.560701 -2.224882 -0.171653
v -1.567892 -2.221144 -0.189016
v -1.560635 -2.224941 -0.171347
v -1.567892 -2.221144 -0.189016
v -1.560892 -2.224882 -0.171524
v -1.574181 -2.221144 -0.184813
v -1.574181 -2.221144 -0.184813
v -1.560892 -2.224882 -0.171524
v -1.574181 -2.221144 -0.184813
v -1.560715 -2.224941 -0.171267
v -1.574181 -2.221144 -0.184813
v -1.561021 -2.224882 -0.171332
v -1.578384 -2.221144 -0.178524
v -1.578384 -2.221144 -0.178524
v -1.561021 -2.224882 -0.171332
v -1.578384 -2.221144 -0.178524
v -1.560759 -2.224941 -0.171163
v -1.578384 -2.221144 -0.178524
v -1.561066 -2.224882 -0.171106
v -1.579859 -2.221144 -0.171106
v -1.579859 -2.221144 0.000000
v -1.579859 -2.221144 -0.004278
v -1.579859 -2.221144 -0.004278
v -1.560474 -2.225000 0.000000
v -1.579859 -2.221144 0.171106
v -1.579859 -2.221144 0.171106
v -1.560759 -2.224941 0.171163
v -1.579859 -2.221144 0.171106
v -1.561021 -2.224882 0.171332
v -1.578384 -2.221144 0.178524
v -1.578384 -2.221144 0.178524
v -1.561021 -2.224882 0.171332
v -1.578384 -2.221144 0.178524
v -1.560715 -2.224941 0.171267
v -1.578384 -2.221144 0.178524
v -1.560892 -2.224882 0.171524
v -1.574181 -2.221144 0.184813
v -1.574181 -2.221144 0.184813
v -1.560892 -2.224882 0.171524
v -1.574181 -2.221144 0.184813
v -1.560635 -2.224941 0.171347
v -1.574181 -2.221144 0.184813
v -1.560701 -2.224882 0.171653
v -1.567892 -2.221144 0.189016
v -1.567892 -2.221144 0.189016
v -1.560701 -2.224882 0.171653
v -1.567892 -2.221144 0.189016
v -1.560531 -2.224941 0.171391
v -1.567892 -2.221144 0.189016
v -1.560474 -2.224882 0.171698
v -1.560474 -2.221144 0.190491
v -1.560474 -2.221144 0.190491
v -1.560474 -2.224882 0.171698
v -1.560474 -2.221144 0.190491
v -1.560323 -2.224971 0.171254
v -1.559871 -2.225000 0.171106
v -1.453972 -2.221144 0.190491
v -1.560474 -2.221144 0.190491
v -1.559871 -2.225000 0.171106
v -1.453972 -2.221144 0.190491
v 1.560474 -2.221144 0.190491
v 1.567892 -2.221144 0.189016
v 1.567892 -2.221144 0.189016
v 1.560474 -2.225000 0.171106
v 1.574181 -2.221144 0.184813
v 1.574181 -2.221144 0.184813
v 1.560474 -2.225000 0.171106
v 1.578384 -2.221144 0.178524
v 1.578384 -2.221144 0.178524
v 1.560474 -2.225000 0.171106
v 1.579859 -2.221144 0.171106
v 1.579859 -2.221144 0.003175
v 1.579859 -2.221144 0.004278
v 1.579859 -2.221144 0.004278
v 1.560474 -2.225000 0.003175
v 1.579859 -2.221144 -0.171106
v 1.578384 -2.221144 -0.178524
v 1.578384 -2.221144 -0.178524
v 1.560474 -2.225000 -0.171106
v 1.574181 -2.221144 -0.184813
v 1.574181 -2.221144 -0.184813
v 1.560474 -2.225000 -0.171106
v 1.567892 -2.221144 -0.189016
v 1.567892 -2.221144 -0.189016
v 1.560474 -2.225000 -0.171106
v 1.560474 -2.221144 -0.190491
v 1.560474 -2.225000 -0.171106
v 1.482450 -2.221144 -0.190491
v 1.482450 -2.221144 -0.190491
v 1.560474 -2.221144 -0.190491
v 1.560474 -2.225000 -0.171106
v 1.482450 -2.225000 -0.004278
v 1.560474 -2.225000 -0.003175
v -1.560474 -2.174344 -0.221762
v -1.579859 -2.174344 -0.217906
v -1.579859 -2.138287 -0.217906
v -1.560474 -2.174344 -0.221762
v -1.579859 2.169944 -0.217906
v -1.560474 2.169944 -0.221762
v -1.560474 2.133886 -0.221762
v -1.579859 2.169944 -0.217906
v -1.579859 -2.174344 -0.217906
v -1.596293 -2.174344 -0.206925
v -1.596293 -2.138287 -0.206925
v -1.579859 -2.138287 -0.217906
v -1.579859 -2.174344 -0.217906
v -1.596293 2.169944 -0.206925
v -1.579859 2.169944 -0.217906
v -1.579859 2.133886 -0.217906
v -1.579859 2.133886 -0.217906
v -1.596293 2.169944 -0.206925
v -1.596293 -2.174344 -0.206925
v -1.607274 -2.174344 -0.190491
v -1.607274 -2.138287 -0.190491
v -1.596293 -2.138287 -0.206925
v -1.596293 -2.174344 -0.206925
v -1.607274 2.169944 -0.190491
v -1.596293 2.169944 -0.206925
v -1.596293 2.133886 -0.206925
v -1.596293 2.133886 -0.206925
v -1.607274 2.169944 -0.190491
v -1.607274 -2.174344 -0.190491
v -1.611130 -2.174344 -0.171106
v -1.611130 -2.138287 -0.171106
v -1.607274 -2.138287 -0.190491
v -1.607274 -2.174344 -0.190491
v -1.611130 2.169944 -0.171106
v -1.607274 2.169944 -0.190491
v -1.607274 2.133886 -0.190491
v -1.607274 2.133886 -0.190491
v -1.611130 2.169944 -0.171106
v -1.611130 -2.174344 0.000000
v -1.611130 -2.138287 -0.004278
v -1.611130 -2.174344 -0.004278
v -1.611130 -2.174344 0.000000
v -1.611130 2.169944 0.000000
v -1.611130 2.133886 0.004278
v -1.611130 2.169944 0.000000
v -1.611130 -2.174344 0.171106
v -1.607274 -2.174344 0.190491
v -1.607274 -2.138287 0.190491
v -1.611130 -2.174344 0.171106
v -1.607274 2.169944 0.190491
v -1.611130 2.169944 0.171106
v -1.611130 2.133886 0.171106
v -1.607274 2.169944 0.190491
v -1.607274 -2.174344 0.190491
v -1.596293 -2.174344 0.206925
v -1.596293 -2.138287 0.206925
v -1.607274 -2.138287 0.190491
v -1.607274 -2.174344 0.190491
v -1.596293 2.169944 0.206925
v -1.607274 2.169944 0.190491
v -1.607274 2.133886 0.190491
v -1.607274 2.133886 0.190491
v -1.596293 2.169944 0.206925
v -1.596293 -2.174344 0.206925
v -1.579859 -2.174344 0.217906
v -1.579859 -2.138287 0.217906
v -1.596293 -2.138287 0.206925
v -1.596293 -2.174344 0.206925
v -1.579859 2.169944 0.217906
v -1.596293 2.169944 0.206925
v -1.596293 2.133886 0.206925
v -1.596293 2.133886 0.206925
v -1.579859 2.169944 0.217906
v -1.579859 -2.174344 0.217906
v -1.560474 -2.174344 0.221762
v -1.560474 -2.138287 0.221762
v -1.579859 -2.138287 0.217906
v -1.579859 -2.174344 0.217906
v -1.560474 2.169944 0.221762
v -1.579859 2.169944 0.217906
v -1.579859 2.133886 0.217906
v -1.579859 2.133886 0.217906
v -1.560474 2.169944 0.221762
v -1.560474 -2.174344 0.221762
v -1.453972 -2.174344 0.221762
v -1.453972 -2.138287 0.221762
v -1.560474 -2.138287 0.221762
v -1.560474 -2.174344 0.221762
v 1.560474 2.169944 0.221762
v 1.482450 2.133886 0.221762
v 1.560474 2.133886 0.221762
v 1.560474 2.169944 0.221762
v 1.560474 -2.174344 0.221762
v 1.579859 -2.174344 0.217906
v 1.579859 -2.138287 0.217906
v 1.579859 -2.138287 0.217906
v 1.560474 -2.138287 0.221762
v 1.560474 -2.174344 0.221762
v 1.579859 2.169944 0.217906
v 1.560474 2.169944 0.221762
v 1.560474 2.133886 0.221762
v 1.560474 2.133886 0.221762
v 1.579859 2.133886 0.217906
v 1.579859 2.169944 0.217906
v 1.579859 -2.174344 0.217906
v 1.596293 -2.174344 0.206925
v 1.596293 -2.138287 0.206925
v 1.596293 -2.138287 0.206925
v 1.579859 -2.138287 0.217906
v 1.579859 -2.174344 0.217906
v 1.596293 2.169944 0.206925
v 1.579859 2.169944 0.217906
v 1.579859 2.133886 0.217906
v 1.579859 2.133886 0.217906
v 1.596293 2.133886 0.206925
v 1.596293 2.169944 0.206925
v 1.596293 -2.174344 0.206925
v 1.607274 -2.174344 0.190491
v 1.607274 -2.138287 0.190491
v 1.607274 -2.138287 0.190491
v 1.596293 -2.138287 0.206925
v 1.596293 -2.174344 0.206925
v 1.607274 2.169944 0.190491
v 1.596293 2.169944 0.206925
v 1.596293 2.133886 0.206925
v 1.596293 2.133886 0.206925
v 1.607274 2.133886 0.190491
v 1.607274 2.169944 0.190491
v 1.607274 -2.174344 0.190491
v 1.611130 -2.174344 0.171106
v 1.611130 -2.138287 0.171106
v 1.611130 -2.138287 0.171106
v 1.607274 -2.138287 0.190491
v 1.607274 -2.174344 0.190491
v 1.611130 2.169944 0.171106
v 1.607274 2.169944 0.190491
v 1.607274 2.133886 0.190491
v 1.607274 2.133886 0.190491
v 1.611130 2.133886 0.171106
v 1.611130 2.169944 0.171106
v 1.611130 -2.174344 0.003175
v 1.611130 -2.138287 0.004278
v 1.611130 -2.174344 0.004278
v 1.611130 -2.174344 0.003175
v 1.611130 2.133886 -0.004278
v 1.611130 2.169944 -0.003175
v 1.611130 -2.174344 -0.171106
v 1.607274 -2.174344 -0.190491
v 1.607274 -2.138287 -0.190491
v 1.607274 -2.138287 -0.190491
v 1.611130 -2.138287 -0.171106
v 1.611130 -2.174344 -0.171106
v 1.607274 2.169944 -0.190491
v 1.611130 2.169944 -0.171106
v 1.611130 2.133886 -0.171106
v 1.611130 2.133886 -0.171106
v 1.607274 2.133886 -0.190491
v 1.607274 2.169944 -0.190491
v 1.607274 -2.174344 -0.190491
v 1.596293 -2.174344 -0.206925
v 1.596293 -2.138287 -0.206925
v 1.596293 -2.138287 -0.206925
v 1.607274 -2.138287 -0.190491
v 1.607274 -2.174344 -0.190491
v 1.596293 2.169944 -0.206925
v 1.607274 2.169944 -0.190491
v 1.607274 2.133886 -0.190491
v 1.607274 2.133886 -0.190491
v 1.596293 2.133886 -0.206925
v 1.596293 2.169944 -0.206925
v 1.596293 -2.174344 -0.206925
v 1.579859 -2.174344 -0.217906
v 1.579859 -2.138287 -0.217906
v 1.579859 -2.138287 -0.217906
v 1.596293 -2.138287 -0.206925
v 1.596293 -2.174344 -0.206925
v 1.579859 2.169944 -0.217906
v 1.596293 2.169944 -0.206925
v 1.596293 2.133886 -0.206925
v 1.596293 2.133886 -0.206925
v 1.579859 2.133886 -0.217906
v 1.579859 2.169944 -0.217906
v 1.579859 -2.174344 -0.217906
v 1.560474 -2.174344 -0.221762
v 1.560474 -2.138287 -0.221762
v 1.560474 -2.138287 -0.221762
v 1.579859 -2.138287 -0.217906
v 1.579859 -2.174344 -0.217906
v 1.560474 2.169944 -0.221762
v 1.579859 2.169944 -0.217906
v 1.579859 2.133886 -0.217906
v 1.579859 2.133886 -0.217906
v 1.560474 2.133886 -0.221762
v 1.560474 2.169944 -0.221762
v 1.560474 -2.174344 -0.221762
v 1.482450 -2.174344 -0.221762
v 1.482450 -2.138287 -0.221762
v 1.482450 -2.138287 -0.221762
v 1.560474 -2.138287 -0.221762
v 1.560474 -2.174344 -0.221762
v -1.560474 2.169944 -0.221762
v -1.453972 2.133886 -0.221762
v -1.560474 2.133886 -0.221762
v -1.560474 2.169944 -0.221762
v 1.560474 2.220600 0.003175
v 1.482450 2.220600 0.004278
v 1.560474 2.220600 0.004278
v 1.560474 2.220600 0.003175
v 1.560474 2.216744 0.190491
v 1.560474 2.220600 0.171106
v 1.482450 2.220600 0.171106
v 1.560474 2.216744 0.190491
v 1.482450 2.220600 -0.171106
v 1.482450 2.220600 -0.171106
v 1.482450 2.216744 -0.190491
v -1.453972 2.216744 -0.190491
v 1.560474 2.205764 0.206925
v 1.560474 2.216744 0.190491
v 1.482450 2.216744 0.190491
v 1.482450 2.216744 0.190491
v 1.560474 2.205764 0.206925
v -1.453972 2.216744 -0.190491
v 1.482450 2.216744 -0.190491
v 1.482450 2.216744 -0.190491
v 1.482450 2.205764 -0.206925
v -1.453972 2.205764 -0.206925
v 1.560474 2.189329 0.217906
v 1.560474 2.205764 0.206925
v 1.482450 2.205764 0.206925
v 1.482450 2.205764 0.206925
v 1.560474 2.189329 0.217906
v -1.453972 2.205764 -0.206925
v 1.482450 2.205764 -0.206925
v 1.482450 2.205764 -0.206925
v 1.482450 2.189329 -0.217906
v -1.453972 2.189329 -0.217906
v 1.560474 2.169944 0.221762
v 1.560474 2.189329 0.217906
v 1.482450 2.189329 0.217906
v 1.482450 2.189329 0.217906
v 1.482450 2.169944 0.221762
v 1.560474 2.169944 0.221762
v -1.453972 2.169944 -0.221762
v -1.453972 2.189329 -0.217906
v 1.482450 2.189329 -0.217906
v 1.482450 2.189329 -0.217906
v 1.482450 2.169944 -0.221762
v -1.453972 2.169944 -0.221762
v 1.560474 -2.138287 0.221762
v 1.560474 2.133886 0.221762
v 1.482450 2.133886 0.221762
v 1.482450 2.133886 0.221762
v 1.560474 -2.138287 0.221762
v 1.482450 2.133886 -0.198694
v -1.470188 -2.138286 -0.198694
v 1.560474 -2.193729 0.217906
v 1.560474 -2.174344 0.221762
v 1.482450 -2.174344 0.221762
v 1.560474 -2.193729 0.217906
v 1.482450 -2.174344 -0.221762
v 1.482450 -2.174344 -0.221762
v 1.482450 -2.193729 -0.217906
v -1.453972 -2.193729 -0.217906
v 1.560474 -2.210163 0.206925
v 1.560474 -2.193729 0.217906
v 1.482450 -2.193729 0.217906
v 1.482450 -2.193729 0.217906
v 1.560474 -2.210163 0.206925
v -1.453972 -2.193729 -0.217906
v 1.482450 -2.193729 -0.217906
v 1.482450 -2.193729 -0.217906
v 1.482450 -2.210163 -0.206925
v -1.453972 -2.210163 -0.206925
v 1.560474 -2.221144 0.190491
v 1.560474 -2.210163 0.206925
v 1.482450 -2.210163 0.206925
v 1.482450 -2.210163 0.206925
v 1.560474 -2.221144 0.190491
v -1.453972 -2.210163 -0.206925
v 1.482450 -2.210163 -0.206925
v 1.482450 -2.210163 -0.206925
v 1.482450 -2.221144 -0.190491
v -1.453972 -2.221144 -0.190491
v 1.560474 -2.225000 0.171106
v 1.560474 -2.221144 0.190491
v 1.482450 -2.221144 0.190491
v 1.482450 -2.221144 0.190491
v 1.560474 -2.225000 0.171106
v -1.453972 -2.221144 -0.190491
v 1.482450 -2.221144 -0.190491
v 1.482450 -2.221144 -0.190491
v 1.482450 -2.225000 -0.171106
v -1.453972 -2.225000 -0.171106
v -1.453821 -2.225000 0.004127
v -1.453972 -2.225000 0.003175
v -1.453368 -2.225000 0.004278
v -1.453972 -2.225000 0.003175
v -1.453368 -2.225000 0.004278
v 1.482450 -2.225000 0.003175
v 1.560474 -2.174344 0.221762
v 1.560474 -2.138287 0.221762
v 1.482450 -2.138287 0.221762
v 1.482450 -2.138287 0.221762
v 1.482450 -2.174344 0.221762
v 1.560474 -2.174344 0.221762
v -1.453972 2.169944 0.221762
v 1.482450 2.133886 0.221762
v 1.482450 2.133886 0.221762
v 1.482450 2.169944 0.221762
v -1.453972 2.169944 0.221762
v -1.453972 -2.174344 -0.221762
v 1.482450 -2.138287 -0.221762
v 1.482450 -2.138287 -0.221762
v 1.482450 -2.174344 -0.221762
v -1.453972 -2.174344 -0.221762
v 1.560474 2.169944 -0.221762
v 1.560474 2.133886 -0.221762
v 1.482450 2.133886 -0.221762
v 1.482450 2.133886 -0.221762
v 1.482450 2.169944 -0.221762
v 1.560474 2.169944 -0.221762
v -1.560474 -2.138286 -0.221762
v -1.579859 -2.138287 -0.217906
v -1.587061 -2.138287 -0.195239
v -1.587061 -2.138287 -0.195239
v -1.577278 -2.138286 -0.198694
v -1.560474 -2.138286 -0.221762
v -1.579859 -2.138287 -0.217906
v -1.596293 -2.138287 -0.206925
v -1.595355 -2.138287 -0.185401
v -1.595355 -2.138287 -0.185401
v -1.587061 -2.138287 -0.195239
v -1.579859 -2.138287 -0.217906
v -1.596293 -2.138287 -0.206925
v -1.607274 -2.138287 -0.190491
v -1.600896 -2.138287 -0.170676
v -1.600896 -2.138287 -0.170676
v -1.595355 -2.138287 -0.185401
v -1.596293 -2.138287 -0.206925
v -1.607274 -2.138287 -0.190491
v -1.611130 -2.138287 -0.171106
v -1.602842 -2.138287 -0.153307
v -1.602842 -2.138287 -0.153307
v -1.600896 -2.138287 -0.170676
v -1.607274 -2.138287 -0.190491
v -1.611130 -2.138287 0.000000
v -1.602842 -2.138287 0.000000
v -1.602842 -2.138287 -0.003833
v -1.602842 -2.138287 -0.003833
v -1.611130 -2.138287 -0.004278
v -1.611130 -2.138287 0.000000
v -1.611130 -2.138287 0.171106
v -1.607274 -2.138287 0.190491
v -1.600896 -2.138287 0.170676
v -1.600896 -2.138287 0.170676
v -1.602842 -2.138287 0.153307
v -1.611130 -2.138287 0.171106
v -1.607274 -2.138287 0.190491
v -1.596293 -2.138287 0.206925
v -1.595355 -2.138287 0.185401
v -1.595355 -2.138287 0.185401
v -1.600896 -2.138287 0.170676
v -1.607274 -2.138287 0.190491
v -1.596293 -2.138287 0.206925
v -1.579859 -2.138287 0.217906
v -1.587061 -2.138287 0.195239
v -1.587061 -2.138287 0.195239
v -1.595355 -2.138287 0.185401
v -1.596293 -2.138287 0.206925
v -1.579859 -2.138287 0.217906
v -1.560474 -2.138287 0.221762
v -1.577278 -2.138287 0.198694
v -1.577278 -2.138287 0.198694
v -1.587061 -2.138287 0.195239
v -1.579859 -2.138287 0.217906
v -1.560474 -2.138287 0.221762
v -1.453972 -2.138287 0.221762
v -1.470188 -2.138287 0.198694
v -1.470188 -2.138287 0.198694
v -1.577278 -2.138287 0.198694
v -1.560474 -2.138287 0.221762
v 1.482450 -2.138287 0.221762
v 1.482450 2.133886 0.221762
v 1.482450 2.133886 0.198694
v 1.482450 -2.138287 0.221762
v -1.453972 2.133886 0.221762
v -1.470188 2.133886 0.198694
v 1.482450 2.133886 0.198694
v 1.482450 2.133886 0.198694
v 1.482450 2.133886 0.221762
v -1.453972 2.133886 0.221762
v -1.560474 2.133886 0.221762
v -1.579859 2.133886 0.217906
v -1.587061 2.133886 0.195239
v -1.587061 2.133886 0.195239
v -1.577278 2.133886 0.198694
v -1.560474 2.133886 0.221762
v -1.579859 2.133886 0.217906
v -1.596293 2.133886 0.206925
v -1.595355 2.133886 0.185401
v -1.595355 2.133886 0.185401
v -1.587061 2.133886 0.195239
v -1.579859 2.133886 0.217906
v -1.596293 2.133886 0.206925
v -1.607274 2.133886 0.190491
v -1.600896 2.133886 0.170676
v -1.600896 2.133886 0.170676
v -1.595355 2.133886 0.185401
v -1.596293 2.133886 0.206925
v -1.607274 2.133886 0.190491
v -1.611130 2.133886 0.171106
v -1.602842 2.133886 0.153307
v -1.602842 2.133886 0.153307
v -1.600896 2.133886 0.170676
v -1.607274 2.133886 0.190491
v -1.611130 2.133886 0.000000
v -1.602842 2.133886 0.000000
v -1.602842 2.133886 0.003833
v -1.611130 2.133886 0.004278
v -1.611130 2.133886 0.000000
v -1.611130 2.133886 -0.171106
v -1.607274 2.133886 -0.190491
v -1.600896 2.133886 -0.170676
v -1.600896 2.133886 -0.170676
v -1.602842 2.133886 -0.153307
v -1.611130 2.133886 -0.171106
v -1.607274 2.133886 -0.190491
v -1.596293 2.133886 -0.206925
v -1.595355 2.133886 -0.185401
v -1.595355 2.133886 -0.185401
v -1.600896 2.133886 -0.170676
v -1.607274 2.133886 -0.190491
v -1.596293 2.133886 -0.206925
v -1.579859 2.133886 -0.217906
v -1.587061 2.133886 -0.195239
v -1.587061 2.133886 -0.195239
v -1.595355 2.133886 -0.185401
v -1.596293 2.133886 -0.206925
v -1.579859 2.133886 -0.217906
v -1.560474 2.133886 -0.221762
v -1.577278 2.133886 -0.198694
v -1.577278 2.133886 -0.198694
v -1.587061 2.133886 -0.195239
v -1.579859 2.133886 -0.217906
v -1.560474 2.133886 -0.221762
v -1.453972 2.133886 -0.221762
v -1.470188 2.133886 -0.198694
v -1.470188 2.133886 -0.198694
v -1.577278 2.133886 -0.198694
v -1.560474 2.133886 -0.221762
v 1.482450 2.133886 -0.221762
v 1.482450 -2.138287 -0.221762
v 1.482450 -2.138287 -0.198694
v 1.482450 -2.138287 -0.198694
v 1.482450 2.133886 -0.198694
v 1.482450 2.133886 -0.221762
v -1.453972 -2.138286 -0.221762
v -1.470188 -2.138286 -0.198694
v 1.482450 -2.138287 -0.198694
v 1.482450 -2.138287 -0.198694
v 1.482450 -2.138287 -0.221762
v -1.453972 -2.138286 -0.221762
v 1.482450 2.220600 0.004278
v 1.482450 2.220600 0.003175
v -1.453972 2.220600 0.003175
v 1.482450 2.220600 0.004278
v -1.453972 2.220600 0.003175
v -1.453821 2.220600 0.004127
v 1.482450 2.220600 0.004278
v -1.453821 2.220600 0.004127
v 1.482450 2.216744 0.190491
v 1.482450 2.220600 0.171106
v -1.453972 2.220600 0.171106
v -1.453972 2.220600 0.171106
v -1.453972 2.216744 0.190491
v 1.482450 2.216744 0.190491
v 1.482450 2.205764 0.206925
v 1.482450 2.216744 0.190491
v -1.453972 2.216744 0.190491
v -1.453972 2.216744 0.190491
v -1.453972 2.205764 0.206925
v 1.482450 2.205764 0.206925
v 1.482450 2.189329 0.217906
v 1.482450 2.205764 0.206925
v -1.453972 2.205764 0.206925
v -1.453972 2.205764 0.206925
v -1.453972 2.189329 0.217906
v 1.482450 2.189329 0.217906
v 1.482450 2.169944 0.221762
v 1.482450 2.189329 0.217906
v -1.453972 2.189329 0.217906
v -1.453972 2.189329 0.217906
v -1.453972 2.169944 0.221762
v 1.482450 2.169944 0.221762
v 1.482450 -2.138287 0.198694
v 1.482450 2.133886 0.198694
v -1.470188 2.133886 0.198694
v -1.470188 2.133886 0.198694
v -1.470188 -2.138287 0.198694
v 1.482450 -2.138287 0.198694
v 1.482450 -2.193729 0.217906
v 1.482450 -2.174344 0.221762
v -1.453972 -2.174344 0.221762
v -1.453972 -2.174344 0.221762
v -1.453972 -2.193729 0.217906
v 1.482450 -2.193729 0.217906
v 1.482450 -2.210163 0.206925
v 1.482450 -2.193729 0.217906
v -1.453972 -2.193729 0.217906
v -1.453972 -2.193729 0.217906
v -1.453972 -2.210163 0.206925
v 1.482450 -2.210163 0.206925
v 1.482450 -2.221144 0.190491
v 1.482450 -2.210163 0.206925
v -1.453972 -2.210163 0.206925
v -1.453972 -2.210163 0.206925
v -1.453972 -2.221144 0.190491
v 1.482450 -2.221144 0.190491
v 1.482450 -2.225000 0.171106
v 1.482450 -2.221144 0.190491
v -1.453972 -2.221144 0.190491
v -1.453972 -2.221144 0.190491
v -1.453972 -2.225000 0.171106
v 1.482450 -2.225000 0.171106
v 1.482450 -2.174344 0.221762
v 1.482450 -2.138287 0.221762
v -1.453972 -2.138287 0.221762
v -1.453972 -2.138287 0.221762
v -1.453972 -2.174344 0.221762
v 1.482450 -2.174344 0.221762
v 1.482450 2.169944 -0.221762
v 1.482450 2.133886 -0.221762
v -1.453972 2.133886 -0.221762
v -1.453972 2.133886 -0.221762
v -1.453972 2.169944 -0.221762
v 1.482450 2.169944 -0.221762
v -1.560474 2.216744 -0.190491
v -1.560474 2.220482 -0.171698
v -1.560474 2.216744 -0.190491
v -1.560323 2.220571 -0.171254
v -1.560474 2.216744 -0.190491
v -1.559871 2.220600 -0.171106
v -1.453972 2.220600 -0.171106
v -1.453972 2.216744 -0.190491
v -1.560474 2.216744 -0.190491
v -1.453972 2.220600 -0.171106
v -1.560474 2.205764 -0.206925
v -1.560474 2.216744 -0.190491
v -1.453972 2.216744 -0.190491
v -1.453972 2.216744 -0.190491
v -1.453972 2.205764 -0.206925
v -1.560474 2.205764 -0.206925
v -1.560474 2.189329 -0.217906
v -1.560474 2.205764 -0.206925
v -1.453972 2.205764 -0.206925
v -1.453972 2.205764 -0.206925
v -1.453972 2.189329 -0.217906
v -1.560474 2.189329 -0.217906
v -1.560474 2.169944 -0.221762
v -1.560474 2.189329 -0.217906
v -1.453972 2.189329 -0.217906
v -1.453972 2.189329 -0.217906
v -1.453972 2.169944 -0.221762
v -1.560474 2.169944 -0.221762
v -1.577278 -2.138286 -0.198694
v -1.577278 2.133886 -0.198694
v -1.470188 2.133886 -0.198694
v -1.470188 2.133886 -0.198694
v -1.470188 -2.138286 -0.198694
v -1.577278 -2.138286 -0.198694
v -1.560474 -2.193729 -0.217906
v -1.560474 -2.174344 -0.221762
v -1.453972 -2.174344 -0.221762
v -1.453972 -2.174344 -0.221762
v -1.453972 -2.193729 -0.217906
v -1.560474 -2.193729 -0.217906
v -1.560474 -2.210163 -0.206925
v -1.560474 -2.193729 -0.217906
v -1.453972 -2.193729 -0.217906
v -1.453972 -2.193729 -0.217906
v -1.453972 -2.210163 -0.206925
v -1.560474 -2.210163 -0.206925
v -1.560474 -2.221144 -0.190491
v -1.560474 -2.210163 -0.206925
v -1.453972 -2.210163 -0.206925
v -1.453972 -2.210163 -0.206925
v -1.453972 -2.221144 -0.190491
v -1.560474 -2.221144 -0.190491
v -1.453972 -2.225000 -0.171106
v -1.453972 -2.225000 -0.171106
v -1.560323 -2.224971 -0.171254
v -1.560474 -2.224882 -0.171698
v -1.560474 -2.224882 -0.171698
v -1.560474 -2.221144 -0.190491
v -1.453972 -2.221144 -0.190491
v -1.453972 -2.225000 -0.171106
v -1.560474 -2.224882 -0.171698
v -1.453972 -2.221144 -0.190491
v -1.560474 -2.225000 0.000000
v -1.453972 -2.225000 0.003175
v -1.560474 -2.225000 0.000000
v -1.453972 -2.225000 0.003175
v -1.453972 -2.225000 0.003674
v -1.560474 -2.225000 0.000000
v -1.453972 -2.225000 0.003674
v -1.560474 -2.225000 0.004278
v -1.453972 -2.225000 0.003674
v -1.560474 -2.225000 0.004278
v -1.454123 -2.225000 0.004127
v -1.560474 2.169944 0.221762
v -1.560474 2.133886 0.221762
v -1.453972 2.133886 0.221762
v -1.453972 2.133886 0.221762
v -1.453972 2.169944 0.221762
v -1.560474 2.169944 0.221762
v -1.560474 -2.174344 -0.221762
v -1.560474 -2.138286 -0.221762
v -1.453972 -2.138286 -0.221762
v -1.453972 -2.138286 -0.221762
v -1.453972 -2.174344 -0.221762
v -1.560474 -2.174344 -0.221762
v -1.453972 -2.138287 0.221762
v 1.482450 -2.138287 0.221762
v 1.482450 -2.138287 0.198694
v 1.482450 -2.138287 0.198694
v -1.470188 -2.138287 0.198694
v -1.453972 -2.138287 0.221762
v -1.560474 2.133886 0.221762
v -1.577278 2.133886 0.198694
v -1.470188 2.133886 0.198694
v -1.470188 2.133886 0.198694
v -1.453972 2.133886 0.221762
v -1.560474 2.133886 0.221762
v -1.453972 2.133886 -0.221762
v 1.482450 2.133886 -0.221762
v 1.482450 2.133886 -0.198694
v 1.482450 2.133886 -0.198694
v -1.470188 2.133886 -0.198694
v -1.453972 2.133886 -0.221762
v -1.560474 -2.138286 -0.221762
v -1.577278 -2.138286 -0.198694
v -1.470188 -2.138286 -0.198694
v -1.470188 -2.138286 -0.198694
v -1.453972 -2.138286 -0.221762
v -1.560474 -2.138286 -0.221762
v -1.560474 2.220600 0.000000
v -1.560474 2.220600 0.004278
v -1.454575 2.220600 0.004278
v -1.560474 2.220600 0.000000
v -1.454575 2.220600 0.004278
v -1.560474 2.220600 0.000000
v -1.454123 2.220600 0.004127
v -1.453972 2.220600 0.003674
v -1.453972 2.220600 0.003674
v -1.453972 2.220600 0.003175
v -1.457147 2.220600 0.000000
v -1.560474 2.220600 0.000000
v -1.453972 2.220600 0.003674
v -1.457147 2.220600 0.000000
v -1.454575 2.220600 -0.004278
v -1.560474 2.220600 -0.004278
v -1.579859 2.216744 0.171106
v -1.561066 2.220482 0.171106
v -1.579859 2.216744 0.171106
v -1.560622 2.220571 0.170955
v -1.560474 2.220600 0.170503
v -1.579859 2.216744 0.171106
v -1.560474 2.220600 0.170503
v -1.560474 2.220600 0.004278
v -1.579859 2.216744 0.171106
v -1.560474 2.220600 0.004278
v -1.579859 2.216744 0.004278
v -1.560474 2.220600 0.004278
v -1.560474 2.220600 0.000000
v -1.560474 2.220600 0.000000
v -1.579859 2.216744 0.000000
v -1.579859 2.216744 0.004278
v -1.560474 2.220600 -0.004278
v -1.560474 2.220600 -0.170503
v -1.560474 2.220600 -0.004278
v -1.560622 2.220571 -0.170955
v -1.561066 2.220482 -0.171106
v -1.561066 2.220482 -0.171106
v -1.579859 2.216744 -0.171106
v -1.579859 2.216744 -0.004278
v -1.560474 2.220600 -0.004278
v -1.561066 2.220482 -0.171106
v -1.579859 2.216744 -0.004278
v 1.579859 2.216744 -0.171106
v 1.560474 2.220600 -0.171106
v 1.560474 2.220600 -0.004278
v 1.579859 2.216744 -0.171106
v 1.579859 2.216744 -0.004278
v 1.560474 2.220600 -0.004278
v 1.560474 2.220600 -0.003175
v 1.579859 2.216744 -0.004278
v 1.560474 2.220600 0.171106
v 1.579859 2.216744 0.171106
v 1.579859 2.216744 0.004278
v 1.579859 2.216744 0.004278
v 1.560474 2.220600 0.004278
v 1.560474 2.220600 0.171106
v -1.596293 2.205764 0.171106
v -1.579859 2.216744 0.171106
v -1.579859 2.216744 0.004278
v -1.579859 2.216744 0.004278
v -1.596293 2.205764 0.171106
v -1.596293 2.205764 0.004278
v -1.579859 2.216744 0.004278
v -1.579859 2.216744 0.000000
v -1.579859 2.216744 0.000000
v -1.596293 2.205764 0.000000
v -1.596293 2.205764 0.004278
v -1.579859 2.216744 -0.171106
v -1.596293 2.205764 -0.171106
v -1.596293 2.205764 -0.004278
v -1.596293 2.205764 -0.004278
v -1.579859 2.216744 -0.004278
v -1.579859 2.216744 -0.171106
v 1.596293 2.205764 -0.171106
v 1.579859 2.216744 -0.171106
v 1.579859 2.216744 -0.004278
v 1.579859 2.216744 -0.004278
v 1.596293 2.205764 -0.171106
v 1.596293 2.205764 -0.004278
v 1.579859 2.216744 -0.004278
v 1.579859 2.216744 -0.003175
v 1.579859 2.216744 -0.003175
v 1.596293 2.205764 -0.004278
v 1.579859 2.216744 0.171106
v 1.596293 2.205764 0.171106
v 1.596293 2.205764 0.004278
v 1.596293 2.205764 0.004278
v 1.579859 2.216744 0.004278
v 1.579859 2.216744 0.171106
v -1.607274 2.189329 0.171106
v -1.596293 2.205764 0.171106
v -1.596293 2.205764 0.004278
v -1.596293 2.205764 0.004278
v -1.607274 2.189329 0.171106
v -1.607274 2.189329 0.004278
v -1.596293 2.205764 0.004278
v -1.596293 2.205764 0.000000
v -1.596293 2.205764 0.000000
v -1.607274 2.189329 0.000000
v -1.607274 2.189329 0.004278
v -1.596293 2.205764 -0.171106
v -1.607274 2.189329 -0.171106
v -1.607274 2.189329 -0.004278
v -1.607274 2.189329 -0.004278
v -1.596293 2.205764 -0.004278
v -1.596293 2.205764 -0.171106
v 1.607274 2.189329 -0.171106
v 1.596293 2.205764 -0.171106
v 1.596293 2.205764 -0.004278
v 1.596293 2.205764 -0.004278
v 1.607274 2.189329 -0.171106
v 1.607274 2.189329 -0.004278
v 1.596293 2.205764 -0.004278
v 1.596293 2.205764 -0.003175
v 1.596293 2.205764 -0.003175
v 1.607274 2.189329 -0.004278
v 1.596293 2.205764 0.171106
v 1.607274 2.189329 0.171106
v 1.607274 2.189329 0.004278
v 1.607274 2.189329 0.004278
v 1.596293 2.205764 0.004278
v 1.596293 2.205764 0.171106
v -1.611130 2.169944 0.171106
v -1.607274 2.189329 0.171106
v -1.607274 2.189329 0.004278
v -1.607274 2.189329 0.004278
v -1.611130 2.169944 0.004278
v -1.611130 2.169944 0.171106
v -1.611130 2.169944 0.004278
v -1.607274 2.189329 0.004278
v -1.607274 2.189329 0.000000
v -1.607274 2.189329 0.000000
v -1.611130 2.169944 0.000000
v -1.611130 2.169944 0.004278
v -1.607274 2.189329 -0.171106
v -1.611130 2.169944 -0.171106
v -1.611130 2.169944 -0.004278
v -1.611130 2.169944 -0.004278
v -1.607274 2.189329 -0.004278
v -1.607274 2.189329 -0.171106
v 1.611130 2.169944 -0.171106
v 1.607274 2.189329 -0.171106
v 1.607274 2.189329 -0.004278
v 1.607274 2.189329 -0.004278
v 1.611130 2.169944 -0.004278
v 1.611130 2.169944 -0.171106
v 1.611130 2.169944 -0.004278
v 1.607274 2.189329 -0.004278
v 1.607274 2.189329 -0.003175
v 1.607274 2.189329 -0.003175
v 1.611130 2.169944 -0.003175
v 1.611130 2.169944 -0.004278
v 1.607274 2.189329 0.171106
v 1.611130 2.169944 0.171106
v 1.611130 2.169944 0.004278
v 1.611130 2.169944 0.004278
v 1.607274 2.189329 0.004278
v 1.607274 2.189329 0.171106
v -1.602842 -2.138287 0.153307
v -1.602842 2.133886 0.153307
v -1.602842 2.133886 0.003833
v -1.602842 2.133886 0.003833
v -1.602842 -2.138287 0.153307
v -1.602842 -2.138287 0.003833
v -1.602842 2.133886 0.003833
v -1.602842 2.133886 0.000000
v -1.602842 2.133886 0.000000
v -1.602842 -2.138287 0.000000
v -1.602842 -2.138287 0.003833
v -1.602842 2.133886 -0.153307
v -1.602842 -2.138287 -0.153307
v -1.602842 -2.138287 -0.003833
v -1.602842 -2.138287 -0.003833
v -1.602842 2.133886 -0.003833
v -1.602842 2.133886 -0.153307
v 1.489650 0.775193 -0.171106
v 1.489650 0.775193 -0.004278
v 1.489650 0.706791 -0.171106
v 1.489650 0.775193 -0.004278
v 1.489650 0.706791 -0.171106
v 1.489650 -0.779593 -0.004278
v 1.489650 -0.711191 -0.171106
v 1.489650 -0.779593 -0.004278
v 1.489650 -0.711191 -0.171106
v 1.489650 -0.779593 -0.004278
v 1.489650 0.775193 -0.004278
v 1.489650 -0.779593 -0.003175
v 1.489650 -0.779593 -0.004278
v 1.489650 0.775193 -0.004278
v 1.489650 -0.779593 0.004278
v 1.489650 -0.779593 0.171106
v 1.489650 -0.779593 0.004278
v 1.489650 -0.711191 0.171106
v 1.489650 -0.779593 0.004278
v 1.489650 0.775193 0.004278
v 1.489650 -0.711191 0.171106
v 1.489650 0.775193 0.004278
v 1.489650 0.706791 0.171106
v 1.489650 0.775193 0.004278
v 1.489650 0.706791 0.171106
v 1.489650 0.775193 0.004278
v -1.607274 -2.193729 0.171106
v -1.611130 -2.174344 0.171106
v -1.611130 -2.174344 0.004278
v -1.607274 -2.193729 0.171106
v -1.607274 -2.193729 0.004278
v -1.611130 -2.174344 0.004278
v -1.611130 -2.174344 0.000000
v -1.611130 -2.174344 0.000000
v -1.607274 -2.193729 0.000000
v -1.607274 -2.193729 0.004278
v -1.611130 -2.174344 -0.171106
v -1.607274 -2.193729 -0.171106
v -1.607274 -2.193729 -0.004278
v -1.607274 -2.193729 -0.004278
v -1.611130 -2.174344 -0.004278
v -1.611130 -2.174344 -0.171106
v 1.607274 -2.193729 -0.171106
v 1.611130 -2.174344 -0.171106
v 1.611130 -2.174344 -0.004278
v 1.607274 -2.193729 -0.171106
v 1.607274 -2.193729 -0.004278
v 1.611130 -2.174344 -0.004278
v 1.611130 -2.174344 -0.003175
v 1.607274 -2.193729 -0.004278
v 1.611130 -2.174344 0.171106
v 1.607274 -2.193729 0.171106
v 1.607274 -2.193729 0.004278
v 1.607274 -2.193729 0.004278
v 1.611130 -2.174344 0.004278
v 1.611130 -2.174344 0.171106
v -1.596293 -2.210163 0.171106
v -1.607274 -2.193729 0.171106
v -1.607274 -2.193729 0.004278
v -1.607274 -2.193729 0.004278
v -1.596293 -2.210163 0.171106
v -1.596293 -2.210163 0.004278
v -1.607274 -2.193729 0.004278
v -1.607274 -2.193729 0.000000
v -1.607274 -2.193729 0.000000
v -1.596293 -2.210163 0.000000
v -1.596293 -2.210163 0.004278
v -1.607274 -2.193729 -0.171106
v -1.596293 -2.210163 -0.171106
v -1.596293 -2.210163 -0.004278
v -1.596293 -2.210163 -0.004278
v -1.607274 -2.193729 -0.004278
v -1.607274 -2.193729 -0.171106
v 1.596293 -2.210163 -0.171106
v 1.607274 -2.193729 -0.171106
v 1.607274 -2.193729 -0.004278
v 1.607274 -2.193729 -0.004278
v 1.596293 -2.210163 -0.171106
v 1.596293 -2.210163 -0.004278
v 1.607274 -2.193729 -0.004278
v 1.607274 -2.193729 -0.003175
v 1.607274 -2.193729 -0.003175
v 1.596293 -2.210163 -0.004278
v 1.607274 -2.193729 0.171106
v 1.596293 -2.210163 0.171106
v 1.596293 -2.210163 0.004278
v 1.596293 -2.210163 0.004278
v 1.607274 -2.193729 0.004278
v 1.607274 -2.193729 0.171106
v -1.579859 -2.221144 0.171106
v -1.596293 -2.210163 0.171106
v -1.596293 -2.210163 0.004278
v -1.596293 -2.210163 0.004278
v -1.579859 -2.221144 0.171106
v -1.579859 -2.221144 0.004278
v -1.596293 -2.210163 0.004278
v -1.596293 -2.210163 0.000000
v -1.596293 -2.210163 0.000000
v -1.579859 -2.221144 0.000000
v -1.579859 -2.221144 0.004278
v -1.596293 -2.210163 -0.171106
v -1.579859 -2.221144 -0.171106
v -1.579859 -2.221144 -0.004278
v -1.579859 -2.221144 -0.004278
v -1.596293 -2.210163 -0.004278
v -1.596293 -2.210163 -0.171106
v 1.579859 -2.221144 -0.171106
v 1.596293 -2.210163 -0.171106
v 1.596293 -2.210163 -0.004278
v 1.596293 -2.210163 -0.004278
v 1.579859 -2.221144 -0.171106
v 1.579859 -2.221144 -0.004278
v 1.596293 -2.210163 -0.004278
v 1.596293 -2.210163 -0.003175
v 1.596293 -2.210163 -0.003175
v 1.579859 -2.221144 -0.004278
v 1.596293 -2.210163 0.171106
v 1.579859 -2.221144 0.171106
v 1.579859 -2.221144 0.004278
v 1.579859 -2.221144 0.004278
v 1.596293 -2.210163 0.004278
v 1.596293 -2.210163 0.171106
v -1.560474 -2.225000 0.004278
v -1.560474 -2.225000 0.004278
v -1.560622 -2.224971 0.170955
v -1.561066 -2.224882 0.171106
v -1.561066 -2.224882 0.171106
v -1.579859 -2.221144 0.171106
v -1.579859 -2.221144 0.004278
v -1.560474 -2.225000 0.004278
v -1.561066 -2.224882 0.171106
v -1.579859 -2.221144 0.004278
v -1.560474 -2.225000 0.004278
v -1.579859 -2.221144 0.004278
v -1.579859 -2.221144 0.000000
v -1.579859 -2.221144 0.000000
v -1.560474 -2.225000 0.000000
v -1.560474 -2.225000 0.004278
v -1.579859 -2.221144 -0.171106
v -1.561066 -2.224882 -0.171106
v -1.579859 -2.221144 -0.171106
v -1.560622 -2.224971 -0.170955
v -1.579859 -2.221144 -0.171106
v -1.560474 -2.225000 -0.170503
v -1.560474 -2.225000 -0.004278
v -1.579859 -2.221144 -0.004278
v -1.579859 -2.221144 -0.171106
v -1.560474 -2.225000 -0.004278
v 1.560474 -2.225000 -0.171106
v 1.579859 -2.221144 -0.171106
v 1.579859 -2.221144 -0.004278
v 1.579859 -2.221144 -0.004278
v 1.560474 -2.225000 -0.004278
v 1.560474 -2.225000 -0.171106
v 1.560474 -2.225000 -0.004278
v 1.579859 -2.221144 -0.004278
v 1.579859 -2.221144 -0.003175
v 1.579859 -2.221144 -0.003175
v 1.560474 -2.225000 -0.003175
v 1.560474 -2.225000 -0.004278
v 1.579859 -2.221144 0.171106
v 1.560474 -2.225000 0.171106
v 1.560474 -2.225000 0.004278
v 1.560474 -2.225000 0.004278
v 1.579859 -2.221144 0.004278
v 1.579859 -2.221144 0.171106
v 1.560474 -2.225000 0.171106
v 1.482450 -2.225000 0.171106
v 1.482450 -2.225000 0.004278
v 1.482450 -2.225000 0.004278
v 1.560474 -2.225000 0.004278
v 1.560474 -2.225000 0.171106
v 1.560474 -2.225000 0.004278
v 1.482450 -2.225000 0.004278
v 1.482450 -2.225000 0.003175
v 1.482450 -2.225000 0.003175
v 1.560474 -2.225000 0.003175
v 1.560474 -2.225000 0.004278
v 1.482450 -2.225000 -0.171106
v 1.560474 -2.225000 -0.171106
v 1.560474 -2.225000 -0.004278
v 1.560474 -2.225000 -0.004278
v 1.482450 -2.225000 -0.004278
v 1.482450 -2.225000 -0.171106
v -1.611130 -2.174344 0.171106
v -1.611130 -2.138287 0.171106
v -1.611130 -2.138287 0.004278
v -1.611130 -2.174344 0.004278
v -1.611130 -2.174344 0.171106
v -1.611130 -2.174344 0.004278
v -1.611130 -2.138287 0.004278
v -1.611130 -2.138287 0.000000
v -1.611130 -2.138287 0.000000
v -1.611130 -2.174344 0.000000
v -1.611130 -2.174344 0.004278
v -1.611130 -2.138287 -0.171106
v -1.611130 -2.174344 -0.171106
v -1.611130 -2.174344 -0.004278
v -1.611130 -2.174344 -0.004278
v -1.611130 -2.138287 -0.004278
v -1.611130 -2.138287 -0.171106
v -1.611130 2.169944 -0.171106
v -1.611130 2.133886 -0.171106
v -1.611130 2.133886 -0.004278
v -1.611130 2.169944 -0.004278
v -1.611130 2.169944 -0.171106
v -1.611130 2.169944 -0.004278
v -1.611130 2.133886 -0.004278
v -1.611130 2.133886 0.000000
v -1.611130 2.133886 0.000000
v -1.611130 2.169944 0.000000
v -1.611130 2.169944 -0.004278
v -1.611130 2.133886 0.171106
v -1.611130 2.169944 0.171106
v -1.611130 2.169944 0.004278
v -1.611130 2.169944 0.004278
v -1.611130 2.133886 0.004278
v -1.611130 2.133886 0.171106
v 1.611130 -2.174344 -0.171106
v 1.611130 -2.138287 -0.171106
v 1.611130 -2.138287 -0.004278
v 1.611130 -2.174344 -0.004278
v 1.611130 -2.174344 -0.171106
v 1.611130 -2.174344 -0.004278
v 1.611130 -2.138287 -0.004278
v 1.611130 -2.138287 -0.003175
v 1.611130 -2.174344 -0.003175
v 1.611130 -2.174344 -0.004278
v 1.611130 -2.138287 0.171106
v 1.611130 -2.174344 0.171106
v 1.611130 -2.174344 0.004278
v 1.611130 -2.174344 0.004278
v 1.611130 -2.138287 0.004278
v 1.611130 -2.138287 0.171106
v 1.611130 2.169944 0.171106
v 1.611130 2.133886 0.171106
v 1.611130 2.133886 0.004278
v 1.611130 2.169944 0.004278
v 1.611130 2.169944 0.171106
v 1.611130 2.169944 0.004278
v 1.611130 2.133886 0.004278
v 1.611130 2.133886 0.003175
v 1.611130 2.169944 0.003175
v 1.611130 2.169944 0.004278
v 1.611130 2.133886 -0.171106
v 1.611130 2.169944 -0.171106
v 1.611130 2.169944 -0.004278
v 1.611130 2.169944 -0.004278
v 1.611130 2.133886 -0.004278
v 1.611130 2.133886 -0.171106
v 1.560474 2.220600 -0.171106
v 1.482450 2.220600 -0.171106
v 1.482450 2.220600 -0.004278
v 1.560474 2.220600 -0.004278
v 1.560474 2.220600 -0.171106
v 1.560474 2.220600 -0.004278
v 1.482450 2.220600 -0.004278
v 1.482450 2.220600 -0.003175
v 1.560474 2.220600 -0.003175
v 1.560474 2.220600 -0.004278
v 1.482450 2.220600 0.171106
v 1.560474 2.220600 0.171106
v 1.560474 2.220600 0.004278
v 1.560474 2.220600 0.004278
v 1.482450 2.220600 0.004278
v 1.482450 2.220600 0.171106
v -1.453972 -2.225000 -0.171106
v 1.482450 -2.225000 -0.171106
v 1.482450 -2.225000 -0.004278
v -1.453972 -2.225000 -0.171106
v 1.482450 -2.225000 -0.004278
v -1.453972 -2.225000 -0.004881
v 1.482450 -2.225000 -0.004278
v -1.453821 -2.225000 -0.004428
v 1.482450 -2.225000 -0.004278
v -1.453821 -2.225000 -0.004127
v -1.453368 -2.225000 -0.004278
v 1.482450 -2.225000 -0.004278
v -1.453972 -2.225000 -0.003175
v -1.453821 -2.225000 -0.004127
v 1.482450 -2.225000 -0.004278
v -1.453972 -2.225000 -0.003175
v 1.482450 -2.225000 -0.004278
v 1.482450 -2.225000 -0.003175
v -1.453972 -2.225000 0.171106
v -1.453972 -2.225000 0.171106
v -1.453821 -2.225000 0.004428
v -1.453368 -2.225000 0.004278
v 1.482450 -2.225000 0.171106
v -1.453972 -2.225000 0.171106
v -1.453368 -2.225000 0.004278
v 1.482450 -2.225000 0.004278
v 1.482450 -2.225000 0.171106
v -1.453368 -2.225000 0.004278
v -1.611130 -2.138287 0.004278
v -1.611130 -2.138287 0.171106
v -1.602842 -2.138287 0.153307
v -1.602842 -2.138287 0.153307
v -1.602842 -2.138287 0.003833
v -1.611130 -2.138287 0.004278
v -1.611130 -2.138287 0.000000
v -1.611130 -2.138287 0.004278
v -1.602842 -2.138287 0.003833
v -1.602842 -2.138287 0.003833
v -1.602842 -2.138287 0.000000
v -1.611130 -2.138287 0.000000
v -1.602842 -2.138287 -0.153307
v -1.611130 -2.138287 -0.171106
v -1.611130 -2.138287 -0.004278
v -1.611130 -2.138287 -0.004278
v -1.602842 -2.138287 -0.003833
v -1.602842 -2.138287 -0.153307
v -1.611130 2.133886 -0.004278
v -1.611130 2.133886 -0.171106
v -1.602842 2.133886 -0.153307
v -1.602842 2.133886 -0.153307
v -1.602842 2.133886 -0.003833
v -1.611130 2.133886 -0.004278
v -1.611130 2.133886 0.000000
v -1.611130 2.133886 -0.004278
v -1.602842 2.133886 -0.003833
v -1.602842 2.133886 -0.003833
v -1.602842 2.133886 0.000000
v -1.611130 2.133886 0.000000
v -1.602842 2.133886 0.153307
v -1.611130 2.133886 0.171106
v -1.611130 2.133886 0.004278
v -1.611130 2.133886 0.004278
v -1.602842 2.133886 0.003833
v -1.602842 2.133886 0.153307
v -1.453972 2.220600 -0.171106
v -1.453972 2.220600 -0.171106
v -1.453821 2.220600 -0.004428
v 1.482450 2.220600 -0.171106
v -1.453972 2.220600 -0.171106
v -1.453368 2.220600 -0.004278
v 1.482450 2.220600 -0.004278
v 1.482450 2.220600 -0.171106
v -1.453368 2.220600 -0.004278
v 1.482450 2.220600 -0.003175
v 1.482450 2.220600 -0.004278
v -1.453368 2.220600 -0.004278
v 1.482450 2.220600 -0.003175
v -1.453368 2.220600 -0.004278
v 1.482450 2.220600 -0.003175
v -1.453821 2.220600 -0.004127
v -1.453972 2.220600 -0.003674
v 1.482450 2.220600 -0.003175
v -1.453972 2.220600 -0.003674
v -1.453972 2.220600 -0.003175
v -1.453972 2.220600 0.171106
v 1.482450 2.220600 0.171106
v 1.482450 2.220600 0.004278
v -1.453972 2.220600 0.171106
v 1.482450 2.220600 0.004278
v -1.453972 2.220600 0.004881
v 1.482450 2.220600 0.004278
v -1.453368 2.220600 0.004278
v -1.453821 2.220600 0.004428
v 1.482450 2.220600 0.004278
v -1.560474 -2.225000 -0.004278
v -1.560474 -2.225000 -0.170503
v -1.560474 -2.225000 0.000000
v -1.560474 -2.225000 -0.004278
v -1.454575 -2.225000 -0.004278
v -1.560474 -2.225000 0.000000
v -1.454575 -2.225000 -0.004278
v -1.560474 -2.225000 0.000000
v -1.454123 -2.225000 -0.004127
v -1.453972 -2.225000 -0.003674
v -1.453972 -2.225000 -0.003674
v -1.453972 -2.225000 -0.003175
v -1.457147 -2.225000 0.000000
v -1.560474 -2.225000 0.000000
v -1.453972 -2.225000 -0.003674
v -1.457147 -2.225000 0.000000
v -1.454575 -2.225000 0.004278
v -1.560474 -2.225000 0.170503
v -1.560474 -2.225000 0.004278
v -1.453972 2.220600 -0.004881
v -1.453972 2.220600 -0.171106
v -1.559871 2.220600 -0.171106
v -1.559871 2.220600 0.171106
v -1.453972 2.220600 0.171106
v -1.453972 2.220600 0.004881
v -1.453972 -2.225000 0.004881
v -1.453972 -2.225000 0.171106
v -1.559871 -2.225000 0.171106
v -1.559871 -2.225000 -0.171106
v -1.453972 -2.225000 -0.171106
v -1.453972 -2.225000 -0.004881
v -1.560531 2.220541 -0.171391
v -1.560635 2.220541 -0.171347
v -1.560715 2.220541 -0.171267
v -1.560715 2.220541 -0.171267
v -1.560759 2.220541 -0.171163
v -1.560622 2.220571 -0.170955
v -1.560622 2.220571 -0.170955
v -1.560715 2.220541 -0.171267
v -1.560622 2.220571 -0.170955
v -1.560323 2.220571 -0.171254
v -1.560531 2.220541 -0.171391
v -1.560715 2.220541 -0.171267
v -1.560323 2.220571 -0.171254
v -1.560531 2.220541 -0.171391
v -1.560323 2.220571 -0.171254
v -1.560323 2.220571 -0.171254
v -1.454123 2.220600 -0.004127
v -1.453821 2.220600 -0.004127
v -1.453821 2.220600 -0.004428
v -1.453821 2.220600 -0.004428
v -1.454123 2.220600 -0.004127
v -1.453821 2.220600 -0.004428
v -1.454123 2.220600 -0.004127
v -1.560474 2.220600 -0.170503
v -1.560474 2.220600 -0.170503
v -1.454575 2.220600 -0.004278
v -1.454575 2.220600 -0.004278
v -1.560323 2.220571 -0.171254
v -1.560474 2.220482 -0.171698
v -1.560531 2.220541 -0.171391
v -1.560531 2.220541 -0.171391
v -1.560701 2.220482 -0.171653
v -1.560635 2.220541 -0.171347
v -1.560635 2.220541 -0.171347
v -1.560892 2.220482 -0.171524
v -1.560715 2.220541 -0.171267
v -1.560715 2.220541 -0.171267
v -1.561021 2.220482 -0.171332
v -1.560759 2.220541 -0.171163
v -1.560759 2.220541 -0.171163
v -1.561066 2.220482 -0.171106
v -1.560622 2.220571 -0.170955
v -1.560622 2.220571 -0.170955
v -1.560474 2.220600 -0.170503
v -1.560474 2.220600 -0.170503
v -1.560474 2.220600 -0.170503
v -1.560622 2.220571 -0.170955
v -1.560622 2.220571 -0.170955
v -1.560323 2.220571 -0.171254
v -1.560323 2.220571 -0.171254
v -1.559871 2.220600 -0.171106
v -1.559871 2.220600 -0.171106
v -1.560323 2.220571 -0.171254
v -1.454123 2.220600 -0.004127
v -1.454123 2.220600 -0.004127
v -1.454575 2.220600 -0.004278
v -1.454575 2.220600 -0.004278
v -1.454575 2.220600 -0.004278
v -1.454123 2.220600 -0.004127
v -1.454123 2.220600 -0.004127
v -1.453972 2.220600 -0.003674
v -1.453821 2.220600 -0.004127
v -1.453821 2.220600 -0.004127
v -1.453368 2.220600 -0.004278
v -1.453821 2.220600 -0.004428
v -1.453821 2.220600 -0.004428
v -1.453972 2.220600 -0.004881
v -1.453972 2.220600 -0.004881
v -1.453821 2.220600 -0.004428
v -1.453821 2.220600 -0.004428
v -1.453972 2.220600 -0.004881
v -1.559871 2.220600 -0.171106
v -1.559871 2.220600 -0.171106
v -1.559871 2.220600 -0.171106
v -1.453972 2.220600 -0.004881
v -1.453972 2.220600 -0.004881
v -1.560759 2.220541 0.171163
v -1.560715 2.220541 0.171267
v -1.560635 2.220541 0.171347
v -1.560635 2.220541 0.171347
v -1.560531 2.220541 0.171391
v -1.560323 2.220571 0.171254
v -1.560323 2.220571 0.171254
v -1.560635 2.220541 0.171347
v -1.560323 2.220571 0.171254
v -1.560622 2.220571 0.170955
v -1.560759 2.220541 0.171163
v -1.560635 2.220541 0.171347
v -1.560622 2.220571 0.170955
v -1.560759 2.220541 0.171163
v -1.560622 2.220571 0.170955
v -1.560622 2.220571 0.170955
v -1.453821 2.220600 0.004428
v -1.453821 2.220600 0.004127
v -1.454123 2.220600 0.004127
v -1.454123 2.220600 0.004127
v -1.453821 2.220600 0.004428
v -1.454123 2.220600 0.004127
v -1.453821 2.220600 0.004428
v -1.454575 2.220600 0.004278
v -1.454575 2.220600 0.004278
v -1.560474 2.220600 0.170503
v -1.560474 2.220600 0.170503
v -1.560622 2.220571 0.170955
v -1.561066 2.220482 0.171106
v -1.560759 2.220541 0.171163
v -1.560759 2.220541 0.171163
v -1.561021 2.220482 0.171332
v -1.560715 2.220541 0.171267
v -1.560715 2.220541 0.171267
v -1.560892 2.220482 0.171524
v -1.560635 2.220541 0.171347
v -1.560635 2.220541 0.171347
v -1.560701 2.220482 0.171653
v -1.560531 2.220541 0.171391
v -1.560531 2.220541 0.171391
v -1.560474 2.220482 0.171698
v -1.560323 2.220571 0.171254
v -1.560323 2.220571 0.171254
v -1.559871 2.220600 0.171106
v -1.559871 2.220600 0.171106
v -1.560323 2.220571 0.171254
v -1.560323 2.220571 0.171254
v -1.560622 2.220571 0.170955
v -1.560622 2.220571 0.170955
v -1.560474 2.220600 0.170503
v -1.560474 2.220600 0.170503
v -1.560474 2.220600 0.170503
v -1.560622 2.220571 0.170955
v -1.453821 2.220600 0.004428
v -1.453821 2.220600 0.004428
v -1.453972 2.220600 0.004881
v -1.453972 2.220600 0.004881
v -1.453821 2.220600 0.004428
v -1.453821 2.220600 0.004428
v -1.453368 2.220600 0.004278
v -1.453821 2.220600 0.004127
v -1.453821 2.220600 0.004127
v -1.453972 2.220600 0.003674
v -1.454123 2.220600 0.004127
v -1.454123 2.220600 0.004127
v -1.454575 2.220600 0.004278
v -1.454575 2.220600 0.004278
v -1.454575 2.220600 0.004278
v -1.454123 2.220600 0.004127
v -1.454123 2.220600 0.004127
v -1.559871 2.220600 0.171106
v -1.453972 2.220600 0.004881
v -1.453972 2.220600 0.004881
v -1.453972 2.220600 0.004881
v -1.559871 2.220600 0.171106
v -1.559871 2.220600 0.171106
v -1.560622 -2.224971 -0.170955
v -1.560323 -2.224971 -0.171254
v -1.560323 -2.224971 -0.171254
v -1.560622 -2.224971 -0.170955
v -1.560622 -2.224971 -0.170955
v -1.560759 -2.224941 -0.171163
v -1.560715 -2.224941 -0.171267
v -1.560323 -2.224971 -0.171254
v -1.560622 -2.224971 -0.170955
v -1.560715 -2.224941 -0.171267
v -1.560323 -2.224971 -0.171254
v -1.560715 -2.224941 -0.171267
v -1.560635 -2.224941 -0.171347
v -1.560323 -2.224971 -0.171254
v -1.560635 -2.224941 -0.171347
v -1.560531 -2.224941 -0.171391
v -1.453821 -2.225000 -0.004428
v -1.453821 -2.225000 -0.004127
v -1.454123 -2.225000 -0.004127
v -1.454123 -2.225000 -0.004127
v -1.453821 -2.225000 -0.004428
v -1.454123 -2.225000 -0.004127
v -1.453821 -2.225000 -0.004428
v -1.454575 -2.225000 -0.004278
v -1.454575 -2.225000 -0.004278
v -1.560474 -2.225000 -0.170503
v -1.560474 -2.225000 -0.170503
v -1.560531 -2.224941 -0.171391
v -1.560474 -2.224882 -0.171698
v -1.560323 -2.224971 -0.171254
v -1.560323 -2.224971 -0.171254
v -1.559871 -2.225000 -0.171106
v -1.559871 -2.225000 -0.171106
v -1.560323 -2.224971 -0.171254
v -1.560323 -2.224971 -0.171254
v -1.560622 -2.224971 -0.170955
v -1.560622 -2.224971 -0.170955
v -1.560474 -2.225000 -0.170503
v -1.560474 -2.225000 -0.170503
v -1.560474 -2.225000 -0.170503
v -1.560622 -2.224971 -0.170955
v -1.560622 -2.224971 -0.170955
v -1.561066 -2.224882 -0.171106
v -1.560759 -2.224941 -0.171163
v -1.560759 -2.224941 -0.171163
v -1.561021 -2.224882 -0.171332
v -1.560715 -2.224941 -0.171267
v -1.560715 -2.224941 -0.171267
v -1.560892 -2.224882 -0.171524
v -1.560635 -2.224941 -0.171347
v -1.560635 -2.224941 -0.171347
v -1.560701 -2.224882 -0.171653
v -1.560531 -2.224941 -0.171391
v -1.453821 -2.225000 -0.004428
v -1.453821 -2.225000 -0.004428
v -1.453972 -2.225000 -0.004881
v -1.453972 -2.225000 -0.004881
v -1.453821 -2.225000 -0.004428
v -1.453821 -2.225000 -0.004428
v -1.453368 -2.225000 -0.004278
v -1.453821 -2.225000 -0.004127
v -1.453821 -2.225000 -0.004127
v -1.453972 -2.225000 -0.003674
v -1.454123 -2.225000 -0.004127
v -1.454123 -2.225000 -0.004127
v -1.454575 -2.225000 -0.004278
v -1.454575 -2.225000 -0.004278
v -1.454575 -2.225000 -0.004278
v -1.454123 -2.225000 -0.004127
v -1.454123 -2.225000 -0.004127
v -1.559871 -2.225000 -0.171106
v -1.453972 -2.225000 -0.004881
v -1.453972 -2.225000 -0.004881
v -1.453972 -2.225000 -0.004881
v -1.559871 -2.225000 -0.171106
v -1.559871 -2.225000 -0.171106
v -1.560323 -2.224971 0.171254
v -1.560622 -2.224971 0.170955
v -1.560622 -2.224971 0.170955
v -1.560323 -2.224971 0.171254
v -1.560323 -2.224971 0.171254
v -1.560531 -2.224941 0.171391
v -1.560635 -2.224941 0.171347
v -1.560622 -2.224971 0.170955
v -1.560323 -2.224971 0.171254
v -1.560635 -2.224941 0.171347
v -1.560622 -2.224971 0.170955
v -1.560635 -2.224941 0.171347
v -1.560715 -2.224941 0.171267
v -1.560622 -2.224971 0.170955
v -1.560715 -2.224941 0.171267
v -1.560759 -2.224941 0.171163
v -1.454123 -2.225000 0.004127
v -1.453821 -2.225000 0.004127
v -1.453821 -2.225000 0.004428
v -1.453821 -2.225000 0.004428
v -1.454123 -2.225000 0.004127
v -1.453821 -2.225000 0.004428
v -1.454123 -2.225000 0.004127
v -1.560474 -2.225000 0.170503
v -1.560474 -2.225000 0.170503
v -1.454575 -2.225000 0.004278
v -1.454575 -2.225000 0.004278
v -1.560759 -2.224941 0.171163
v -1.561066 -2.224882 0.171106
v -1.560622 -2.224971 0.170955
v -1.560622 -2.224971 0.170955
v -1.560474 -2.225000 0.170503
v -1.560474 -2.225000 0.170503
v -1.560474 -2.225000 0.170503
v -1.560622 -2.224971 0.170955
v -1.560622 -2.224971 0.170955
v -1.560323 -2.224971 0.171254
v -1.560323 -2.224971 0.171254
v -1.559871 -2.225000 0.171106
v -1.559871 -2.225000 0.171106
v -1.560323 -2.224971 0.171254
v -1.560323 -2.224971 0.171254
v -1.560474 -2.224882 0.171698
v -1.560531 -2.224941 0.171391
v -1.560531 -2.224941 0.171391
v -1.560701 -2.224882 0.171653
v -1.560635 -2.224941 0.171347
v -1.560635 -2.224941 0.171347
v -1.560892 -2.224882 0.171524
v -1.560715 -2.224941 0.171267
v -1.560715 -2.224941 0.171267
v -1.561021 -2.224882 0.171332
v -1.560759 -2.224941 0.171163
v -1.454123 -2.225000 0.004127
v -1.454123 -2.225000 0.004127
v -1.454575 -2.225000 0.004278
v -1.454575 -2.225000 0.004278
v -1.454575 -2.225000 0.004278
v -1.454123 -2.225000 0.004127
v -1.454123 -2.225000 0.004127
v -1.453972 -2.225000 0.003674
v -1.453821 -2.225000 0.004127
v -1.453821 -2.225000 0.004127
v -1.453368 -2.225000 0.004278
v -1.453821 -2.225000 0.004428
v -1.453821 -2.225000 0.004428
v -1.453972 -2.225000 0.004881
v -1.453972 -2.225000 0.004881
v -1.453821 -2.225000 0.004428
v -1.453821 -2.225000 0.004428
v -1.453972 -2.225000 0.004881
v -1.559871 -2.225000 0.171106
v -1.559871 -2.225000 0.171106
v -1.559871 -2.225000 0.171106
v -1.453972 -2.225000 0.004881
v -1.453972 -2.225000 0.004881
v 1.611130 2.133886 0.004278
v 1.611130 0.775193 0.003175
v 1.611130 2.133886 0.003175
v 1.611130 2.133886 0.004278
v 1.611130 -2.138287 0.004278
v 1.611130 -2.138287 0.003175
v 1.611130 -0.779593 0.003175
v 1.611130 -2.138287 0.004278
v 1.611130 2.133886 -0.171106
v 1.611130 2.133886 -0.004278
v 1.611130 0.775193 -0.004278
v 1.611130 0.775193 -0.171106
v 1.611130 2.133886 -0.171106
v 1.611130 -2.138287 -0.004278
v 1.611130 -2.138287 -0.171106
v 1.611130 -0.779593 -0.171106
v 1.611130 -0.779593 -0.171106
v 1.611130 -2.138287 -0.004278
v 1.611130 2.133886 -0.004278
v 1.611130 2.133886 -0.003175
v 1.611130 0.775193 -0.003175
v 1.611130 0.775193 -0.004278
v 1.611130 2.133886 -0.004278
v 1.611130 -2.138287 -0.004278
v 1.611130 -0.779593 -0.004278
v 1.611130 -0.779593 -0.003175
v 1.611130 -2.138287 -0.003175
v 1.611130 -2.138287 -0.004278
v 1.611130 -2.138287 0.171106
v 1.611130 -2.138287 0.004278
v 1.611130 -0.779593 0.004278
v 1.611130 -0.779593 0.004278
v 1.611130 -0.779593 0.171106
v 1.611130 -2.138287 0.171106
v 1.611130 2.133886 0.004278
v 1.611130 2.133886 0.171106
v 1.611130 0.775193 0.171106
v 1.611130 0.775193 0.171106
v 1.611130 0.775193 0.004278
v 1.611130 2.133886 0.004278
v 1.611130 0.775193 0.171106
v 1.611130 -0.779593 0.171106
v 1.611130 -0.711191 0.171106
v 1.611130 0.775193 0.171106
v 1.611130 -0.779593 0.004278
v 1.611130 -0.779593 0.003175
v 1.611130 -0.779593 0.000000
v 1.611130 -0.779593 0.004278
v 1.611130 -0.779593 0.000000
v 1.611130 -0.779593 0.003175
v 1.611130 -0.779593 0.004278
v 1.611130 -0.779593 0.003175
v 1.611130 -0.779593 -0.003175
v 1.611130 -0.779593 -0.004278
v 1.611130 -0.779593 -0.004278
v 1.611130 -0.779593 0.000000
v 1.611130 -0.779593 -0.003175
v 1.611130 -0.779593 -0.004278
v 1.611130 -0.779593 0.000000
v 1.611130 -0.779593 -0.003175
v 1.611130 -0.779593 0.000000
v 1.611130 -0.779593 0.000000
v 1.611130 -0.779593 -0.171106
v 1.611130 0.775193 -0.171106
v 1.611130 0.706791 -0.171106
v 1.611130 -0.779593 -0.171106
v 1.611130 0.775193 -0.004278
v 1.611130 0.775193 -0.003175
v 1.611130 0.775193 0.000000
v 1.611130 0.775193 -0.004278
v 1.611130 0.775193 0.000000
v 1.611130 0.775193 -0.003175
v 1.611130 0.775193 -0.004278
v 1.611130 0.775193 -0.003175
v 1.611130 0.775193 0.003175
v 1.611130 0.775193 0.004278
v 1.611130 0.775193 0.004278
v 1.611130 0.775193 0.000000
v 1.611130 0.775193 0.003175
v 1.611130 0.775193 0.004278
v 1.611130 0.775193 0.000000
v 1.611130 0.775193 0.003175
v 1.611130 0.775193 0.000000
v 1.611130 0.775193 0.000000
v 1.611130 0.775193 -0.171106
v 1.611130 0.775193 -0.004278
v 1.489650 0.775193 -0.004278
v 1.489650 0.775193 -0.004278
v 1.489650 0.775193 -0.171106
v 1.611130 0.775193 -0.171106
v 1.611130 0.775193 -0.004278
v 1.611130 0.775193 -0.004278
v 1.489650 0.775193 -0.004278
v 1.489650 0.775193 -0.004278
v 1.489650 0.775193 -0.004278
v 1.611130 0.775193 -0.004278
v 1.611130 0.775193 -0.003175
v 1.489650 0.775193 -0.003175
v 1.489650 0.775193 -0.004278
v 1.489650 0.775193 -0.004278
v 1.611130 0.775193 -0.004278
v 1.611130 0.775193 -0.003175
v 1.611130 0.775193 0.004278
v 1.489650 0.775193 0.004278
v 1.489650 0.775193 0.003175
v 1.489650 0.775193 0.003175
v 1.611130 0.775193 0.003175
v 1.611130 0.775193 0.004278
v 1.611130 0.775193 0.004278
v 1.611130 0.775193 0.004278
v 1.489650 0.775193 0.004278
v 1.489650 0.775193 0.004278
v 1.489650 0.775193 0.004278
v 1.611130 0.775193 0.004278
v 1.611130 0.775193 0.004278
v 1.611130 0.775193 0.171106
v 1.489650 0.775193 0.171106
v 1.489650 0.775193 0.171106
v 1.489650 0.775193 0.004278
v 1.611130 0.775193 0.004278
v 1.611130 0.775193 0.171106
v 1.611130 0.706791 0.171106
v 1.489650 0.706791 0.171106
v 1.489650 0.706791 0.171106
v 1.489650 0.775193 0.171106
v 1.611130 0.775193 0.171106
v 1.611130 0.706791 0.171106
v 1.611130 -0.711191 0.171106
v 1.489650 -0.711191 0.171106
v 1.489650 -0.711191 0.171106
v 1.489650 0.706791 0.171106
v 1.611130 0.706791 0.171106
v 1.611130 -0.711191 0.171106
v 1.611130 -0.779593 0.171106
v 1.489650 -0.779593 0.171106
v 1.489650 -0.779593 0.171106
v 1.489650 -0.711191 0.171106
v 1.611130 -0.711191 0.171106
v 1.611130 -0.779593 0.171106
v 1.611130 -0.779593 0.004278
v 1.489650 -0.779593 0.004278
v 1.489650 -0.779593 0.004278
v 1.489650 -0.779593 0.171106
v 1.611130 -0.779593 0.171106
v 1.611130 -0.779593 0.004278
v 1.611130 -0.779593 0.004278
v 1.489650 -0.779593 0.004278
v 1.489650 -0.779593 0.004278
v 1.489650 -0.779593 0.004278
v 1.611130 -0.779593 0.004278
v 1.611130 -0.779593 0.003175
v 1.489650 -0.779593 0.003175
v 1.489650 -0.779593 0.004278
v 1.489650 -0.779593 0.004278
v 1.611130 -0.779593 0.004278
v 1.611130 -0.779593 0.003175
v 1.611130 -0.779593 -0.004278
v 1.489650 -0.779593 -0.004278
v 1.489650 -0.779593 -0.003175
v 1.489650 -0.779593 -0.003175
v 1.611130 -0.779593 -0.003175
v 1.611130 -0.779593 -0.004278
v 1.611130 -0.779593 -0.004278
v 1.611130 -0.779593 -0.004278
v 1.489650 -0.779593 -0.004278
v 1.489650 -0.779593 -0.004278
v 1.489650 -0.779593 -0.004278
v 1.611130 -0.779593 -0.004278
v 1.611130 -0.779593 -0.004278
v 1.611130 -0.779593 -0.171106
v 1.489650 -0.779593 -0.171106
v 1.489650 -0.779593 -0.171106
v 1.489650 -0.779593 -0.004278
v 1.611130 -0.779593 -0.004278
v 1.611130 -0.779593 -0.171106
v 1.611130 -0.711191 -0.171106
v 1.489650 -0.711191 -0.171106
v 1.489650 -0.711191 -0.171106
v 1.489650 -0.779593 -0.171106
v 1.611130 -0.779593 -0.171106
v 1.611130 -0.711191 -0.171106
v 1.611130 0.706791 -0.171106
v 1.489650 0.706791 -0.171106
v 1.489650 0.706791 -0.171106
v 1.489650 -0.711191 -0.171106
v 1.611130 -0.711191 -0.171106
v 1.611130 0.706791 -0.171106
v 1.611130 0.775193 -0.171106
v 1.489650 0.775193 -0.171106
v 1.489650 0.775193 -0.171106
v 1.489650 0.706791 -0.171106
v 1.611130 0.706791 -0.171106
v -1.457147 2.220600 0.000000
v -1.453972 2.220600 -0.003175
v 1.560474 2.220600 0.003175
v 1.579859 2.216744 0.003175
v 1.579859 2.216744 0.003175
v 1.558628 2.201853 0.000000
v 1.572650 2.199340 0.000000
v 1.579859 2.216744 0.003175
v 1.596293 2.205764 0.003175
v 1.596293 2.205764 0.003175
v 1.572650 2.199340 0.000000
v 1.582972 2.192443 0.000000
v 1.596293 2.205764 0.003175
v 1.607274 2.189329 0.003175
v 1.607274 2.189329 0.003175
v 1.582972 2.192443 0.000000
v 1.589870 2.182120 0.000000
v 1.607274 2.189329 0.003175
v 1.611130 2.169944 0.003175
v 1.611130 2.169944 0.003175
v 1.589870 2.182120 0.000000
v 1.489650 0.775193 0.003175
v 1.489650 -0.779593 0.003175
v 1.489650 -0.779593 0.003175
v 1.476330 0.788514 -0.000000
v 1.611130 -2.174344 0.003175
v 1.607274 -2.193729 0.003175
v 1.607274 -2.193729 0.003175
v 1.592382 -2.172498 0.000000
v 1.589870 -2.186520 0.000000
v 1.607274 -2.193729 0.003175
v 1.596293 -2.210163 0.003175
v 1.596293 -2.210163 0.003175
v 1.589870 -2.186520 0.000000
v 1.582972 -2.196842 0.000000
v 1.596293 -2.210163 0.003175
v 1.579859 -2.221144 0.003175
v 1.579859 -2.221144 0.003175
v 1.582972 -2.196842 0.000000
v 1.572650 -2.203740 0.000000
v 1.579859 -2.221144 0.003175
v 1.560474 -2.225000 0.003175
v 1.560474 -2.225000 0.003175
v 1.572650 -2.203740 0.000000
v 1.482450 -2.225000 -0.003175
v 1.560474 -2.225000 -0.003175
v 1.560474 -2.225000 -0.003175
v 1.558628 -2.206252 0.000000
v 1.482450 -2.206161 0.000000
v 1.611130 -2.138287 0.003175
v 1.611130 -2.174344 0.003175
v 1.611130 -2.174344 0.003175
v 1.592382 -2.172498 0.000000
v 1.592292 -2.138287 0.000000
v 1.611130 2.133886 -0.003175
v 1.611130 2.169944 -0.003175
v 1.611130 2.169944 -0.003175
v 1.592382 2.168098 0.000000
v 1.592292 2.133886 0.000000
v 1.482450 2.220600 0.003175
v 1.560474 2.220600 0.003175
v 1.560474 2.220600 0.003175
v 1.558628 2.201853 0.000000
v 1.482450 2.201762 0.000000
v 1.482450 -2.206161 0.000000
v 1.482450 -2.225000 0.003175
v -1.453972 -2.225000 0.003175
v -1.453972 -2.225000 0.003175
v 1.482450 -2.206161 0.000000
v -1.453972 2.201762 0.000000
v -1.453972 2.220600 0.003175
v 1.482450 2.220600 0.003175
v 1.482450 2.220600 0.003175
v 1.482450 2.201762 0.000000
v -1.453972 2.201762 0.000000
v -1.457147 -2.225000 0.000000
v -1.453972 -2.206161 0.000000
v -1.453972 -2.225000 0.003175
v -1.453972 2.220600 0.003175
v -1.453972 2.201762 0.000000
v -1.457147 2.220600 0.000000
v 1.572650 2.199340 0.000000
v 1.579859 2.216744 -0.003175
v 1.560474 2.220600 -0.003175
v 1.560474 2.220600 -0.003175
v 1.558628 2.201853 0.000000
v 1.572650 2.199340 0.000000
v 1.582972 2.192443 0.000000
v 1.596293 2.205764 -0.003175
v 1.579859 2.216744 -0.003175
v 1.579859 2.216744 -0.003175
v 1.572650 2.199340 0.000000
v 1.582972 2.192443 0.000000
v 1.589870 2.182120 0.000000
v 1.607274 2.189329 -0.003175
v 1.596293 2.205764 -0.003175
v 1.596293 2.205764 -0.003175
v 1.582972 2.192443 0.000000
v 1.589870 2.182120 0.000000
v 1.592382 2.168098 0.000000
v 1.611130 2.169944 -0.003175
v 1.607274 2.189329 -0.003175
v 1.607274 2.189329 -0.003175
v 1.589870 2.182120 0.000000
v 1.592382 2.168098 0.000000
v 1.476330 -0.792914 0.000000
v 1.489650 -0.779593 -0.003175
v 1.489650 0.775193 -0.003175
v 1.489650 0.775193 -0.003175
v 1.476330 0.788514 -0.000000
v 1.476330 -0.792914 0.000000
v 1.589870 -2.186520 0.000000
v 1.607274 -2.193729 -0.003175
v 1.611130 -2.174344 -0.003175
v 1.611130 -2.174344 -0.003175
v 1.592382 -2.172498 0.000000
v 1.589870 -2.186520 0.000000
v 1.582972 -2.196842 0.000000
v 1.596293 -2.210163 -0.003175
v 1.607274 -2.193729 -0.003175
v 1.607274 -2.193729 -0.003175
v 1.589870 -2.186520 0.000000
v 1.582972 -2.196842 0.000000
v 1.572650 -2.203740 0.000000
v 1.579859 -2.221144 -0.003175
v 1.596293 -2.210163 -0.003175
v 1.596293 -2.210163 -0.003175
v 1.582972 -2.196842 0.000000
v 1.572650 -2.203740 0.000000
v 1.558628 -2.206252 0.000000
v 1.560474 -2.225000 -0.003175
v 1.579859 -2.221144 -0.003175
v 1.579859 -2.221144 -0.003175
v 1.572650 -2.203740 0.000000
v 1.558628 -2.206252 0.000000
v 1.558628 -2.206252 0.000000
v 1.560474 -2.225000 0.003175
v 1.482450 -2.225000 0.003175
v 1.482450 -2.225000 0.003175
v 1.482450 -2.206161 0.000000
v 1.558628 -2.206252 0.000000
v 1.592382 -2.172498 0.000000
v 1.611130 -2.174344 -0.003175
v 1.611130 -2.138287 -0.003175
v 1.611130 -2.138287 -0.003175
v 1.592292 -2.138287 0.000000
v 1.592382 -2.172498 0.000000
v 1.592382 2.168098 0.000000
v 1.611130 2.169944 0.003175
v 1.611130 2.133886 0.003175
v 1.611130 2.133886 0.003175
v 1.592292 2.133886 0.000000
v 1.592382 2.168098 0.000000
v 1.558628 2.201853 0.000000
v 1.560474 2.220600 -0.003175
v 1.482450 2.220600 -0.003175
v 1.482450 2.220600 -0.003175
v 1.482450 2.201762 0.000000
v 1.558628 2.201853 0.000000
v -1.453972 -2.206161 0.000000
v -1.453972 -2.225000 -0.003175
v 1.482450 -2.225000 -0.003175
v 1.482450 -2.225000 -0.003175
v 1.482450 -2.206161 0.000000
v -1.453972 -2.206161 0.000000
v 1.482450 2.201762 0.000000
v 1.482450 2.220600 -0.003175
v -1.453972 2.220600 -0.003175
v -1.453972 2.220600 -0.003175
v -1.453972 2.201762 0.000000
v 1.482450 2.201762 0.000000
v -1.453972 -2.225000 -0.003175
v -1.453972 -2.206161 0.000000
v -1.457147 -2.225000 0.000000
v 1.592292 2.133886 0.000000
v 1.611130 2.133886 0.003175
v 1.611130 0.775193 0.003175
v 1.611130 0.775193 0.003175
v 1.592292 2.133886 0.000000
v 1.611130 -0.779593 0.003175
v 1.611130 -2.138287 0.003175
v 1.611130 -2.138287 0.003175
v 1.592292 -2.138287 0.000000
v 1.592292 -0.779593 0.000000
v 1.592292 0.775193 0.000000
v 1.611130 0.775193 -0.003175
v 1.611130 2.133886 -0.003175
v 1.611130 2.133886 -0.003175
v 1.592292 2.133886 0.000000
v 1.592292 0.775193 0.000000
v 1.592292 -2.138287 0.000000
v 1.611130 -2.138287 -0.003175
v 1.611130 -0.779593 -0.003175
v 1.611130 -0.779593 -0.003175
v 1.592292 -0.779593 0.000000
v 1.592292 -2.138287 0.000000
v 1.611130 -0.779593 0.003175
v 1.592292 -0.779593 0.000000
v 1.611130 -0.779593 0.000000
v 1.611130 -0.779593 0.000000
v 1.611130 -0.779593 0.003175
v 1.611130 -0.779593 -0.003175
v 1.611130 -0.798432 0.000001
v 1.611130 -0.779593 0.000000
v 1.611130 -0.779593 0.000000
v 1.592292 -0.779593 0.000000
v 1.611130 -0.779593 -0.003175
v 1.611130 0.775193 -0.003175
v 1.592292 0.775193 0.000000
v 1.611130 0.775193 0.000000
v 1.611130 0.775193 0.000000
v 1.611130 0.775193 -0.003175
v 1.611130 0.775193 0.003175
v 1.611130 0.794031 -0.000001
v 1.611130 0.775193 0.000000
v 1.611130 0.775193 0.000000
v 1.592292 0.775193 0.000000
v 1.611130 0.775193 0.003175
v 1.476330 0.788514 -0.000000
v 1.489650 0.775193 -0.003175
v 1.611130 0.775193 -0.003175
v 1.611130 0.775193 -0.003175
v 1.611130 0.794031 -0.000001
v 1.476330 0.788514 -0.000000
v 1.611130 0.794031 -0.000001
v 1.611130 0.775193 0.003175
v 1.489650 0.775193 0.003175
v 1.489650 0.775193 0.003175
v 1.476330 0.788514 -0.000000
v 1.611130 0.794031 -0.000001
v 1.476330 -0.792914 0.000000
v 1.489650 -0.779593 0.003175
v 1.611130 -0.779593 0.003175
v 1.611130 -0.779593 0.003175
v 1.611130 -0.798432 0.000001
v 1.476330 -0.792914 0.000000
v 1.611130 -0.798432 0.000001
v 1.611130 -0.779593 -0.003175
v 1.489650 -0.779593 -0.003175
v 1.489650 -0.779593 -0.003175
v 1.476330 -0.792914 0.000000
v 1.611130 -0.798432 0.000001
v -1.560622 2.220571 -0.170955
v -1.560323 2.220571 -0.171254
v -1.453821 2.220600 -0.004428
v -1.454123 2.220600 -0.004127
v -1.560323 2.201762 -0.170955
v -1.560474 2.220600 -0.170503
v -1.454575 2.220600 -0.004278
v -1.454575 2.220600 -0.004278
v -1.454123 2.201762 -0.004428
v -1.560323 2.201762 -0.170955
v -1.560474 2.220600 -0.170503
v -1.560323 2.201762 -0.170955
v -1.560622 2.220571 -0.170955
v -1.560323 2.220571 -0.171254
v -1.560323 2.201762 -0.170955
v -1.559871 2.220600 -0.171106
v -1.454123 2.220600 -0.004127
v -1.454123 2.201762 -0.004428
v -1.454575 2.220600 -0.004278
v -1.453972 2.220600 -0.004881
v -1.454123 2.201762 -0.004428
v -1.453821 2.220600 -0.004428
v -1.454123 2.201762 -0.004428
v -1.453972 2.220600 -0.004881
v -1.559871 2.220600 -0.171106
v -1.559871 2.220600 -0.171106
v -1.560323 2.201762 -0.170955
v -1.454123 2.201762 -0.004428
v -1.560323 2.220571 0.171254
v -1.560622 2.220571 0.170955
v -1.454123 2.220600 0.004127
v -1.453821 2.220600 0.004428
v -1.454123 2.201762 0.004428
v -1.454575 2.220600 0.004278
v -1.560474 2.220600 0.170503
v -1.560474 2.220600 0.170503
v -1.560323 2.201762 0.170955
v -1.454123 2.201762 0.004428
v -1.559871 2.220600 0.171106
v -1.560323 2.201762 0.170955
v -1.560323 2.220571 0.171254
v -1.560622 2.220571 0.170955
v -1.560323 2.201762 0.170955
v -1.560474 2.220600 0.170503
v -1.453821 2.220600 0.004428
v -1.454123 2.201762 0.004428
v -1.453972 2.220600 0.004881
v -1.454575 2.220600 0.004278
v -1.454123 2.201762 0.004428
v -1.454123 2.220600 0.004127
v -1.560323 2.201762 0.170955
v -1.559871 2.220600 0.171106
v -1.453972 2.220600 0.004881
v -1.453972 2.220600 0.004881
v -1.454123 2.201762 0.004428
v -1.560323 2.201762 0.170955
v -1.560323 -2.224971 -0.171254
v -1.560622 -2.224971 -0.170955
v -1.454123 -2.225000 -0.004127
v -1.453821 -2.225000 -0.004428
v -1.454123 -2.206161 -0.004428
v -1.454575 -2.225000 -0.004278
v -1.560474 -2.225000 -0.170503
v -1.560474 -2.225000 -0.170503
v -1.560323 -2.206161 -0.170955
v -1.454123 -2.206161 -0.004428
v -1.559871 -2.225000 -0.171106
v -1.560323 -2.206161 -0.170955
v -1.560323 -2.224971 -0.171254
v -1.560622 -2.224971 -0.170955
v -1.560323 -2.206161 -0.170955
v -1.560474 -2.225000 -0.170503
v -1.453821 -2.225000 -0.004428
v -1.454123 -2.206161 -0.004428
v -1.453972 -2.225000 -0.004881
v -1.454575 -2.225000 -0.004278
v -1.454123 -2.206161 -0.004428
v -1.454123 -2.225000 -0.004127
v -1.560323 -2.206161 -0.170955
v -1.559871 -2.225000 -0.171106
v -1.453972 -2.225000 -0.004881
v -1.453972 -2.225000 -0.004881
v -1.454123 -2.206161 -0.004428
v -1.560323 -2.206161 -0.170955
v -1.560622 -2.224971 0.170955
v -1.560323 -2.224971 0.171254
v -1.453821 -2.225000 0.004428
v -1.454123 -2.225000 0.004127
v -1.560323 -2.206161 0.170955
v -1.560474 -2.225000 0.170503
v -1.454575 -2.225000 0.004278
v -1.454575 -2.225000 0.004278
v -1.454123 -2.206161 0.004428
v -1.560323 -2.206161 0.170955
v -1.560474 -2.225000 0.170503
v -1.560323 -2.206161 0.170955
v -1.560622 -2.224971 0.170955
v -1.560323 -2.224971 0.171254
v -1.560323 -2.206161 0.170955
v -1.559871 -2.225000 0.171106
v -1.454123 -2.225000 0.004127
v -1.454123 -2.206161 0.004428
v -1.454575 -2.225000 0.004278
v -1.453972 -2.225000 0.004881
v -1.454123 -2.206161 0.004428
v -1.453821 -2.225000 0.004428
v -1.454123 -2.206161 0.004428
v -1.453972 -2.225000 0.004881
v -1.559871 -2.225000 0.171106
v -1.559871 -2.225000 0.171106
v -1.560323 -2.206161 0.170955
v -1.454123 -2.206161 0.004428
vn -0.0980 0.9952 -0.0000
vn -0.0000 1.0000 -0.0000
vn -0.0195 0.9807 -0.1948
vn -0.0398 0.9189 -0.3925
vn -0.1543 0.9152 -0.3724
vn -0.0471 0.9867 -0.1553
vn -0.0750 0.9809 -0.1798
vn -0.0471 0.9867 -0.1554
vn -0.1542 0.9152 -0.3724
vn -0.0749 0.9809 -0.1798
vn -0.2850 0.9152 -0.2850
vn -0.0589 0.9944 -0.0881
vn -0.1380 0.9808 -0.1374
vn -0.1380 0.9809 -0.1374
vn -0.3724 0.9152 -0.1542
vn -0.1236 0.9883 -0.0895
vn -0.1801 0.9809 -0.0741
vn -0.3925 0.9189 -0.0398
vn -0.1671 0.9850 -0.0436
vn -0.1948 0.9807 -0.0188
vn -0.1672 0.9850 -0.0436
vn -0.3827 0.9239 -0.0000
vn -0.1948 0.9807 0.0196
vn -0.3925 0.9189 0.0398
vn -0.3724 0.9152 0.1543
vn -0.1553 0.9867 0.0471
vn -0.1798 0.9809 0.0748
vn -0.1554 0.9867 0.0471
vn -0.2850 0.9152 0.2850
vn -0.0882 0.9944 0.0589
vn -0.1798 0.9809 0.0749
vn -0.1374 0.9809 0.1381
vn -0.0881 0.9944 0.0589
vn -0.1542 0.9152 0.3724
vn -0.0895 0.9883 0.1236
vn -0.0741 0.9809 0.1801
vn -0.1543 0.9152 0.3724
vn -0.0398 0.9189 0.3925
vn -0.0436 0.9850 0.1671
vn -0.0742 0.9809 0.1801
vn -0.0188 0.9807 0.1947
vn -0.0000 0.9239 0.3827
vn -0.0000 0.9952 0.0980
vn -0.0243 0.9869 0.1592
vn -0.0000 0.9895 0.1446
vn 0.0810 0.9934 0.0810
vn 0.0398 0.9189 0.3925
vn 0.1542 0.9152 0.3724
vn 0.2850 0.9152 0.2850
vn 0.3724 0.9152 0.1543
vn 0.3925 0.9189 0.0398
vn 0.3827 0.9239 0.0001
vn 0.0980 0.9952 -0.0000
vn 0.3827 0.9239 -0.0000
vn 0.0810 0.9934 -0.0810
vn 0.3925 0.9189 -0.0398
vn 0.3724 0.9152 -0.1543
vn 0.2850 0.9152 -0.2850
vn 0.1542 0.9152 -0.3724
vn 0.0398 0.9189 -0.3925
vn -0.0000 0.9239 -0.3827
vn -0.0000 0.9952 -0.0980
vn -0.2751 0.6951 -0.6642
vn -0.0703 0.6995 -0.7111
vn -0.2751 0.6952 -0.6641
vn -0.5083 0.6952 -0.5083
vn -0.6641 0.6952 -0.2751
vn -0.3724 0.9152 -0.1543
vn -0.7112 0.6995 -0.0704
vn -0.7112 0.6995 -0.0703
vn -0.7071 0.7071 -0.0000
vn -0.6641 0.6951 0.2751
vn -0.7112 0.6995 0.0704
vn -0.6642 0.6951 0.2751
vn -0.5083 0.6951 0.5083
vn -0.2751 0.6952 0.6641
vn -0.2751 0.6951 0.6641
vn -0.0703 0.6995 0.7112
vn -0.0703 0.6995 0.7111
vn -0.0704 0.6995 0.7112
vn -0.0000 0.7071 0.7071
vn 0.2751 0.6951 0.6641
vn 0.1543 0.9152 0.3724
vn 0.0703 0.6995 0.7111
vn 0.2751 0.6952 0.6641
vn 0.5083 0.6952 0.5083
vn 0.2751 0.6951 0.6642
vn 0.6641 0.6952 0.2751
vn 0.2851 0.9152 0.2850
vn 0.7112 0.6995 0.0704
vn 0.3724 0.9152 0.1542
vn 0.7112 0.6995 0.0703
vn 0.7071 0.7071 -0.0000
vn 0.6641 0.6951 -0.2751
vn 0.7112 0.6995 -0.0704
vn 0.6642 0.6951 -0.2751
vn 0.5083 0.6951 -0.5083
vn 0.2751 0.6952 -0.6641
vn 0.1543 0.9152 -0.3724
vn 0.2751 0.6951 -0.6641
vn 0.0703 0.6995 -0.7112
vn 0.0703 0.6995 -0.7111
vn 0.0001 0.7071 -0.7071
vn -0.3549 0.3744 -0.8567
vn -0.0703 0.6995 -0.7112
vn -0.0901 0.3771 -0.9218
vn -0.6557 0.3744 -0.6557
vn -0.8567 0.3744 -0.3548
vn -0.8567 0.3744 -0.3549
vn -0.9218 0.3771 -0.0900
vn -0.6642 0.6951 -0.2751
vn -0.9239 0.3827 -0.0000
vn -0.8567 0.3744 0.3549
vn -0.7112 0.6995 0.0703
vn -0.9218 0.3771 0.0901
vn -0.6557 0.3744 0.6557
vn -0.5083 0.6952 0.5083
vn -0.6641 0.6952 0.2751
vn -0.8567 0.3744 0.3548
vn -0.3548 0.3744 0.8567
vn -0.3549 0.3744 0.8567
vn -0.0901 0.3771 0.9218
vn -0.2751 0.6951 0.6642
vn -0.0901 0.3770 0.9218
vn -0.0000 0.3827 0.9239
vn 0.3549 0.3744 0.8567
vn 0.0703 0.6995 0.7112
vn 0.0901 0.3771 0.9218
vn 0.6557 0.3744 0.6557
vn 0.8567 0.3744 0.3548
vn 0.8567 0.3744 0.3549
vn 0.9218 0.3771 0.0900
vn 0.6642 0.6951 0.2751
vn 0.9239 0.3827 -0.0000
vn 0.8567 0.3744 -0.3549
vn 0.7112 0.6995 -0.0703
vn 0.9218 0.3771 -0.0901
vn 0.6557 0.3744 -0.6557
vn 0.5083 0.6952 -0.5083
vn 0.6641 0.6952 -0.2751
vn 0.8567 0.3744 -0.3548
vn 0.3548 0.3744 -0.8567
vn 0.3549 0.3744 -0.8567
vn 0.0901 0.3771 -0.9218
vn 0.2751 0.6951 -0.6642
vn 0.0901 0.3770 -0.9218
vn -0.0000 0.3827 -0.9239
vn -0.0000 0.7071 -0.7071
vn -0.3809 0.0968 -0.9195
vn -0.3548 0.3744 -0.8567
vn -0.0970 0.0970 -0.9905
vn -0.7038 0.0969 -0.7038
vn -0.3809 0.0969 -0.9195
vn -0.7038 0.0968 -0.7038
vn -0.9195 0.0968 -0.3809
vn -0.9905 0.0970 -0.0970
vn -0.9218 0.3771 -0.0901
vn -0.9195 0.0969 -0.3809
vn -0.9906 0.0970 -0.0970
vn -0.9952 0.0980 -0.0000
vn -0.9195 0.0969 0.3809
vn -0.9906 0.0970 0.0970
vn -0.7038 0.0968 0.7038
vn -0.3809 0.0969 0.9195
vn -0.3809 0.0968 0.9195
vn -0.0970 0.0970 0.9905
vn -0.0000 0.0980 0.9952
vn -0.0970 0.0970 0.9906
vn 0.3809 0.0968 0.9195
vn 0.3548 0.3744 0.8567
vn 0.0970 0.0970 0.9905
vn 0.7038 0.0969 0.7038
vn 0.3809 0.0969 0.9195
vn 0.7038 0.0968 0.7038
vn 0.9195 0.0968 0.3809
vn 0.9905 0.0970 0.0970
vn 0.9218 0.3771 0.0901
vn 0.9195 0.0969 0.3809
vn 0.9906 0.0970 0.0970
vn 0.9952 0.0980 -0.0000
vn 0.9195 0.0969 -0.3809
vn 0.9906 0.0970 -0.0970
vn 0.7038 0.0968 -0.7038
vn 0.3809 0.0969 -0.9195
vn 0.3809 0.0968 -0.9195
vn 0.0970 0.0970 -0.9905
vn -0.0000 0.0980 -0.9952
vn 0.0970 0.0970 -0.9906
vn -0.1689 -0.0000 -0.9856
vn -0.5687 -0.0000 -0.8225
vn -0.8627 -0.0000 -0.5057
vn -0.9723 -0.0000 -0.2336
vn -0.9984 -0.0000 -0.0557
vn -1.0000 -0.0000 -0.0000
vn -0.9984 -0.0000 0.0557
vn -0.9723 -0.0000 0.2336
vn -0.8627 -0.0000 0.5057
vn -0.5687 -0.0000 0.8225
vn -0.1689 -0.0000 0.9856
vn -0.0000 -0.0000 1.0000
vn 0.0980 -0.0000 0.9952
vn 0.3827 -0.0000 0.9239
vn 0.7071 -0.0000 0.7071
vn 0.9239 -0.0000 0.3827
vn 0.9239 0.0001 0.3827
vn 0.9952 -0.0000 0.0980
vn 0.9914 -0.0000 0.1306
vn 1.0000 -0.0000 -0.0002
vn 1.0000 -0.0000 -0.0000
vn 0.9952 -0.0000 -0.0980
vn 0.9239 -0.0000 -0.3827
vn 0.9914 -0.0000 -0.1306
vn 0.9239 0.0001 -0.3827
vn 0.7071 -0.0000 -0.7071
vn 0.3827 -0.0000 -0.9239
vn 0.0980 -0.0000 -0.9952
vn -0.0000 -0.0000 -1.0000
vn -0.3549 -0.3744 -0.8567
vn -0.3809 -0.0969 -0.9195
vn -0.0970 -0.0970 -0.9905
vn -0.0901 -0.3771 -0.9218
vn -0.6557 -0.3744 -0.6557
vn -0.7038 -0.0969 -0.7038
vn -0.3809 -0.0968 -0.9195
vn -0.8567 -0.3744 -0.3549
vn -0.9195 -0.0969 -0.3809
vn -0.7038 -0.0968 -0.7038
vn -0.9218 -0.3771 -0.0900
vn -0.9906 -0.0970 -0.0970
vn -0.9195 -0.0968 -0.3809
vn -0.8567 -0.3744 -0.3548
vn -0.9218 -0.3771 -0.0901
vn -0.9239 -0.3827 -0.0000
vn -0.9952 -0.0980 -0.0000
vn -0.8567 -0.3744 0.3548
vn -0.9195 -0.0969 0.3809
vn -0.9906 -0.0970 0.0970
vn -0.9905 -0.0970 0.0970
vn -0.9218 -0.3771 0.0901
vn -0.6557 -0.3744 0.6557
vn -0.7038 -0.0969 0.7038
vn -0.9195 -0.0968 0.3809
vn -0.8567 -0.3744 0.3549
vn -0.3549 -0.3744 0.8567
vn -0.3809 -0.0969 0.9195
vn -0.7038 -0.0968 0.7038
vn -0.0901 -0.3771 0.9218
vn -0.0970 -0.0970 0.9905
vn -0.3809 -0.0968 0.9195
vn -0.0000 -0.3827 0.9239
vn -0.0000 -0.0980 0.9952
vn 0.3549 -0.3744 0.8567
vn 0.3809 -0.0969 0.9195
vn 0.0970 -0.0970 0.9905
vn 0.0901 -0.3771 0.9218
vn 0.6557 -0.3744 0.6557
vn 0.7038 -0.0969 0.7038
vn 0.3809 -0.0968 0.9195
vn 0.8567 -0.3744 0.3549
vn 0.9195 -0.0969 0.3809
vn 0.7038 -0.0968 0.7038
vn 0.9218 -0.3771 0.0900
vn 0.9906 -0.0970 0.0970
vn 0.9195 -0.0968 0.3809
vn 0.8567 -0.3744 0.3548
vn 0.9218 -0.3771 0.0901
vn 0.9239 -0.3827 -0.0000
vn 0.9952 -0.0980 -0.0000
vn 0.8567 -0.3744 -0.3548
vn 0.9195 -0.0969 -0.3809
vn 0.9906 -0.0970 -0.0970
vn 0.9905 -0.0970 -0.0970
vn 0.9218 -0.3771 -0.0901
vn 0.6557 -0.3744 -0.6557
vn 0.7038 -0.0969 -0.7038
vn 0.9195 -0.0968 -0.3809
vn 0.8567 -0.3744 -0.3549
vn 0.3549 -0.3744 -0.8567
vn 0.3809 -0.0969 -0.9195
vn 0.7038 -0.0968 -0.7038
vn 0.0901 -0.3771 -0.9218
vn 0.0970 -0.0970 -0.9905
vn 0.3809 -0.0968 -0.9195
vn -0.0000 -0.3827 -0.9239
vn -0.0000 -0.0980 -0.9952
vn -0.2751 -0.6952 -0.6641
vn -0.3548 -0.3744 -0.8567
vn -0.0704 -0.6995 -0.7112
vn -0.5083 -0.6951 -0.5083
vn -0.5083 -0.6952 -0.5083
vn -0.6641 -0.6952 -0.2751
vn -0.7112 -0.6995 -0.0704
vn -0.7112 -0.6995 -0.0703
vn -0.7071 -0.7071 -0.0000
vn -0.6641 -0.6952 0.2751
vn -0.7112 -0.6995 0.0703
vn -0.5083 -0.6951 0.5083
vn -0.2751 -0.6952 0.6641
vn -0.0704 -0.6995 0.7112
vn -0.3548 -0.3744 0.8567
vn -0.3549 -0.3743 0.8567
vn -0.2751 -0.6951 0.6641
vn -0.0703 -0.6995 0.7112
vn -0.0000 -0.7071 0.7071
vn 0.2751 -0.6952 0.6641
vn 0.3548 -0.3744 0.8567
vn 0.0704 -0.6995 0.7112
vn 0.5083 -0.6951 0.5083
vn 0.5083 -0.6952 0.5083
vn 0.6641 -0.6952 0.2751
vn 0.7112 -0.6995 0.0704
vn 0.7112 -0.6995 0.0703
vn 0.7071 -0.7071 -0.0000
vn 0.6641 -0.6952 -0.2751
vn 0.7112 -0.6995 -0.0703
vn 0.5083 -0.6951 -0.5083
vn 0.2751 -0.6952 -0.6641
vn 0.0704 -0.6995 -0.7112
vn 0.3548 -0.3744 -0.8567
vn 0.3549 -0.3743 -0.8567
vn 0.2751 -0.6951 -0.6641
vn 0.0703 -0.6995 -0.7112
vn -0.0000 -0.7071 -0.7071
vn -0.1543 -0.9152 -0.3724
vn -0.0703 -0.6995 -0.7112
vn -0.0398 -0.9189 -0.3926
vn -0.1542 -0.9152 -0.3724
vn -0.2850 -0.9152 -0.2850
vn -0.3724 -0.9152 -0.1543
vn -0.3724 -0.9152 -0.1542
vn -0.3925 -0.9189 -0.0398
vn -0.3827 -0.9239 -0.0001
vn -0.3827 -0.9239 -0.0000
vn -0.3724 -0.9152 0.1543
vn -0.6642 -0.6951 0.2751
vn -0.7111 -0.6995 0.0704
vn -0.7111 -0.6995 0.0703
vn -0.3925 -0.9189 0.0398
vn -0.3724 -0.9152 0.1542
vn -0.2850 -0.9152 0.2850
vn -0.5083 -0.6952 0.5083
vn -0.1543 -0.9152 0.3724
vn -0.0398 -0.9189 0.3925
vn -0.0703 -0.6995 0.7111
vn -0.0398 -0.9189 0.3926
vn -0.0000 -0.9239 0.3827
vn 0.1543 -0.9152 0.3724
vn 0.0703 -0.6995 0.7112
vn 0.0398 -0.9189 0.3926
vn 0.1542 -0.9152 0.3724
vn 0.2850 -0.9152 0.2850
vn 0.3724 -0.9152 0.1543
vn 0.3724 -0.9152 0.1542
vn 0.3925 -0.9189 0.0398
vn 0.3827 -0.9239 0.0001
vn 0.3827 -0.9239 -0.0000
vn 0.3724 -0.9152 -0.1543
vn 0.6642 -0.6951 -0.2751
vn 0.7111 -0.6995 -0.0704
vn 0.7111 -0.6995 -0.0703
vn 0.3925 -0.9189 -0.0398
vn 0.3724 -0.9152 -0.1542
vn 0.2850 -0.9152 -0.2850
vn 0.5083 -0.6952 -0.5083
vn 0.1543 -0.9152 -0.3724
vn 0.0398 -0.9189 -0.3925
vn 0.0703 -0.6995 -0.7111
vn 0.0398 -0.9189 -0.3926
vn -0.0000 -0.9239 -0.3827
vn -0.0398 -0.9189 -0.3925
vn -0.0194 -0.9807 -0.1947
vn -0.0435 -0.9850 -0.1670
vn -0.0435 -0.9850 -0.1669
vn -0.0745 -0.9809 -0.1799
vn -0.0883 -0.9881 -0.1258
vn -0.0883 -0.9881 -0.1259
vn -0.1376 -0.9809 -0.1377
vn -0.2851 -0.9152 -0.2850
vn -0.1259 -0.9881 -0.0883
vn -0.1258 -0.9881 -0.0883
vn -0.1799 -0.9809 -0.0744
vn -0.1670 -0.9850 -0.0435
vn -0.1947 -0.9807 -0.0194
vn -0.3926 -0.9189 -0.0398
vn -0.0980 -0.9952 -0.0000
vn -0.1947 -0.9807 0.0194
vn -0.1670 -0.9850 0.0435
vn -0.1799 -0.9809 0.0745
vn -0.3926 -0.9189 0.0398
vn -0.1258 -0.9881 0.0883
vn -0.1377 -0.9809 0.1377
vn -0.0883 -0.9881 0.1258
vn -0.0745 -0.9809 0.1799
vn -0.0435 -0.9850 0.1670
vn -0.1542 -0.9152 0.3724
vn -0.0194 -0.9807 0.1947
vn -0.0243 -0.9870 0.1590
vn -0.0242 -0.9870 0.1590
vn -0.0000 -0.9895 0.1444
vn -0.0000 -0.9952 0.0980
vn 0.0810 -0.9934 0.0810
vn 0.0810 -0.9934 0.0811
vn 0.0811 -0.9934 0.0810
vn 0.3926 -0.9189 0.0398
vn 0.0980 -0.9952 -0.0000
vn 0.3926 -0.9189 -0.0398
vn 0.0810 -0.9934 -0.0810
vn 0.0811 -0.9934 -0.0810
vn 0.0810 -0.9934 -0.0811
vn 0.1542 -0.9152 -0.3724
vn -0.0000 -0.9952 -0.0980
vn -0.0000 -1.0000 -0.0000
vn -0.0970 -0.0970 -0.9906
vn -0.3827 -0.0000 -0.9239
vn -0.0980 -0.0000 -0.9952
vn -0.7071 -0.0000 -0.7071
vn -0.7071 -0.0001 -0.7071
vn -0.9239 -0.0000 -0.3827
vn -0.9905 -0.0970 -0.0970
vn -0.9952 -0.0000 -0.0980
vn -0.9239 -0.0000 0.3827
vn -0.9952 -0.0000 0.0980
vn -0.9905 0.0970 0.0970
vn -0.9195 0.0968 0.3809
vn -0.7071 -0.0000 0.7071
vn -0.7038 0.0969 0.7038
vn -0.3827 -0.0000 0.9239
vn -0.0980 -0.0000 0.9952
vn -0.0970 -0.0970 0.9906
vn 0.0970 0.0970 0.9906
vn 0.0970 -0.0970 0.9906
vn 0.9239 -0.0001 0.3827
vn 0.9905 -0.0970 0.0970
vn 0.9239 -0.0001 -0.3827
vn 0.9905 0.0970 -0.0970
vn 0.9195 0.0968 -0.3809
vn 0.7038 0.0969 -0.7038
vn 0.0970 -0.0970 -0.9906
vn -0.0970 0.0970 -0.9906
vn 0.0001 0.9239 0.3827
vn -0.0001 0.9239 -0.3827
vn 0.0901 0.3770 0.9218
vn 0.0398 -0.9189 0.3925
vn 0.0001 -0.7071 0.7071
vn -0.0001 -1.0000 -0.0000
vn -0.0001 -0.9239 0.3827
vn -0.0033 0.9810 -0.1941
vn -0.0032 0.9810 -0.1941
vn -0.0000 0.9895 -0.1444
vn -0.0704 0.6995 -0.7112
vn -0.0901 0.3770 -0.9218
vn -0.0000 -0.9895 -0.1444
vn -0.0242 -0.9870 -0.1590
vn -0.0242 -0.9870 -0.1591
vn -0.1628 0.9867 -0.0000
vn -0.1630 0.9866 -0.0000
vn -0.1941 0.9810 0.0033
vn -0.1592 0.9869 -0.0243
vn 0.7071 0.7071 0.0001
vn -0.9984 -0.0000 0.0558
vn -0.9984 -0.0000 -0.0558
vn -0.9239 -0.3827 0.0001
vn -0.3827 -0.9239 0.0001
vn -0.1628 -0.9867 -0.0000
vn 0.4274 -0.8976 -0.1076
vn 0.4274 -0.8976 0.1076
vn -0.1629 -0.9866 -0.0000
vn 0.0001 1.0000 -0.0000
vn -0.1236 0.9883 -0.0896
vn -0.0717 0.9937 -0.0858
vn 1.0000 -0.0000 -0.0001
vn 1.0000 -0.0000 0.0001
vn -0.1947 0.9807 -0.0188
vn -0.1554 0.9867 0.0472
vn -0.0858 0.9937 0.0718
vn -0.1374 0.9808 0.1381
vn -0.0859 0.9937 0.0718
vn 0.7070 0.0001 0.7072
vn 0.9696 -0.0000 0.2445
vn 0.4275 -0.8976 0.1076
vn 0.7070 -0.0000 0.7072
vn 0.4274 -0.8977 0.1076
vn 0.9505 -0.0000 -0.3109
vn -0.0193 -0.9807 -0.1947
vn -0.0243 -0.9870 -0.1591
vn 0.9697 -0.0000 -0.2445
vn 0.4275 -0.8976 -0.1076
vn 0.9696 -0.0000 -0.2445
vn -0.0435 -0.9850 0.1669
vn -0.0883 -0.9881 0.1259
vn -0.1259 -0.9881 0.0883
vn 0.4273 -0.8977 -0.1076
vn 0.9505 -0.0000 0.3108
vn 0.9696 0.0001 -0.2446
vn -0.0000 -0.9895 0.1445
vn -1.0000 0.0001 -0.0000
vn 1.0000 0.0001 -0.0000
vn -0.0000 1.0000 -0.0001
vn 0.7021 0.1183 0.7021
vn 0.0326 0.1638 -0.9860
vn 0.0300 0.1674 -0.9854
vn 0.0941 0.1408 -0.9856
vn 0.1408 0.0941 -0.9856
vn 0.1661 0.0330 -0.9856
vn 0.1641 0.0294 -0.9860
vn 0.2319 -0.0000 -0.9727
vn 0.2318 -0.0000 -0.9728
vn 0.1638 -0.0326 -0.9860
vn 0.1673 -0.0300 -0.9854
vn 0.1408 -0.0941 -0.9856
vn 0.0941 -0.1408 -0.9856
vn 0.0330 -0.1661 -0.9856
vn 0.0294 -0.1641 -0.9860
vn -0.0000 -0.1662 0.9861
vn -0.0002 -0.1670 0.9860
vn 0.1662 -0.0000 -0.9861
vn 0.1670 0.0004 -0.9860
vn 0.1662 -0.0000 0.9861
vn 0.1670 -0.0004 0.9860
vn -0.0000 0.1662 -0.9861
vn -0.0002 0.1670 -0.9860
vn -0.0000 -0.1662 -0.9861
vn 0.7021 -0.1183 -0.7021
vn 0.7021 0.1183 -0.7021
vn 0.0330 0.1661 0.9856
vn 0.0294 0.1641 0.9860
vn 0.0941 0.1408 0.9856
vn 0.1408 0.0941 0.9856
vn 0.1638 0.0326 0.9860
vn 0.1673 0.0300 0.9854
vn 0.2319 -0.0000 0.9727
vn 0.2318 -0.0000 0.9728
vn 0.1661 -0.0330 0.9856
vn 0.1641 -0.0294 0.9860
vn 0.1408 -0.0941 0.9856
vn 0.0941 -0.1408 0.9856
vn 0.0326 -0.1638 0.9860
vn 0.0300 -0.1673 0.9854
vn -0.0000 -0.1670 -0.9860
vn -0.0002 -0.1662 -0.9861
vn 0.1670 -0.0000 0.9860
vn 0.1662 0.0004 0.9861
vn 0.1670 -0.0000 -0.9860
vn 0.1662 -0.0004 -0.9861
vn -0.0000 0.1670 0.9860
vn -0.0002 0.1662 0.9861
vn -0.0000 0.1662 0.9861
vn 0.7021 -0.1183 0.7021
vn -0.0000 -0.2318 0.9728
vn 0.0068 -0.1662 0.9861
vn 0.0091 -0.2232 -0.9747
vn -0.0000 0.2318 -0.9728
vn 0.0068 0.1662 -0.9861
vn 0.0091 0.2232 0.9747
vn 0.7068 0.0112 0.7073
vn 0.7070 0.0112 0.7071
vn -0.7068 0.0113 -0.7073
vn -0.7071 0.0113 -0.7070
vn 0.8432 0.0197 -0.5372
vn 0.8429 0.0246 -0.5375
vn 0.9500 0.0151 -0.3118
vn 0.9500 0.0151 -0.3117
vn -0.3113 0.0151 0.9502
vn 0.3162 0.0152 -0.9486
vn -0.9484 0.0152 0.3167
vn -0.8432 0.0197 0.5372
vn -0.8429 0.0246 0.5375
vn 0.7068 0.0112 -0.7073
vn 0.7070 0.0112 -0.7071
vn -0.7071 0.0113 0.7070
vn -0.7068 0.0113 0.7073
vn 0.8431 0.0246 0.5371
vn 0.8430 0.0197 0.5376
vn -0.3113 0.0151 -0.9502
vn 0.9500 0.0151 0.3117
vn 0.9500 0.0151 0.3118
vn -0.9484 0.0152 -0.3167
vn 0.3162 0.0152 0.9486
vn -0.8431 0.0246 -0.5371
vn -0.8430 0.0197 -0.5376
vn 0.7072 -0.0112 0.7069
vn -0.7068 -0.0113 -0.7073
vn 0.8431 -0.0246 -0.5371
vn 0.8430 -0.0197 -0.5376
vn -0.3116 -0.0151 0.9501
vn -0.3113 -0.0151 0.9502
vn 0.9501 -0.0151 -0.3116
vn -0.9484 -0.0152 0.3167
vn 0.3162 -0.0152 -0.9486
vn -0.8431 -0.0246 0.5371
vn -0.8430 -0.0197 0.5376
vn 0.7072 -0.0112 -0.7069
vn -0.7068 -0.0113 0.7073
vn 0.8432 -0.0197 0.5372
vn 0.8429 -0.0246 0.5375
vn 0.9501 -0.0151 0.3116
vn -0.3116 -0.0151 -0.9501
vn -0.3113 -0.0151 -0.9502
vn 0.3162 -0.0152 0.9486
vn -0.9484 -0.0152 -0.3167
vn -0.8432 -0.0197 -0.5372
vn -0.8429 -0.0246 -0.5375
vt 0.077682 0.927495
vt 0.782167 0.928597
vt 0.078294 0.847347
vt 0.781171 0.846620
vt 0.080765 0.930566
vt 0.079287 0.931393
vt 0.077562 0.931689
vt 0.075824 0.931480
vt 0.074307 0.930728
vt 0.075288 0.844217
vt 0.076780 0.843426
vt 0.078506 0.843170
vt 0.080233 0.843418
vt 0.081728 0.844203
vt 0.780153 0.842183
vt 0.781829 0.842274
vt 0.783409 0.842937
vt 0.784725 0.844034
vt 0.785578 0.845479
vt 0.786681 0.929187
vt 0.786012 0.930726
vt 0.784841 0.931976
vt 0.783356 0.932828
vt 0.781704 0.933126
vt 0.083535 0.934327
vt 0.080698 0.935505
vt 0.077667 0.935935
vt 0.074619 0.935659
vt 0.071727 0.934626
vt 0.072612 0.840403
vt 0.075467 0.839294
vt 0.078497 0.838934
vt 0.081529 0.839281
vt 0.084388 0.840377
vt 0.779817 0.837522
vt 0.782835 0.838049
vt 0.785610 0.839314
vt 0.788011 0.841193
vt 0.789869 0.843629
vt 0.791168 0.930494
vt 0.789624 0.933139
vt 0.787472 0.935300
vt 0.784874 0.936898
vt 0.781945 0.937792
vt 0.085531 0.938686
vt 0.081673 0.939697
vt 0.077772 0.940109
vt 0.073857 0.939899
vt 0.069955 0.939084
vt 0.070723 0.836011
vt 0.074592 0.835092
vt 0.078488 0.834768
vt 0.082385 0.835075
vt 0.086258 0.835978
vt 0.780485 0.832775
vt 0.784273 0.834000
vt 0.787773 0.835753
vt 0.790941 0.838051
vt 0.793775 0.840848
vt 0.795386 0.932772
vt 0.792919 0.935896
vt 0.790058 0.938568
vt 0.786801 0.940738
vt 0.783193 0.942422
vt 0.086834 0.943480
vt 0.082204 0.943962
vt 0.077888 0.944290
vt 0.073556 0.944185
vt 0.069100 0.943793
vt 0.069627 0.831337
vt 0.074164 0.830828
vt 0.078479 0.830599
vt 0.082795 0.830809
vt 0.087317 0.831210
vt 0.782170 0.828316
vt 0.786130 0.830133
vt 0.789939 0.832187
vt 0.793518 0.834620
vt 0.796955 0.837297
vt 0.798979 0.935904
vt 0.795899 0.938984
vt 0.792647 0.941839
vt 0.789120 0.944348
vt 0.785415 0.946638
vt 0.072483 0.684888
vt 0.067808 0.684506
vt 0.063347 0.684287
vt 0.058887 0.684522
vt 0.054198 0.685047
vt 0.053510 0.798034
vt 0.058198 0.798559
vt 0.062658 0.798793
vt 0.067120 0.798574
vt 0.071795 0.798192
vt 0.782478 0.805961
vt 0.786678 0.804548
vt 0.790751 0.802878
vt 0.794632 0.800801
vt 0.798395 0.798462
vt 0.801113 0.692298
vt 0.798260 0.688908
vt 0.795214 0.685730
vt 0.791859 0.682880
vt 0.788303 0.680236
vt 0.071386 0.689850
vt 0.067383 0.688915
vt 0.063355 0.688597
vt 0.059328 0.688929
vt 0.055328 0.689878
vt 0.054639 0.793203
vt 0.058639 0.794151
vt 0.062666 0.794484
vt 0.066694 0.794165
vt 0.070696 0.793230
vt 0.781251 0.801271
vt 0.785214 0.800437
vt 0.788942 0.799040
vt 0.792394 0.797055
vt 0.795560 0.794530
vt 0.797199 0.695158
vt 0.794971 0.691776
vt 0.792304 0.688819
vt 0.789193 0.686336
vt 0.785684 0.684315
vt 0.069451 0.694397
vt 0.066496 0.693262
vt 0.063362 0.692903
vt 0.060230 0.693273
vt 0.057279 0.694418
vt 0.056589 0.788663
vt 0.059540 0.789808
vt 0.062673 0.790178
vt 0.065806 0.789818
vt 0.068761 0.788683
vt 0.781085 0.796397
vt 0.784194 0.796188
vt 0.787136 0.795206
vt 0.789767 0.793562
vt 0.791907 0.791298
vt 0.792725 0.697099
vt 0.791391 0.694283
vt 0.789399 0.691905
vt 0.786906 0.690059
vt 0.784015 0.688897
vt 0.066699 0.698350
vt 0.065155 0.697538
vt 0.063370 0.697280
vt 0.061585 0.697544
vt 0.060043 0.698361
vt 0.059353 0.784720
vt 0.060895 0.785536
vt 0.062679 0.785800
vt 0.064465 0.785542
vt 0.066010 0.784730
vt 0.781925 0.791719
vt 0.783629 0.791806
vt 0.785298 0.791305
vt 0.786747 0.790337
vt 0.787765 0.788967
vt 0.788064 0.698031
vt 0.787521 0.696413
vt 0.786443 0.695044
vt 0.785012 0.694051
vt 0.783364 0.693606
vt 0.783430 0.787340
vt 0.062458 0.781482
vt 0.783438 0.698236
vt 0.063605 0.701597
vt 0.086834 0.951724
vt 0.072483 0.676510
vt 0.068084 0.676383
vt 0.082685 0.951853
vt 0.063332 0.676383
vt 0.078079 0.951853
vt 0.058581 0.676383
vt 0.073466 0.951853
vt 0.054198 0.676383
vt 0.069100 0.951853
vt 0.053510 0.806698
vt 0.069627 0.822954
vt 0.057892 0.806698
vt 0.073865 0.822954
vt 0.062644 0.806698
vt 0.078462 0.822954
vt 0.067396 0.806698
vt 0.083059 0.822954
vt 0.071795 0.806570
vt 0.087317 0.823044
vt 0.871058 0.950736
vt 0.871059 0.674746
vt 0.869782 0.950736
vt 0.869782 0.674746
vt 0.868505 0.950736
vt 0.868505 0.674746
vt 0.867228 0.950736
vt 0.867228 0.674746
vt 0.865951 0.950735
vt 0.865951 0.674746
vt 0.826070 0.950949
vt 0.826070 0.675064
vt 0.824793 0.950949
vt 0.824793 0.675065
vt 0.823517 0.950949
vt 0.823517 0.675065
vt 0.822240 0.950949
vt 0.822240 0.675065
vt 0.820964 0.950949
vt 0.820964 0.675065
vt 0.761278 0.848631
vt 0.760795 0.926098
vt 0.761278 0.844253
vt 0.760795 0.930476
vt 0.761278 0.839875
vt 0.760795 0.934853
vt 0.761278 0.835498
vt 0.760795 0.939231
vt 0.761278 0.831120
vt 0.760795 0.943609
vt 0.757317 0.798320
vt 0.758003 0.684761
vt 0.757317 0.793867
vt 0.758003 0.689214
vt 0.757317 0.789414
vt 0.758003 0.693666
vt 0.757317 0.784962
vt 0.758003 0.698119
vt 0.757318 0.780509
vt 0.758003 0.702572
vt 0.876099 0.950736
vt 0.761278 0.823134
vt 0.815925 0.950949
vt 0.815925 0.675065
vt 0.470678 0.054392
vt 0.472131 0.054392
vt 0.473936 0.054392
vt 0.476140 0.054392
vt 0.478589 0.054392
vt 0.521560 0.054391
vt 0.524010 0.054391
vt 0.526214 0.054391
vt 0.528019 0.054391
vt 0.529473 0.054391
vt 0.922004 0.702108
vt 0.922004 0.803574
vt 0.529473 0.653098
vt 0.528019 0.653099
vt 0.526214 0.653099
vt 0.524010 0.653099
vt 0.521560 0.653099
vt 0.478589 0.653100
vt 0.476140 0.653100
vt 0.473936 0.653100
vt 0.472131 0.653100
vt 0.470678 0.653100
vt 0.041884 0.653100
vt 0.041884 0.054392
vt 0.110905 0.848631
vt 0.110905 0.844253
vt 0.110905 0.839875
vt 0.110905 0.835498
vt 0.110905 0.831120
vt 0.095788 0.798320
vt 0.095788 0.793867
vt 0.095788 0.789414
vt 0.095788 0.784962
vt 0.095789 0.780509
vt 0.095788 0.806443
vt 0.110422 0.951595
vt 0.110422 0.926098
vt 0.110422 0.930476
vt 0.110422 0.934854
vt 0.110422 0.939231
vt 0.110422 0.943609
vt 0.096476 0.684761
vt 0.096476 0.689214
vt 0.096476 0.693666
vt 0.096476 0.698119
vt 0.096476 0.702572
vt 0.110905 0.823134
vt 0.096476 0.676638
vt 0.544480 0.054391
vt 0.544481 0.653098
vt 0.455670 0.653100
vt 0.455670 0.054392
vt 0.085971 0.888230
vt 0.085966 0.887282
vt 0.085961 0.886335
vt 0.778559 0.885583
vt 0.887342 0.840151
vt 0.778076 0.889148
vt 0.081593 0.888251
vt 0.081588 0.887304
vt 0.081584 0.886356
vt 0.782936 0.885579
vt 0.887613 0.840133
vt 0.782453 0.889148
vt 0.077215 0.888273
vt 0.077211 0.887326
vt 0.077206 0.886378
vt 0.787314 0.885574
vt 0.941597 0.851035
vt 0.786831 0.889148
vt 0.072838 0.888295
vt 0.072833 0.887347
vt 0.072828 0.886400
vt 0.791692 0.885574
vt 0.941164 0.851288
vt 0.791209 0.889148
vt 0.068460 0.888317
vt 0.068456 0.887369
vt 0.068451 0.886422
vt 0.796069 0.885574
vt 0.940591 0.851368
vt 0.795587 0.889148
vt 0.053717 0.741092
vt 0.053717 0.742055
vt 0.053717 0.743019
vt 0.792707 0.742926
vt 0.886889 0.861262
vt 0.793391 0.740155
vt 0.058170 0.741092
vt 0.058170 0.742055
vt 0.058170 0.743019
vt 0.788254 0.742926
vt 0.886607 0.861258
vt 0.788938 0.740155
vt 0.062623 0.741092
vt 0.062623 0.742055
vt 0.062623 0.743019
vt 0.783801 0.742926
vt 0.886359 0.861254
vt 0.784486 0.740155
vt 0.067075 0.741092
vt 0.067075 0.742055
vt 0.067076 0.743019
vt 0.779349 0.742926
vt 0.941209 0.844905
vt 0.780033 0.740155
vt 0.071528 0.741092
vt 0.071528 0.742055
vt 0.071528 0.743019
vt 0.774896 0.742925
vt 0.941515 0.844909
vt 0.775580 0.740155
vt 0.045594 0.741092
vt 0.045594 0.742055
vt 0.045594 0.743019
vt 0.060465 0.886461
vt 0.060469 0.887409
vt 0.060474 0.888356
vt 0.800830 0.742926
vt 0.886774 0.842952
vt 0.801517 0.740155
vt 0.803573 0.889148
vt 0.939814 0.848545
vt 0.804056 0.885574
vt 0.761277 0.885581
vt 0.885913 0.840317
vt 0.760795 0.889148
vt 0.757318 0.742925
vt 0.943016 0.844926
vt 0.758003 0.740155
vt 0.499538 0.054392
vt 0.500075 0.054392
vt 0.500613 0.054391
vt 0.908622 0.803505
vt 0.500075 0.653100
vt 0.499538 0.653100
vt 0.110905 0.885447
vt 0.941827 0.838737
vt 0.109425 0.888113
vt 0.095385 0.743019
vt 0.885609 0.844602
vt 0.096476 0.740020
vt 0.077598 0.927496
vt 0.077460 0.927482
vt 0.077323 0.927506
vt 0.077239 0.927509
vt 0.086153 0.925045
vt 0.086967 0.926098
vt 0.109558 0.887979
vt 0.110555 0.889148
vt 0.110422 0.889282
vt 0.077624 0.927455
vt 0.077518 0.927411
vt 0.077399 0.927415
vt 0.077295 0.927466
vt 0.086120 0.925146
vt 0.941550 0.880733
vt 0.086867 0.926132
vt 0.109525 0.888079
vt 0.110455 0.889115
vt 0.110455 0.889182
vt 0.882577 0.880732
vt 0.078378 0.847348
vt 0.078515 0.847366
vt 0.078652 0.847347
vt 0.078736 0.847346
vt 0.087450 0.848631
vt 0.085778 0.849519
vt 0.111039 0.885581
vt 0.110905 0.885714
vt 0.109416 0.886218
vt 0.078351 0.847388
vt 0.078456 0.847436
vt 0.078574 0.847435
vt 0.078679 0.847387
vt 0.087350 0.848597
vt 0.883403 0.942658
vt 0.085745 0.849419
vt 0.110938 0.885547
vt 0.110938 0.885614
vt 0.109516 0.886251
vt 0.942375 0.942658
vt 0.072619 0.702572
vt 0.071528 0.703644
vt 0.063148 0.701598
vt 0.063235 0.701599
vt 0.063377 0.701618
vt 0.063518 0.701598
vt 0.096612 0.740155
vt 0.096476 0.740291
vt 0.095385 0.741092
vt 0.072517 0.702538
vt 0.942148 0.895688
vt 0.071494 0.703542
vt 0.063207 0.701641
vt 0.063315 0.701690
vt 0.063438 0.701690
vt 0.063546 0.701640
vt 0.096510 0.740121
vt 0.096510 0.740189
vt 0.095487 0.741126
vt 0.883176 0.895688
vt 0.071528 0.780467
vt 0.071931 0.780509
vt 0.062914 0.781483
vt 0.062828 0.781482
vt 0.062686 0.781462
vt 0.062544 0.781481
vt 0.095789 0.742789
vt 0.095925 0.742925
vt 0.095789 0.743061
vt 0.071494 0.780569
vt 0.882794 0.937288
vt 0.071829 0.780543
vt 0.062856 0.781441
vt 0.062748 0.781391
vt 0.062625 0.781391
vt 0.062517 0.781440
vt 0.095487 0.742985
vt 0.095823 0.742891
vt 0.095823 0.742959
vt 0.941766 0.937288
vt 0.865951 0.862962
vt 0.865951 0.762520
vt 0.826070 0.863209
vt 0.826070 0.762805
vt 0.836843 0.863209
vt 0.836843 0.762805
vt 0.913274 0.843066
vt 0.884668 0.851684
vt 0.855174 0.762520
vt 0.855174 0.862962
vt 0.936581 0.862227
vt 0.888211 0.862227
vt 0.913451 0.843062
vt 0.913336 0.843066
vt 0.913452 0.843071
vt 0.887759 0.859621
vt 0.936130 0.859621
vt 0.939146 0.843247
vt 0.939287 0.843144
vt 0.939147 0.843039
vt 0.837547 0.783975
vt 0.843752 0.783975
vt 0.843752 0.783975
vt 0.941809 0.843153
vt 0.846656 0.784172
vt 0.846656 0.784172
vt 0.854047 0.784172
vt 0.854047 0.786716
vt 0.854047 0.839455
vt 0.854047 0.841999
vt 0.847843 0.841999
vt 0.847843 0.841999
vt 0.910814 0.843058
vt 0.843752 0.841802
vt 0.843752 0.841802
vt 0.837547 0.841802
vt 0.837547 0.839258
vt 0.837547 0.786519
vt 0.778559 0.885838
vt 0.778076 0.888904
vt 0.782937 0.885825
vt 0.782453 0.888904
vt 0.787314 0.885816
vt 0.786831 0.888904
vt 0.791692 0.885816
vt 0.791209 0.888904
vt 0.796070 0.885816
vt 0.795587 0.888904
vt 0.792707 0.742678
vt 0.793391 0.740404
vt 0.788254 0.742677
vt 0.788938 0.740404
vt 0.783801 0.742677
vt 0.784486 0.740404
vt 0.779349 0.742677
vt 0.780033 0.740404
vt 0.774896 0.742677
vt 0.775580 0.740404
vt 0.800830 0.742678
vt 0.801521 0.740404
vt 0.803573 0.888904
vt 0.804056 0.885816
vt 0.761277 0.885825
vt 0.760795 0.888904
vt 0.757318 0.742677
vt 0.758003 0.740404
vt 0.110905 0.885825
vt 0.109558 0.887868
vt 0.095789 0.742677
vt 0.096476 0.740404
vt 0.108851 0.887169
vt 0.094806 0.742055
vt 0.855102 0.762520
vt 0.855102 0.862962
vt 0.836914 0.762805
vt 0.836914 0.863209
vt 0.913487 0.842941
vt 0.913487 0.843193
vt 0.939130 0.843307
vt 0.939132 0.842979
vt 0.913541 0.843067
vt 0.913561 0.843067
vt 0.939108 0.843143
vt 0.939068 0.843143
vt 0.843793 0.783975
vt 0.847802 0.784172
vt 0.847802 0.841999
vt 0.843793 0.841802
vt 0.936113 0.829806
vt 0.893661 0.829308
vt 0.936060 0.829258
vt 0.893717 0.829669
vt 0.938764 0.829708
vt 0.938768 0.829362
vt 0.891187 0.829592
vt 0.891185 0.829377
vt 0.934318 0.835599
vt 0.891979 0.835024
vt 0.934375 0.835051
vt 0.891920 0.835385
vt 0.937027 0.835505
vt 0.937026 0.835159
vt 0.889444 0.835306
vt 0.889448 0.835091
vt 0.893617 0.826145
vt 0.927353 0.808628
vt 0.927353 0.698861
vt 0.940602 0.826449
vt 0.888059 0.826111
vt 0.884478 0.826231
vt 0.945927 0.826484
vt 0.949088 0.826545
vt 0.897296 0.832004
vt 0.939755 0.833273
vt 0.897316 0.832491
vt 0.939731 0.832956
vt 0.894640 0.832040
vt 0.894634 0.832344
vt 0.942237 0.833074
vt 0.942235 0.833258
vt 0.085966 0.887282
vt 0.109558 0.887868
vt 0.085966 0.887282
vt 0.109558 0.887979
vt 0.085971 0.888230
vt 0.109558 0.887979
vt 0.085971 0.888230
vt 0.109525 0.888079
vt 0.077682 0.927495
vt 0.079287 0.931393
vt 0.077624 0.927455
vt 0.079287 0.931393
vt 0.077598 0.927496
vt 0.079287 0.931393
vt 0.077598 0.927496
vt 0.077562 0.931689
vt 0.077518 0.927411
vt 0.077562 0.931689
vt 0.077460 0.927482
vt 0.077562 0.931689
vt 0.077460 0.927482
vt 0.075824 0.931480
vt 0.077399 0.927415
vt 0.075824 0.931480
vt 0.077323 0.927506
vt 0.075824 0.931480
vt 0.077323 0.927506
vt 0.074307 0.930728
vt 0.077295 0.927466
vt 0.074307 0.930728
vt 0.085966 0.887282
vt 0.085971 0.888230
vt 0.085971 0.888230
vt 0.081588 0.887304
vt 0.078294 0.847347
vt 0.076780 0.843426
vt 0.078351 0.847388
vt 0.076780 0.843426
vt 0.078378 0.847348
vt 0.076780 0.843426
vt 0.078378 0.847348
vt 0.078506 0.843170
vt 0.078456 0.847436
vt 0.078506 0.843170
vt 0.078515 0.847366
vt 0.078506 0.843170
vt 0.078515 0.847366
vt 0.080233 0.843418
vt 0.078574 0.847435
vt 0.080233 0.843418
vt 0.078652 0.847347
vt 0.080233 0.843418
vt 0.078652 0.847347
vt 0.081728 0.844203
vt 0.078679 0.847387
vt 0.081728 0.844203
vt 0.087316 0.844253
vt 0.087316 0.848497
vt 0.087316 0.844253
vt 0.110905 0.848631
vt 0.087316 0.848497
vt 0.110905 0.848631
vt 0.087350 0.848597
vt 0.110905 0.848631
vt 0.781171 0.846620
vt 0.781829 0.842274
vt 0.781171 0.846620
vt 0.783409 0.842937
vt 0.781171 0.846620
vt 0.784725 0.844034
vt 0.778559 0.885583
vt 0.782937 0.885825
vt 0.782167 0.928597
vt 0.786012 0.930726
vt 0.782167 0.928597
vt 0.784841 0.931976
vt 0.782167 0.928597
vt 0.783356 0.932828
vt 0.778076 0.930476
vt 0.760795 0.926098
vt 0.778076 0.926098
vt 0.778076 0.930476
vt 0.079287 0.931393
vt 0.080765 0.930566
vt 0.080765 0.930566
vt 0.080698 0.935505
vt 0.077562 0.931689
vt 0.079287 0.931393
vt 0.079287 0.931393
vt 0.080698 0.935505
vt 0.077667 0.935935
vt 0.075824 0.931480
vt 0.077562 0.931689
vt 0.077562 0.931689
vt 0.077667 0.935935
vt 0.074619 0.935659
vt 0.074307 0.930728
vt 0.075824 0.931480
vt 0.075824 0.931480
vt 0.074619 0.935659
vt 0.071727 0.934626
vt 0.081588 0.887304
vt 0.081593 0.888251
vt 0.081593 0.888251
vt 0.077211 0.887326
vt 0.076780 0.843426
vt 0.075288 0.844217
vt 0.075288 0.844217
vt 0.075467 0.839294
vt 0.078506 0.843170
vt 0.076780 0.843426
vt 0.076780 0.843426
vt 0.075467 0.839294
vt 0.078497 0.838934
vt 0.080233 0.843418
vt 0.078506 0.843170
vt 0.078506 0.843170
vt 0.078497 0.838934
vt 0.081529 0.839281
vt 0.081728 0.844203
vt 0.080233 0.843418
vt 0.080233 0.843418
vt 0.081529 0.839281
vt 0.084388 0.840377
vt 0.087317 0.839875
vt 0.110905 0.844253
vt 0.110905 0.844253
vt 0.087316 0.844253
vt 0.087317 0.839875
vt 0.781829 0.842274
vt 0.780153 0.842183
vt 0.780153 0.842183
vt 0.782835 0.838049
vt 0.783409 0.842937
vt 0.781829 0.842274
vt 0.781829 0.842274
vt 0.782835 0.838049
vt 0.785610 0.839314
vt 0.784725 0.844034
vt 0.783409 0.842937
vt 0.783409 0.842937
vt 0.785610 0.839314
vt 0.788011 0.841193
vt 0.785578 0.845479
vt 0.784725 0.844034
vt 0.784725 0.844034
vt 0.788011 0.841193
vt 0.789869 0.843629
vt 0.782937 0.885825
vt 0.782936 0.885579
vt 0.782936 0.885579
vt 0.787314 0.885816
vt 0.786012 0.930726
vt 0.786681 0.929187
vt 0.786681 0.929187
vt 0.789624 0.933139
vt 0.784841 0.931976
vt 0.786012 0.930726
vt 0.786012 0.930726
vt 0.789624 0.933139
vt 0.787472 0.935300
vt 0.783356 0.932828
vt 0.784841 0.931976
vt 0.784841 0.931976
vt 0.787472 0.935300
vt 0.784874 0.936898
vt 0.781704 0.933126
vt 0.783356 0.932828
vt 0.783356 0.932828
vt 0.784874 0.936898
vt 0.781945 0.937792
vt 0.778076 0.934853
vt 0.760795 0.930476
vt 0.760795 0.930476
vt 0.778076 0.930476
vt 0.778076 0.934853
vt 0.080698 0.935505
vt 0.083535 0.934327
vt 0.083535 0.934327
vt 0.081673 0.939697
vt 0.077667 0.935935
vt 0.080698 0.935505
vt 0.080698 0.935505
vt 0.081673 0.939697
vt 0.077772 0.940109
vt 0.074619 0.935659
vt 0.077667 0.935935
vt 0.077667 0.935935
vt 0.077772 0.940109
vt 0.073857 0.939899
vt 0.071727 0.934626
vt 0.074619 0.935659
vt 0.074619 0.935659
vt 0.073857 0.939899
vt 0.069955 0.939084
vt 0.077211 0.887326
vt 0.077215 0.888273
vt 0.077215 0.888273
vt 0.072833 0.887347
vt 0.075467 0.839294
vt 0.072612 0.840403
vt 0.072612 0.840403
vt 0.074592 0.835092
vt 0.078497 0.838934
vt 0.075467 0.839294
vt 0.075467 0.839294
vt 0.074592 0.835092
vt 0.078488 0.834768
vt 0.081529 0.839281
vt 0.078497 0.838934
vt 0.078497 0.838934
vt 0.078488 0.834768
vt 0.082385 0.835075
vt 0.084388 0.840377
vt 0.081529 0.839281
vt 0.081529 0.839281
vt 0.082385 0.835075
vt 0.086258 0.835978
vt 0.087317 0.835497
vt 0.110905 0.839875
vt 0.110905 0.839875
vt 0.087317 0.839875
vt 0.087317 0.835497
vt 0.782835 0.838049
vt 0.779817 0.837522
vt 0.779817 0.837522
vt 0.784273 0.834000
vt 0.785610 0.839314
vt 0.782835 0.838049
vt 0.782835 0.838049
vt 0.784273 0.834000
vt 0.787773 0.835753
vt 0.788011 0.841193
vt 0.785610 0.839314
vt 0.785610 0.839314
vt 0.787773 0.835753
vt 0.790941 0.838051
vt 0.789869 0.843629
vt 0.788011 0.841193
vt 0.788011 0.841193
vt 0.790941 0.838051
vt 0.793775 0.840848
vt 0.787314 0.885816
vt 0.787314 0.885574
vt 0.787314 0.885574
vt 0.791692 0.885816
vt 0.789624 0.933139
vt 0.791168 0.930494
vt 0.791168 0.930494
vt 0.792919 0.935896
vt 0.787472 0.935300
vt 0.789624 0.933139
vt 0.789624 0.933139
vt 0.792919 0.935896
vt 0.790058 0.938568
vt 0.784874 0.936898
vt 0.787472 0.935300
vt 0.787472 0.935300
vt 0.790058 0.938568
vt 0.786801 0.940738
vt 0.781945 0.937792
vt 0.784874 0.936898
vt 0.784874 0.936898
vt 0.786801 0.940738
vt 0.783193 0.942422
vt 0.778076 0.939231
vt 0.760795 0.934853
vt 0.760795 0.934853
vt 0.778076 0.934853
vt 0.778076 0.939231
vt 0.081673 0.939697
vt 0.085531 0.938686
vt 0.085531 0.938686
vt 0.082204 0.943962
vt 0.077772 0.940109
vt 0.081673 0.939697
vt 0.081673 0.939697
vt 0.082204 0.943962
vt 0.077888 0.944290
vt 0.073857 0.939899
vt 0.077772 0.940109
vt 0.077772 0.940109
vt 0.077888 0.944290
vt 0.073556 0.944185
vt 0.069955 0.939084
vt 0.073857 0.939899
vt 0.073857 0.939899
vt 0.073556 0.944185
vt 0.069100 0.943793
vt 0.072833 0.887347
vt 0.072838 0.888295
vt 0.072838 0.888295
vt 0.068456 0.887369
vt 0.074592 0.835092
vt 0.070723 0.836011
vt 0.070723 0.836011
vt 0.074164 0.830828
vt 0.078488 0.834768
vt 0.074592 0.835092
vt 0.074592 0.835092
vt 0.074164 0.830828
vt 0.078479 0.830599
vt 0.082385 0.835075
vt 0.078488 0.834768
vt 0.078488 0.834768
vt 0.078479 0.830599
vt 0.082795 0.830809
vt 0.086258 0.835978
vt 0.082385 0.835075
vt 0.082385 0.835075
vt 0.082795 0.830809
vt 0.087317 0.831210
vt 0.087317 0.831210
vt 0.110905 0.835498
vt 0.110905 0.835498
vt 0.087317 0.835497
vt 0.087317 0.831210
vt 0.784273 0.834000
vt 0.780485 0.832775
vt 0.780485 0.832775
vt 0.786130 0.830133
vt 0.787773 0.835753
vt 0.784273 0.834000
vt 0.784273 0.834000
vt 0.786130 0.830133
vt 0.789939 0.832187
vt 0.790941 0.838051
vt 0.787773 0.835753
vt 0.787773 0.835753
vt 0.789939 0.832187
vt 0.793518 0.834620
vt 0.793775 0.840848
vt 0.790941 0.838051
vt 0.790941 0.838051
vt 0.793518 0.834620
vt 0.796955 0.837297
vt 0.791692 0.885816
vt 0.791692 0.885574
vt 0.791692 0.885574
vt 0.796070 0.885816
vt 0.792919 0.935896
vt 0.795386 0.932772
vt 0.795386 0.932772
vt 0.795899 0.938984
vt 0.790058 0.938568
vt 0.792919 0.935896
vt 0.792919 0.935896
vt 0.795899 0.938984
vt 0.792647 0.941839
vt 0.786801 0.940738
vt 0.790058 0.938568
vt 0.790058 0.938568
vt 0.792647 0.941839
vt 0.789120 0.944348
vt 0.783193 0.942422
vt 0.786801 0.940738
vt 0.786801 0.940738
vt 0.789120 0.944348
vt 0.785415 0.946638
vt 0.778077 0.943609
vt 0.760795 0.939231
vt 0.760795 0.939231
vt 0.778076 0.939231
vt 0.778077 0.943609
vt 0.472131 0.653100
vt 0.470678 0.054392
vt 0.472131 0.054392
vt 0.473936 0.653100
vt 0.472131 0.653100
vt 0.472131 0.054392
vt 0.473936 0.054392
vt 0.476140 0.653100
vt 0.473936 0.653100
vt 0.473936 0.054392
vt 0.476140 0.054392
vt 0.478589 0.653100
vt 0.476140 0.653100
vt 0.476140 0.054392
vt 0.499538 0.653100
vt 0.500075 0.054392
vt 0.524010 0.653099
vt 0.521560 0.054391
vt 0.524010 0.054391
vt 0.526214 0.653099
vt 0.524010 0.653099
vt 0.524010 0.054391
vt 0.526214 0.054391
vt 0.528019 0.653099
vt 0.526214 0.653099
vt 0.526214 0.054391
vt 0.528019 0.054391
vt 0.529473 0.653098
vt 0.528019 0.653099
vt 0.528019 0.054391
vt 0.529473 0.054391
vt 0.544481 0.653098
vt 0.529473 0.653098
vt 0.529473 0.054391
vt 0.869782 0.674746
vt 0.871058 0.950736
vt 0.869782 0.950736
vt 0.868505 0.674746
vt 0.869782 0.674746
vt 0.869782 0.950736
vt 0.868505 0.950736
vt 0.867228 0.674746
vt 0.868505 0.674746
vt 0.868505 0.950736
vt 0.867228 0.950736
vt 0.867228 0.950736
vt 0.865951 0.862962
vt 0.867228 0.950736
vt 0.865951 0.762520
vt 0.867228 0.674746
vt 0.867228 0.950736
vt 0.865951 0.674746
vt 0.847802 0.841999
vt 0.846656 0.784172
vt 0.826070 0.950949
vt 0.824793 0.675065
vt 0.826070 0.863209
vt 0.824793 0.675065
vt 0.826070 0.762805
vt 0.824793 0.675065
vt 0.824793 0.950949
vt 0.823517 0.675065
vt 0.824793 0.675065
vt 0.824793 0.950949
vt 0.823517 0.950949
vt 0.822240 0.675065
vt 0.823517 0.675065
vt 0.823517 0.950949
vt 0.822240 0.950949
vt 0.820964 0.675065
vt 0.822240 0.675065
vt 0.822240 0.950949
vt 0.820964 0.950949
vt 0.815925 0.675065
vt 0.820964 0.675065
vt 0.820964 0.950949
vt 0.072483 0.684888
vt 0.067383 0.688915
vt 0.067808 0.684506
vt 0.067808 0.684506
vt 0.067383 0.688915
vt 0.063355 0.688597
vt 0.063347 0.684287
vt 0.063347 0.684287
vt 0.063355 0.688597
vt 0.059328 0.688929
vt 0.058887 0.684522
vt 0.058887 0.684522
vt 0.059328 0.688929
vt 0.055328 0.689878
vt 0.053717 0.741092
vt 0.058170 0.742055
vt 0.053510 0.798034
vt 0.058639 0.794151
vt 0.058198 0.798559
vt 0.058198 0.798559
vt 0.058639 0.794151
vt 0.062666 0.794484
vt 0.062658 0.798793
vt 0.062658 0.798793
vt 0.062666 0.794484
vt 0.066694 0.794165
vt 0.067120 0.798574
vt 0.067120 0.798574
vt 0.066694 0.794165
vt 0.070696 0.793230
vt 0.071795 0.793867
vt 0.095788 0.798320
vt 0.071795 0.798192
vt 0.071795 0.793867
vt 0.782478 0.805961
vt 0.785214 0.800437
vt 0.786678 0.804548
vt 0.786678 0.804548
vt 0.785214 0.800437
vt 0.788942 0.799040
vt 0.790751 0.802878
vt 0.790751 0.802878
vt 0.788942 0.799040
vt 0.792394 0.797055
vt 0.794632 0.800801
vt 0.794632 0.800801
vt 0.792394 0.797055
vt 0.795560 0.794530
vt 0.792707 0.742926
vt 0.788254 0.742677
vt 0.801113 0.692298
vt 0.794971 0.691776
vt 0.798260 0.688908
vt 0.798260 0.688908
vt 0.794971 0.691776
vt 0.792304 0.688819
vt 0.795214 0.685730
vt 0.795214 0.685730
vt 0.792304 0.688819
vt 0.789193 0.686336
vt 0.791859 0.682880
vt 0.791859 0.682880
vt 0.789193 0.686336
vt 0.785684 0.684315
vt 0.775581 0.689214
vt 0.758003 0.684761
vt 0.775581 0.684761
vt 0.775581 0.689214
vt 0.067383 0.688915
vt 0.071386 0.689850
vt 0.071386 0.689850
vt 0.066496 0.693262
vt 0.063355 0.688597
vt 0.067383 0.688915
vt 0.067383 0.688915
vt 0.066496 0.693262
vt 0.063362 0.692903
vt 0.059328 0.688929
vt 0.063355 0.688597
vt 0.063355 0.688597
vt 0.063362 0.692903
vt 0.060230 0.693273
vt 0.055328 0.689878
vt 0.059328 0.688929
vt 0.059328 0.688929
vt 0.060230 0.693273
vt 0.057279 0.694418
vt 0.058170 0.742055
vt 0.058170 0.741092
vt 0.058170 0.741092
vt 0.062623 0.742055
vt 0.058639 0.794151
vt 0.054639 0.793203
vt 0.054639 0.793203
vt 0.059540 0.789808
vt 0.062666 0.794484
vt 0.058639 0.794151
vt 0.058639 0.794151
vt 0.059540 0.789808
vt 0.062673 0.790178
vt 0.066694 0.794165
vt 0.062666 0.794484
vt 0.062666 0.794484
vt 0.062673 0.790178
vt 0.065806 0.789818
vt 0.070696 0.793230
vt 0.066694 0.794165
vt 0.066694 0.794165
vt 0.065806 0.789818
vt 0.068761 0.788683
vt 0.071795 0.789414
vt 0.095788 0.793867
vt 0.095788 0.793867
vt 0.071795 0.793867
vt 0.071795 0.789414
vt 0.785214 0.800437
vt 0.781251 0.801271
vt 0.781251 0.801271
vt 0.784194 0.796188
vt 0.788942 0.799040
vt 0.785214 0.800437
vt 0.785214 0.800437
vt 0.784194 0.796188
vt 0.787136 0.795206
vt 0.792394 0.797055
vt 0.788942 0.799040
vt 0.788942 0.799040
vt 0.787136 0.795206
vt 0.789767 0.793562
vt 0.795560 0.794530
vt 0.792394 0.797055
vt 0.792394 0.797055
vt 0.789767 0.793562
vt 0.791907 0.791298
vt 0.788254 0.742677
vt 0.788254 0.742926
vt 0.788254 0.742926
vt 0.783801 0.742677
vt 0.794971 0.691776
vt 0.797199 0.695158
vt 0.797199 0.695158
vt 0.791391 0.694283
vt 0.792304 0.688819
vt 0.794971 0.691776
vt 0.794971 0.691776
vt 0.791391 0.694283
vt 0.789399 0.691905
vt 0.789193 0.686336
vt 0.792304 0.688819
vt 0.792304 0.688819
vt 0.789399 0.691905
vt 0.786906 0.690059
vt 0.785684 0.684315
vt 0.789193 0.686336
vt 0.789193 0.686336
vt 0.786906 0.690059
vt 0.784015 0.688897
vt 0.775581 0.693666
vt 0.758003 0.689214
vt 0.758003 0.689214
vt 0.775581 0.689214
vt 0.775581 0.693666
vt 0.066496 0.693262
vt 0.069451 0.694397
vt 0.069451 0.694397
vt 0.065155 0.697538
vt 0.063362 0.692903
vt 0.066496 0.693262
vt 0.066496 0.693262
vt 0.065155 0.697538
vt 0.063370 0.697280
vt 0.060230 0.693273
vt 0.063362 0.692903
vt 0.063362 0.692903
vt 0.063370 0.697280
vt 0.061585 0.697544
vt 0.057279 0.694418
vt 0.060230 0.693273
vt 0.060230 0.693273
vt 0.061585 0.697544
vt 0.060043 0.698361
vt 0.062623 0.742055
vt 0.062623 0.741092
vt 0.062623 0.741092
vt 0.067075 0.742055
vt 0.059540 0.789808
vt 0.056589 0.788663
vt 0.056589 0.788663
vt 0.060895 0.785536
vt 0.062673 0.790178
vt 0.059540 0.789808
vt 0.059540 0.789808
vt 0.060895 0.785536
vt 0.062679 0.785800
vt 0.065806 0.789818
vt 0.062673 0.790178
vt 0.062673 0.790178
vt 0.062679 0.785800
vt 0.064465 0.785542
vt 0.068761 0.788683
vt 0.065806 0.789818
vt 0.065806 0.789818
vt 0.064465 0.785542
vt 0.066010 0.784730
vt 0.071795 0.784962
vt 0.095788 0.789414
vt 0.095788 0.789414
vt 0.071795 0.789414
vt 0.071795 0.784962
vt 0.784194 0.796188
vt 0.781085 0.796397
vt 0.781085 0.796397
vt 0.783629 0.791806
vt 0.787136 0.795206
vt 0.784194 0.796188
vt 0.784194 0.796188
vt 0.783629 0.791806
vt 0.785298 0.791305
vt 0.789767 0.793562
vt 0.787136 0.795206
vt 0.787136 0.795206
vt 0.785298 0.791305
vt 0.786747 0.790337
vt 0.791907 0.791298
vt 0.789767 0.793562
vt 0.789767 0.793562
vt 0.786747 0.790337
vt 0.787765 0.788967
vt 0.783801 0.742677
vt 0.783801 0.742926
vt 0.783801 0.742926
vt 0.779349 0.742677
vt 0.791391 0.694283
vt 0.792725 0.697099
vt 0.792725 0.697099
vt 0.787521 0.696413
vt 0.789399 0.691905
vt 0.791391 0.694283
vt 0.791391 0.694283
vt 0.787521 0.696413
vt 0.786443 0.695044
vt 0.786906 0.690059
vt 0.789399 0.691905
vt 0.789399 0.691905
vt 0.786443 0.695044
vt 0.785012 0.694051
vt 0.784015 0.688897
vt 0.786906 0.690059
vt 0.786906 0.690059
vt 0.785012 0.694051
vt 0.783364 0.693606
vt 0.775581 0.698119
vt 0.758003 0.693666
vt 0.758003 0.693666
vt 0.775581 0.693666
vt 0.775581 0.698119
vt 0.066699 0.698350
vt 0.066699 0.698350
vt 0.063546 0.701640
vt 0.066699 0.698350
vt 0.063518 0.701598
vt 0.065155 0.697538
vt 0.065155 0.697538
vt 0.063518 0.701598
vt 0.065155 0.697538
vt 0.063438 0.701690
vt 0.065155 0.697538
vt 0.063377 0.701618
vt 0.063370 0.697280
vt 0.063370 0.697280
vt 0.063377 0.701618
vt 0.063370 0.697280
vt 0.063315 0.701690
vt 0.063370 0.697280
vt 0.063235 0.701599
vt 0.061585 0.697544
vt 0.061585 0.697544
vt 0.063235 0.701599
vt 0.061585 0.697544
vt 0.063207 0.701641
vt 0.061585 0.697544
vt 0.063148 0.701598
vt 0.060043 0.698361
vt 0.067075 0.742055
vt 0.067075 0.741092
vt 0.067075 0.741092
vt 0.071528 0.742055
vt 0.059353 0.784720
vt 0.059353 0.784720
vt 0.062517 0.781440
vt 0.059353 0.784720
vt 0.062544 0.781481
vt 0.060895 0.785536
vt 0.060895 0.785536
vt 0.062544 0.781481
vt 0.060895 0.785536
vt 0.062625 0.781391
vt 0.060895 0.785536
vt 0.062686 0.781462
vt 0.062679 0.785800
vt 0.062679 0.785800
vt 0.062686 0.781462
vt 0.062679 0.785800
vt 0.062748 0.781391
vt 0.062679 0.785800
vt 0.062828 0.781482
vt 0.064465 0.785542
vt 0.064465 0.785542
vt 0.062828 0.781482
vt 0.064465 0.785542
vt 0.062856 0.781441
vt 0.064465 0.785542
vt 0.062914 0.781483
vt 0.066010 0.784730
vt 0.071795 0.784962
vt 0.071795 0.780645
vt 0.071795 0.784962
vt 0.071829 0.780543
vt 0.071931 0.780509
vt 0.095788 0.784962
vt 0.071795 0.784962
vt 0.071931 0.780509
vt 0.095788 0.784962
vt 0.781925 0.791719
vt 0.783629 0.791806
vt 0.783629 0.791806
vt 0.783430 0.787340
vt 0.785298 0.791305
vt 0.785298 0.791305
vt 0.783430 0.787340
vt 0.786747 0.790337
vt 0.786747 0.790337
vt 0.783430 0.787340
vt 0.787765 0.788967
vt 0.779349 0.742677
vt 0.779349 0.742926
vt 0.779349 0.742926
vt 0.774896 0.742677
vt 0.788064 0.698031
vt 0.787521 0.696413
vt 0.787521 0.696413
vt 0.783438 0.698236
vt 0.786443 0.695044
vt 0.786443 0.695044
vt 0.783438 0.698236
vt 0.785012 0.694051
vt 0.785012 0.694051
vt 0.783438 0.698236
vt 0.783364 0.693606
vt 0.775580 0.702572
vt 0.758003 0.698119
vt 0.758003 0.698119
vt 0.775581 0.698119
vt 0.775580 0.702572
vt 0.758003 0.740155
vt 0.775580 0.740404
vt 0.072483 0.684888
vt 0.067808 0.684506
vt 0.068084 0.676383
vt 0.072483 0.684888
vt 0.082204 0.943962
vt 0.086834 0.943480
vt 0.086834 0.951724
vt 0.082204 0.943962
vt 0.067808 0.684506
vt 0.063347 0.684287
vt 0.063332 0.676383
vt 0.068084 0.676383
vt 0.067808 0.684506
vt 0.077888 0.944290
vt 0.082204 0.943962
vt 0.082685 0.951853
vt 0.082685 0.951853
vt 0.077888 0.944290
vt 0.063347 0.684287
vt 0.058887 0.684522
vt 0.058581 0.676383
vt 0.063332 0.676383
vt 0.063347 0.684287
vt 0.073556 0.944185
vt 0.077888 0.944290
vt 0.078079 0.951853
vt 0.078079 0.951853
vt 0.073556 0.944185
vt 0.058887 0.684522
vt 0.054198 0.685047
vt 0.054198 0.676383
vt 0.058581 0.676383
vt 0.058887 0.684522
vt 0.069100 0.943793
vt 0.073556 0.944185
vt 0.073466 0.951853
vt 0.073466 0.951853
vt 0.069100 0.943793
vt 0.053717 0.742055
vt 0.045594 0.741092
vt 0.053717 0.741092
vt 0.053717 0.742055
vt 0.068456 0.887369
vt 0.060465 0.886461
vt 0.068456 0.887369
vt 0.053510 0.798034
vt 0.058198 0.798559
vt 0.057892 0.806698
vt 0.053510 0.798034
vt 0.074164 0.830828
vt 0.069627 0.831337
vt 0.069627 0.822954
vt 0.074164 0.830828
vt 0.058198 0.798559
vt 0.062658 0.798793
vt 0.062644 0.806698
vt 0.057892 0.806698
vt 0.058198 0.798559
vt 0.078479 0.830599
vt 0.074164 0.830828
vt 0.073865 0.822954
vt 0.073865 0.822954
vt 0.078479 0.830599
vt 0.062658 0.798793
vt 0.067120 0.798574
vt 0.067396 0.806698
vt 0.062644 0.806698
vt 0.062658 0.798793
vt 0.082795 0.830809
vt 0.078479 0.830599
vt 0.078462 0.822954
vt 0.078462 0.822954
vt 0.082795 0.830809
vt 0.067120 0.798574
vt 0.071795 0.798192
vt 0.071795 0.806570
vt 0.067396 0.806698
vt 0.067120 0.798574
vt 0.087317 0.831210
vt 0.082795 0.830809
vt 0.083059 0.822954
vt 0.083059 0.822954
vt 0.087317 0.831210
vt 0.071795 0.798192
vt 0.095788 0.798320
vt 0.095788 0.806443
vt 0.071795 0.806570
vt 0.071795 0.798192
vt 0.778559 0.831120
vt 0.761278 0.823134
vt 0.778559 0.823134
vt 0.778559 0.831120
vt 0.782478 0.805961
vt 0.786678 0.804548
vt 0.789865 0.811987
vt 0.789865 0.811987
vt 0.785627 0.813640
vt 0.782478 0.805961
vt 0.786130 0.830133
vt 0.782170 0.828316
vt 0.786044 0.821135
vt 0.786044 0.821135
vt 0.790016 0.823190
vt 0.786130 0.830133
vt 0.786678 0.804548
vt 0.790751 0.802878
vt 0.794177 0.810149
vt 0.794177 0.810149
vt 0.789865 0.811987
vt 0.786678 0.804548
vt 0.789939 0.832187
vt 0.786130 0.830133
vt 0.790016 0.823190
vt 0.790016 0.823190
vt 0.794041 0.825434
vt 0.789939 0.832187
vt 0.790751 0.802878
vt 0.794632 0.800801
vt 0.798339 0.807995
vt 0.798339 0.807995
vt 0.794177 0.810149
vt 0.790751 0.802878
vt 0.793518 0.834620
vt 0.789939 0.832187
vt 0.794041 0.825434
vt 0.794041 0.825434
vt 0.797887 0.827972
vt 0.793518 0.834620
vt 0.794632 0.800801
vt 0.798395 0.798462
vt 0.802312 0.805779
vt 0.802312 0.805779
vt 0.798339 0.807995
vt 0.794632 0.800801
vt 0.796955 0.837297
vt 0.793518 0.834620
vt 0.797887 0.827972
vt 0.797887 0.827972
vt 0.801542 0.830549
vt 0.796955 0.837297
vt 0.792707 0.742678
vt 0.800830 0.742926
vt 0.792707 0.742926
vt 0.792707 0.742678
vt 0.803573 0.889148
vt 0.795587 0.888904
vt 0.801113 0.692298
vt 0.798260 0.688908
vt 0.804013 0.683217
vt 0.804013 0.683217
vt 0.807105 0.686554
vt 0.801113 0.692298
vt 0.795899 0.938984
vt 0.798979 0.935904
vt 0.804364 0.942035
vt 0.804364 0.942035
vt 0.801054 0.945043
vt 0.795899 0.938984
vt 0.798260 0.688908
vt 0.795214 0.685730
vt 0.800724 0.679878
vt 0.800724 0.679878
vt 0.804013 0.683217
vt 0.798260 0.688908
vt 0.792647 0.941839
vt 0.795899 0.938984
vt 0.801054 0.945043
vt 0.801054 0.945043
vt 0.797550 0.948036
vt 0.792647 0.941839
vt 0.795214 0.685730
vt 0.791859 0.682880
vt 0.797193 0.676795
vt 0.797193 0.676795
vt 0.800724 0.679878
vt 0.795214 0.685730
vt 0.789120 0.944348
vt 0.792647 0.941839
vt 0.797550 0.948036
vt 0.797550 0.948036
vt 0.793833 0.950758
vt 0.789120 0.944348
vt 0.791859 0.682880
vt 0.788303 0.680236
vt 0.793676 0.673910
vt 0.793676 0.673910
vt 0.797193 0.676795
vt 0.791859 0.682880
vt 0.785415 0.946638
vt 0.789120 0.944348
vt 0.793833 0.950758
vt 0.793833 0.950758
vt 0.790144 0.953287
vt 0.785415 0.946638
vt 0.775581 0.684761
vt 0.758003 0.684761
vt 0.758003 0.676638
vt 0.758003 0.676638
vt 0.775581 0.676638
vt 0.775581 0.684761
vt 0.086834 0.943480
vt 0.110422 0.951595
vt 0.086834 0.951724
vt 0.086834 0.943480
vt 0.778559 0.885825
vt 0.761277 0.885581
vt 0.778559 0.885583
vt 0.778559 0.885825
vt 0.778559 0.844253
vt 0.778559 0.848628
vt 0.761278 0.848631
vt 0.778559 0.844253
vt 0.760795 0.926098
vt 0.760795 0.926098
vt 0.760795 0.930476
vt 0.110422 0.930476
vt 0.778559 0.839876
vt 0.778559 0.844253
vt 0.761278 0.844253
vt 0.761278 0.844253
vt 0.778559 0.839876
vt 0.110422 0.930476
vt 0.760795 0.930476
vt 0.760795 0.930476
vt 0.760795 0.934853
vt 0.110422 0.934854
vt 0.778559 0.835498
vt 0.778559 0.839876
vt 0.761278 0.839875
vt 0.761278 0.839875
vt 0.778559 0.835498
vt 0.110422 0.934854
vt 0.760795 0.934853
vt 0.760795 0.934853
vt 0.760795 0.939231
vt 0.110422 0.939231
vt 0.778559 0.831120
vt 0.778559 0.835498
vt 0.761278 0.835498
vt 0.761278 0.835498
vt 0.761278 0.831120
vt 0.778559 0.831120
vt 0.110422 0.943609
vt 0.110422 0.939231
vt 0.760795 0.939231
vt 0.760795 0.939231
vt 0.760795 0.943609
vt 0.110422 0.943609
vt 0.871058 0.950736
vt 0.871059 0.674746
vt 0.876099 0.674746
vt 0.876099 0.674746
vt 0.871058 0.950736
vt 0.041884 0.653100
vt 0.455670 0.054392
vt 0.774895 0.793867
vt 0.774894 0.798320
vt 0.757317 0.798320
vt 0.774895 0.793867
vt 0.758003 0.684761
vt 0.758003 0.684761
vt 0.758003 0.689214
vt 0.096476 0.689214
vt 0.774895 0.789415
vt 0.774895 0.793867
vt 0.757317 0.793867
vt 0.757317 0.793867
vt 0.774895 0.789415
vt 0.096476 0.689214
vt 0.758003 0.689214
vt 0.758003 0.689214
vt 0.758003 0.693666
vt 0.096476 0.693666
vt 0.774895 0.784962
vt 0.774895 0.789415
vt 0.757317 0.789414
vt 0.757317 0.789414
vt 0.774895 0.784962
vt 0.096476 0.693666
vt 0.758003 0.693666
vt 0.758003 0.693666
vt 0.758003 0.698119
vt 0.096476 0.698119
vt 0.774895 0.780509
vt 0.774895 0.784962
vt 0.757317 0.784962
vt 0.757317 0.784962
vt 0.774895 0.780509
vt 0.096476 0.698119
vt 0.758003 0.698119
vt 0.758003 0.698119
vt 0.758003 0.702572
vt 0.096476 0.702572
vt 0.095823 0.742891
vt 0.095789 0.742677
vt 0.095925 0.742925
vt 0.095789 0.742677
vt 0.095925 0.742925
vt 0.757318 0.742677
vt 0.774894 0.798320
vt 0.774894 0.806443
vt 0.757317 0.806443
vt 0.757317 0.806443
vt 0.757317 0.798320
vt 0.774894 0.798320
vt 0.110905 0.831120
vt 0.761278 0.823134
vt 0.761278 0.823134
vt 0.761278 0.831120
vt 0.110905 0.831120
vt 0.096476 0.684761
vt 0.758003 0.676638
vt 0.758003 0.676638
vt 0.758003 0.684761
vt 0.096476 0.684761
vt 0.778077 0.943609
vt 0.778077 0.951595
vt 0.760796 0.951595
vt 0.760796 0.951595
vt 0.760795 0.943609
vt 0.778077 0.943609
vt 0.897374 0.801638
vt 0.897239 0.802277
vt 0.896487 0.802505
vt 0.896487 0.802505
vt 0.896605 0.802183
vt 0.897374 0.801638
vt 0.897239 0.802277
vt 0.896869 0.802815
vt 0.896158 0.802775
vt 0.896158 0.802775
vt 0.896487 0.802505
vt 0.897239 0.802277
vt 0.896869 0.802815
vt 0.896321 0.803171
vt 0.895670 0.802952
vt 0.895670 0.802952
vt 0.896158 0.802775
vt 0.896869 0.802815
vt 0.896321 0.803171
vt 0.895680 0.803290
vt 0.895095 0.803010
vt 0.895095 0.803010
vt 0.895670 0.802952
vt 0.896321 0.803171
vt 0.890028 0.803227
vt 0.890031 0.802953
vt 0.890158 0.802954
vt 0.890158 0.802954
vt 0.890169 0.803228
vt 0.890028 0.803227
vt 0.884376 0.803140
vt 0.883738 0.803004
vt 0.884395 0.802803
vt 0.884395 0.802803
vt 0.884968 0.802875
vt 0.884376 0.803140
vt 0.883738 0.803004
vt 0.883200 0.802634
vt 0.883911 0.802613
vt 0.883911 0.802613
vt 0.884395 0.802803
vt 0.883738 0.803004
vt 0.883200 0.802634
vt 0.882844 0.802087
vt 0.883590 0.802334
vt 0.883590 0.802334
vt 0.883911 0.802613
vt 0.883200 0.802634
vt 0.882844 0.802087
vt 0.882725 0.801445
vt 0.883480 0.802010
vt 0.883480 0.802010
vt 0.883590 0.802334
vt 0.882844 0.802087
vt 0.882725 0.801445
vt 0.882772 0.797927
vt 0.883527 0.798473
vt 0.883527 0.798473
vt 0.883480 0.802010
vt 0.882725 0.801445
vt 0.922552 0.702108
vt 0.922552 0.803574
vt 0.922004 0.803574
vt 0.922552 0.702108
vt 0.915896 0.798688
vt 0.915126 0.799213
vt 0.916521 0.701620
vt 0.916521 0.701620
vt 0.917283 0.701631
vt 0.915896 0.798688
vt 0.915846 0.802208
vt 0.915709 0.802847
vt 0.914956 0.803074
vt 0.914956 0.803074
vt 0.915075 0.802753
vt 0.915846 0.802208
vt 0.915709 0.802847
vt 0.915338 0.803385
vt 0.914627 0.803344
vt 0.914627 0.803344
vt 0.914956 0.803074
vt 0.915709 0.802847
vt 0.915338 0.803385
vt 0.914790 0.803740
vt 0.914138 0.803520
vt 0.914138 0.803520
vt 0.914627 0.803344
vt 0.915338 0.803385
vt 0.914790 0.803740
vt 0.914147 0.803858
vt 0.913563 0.803576
vt 0.913563 0.803576
vt 0.914138 0.803520
vt 0.914790 0.803740
vt 0.908492 0.803778
vt 0.908496 0.803504
vt 0.908622 0.803505
vt 0.908633 0.803780
vt 0.908492 0.803778
vt 0.902836 0.803697
vt 0.902197 0.803560
vt 0.902855 0.803359
vt 0.902855 0.803359
vt 0.903428 0.803431
vt 0.902836 0.803697
vt 0.902197 0.803560
vt 0.901659 0.803189
vt 0.902371 0.803169
vt 0.902371 0.803169
vt 0.902855 0.803359
vt 0.902197 0.803560
vt 0.901659 0.803189
vt 0.901304 0.802641
vt 0.902050 0.802890
vt 0.902050 0.802890
vt 0.902371 0.803169
vt 0.901659 0.803189
vt 0.901304 0.802641
vt 0.901186 0.801999
vt 0.901940 0.802565
vt 0.901940 0.802565
vt 0.902050 0.802890
vt 0.901304 0.802641
vt 0.901186 0.801999
vt 0.901236 0.798478
vt 0.901991 0.799025
vt 0.901991 0.799025
vt 0.901940 0.802565
vt 0.901186 0.801999
vt 0.935072 0.854852
vt 0.886968 0.854852
vt 0.886968 0.854592
vt 0.886968 0.854592
vt 0.935072 0.854592
vt 0.935072 0.854852
vt 0.897421 0.798121
vt 0.896652 0.798646
vt 0.897945 0.701121
vt 0.897945 0.701121
vt 0.898707 0.701131
vt 0.897421 0.798121
vt 0.761277 0.885581
vt 0.761277 0.885825
vt 0.110905 0.885825
vt 0.761277 0.885581
vt 0.110905 0.885825
vt 0.110938 0.885614
vt 0.761277 0.885581
vt 0.110938 0.885614
vt 0.761278 0.844253
vt 0.761278 0.848631
vt 0.110905 0.848631
vt 0.110905 0.848631
vt 0.110905 0.844253
vt 0.761278 0.844253
vt 0.761278 0.839875
vt 0.761278 0.844253
vt 0.110905 0.844253
vt 0.110905 0.844253
vt 0.110905 0.839875
vt 0.761278 0.839875
vt 0.761278 0.835498
vt 0.761278 0.839875
vt 0.110905 0.839875
vt 0.110905 0.839875
vt 0.110905 0.835498
vt 0.761278 0.835498
vt 0.761278 0.831120
vt 0.761278 0.835498
vt 0.110905 0.835498
vt 0.110905 0.835498
vt 0.110905 0.831120
vt 0.761278 0.831120
vt 0.958267 0.054391
vt 0.958267 0.653098
vt 0.544481 0.653098
vt 0.544481 0.653098
vt 0.544480 0.054391
vt 0.958267 0.054391
vt 0.757317 0.793867
vt 0.757317 0.798320
vt 0.095788 0.798320
vt 0.095788 0.798320
vt 0.095788 0.793867
vt 0.757317 0.793867
vt 0.757317 0.789414
vt 0.757317 0.793867
vt 0.095788 0.793867
vt 0.095788 0.793867
vt 0.095788 0.789414
vt 0.757317 0.789414
vt 0.757317 0.784962
vt 0.757317 0.789414
vt 0.095788 0.789414
vt 0.095788 0.789414
vt 0.095788 0.784962
vt 0.757317 0.784962
vt 0.757318 0.780509
vt 0.757317 0.784962
vt 0.095788 0.784962
vt 0.095788 0.784962
vt 0.095789 0.780509
vt 0.757318 0.780509
vt 0.757317 0.798320
vt 0.757317 0.806443
vt 0.095788 0.806443
vt 0.095788 0.806443
vt 0.095788 0.798320
vt 0.757317 0.798320
vt 0.760795 0.943609
vt 0.760796 0.951595
vt 0.110422 0.951595
vt 0.110422 0.951595
vt 0.110422 0.943609
vt 0.760795 0.943609
vt 0.086833 0.930476
vt 0.086833 0.926232
vt 0.086833 0.930476
vt 0.086867 0.926132
vt 0.086833 0.930476
vt 0.086967 0.926098
vt 0.110422 0.926098
vt 0.110422 0.930476
vt 0.086833 0.930476
vt 0.110422 0.926098
vt 0.086833 0.934854
vt 0.086833 0.930476
vt 0.110422 0.930476
vt 0.110422 0.930476
vt 0.110422 0.934854
vt 0.086833 0.934854
vt 0.086834 0.939231
vt 0.086833 0.934854
vt 0.110422 0.934854
vt 0.110422 0.934854
vt 0.110422 0.939231
vt 0.086834 0.939231
vt 0.086834 0.943480
vt 0.086834 0.939231
vt 0.110422 0.939231
vt 0.110422 0.939231
vt 0.110422 0.943609
vt 0.086834 0.943480
vt 0.470678 0.054392
vt 0.470678 0.653100
vt 0.455670 0.653100
vt 0.455670 0.653100
vt 0.455670 0.054392
vt 0.470678 0.054392
vt 0.072483 0.689213
vt 0.072483 0.684888
vt 0.096476 0.684761
vt 0.096476 0.684761
vt 0.096476 0.689214
vt 0.072483 0.689213
vt 0.072483 0.693666
vt 0.072483 0.689213
vt 0.096476 0.689214
vt 0.096476 0.689214
vt 0.096476 0.693666
vt 0.072483 0.693666
vt 0.072483 0.698119
vt 0.072483 0.693666
vt 0.096476 0.693666
vt 0.096476 0.693666
vt 0.096476 0.698119
vt 0.072483 0.698119
vt 0.096476 0.702572
vt 0.096476 0.702572
vt 0.072517 0.702538
vt 0.072483 0.702436
vt 0.072483 0.702436
vt 0.072483 0.698119
vt 0.096476 0.698119
vt 0.096476 0.702572
vt 0.072483 0.702436
vt 0.096476 0.698119
vt 0.071528 0.742055
vt 0.095521 0.742771
vt 0.071528 0.742055
vt 0.095521 0.742771
vt 0.095521 0.742883
vt 0.071528 0.742055
vt 0.095521 0.742883
vt 0.071528 0.743019
vt 0.095521 0.742883
vt 0.071528 0.743019
vt 0.095487 0.742985
vt 0.087317 0.831210
vt 0.087317 0.823044
vt 0.110905 0.823134
vt 0.110905 0.823134
vt 0.110905 0.831120
vt 0.087317 0.831210
vt 0.072483 0.684888
vt 0.072483 0.676510
vt 0.096476 0.676638
vt 0.096476 0.676638
vt 0.096476 0.684761
vt 0.072483 0.684888
vt 0.882772 0.797927
vt 0.884058 0.700938
vt 0.884820 0.700948
vt 0.884820 0.700948
vt 0.883527 0.798473
vt 0.882772 0.797927
vt 0.915846 0.802208
vt 0.915075 0.802753
vt 0.915126 0.799213
vt 0.915126 0.799213
vt 0.915896 0.798688
vt 0.915846 0.802208
vt 0.901236 0.798478
vt 0.902623 0.701421
vt 0.903386 0.701432
vt 0.903386 0.701432
vt 0.901991 0.799025
vt 0.901236 0.798478
vt 0.897374 0.801638
vt 0.896605 0.802183
vt 0.896652 0.798646
vt 0.896652 0.798646
vt 0.897421 0.798121
vt 0.897374 0.801638
vt 0.085966 0.887282
vt 0.085961 0.886335
vt 0.109416 0.886218
vt 0.085966 0.887282
vt 0.109416 0.886218
vt 0.085966 0.887282
vt 0.109516 0.886251
vt 0.109550 0.886351
vt 0.109550 0.886351
vt 0.109551 0.886462
vt 0.108851 0.887169
vt 0.085966 0.887282
vt 0.109550 0.886351
vt 0.108851 0.887169
vt 0.109425 0.888113
vt 0.085971 0.888230
vt 0.081400 0.849407
vt 0.085644 0.849386
vt 0.081400 0.849407
vt 0.085745 0.849419
vt 0.085778 0.849519
vt 0.081400 0.849407
vt 0.085778 0.849519
vt 0.085961 0.886335
vt 0.081400 0.849407
vt 0.085961 0.886335
vt 0.081584 0.886356
vt 0.085961 0.886335
vt 0.085966 0.887282
vt 0.085966 0.887282
vt 0.081588 0.887304
vt 0.081584 0.886356
vt 0.085971 0.888230
vt 0.086153 0.925045
vt 0.085971 0.888230
vt 0.086120 0.925146
vt 0.086020 0.925180
vt 0.086020 0.925180
vt 0.081777 0.925201
vt 0.081593 0.888251
vt 0.085971 0.888230
vt 0.086020 0.925180
vt 0.081593 0.888251
vt 0.782453 0.926098
vt 0.778076 0.926098
vt 0.778076 0.889148
vt 0.782453 0.926098
vt 0.782453 0.889148
vt 0.778076 0.889148
vt 0.778076 0.888904
vt 0.782453 0.889148
vt 0.778559 0.848628
vt 0.782936 0.848626
vt 0.782936 0.885579
vt 0.782936 0.885579
vt 0.778559 0.885583
vt 0.778559 0.848628
vt 0.077023 0.849429
vt 0.081400 0.849407
vt 0.081584 0.886356
vt 0.081584 0.886356
vt 0.077023 0.849429
vt 0.077206 0.886378
vt 0.081584 0.886356
vt 0.081588 0.887304
vt 0.081588 0.887304
vt 0.077211 0.887326
vt 0.077206 0.886378
vt 0.081777 0.925201
vt 0.077399 0.925222
vt 0.077215 0.888273
vt 0.077215 0.888273
vt 0.081593 0.888251
vt 0.081777 0.925201
vt 0.786831 0.926098
vt 0.782453 0.926098
vt 0.782453 0.889148
vt 0.782453 0.889148
vt 0.786831 0.926098
vt 0.786831 0.889148
vt 0.782453 0.889148
vt 0.782453 0.888904
vt 0.782453 0.888904
vt 0.786831 0.889148
vt 0.782936 0.848626
vt 0.787314 0.848626
vt 0.787314 0.885574
vt 0.787314 0.885574
vt 0.782936 0.885579
vt 0.782936 0.848626
vt 0.072645 0.849450
vt 0.077023 0.849429
vt 0.077206 0.886378
vt 0.077206 0.886378
vt 0.072645 0.849450
vt 0.072828 0.886400
vt 0.077206 0.886378
vt 0.077211 0.887326
vt 0.077211 0.887326
vt 0.072833 0.887347
vt 0.072828 0.886400
vt 0.077399 0.925222
vt 0.073021 0.925244
vt 0.072838 0.888295
vt 0.072838 0.888295
vt 0.077215 0.888273
vt 0.077399 0.925222
vt 0.791209 0.926098
vt 0.786831 0.926098
vt 0.786831 0.889148
vt 0.786831 0.889148
vt 0.791209 0.926098
vt 0.791209 0.889148
vt 0.786831 0.889148
vt 0.786831 0.888904
vt 0.786831 0.888904
vt 0.791209 0.889148
vt 0.787314 0.848626
vt 0.791692 0.848626
vt 0.791692 0.885574
vt 0.791692 0.885574
vt 0.787314 0.885574
vt 0.787314 0.848626
vt 0.068267 0.849472
vt 0.072645 0.849450
vt 0.072828 0.886400
vt 0.072828 0.886400
vt 0.068451 0.886422
vt 0.068267 0.849472
vt 0.068451 0.886422
vt 0.072828 0.886400
vt 0.072833 0.887347
vt 0.072833 0.887347
vt 0.068456 0.887369
vt 0.068451 0.886422
vt 0.073021 0.925244
vt 0.068644 0.925266
vt 0.068460 0.888317
vt 0.068460 0.888317
vt 0.072838 0.888295
vt 0.073021 0.925244
vt 0.795587 0.926098
vt 0.791209 0.926098
vt 0.791209 0.889148
vt 0.791209 0.889148
vt 0.795587 0.889148
vt 0.795587 0.926098
vt 0.795587 0.889148
vt 0.791209 0.889148
vt 0.791209 0.888904
vt 0.791209 0.888904
vt 0.795587 0.888904
vt 0.795587 0.889148
vt 0.791692 0.848626
vt 0.796069 0.848626
vt 0.796069 0.885574
vt 0.796069 0.885574
vt 0.791692 0.885574
vt 0.791692 0.848626
vt 0.521560 0.054391
vt 0.521560 0.653099
vt 0.500613 0.653099
vt 0.500613 0.653099
vt 0.521560 0.054391
vt 0.500613 0.054391
vt 0.500613 0.653099
vt 0.500075 0.653100
vt 0.500075 0.653100
vt 0.500075 0.054392
vt 0.500613 0.054391
vt 0.478589 0.653100
vt 0.478589 0.054392
vt 0.499538 0.054392
vt 0.499538 0.054392
vt 0.499538 0.653100
vt 0.478589 0.653100
vt 0.837547 0.783975
vt 0.843752 0.783975
vt 0.837547 0.786519
vt 0.843752 0.783975
vt 0.837547 0.786519
vt 0.843752 0.841802
vt 0.837547 0.839258
vt 0.843752 0.841802
vt 0.837547 0.839258
vt 0.843752 0.841802
vt 0.843752 0.783975
vt 0.843793 0.841802
vt 0.843752 0.841802
vt 0.843752 0.783975
vt 0.847843 0.841999
vt 0.854047 0.841999
vt 0.847843 0.841999
vt 0.854047 0.839455
vt 0.847843 0.841999
vt 0.846656 0.784172
vt 0.854047 0.839455
vt 0.846656 0.784172
vt 0.854047 0.786716
vt 0.846656 0.784172
vt 0.854047 0.786716
vt 0.846656 0.784172
vt 0.058170 0.780603
vt 0.053717 0.780603
vt 0.053717 0.743019
vt 0.058170 0.780603
vt 0.058170 0.743019
vt 0.053717 0.743019
vt 0.053717 0.742055
vt 0.053717 0.742055
vt 0.058170 0.742055
vt 0.058170 0.743019
vt 0.053717 0.703508
vt 0.058170 0.703508
vt 0.058170 0.741092
vt 0.058170 0.741092
vt 0.053717 0.741092
vt 0.053717 0.703508
vt 0.788938 0.702572
vt 0.793391 0.702572
vt 0.793391 0.740155
vt 0.788938 0.702572
vt 0.788938 0.740155
vt 0.793391 0.740155
vt 0.793391 0.740404
vt 0.788938 0.740155
vt 0.792706 0.780510
vt 0.788254 0.780509
vt 0.788254 0.742926
vt 0.788254 0.742926
vt 0.792707 0.742926
vt 0.792706 0.780510
vt 0.062623 0.780603
vt 0.058170 0.780603
vt 0.058170 0.743019
vt 0.058170 0.743019
vt 0.062623 0.780603
vt 0.062623 0.743019
vt 0.058170 0.743019
vt 0.058170 0.742055
vt 0.058170 0.742055
vt 0.062623 0.742055
vt 0.062623 0.743019
vt 0.058170 0.703508
vt 0.062623 0.703508
vt 0.062623 0.741092
vt 0.062623 0.741092
vt 0.058170 0.741092
vt 0.058170 0.703508
vt 0.784486 0.702572
vt 0.788938 0.702572
vt 0.788938 0.740155
vt 0.788938 0.740155
vt 0.784486 0.702572
vt 0.784486 0.740155
vt 0.788938 0.740155
vt 0.788938 0.740404
vt 0.788938 0.740404
vt 0.784486 0.740155
vt 0.788254 0.780509
vt 0.783801 0.780509
vt 0.783801 0.742926
vt 0.783801 0.742926
vt 0.788254 0.742926
vt 0.788254 0.780509
vt 0.067076 0.780603
vt 0.062623 0.780603
vt 0.062623 0.743019
vt 0.062623 0.743019
vt 0.067076 0.780603
vt 0.067076 0.743019
vt 0.062623 0.743019
vt 0.062623 0.742055
vt 0.062623 0.742055
vt 0.067075 0.742055
vt 0.067076 0.743019
vt 0.062623 0.703508
vt 0.067075 0.703508
vt 0.067075 0.741092
vt 0.067075 0.741092
vt 0.062623 0.741092
vt 0.062623 0.703508
vt 0.780033 0.702572
vt 0.784486 0.702572
vt 0.784486 0.740155
vt 0.784486 0.740155
vt 0.780033 0.702572
vt 0.780033 0.740155
vt 0.784486 0.740155
vt 0.784486 0.740404
vt 0.784486 0.740404
vt 0.780033 0.740155
vt 0.783801 0.780509
vt 0.779348 0.780509
vt 0.779349 0.742926
vt 0.779349 0.742926
vt 0.783801 0.742926
vt 0.783801 0.780509
vt 0.071528 0.743019
vt 0.071528 0.743019
vt 0.071494 0.780569
vt 0.071392 0.780603
vt 0.071392 0.780603
vt 0.067076 0.780603
vt 0.067076 0.743019
vt 0.071528 0.743019
vt 0.071392 0.780603
vt 0.067076 0.743019
vt 0.071528 0.743019
vt 0.067076 0.743019
vt 0.067075 0.742055
vt 0.067075 0.742055
vt 0.071528 0.742055
vt 0.071528 0.743019
vt 0.067075 0.703508
vt 0.071392 0.703508
vt 0.067075 0.703508
vt 0.071494 0.703542
vt 0.067075 0.703508
vt 0.071528 0.703644
vt 0.071528 0.741092
vt 0.067075 0.741092
vt 0.067075 0.703508
vt 0.071528 0.741092
vt 0.775580 0.702572
vt 0.780033 0.702572
vt 0.780033 0.740155
vt 0.780033 0.740155
vt 0.775580 0.740155
vt 0.775580 0.702572
vt 0.775580 0.740155
vt 0.780033 0.740155
vt 0.780033 0.740404
vt 0.780033 0.740404
vt 0.775580 0.740404
vt 0.775580 0.740155
vt 0.779348 0.780509
vt 0.774895 0.780509
vt 0.774896 0.742925
vt 0.774896 0.742925
vt 0.779349 0.742926
vt 0.779348 0.780509
vt 0.774895 0.780509
vt 0.757318 0.780509
vt 0.757318 0.742925
vt 0.757318 0.742925
vt 0.774896 0.742925
vt 0.774895 0.780509
vt 0.774896 0.742925
vt 0.757318 0.742925
vt 0.757318 0.742677
vt 0.757318 0.742677
vt 0.774896 0.742677
vt 0.774896 0.742925
vt 0.758003 0.702572
vt 0.775580 0.702572
vt 0.775580 0.740155
vt 0.775580 0.740155
vt 0.758003 0.740155
vt 0.758003 0.702572
vt 0.053717 0.780603
vt 0.045594 0.780603
vt 0.045594 0.743019
vt 0.053717 0.743019
vt 0.053717 0.780603
vt 0.053717 0.743019
vt 0.045594 0.743019
vt 0.045594 0.742055
vt 0.045594 0.742055
vt 0.053717 0.742055
vt 0.053717 0.743019
vt 0.045594 0.703508
vt 0.053717 0.703508
vt 0.053717 0.741092
vt 0.053717 0.741092
vt 0.045594 0.741092
vt 0.045594 0.703508
vt 0.068644 0.925266
vt 0.060657 0.925306
vt 0.060474 0.888356
vt 0.068460 0.888317
vt 0.068644 0.925266
vt 0.068460 0.888317
vt 0.060474 0.888356
vt 0.060469 0.887409
vt 0.060469 0.887409
vt 0.068456 0.887369
vt 0.068460 0.888317
vt 0.060281 0.849512
vt 0.068267 0.849472
vt 0.068451 0.886422
vt 0.068451 0.886422
vt 0.060465 0.886461
vt 0.060281 0.849512
vt 0.793391 0.702572
vt 0.801514 0.702572
vt 0.801517 0.740155
vt 0.793391 0.740155
vt 0.793391 0.702572
vt 0.793391 0.740155
vt 0.801517 0.740155
vt 0.801521 0.740404
vt 0.793391 0.740404
vt 0.793391 0.740155
vt 0.800829 0.780510
vt 0.792706 0.780510
vt 0.792707 0.742926
vt 0.792707 0.742926
vt 0.800830 0.742926
vt 0.800829 0.780510
vt 0.796069 0.848626
vt 0.804056 0.848626
vt 0.804056 0.885574
vt 0.796069 0.885574
vt 0.796069 0.848626
vt 0.796069 0.885574
vt 0.804056 0.885574
vt 0.804056 0.885816
vt 0.796070 0.885816
vt 0.796069 0.885574
vt 0.803573 0.926098
vt 0.795587 0.926098
vt 0.795587 0.889148
vt 0.795587 0.889148
vt 0.803573 0.889148
vt 0.803573 0.926098
vt 0.778076 0.926098
vt 0.760795 0.926098
vt 0.760795 0.889148
vt 0.778076 0.889148
vt 0.778076 0.926098
vt 0.778076 0.889148
vt 0.760795 0.889148
vt 0.760795 0.888904
vt 0.778076 0.888904
vt 0.778076 0.889148
vt 0.761278 0.848631
vt 0.778559 0.848628
vt 0.778559 0.885583
vt 0.778559 0.885583
vt 0.761277 0.885581
vt 0.761278 0.848631
vt 0.096476 0.702572
vt 0.758003 0.702572
vt 0.758003 0.740155
vt 0.096476 0.702572
vt 0.758003 0.740155
vt 0.096476 0.740020
vt 0.758003 0.740155
vt 0.096510 0.740121
vt 0.758003 0.740155
vt 0.096510 0.740189
vt 0.096612 0.740155
vt 0.758003 0.740155
vt 0.096476 0.740404
vt 0.096510 0.740189
vt 0.758003 0.740155
vt 0.096476 0.740404
vt 0.758003 0.740155
vt 0.758003 0.740404
vt 0.095789 0.780509
vt 0.095789 0.780509
vt 0.095823 0.742959
vt 0.095925 0.742925
vt 0.757318 0.780509
vt 0.095789 0.780509
vt 0.095925 0.742925
vt 0.757318 0.742925
vt 0.757318 0.780509
vt 0.095925 0.742925
vt 0.889886 0.803225
vt 0.884376 0.803140
vt 0.884968 0.802875
vt 0.884968 0.802875
vt 0.889905 0.802951
vt 0.889886 0.803225
vt 0.890028 0.803227
vt 0.889886 0.803225
vt 0.889905 0.802951
vt 0.889905 0.802951
vt 0.890031 0.802953
vt 0.890028 0.803227
vt 0.895095 0.803010
vt 0.895680 0.803290
vt 0.890169 0.803228
vt 0.890169 0.803228
vt 0.890158 0.802954
vt 0.895095 0.803010
vt 0.908350 0.803776
vt 0.902836 0.803697
vt 0.903428 0.803431
vt 0.903428 0.803431
vt 0.908369 0.803502
vt 0.908350 0.803776
vt 0.908492 0.803778
vt 0.908350 0.803776
vt 0.908369 0.803502
vt 0.908369 0.803502
vt 0.908496 0.803504
vt 0.908492 0.803778
vt 0.913563 0.803576
vt 0.914147 0.803858
vt 0.908633 0.803780
vt 0.908633 0.803780
vt 0.908622 0.803505
vt 0.913563 0.803576
vt 0.110422 0.926098
vt 0.110422 0.926098
vt 0.110455 0.889182
vt 0.760795 0.926098
vt 0.110422 0.926098
vt 0.110555 0.889148
vt 0.760795 0.889148
vt 0.760795 0.926098
vt 0.110555 0.889148
vt 0.760795 0.888904
vt 0.760795 0.889148
vt 0.110555 0.889148
vt 0.760795 0.888904
vt 0.110555 0.889148
vt 0.760795 0.888904
vt 0.110455 0.889115
vt 0.110422 0.889014
vt 0.760795 0.888904
vt 0.110422 0.889014
vt 0.110422 0.888904
vt 0.110905 0.848631
vt 0.761278 0.848631
vt 0.761277 0.885581
vt 0.110905 0.848631
vt 0.761277 0.885581
vt 0.110905 0.885447
vt 0.761277 0.885581
vt 0.111039 0.885581
vt 0.110938 0.885547
vt 0.761277 0.885581
vt 0.071528 0.741092
vt 0.071528 0.703644
vt 0.071528 0.742055
vt 0.071528 0.741092
vt 0.095385 0.741092
vt 0.071528 0.742055
vt 0.095385 0.741092
vt 0.071528 0.742055
vt 0.095487 0.741126
vt 0.095521 0.741227
vt 0.095521 0.741227
vt 0.095521 0.741340
vt 0.094806 0.742055
vt 0.071528 0.742055
vt 0.095521 0.741227
vt 0.094806 0.742055
vt 0.095385 0.743019
vt 0.071528 0.780467
vt 0.071528 0.743019
vt 0.110422 0.889282
vt 0.110422 0.926098
vt 0.086967 0.926098
vt 0.087450 0.848631
vt 0.110905 0.848631
vt 0.110905 0.885447
vt 0.095789 0.743061
vt 0.095789 0.780509
vt 0.071931 0.780509
vt 0.072619 0.702572
vt 0.096476 0.702572
vt 0.096476 0.740020
vt 0.944262 0.829284
vt 0.945562 0.829423
vt 0.945569 0.829607
vt 0.945569 0.829607
vt 0.944266 0.829772
vt 0.941337 0.829850
vt 0.941337 0.829850
vt 0.945569 0.829607
vt 0.941337 0.829850
vt 0.938768 0.829362
vt 0.944262 0.829284
vt 0.945569 0.829607
vt 0.938768 0.829362
vt 0.944262 0.829284
vt 0.938768 0.829362
vt 0.941345 0.829225
vt 0.888796 0.829621
vt 0.887236 0.829487
vt 0.888787 0.829341
vt 0.888787 0.829341
vt 0.888796 0.829621
vt 0.888787 0.829341
vt 0.891187 0.829592
vt 0.937117 0.829912
vt 0.937117 0.829912
vt 0.892530 0.829731
vt 0.893717 0.829669
vt 0.941345 0.829225
vt 0.943491 0.829215
vt 0.944262 0.829284
vt 0.944262 0.829284
vt 0.945409 0.829326
vt 0.945562 0.829423
vt 0.945562 0.829423
vt 0.946054 0.829513
vt 0.945569 0.829607
vt 0.945569 0.829607
vt 0.945410 0.829725
vt 0.944266 0.829772
vt 0.944266 0.829772
vt 0.943500 0.829857
vt 0.941337 0.829850
vt 0.941337 0.829850
vt 0.937117 0.829912
vt 0.936113 0.829806
vt 0.936113 0.829806
vt 0.938764 0.829708
vt 0.941337 0.829850
vt 0.941345 0.829225
vt 0.938768 0.829362
vt 0.936060 0.829258
vt 0.937067 0.829154
vt 0.941345 0.829225
vt 0.888796 0.829621
vt 0.891187 0.829592
vt 0.893717 0.829669
vt 0.893717 0.829669
vt 0.892530 0.829731
vt 0.888796 0.829621
vt 0.888796 0.829621
vt 0.886818 0.829587
vt 0.887236 0.829487
vt 0.887236 0.829487
vt 0.886762 0.829376
vt 0.888787 0.829341
vt 0.888787 0.829341
vt 0.892475 0.829245
vt 0.893661 0.829308
vt 0.891185 0.829377
vt 0.888787 0.829341
vt 0.892475 0.829245
vt 0.937067 0.829154
vt 0.936060 0.829258
vt 0.936060 0.829258
vt 0.893661 0.829308
vt 0.892475 0.829245
vt 0.942527 0.835117
vt 0.943830 0.835287
vt 0.943822 0.835470
vt 0.943822 0.835470
vt 0.942521 0.835604
vt 0.939604 0.835652
vt 0.939604 0.835652
vt 0.943822 0.835470
vt 0.939604 0.835652
vt 0.937026 0.835159
vt 0.942527 0.835117
vt 0.943822 0.835470
vt 0.937026 0.835159
vt 0.942527 0.835117
vt 0.937026 0.835159
vt 0.939600 0.835027
vt 0.887046 0.835332
vt 0.885496 0.835181
vt 0.887057 0.835052
vt 0.887057 0.835052
vt 0.887046 0.835332
vt 0.887057 0.835052
vt 0.889444 0.835306
vt 0.890792 0.834957
vt 0.890792 0.834957
vt 0.935380 0.834949
vt 0.934375 0.835051
vt 0.939600 0.835027
vt 0.941762 0.835028
vt 0.942527 0.835117
vt 0.942527 0.835117
vt 0.943672 0.835168
vt 0.943830 0.835287
vt 0.943830 0.835287
vt 0.944314 0.835382
vt 0.943822 0.835470
vt 0.943822 0.835470
vt 0.943669 0.835567
vt 0.942521 0.835604
vt 0.942521 0.835604
vt 0.941750 0.835671
vt 0.939604 0.835652
vt 0.939604 0.835652
vt 0.935326 0.835706
vt 0.934318 0.835599
vt 0.937027 0.835505
vt 0.939604 0.835652
vt 0.939600 0.835027
vt 0.937026 0.835159
vt 0.934375 0.835051
vt 0.934375 0.835051
vt 0.935380 0.834949
vt 0.939600 0.835027
vt 0.887046 0.835332
vt 0.889444 0.835306
vt 0.891920 0.835385
vt 0.890734 0.835443
vt 0.887046 0.835332
vt 0.887046 0.835332
vt 0.885022 0.835290
vt 0.885496 0.835181
vt 0.885496 0.835181
vt 0.885079 0.835079
vt 0.887057 0.835052
vt 0.887057 0.835052
vt 0.890792 0.834957
vt 0.891979 0.835024
vt 0.891979 0.835024
vt 0.889448 0.835091
vt 0.887057 0.835052
vt 0.935326 0.835706
vt 0.890734 0.835443
vt 0.891920 0.835385
vt 0.891920 0.835385
vt 0.934318 0.835599
vt 0.935326 0.835706
vt 0.882948 0.826160
vt 0.887671 0.825746
vt 0.888059 0.826111
vt 0.882948 0.826160
vt 0.882948 0.826160
vt 0.882412 0.825979
vt 0.882526 0.825803
vt 0.887671 0.825746
vt 0.882948 0.826160
vt 0.882526 0.825803
vt 0.887671 0.825746
vt 0.882526 0.825803
vt 0.883289 0.825673
vt 0.887671 0.825746
vt 0.883289 0.825673
vt 0.884857 0.825635
vt 0.946346 0.826257
vt 0.948904 0.826308
vt 0.949858 0.826455
vt 0.949858 0.826455
vt 0.946346 0.826257
vt 0.949858 0.826455
vt 0.945927 0.826484
vt 0.927353 0.808628
vt 0.927353 0.808628
vt 0.927353 0.698861
vt 0.927353 0.698861
vt 0.884857 0.825635
vt 0.885710 0.825617
vt 0.887671 0.825746
vt 0.887671 0.825746
vt 0.893545 0.825824
vt 0.893617 0.826145
vt 0.888059 0.826111
vt 0.887671 0.825746
vt 0.882948 0.826160
vt 0.884478 0.826231
vt 0.883313 0.826301
vt 0.883313 0.826301
vt 0.882844 0.826294
vt 0.882948 0.826160
vt 0.882948 0.826160
vt 0.882397 0.826115
vt 0.882412 0.825979
vt 0.882412 0.825979
vt 0.882198 0.825882
vt 0.882526 0.825803
vt 0.882526 0.825803
vt 0.882650 0.825705
vt 0.883289 0.825673
vt 0.883289 0.825673
vt 0.883719 0.825612
vt 0.884857 0.825635
vt 0.946346 0.826257
vt 0.945927 0.826484
vt 0.940602 0.826449
vt 0.940684 0.826202
vt 0.946346 0.826257
vt 0.946346 0.826257
vt 0.948278 0.826218
vt 0.948904 0.826308
vt 0.948904 0.826308
vt 0.949940 0.826346
vt 0.949858 0.826455
vt 0.949858 0.826455
vt 0.950599 0.826551
vt 0.950358 0.826575
vt 0.950358 0.826575
vt 0.949088 0.826545
vt 0.949858 0.826455
vt 0.893545 0.825824
vt 0.940684 0.826202
vt 0.940602 0.826449
vt 0.940602 0.826449
vt 0.893617 0.826145
vt 0.893545 0.825824
vt 0.892058 0.832418
vt 0.892070 0.831862
vt 0.894640 0.832040
vt 0.892058 0.832418
vt 0.892058 0.832418
vt 0.889149 0.832303
vt 0.887856 0.832146
vt 0.892070 0.831862
vt 0.892058 0.832418
vt 0.887856 0.832146
vt 0.892070 0.831862
vt 0.887856 0.832146
vt 0.887856 0.831982
vt 0.892070 0.831862
vt 0.887856 0.831982
vt 0.889155 0.831867
vt 0.944627 0.833094
vt 0.946181 0.833243
vt 0.944629 0.833337
vt 0.944629 0.833337
vt 0.944627 0.833094
vt 0.944629 0.833337
vt 0.942237 0.833074
vt 0.896294 0.831889
vt 0.896294 0.831889
vt 0.940917 0.832924
vt 0.939731 0.832956
vt 0.889155 0.831867
vt 0.889918 0.831811
vt 0.892070 0.831862
vt 0.892070 0.831862
vt 0.896294 0.831889
vt 0.897296 0.832004
vt 0.897296 0.832004
vt 0.894640 0.832040
vt 0.892070 0.831862
vt 0.892058 0.832418
vt 0.894634 0.832344
vt 0.897316 0.832491
vt 0.896308 0.832565
vt 0.892058 0.832418
vt 0.892058 0.832418
vt 0.889913 0.832383
vt 0.889149 0.832303
vt 0.889149 0.832303
vt 0.888007 0.832241
vt 0.887856 0.832146
vt 0.887856 0.832146
vt 0.887372 0.832055
vt 0.887856 0.831982
vt 0.887856 0.831982
vt 0.888013 0.831885
vt 0.889155 0.831867
vt 0.944627 0.833094
vt 0.942237 0.833074
vt 0.939731 0.832956
vt 0.939731 0.832956
vt 0.940917 0.832924
vt 0.944627 0.833094
vt 0.944627 0.833094
vt 0.946601 0.833165
vt 0.946181 0.833243
vt 0.946181 0.833243
vt 0.946628 0.833344
vt 0.944629 0.833337
vt 0.944629 0.833337
vt 0.940939 0.833353
vt 0.939755 0.833273
vt 0.942235 0.833258
vt 0.944629 0.833337
vt 0.940939 0.833353
vt 0.896308 0.832565
vt 0.897316 0.832491
vt 0.897316 0.832491
vt 0.939755 0.833273
vt 0.940939 0.833353
vt 0.855174 0.674746
vt 0.855102 0.762520
vt 0.855102 0.674746
vt 0.855174 0.674746
vt 0.855174 0.950735
vt 0.855102 0.950735
vt 0.855102 0.862962
vt 0.855174 0.950735
vt 0.826070 0.675064
vt 0.836843 0.675064
vt 0.836843 0.762805
vt 0.826070 0.762805
vt 0.826070 0.675064
vt 0.836843 0.950949
vt 0.826070 0.950949
vt 0.826070 0.863209
vt 0.826070 0.863209
vt 0.836843 0.950949
vt 0.836843 0.675064
vt 0.836914 0.675064
vt 0.836914 0.762805
vt 0.836843 0.762805
vt 0.836843 0.675064
vt 0.836843 0.950949
vt 0.836843 0.863209
vt 0.836914 0.863209
vt 0.836914 0.950949
vt 0.836843 0.950949
vt 0.865951 0.950735
vt 0.855174 0.950735
vt 0.855174 0.862962
vt 0.855174 0.862962
vt 0.865951 0.862962
vt 0.865951 0.950735
vt 0.855174 0.674746
vt 0.865951 0.674746
vt 0.865951 0.762520
vt 0.865951 0.762520
vt 0.855174 0.762520
vt 0.855174 0.674746
vt 0.938264 0.864269
vt 0.886528 0.864269
vt 0.888211 0.862227
vt 0.938264 0.864269
vt 0.913451 0.843062
vt 0.913452 0.843186
vt 0.913541 0.843067
vt 0.913451 0.843062
vt 0.913541 0.843067
vt 0.913487 0.842941
vt 0.913451 0.843062
vt 0.913487 0.842941
vt 0.913453 0.842947
vt 0.913452 0.843071
vt 0.913452 0.843071
vt 0.913561 0.843067
vt 0.913453 0.842947
vt 0.913452 0.843071
vt 0.913561 0.843067
vt 0.913453 0.842947
vt 0.913561 0.843067
vt 0.913541 0.843067
vt 0.886076 0.857580
vt 0.937812 0.857580
vt 0.936130 0.859621
vt 0.886076 0.857580
vt 0.939146 0.843247
vt 0.939124 0.843220
vt 0.939108 0.843143
vt 0.939146 0.843247
vt 0.939108 0.843143
vt 0.939130 0.843307
vt 0.939146 0.843247
vt 0.939130 0.843307
vt 0.939125 0.843066
vt 0.939147 0.843039
vt 0.939147 0.843039
vt 0.939068 0.843143
vt 0.939125 0.843066
vt 0.939147 0.843039
vt 0.939068 0.843143
vt 0.939125 0.843066
vt 0.939068 0.843143
vt 0.939108 0.843143
vt 0.831992 0.773291
vt 0.845077 0.773291
vt 0.845077 0.782819
vt 0.845077 0.782819
vt 0.831992 0.782819
vt 0.831992 0.773291
vt 0.939146 0.843247
vt 0.939146 0.843247
vt 0.939150 0.843247
vt 0.939150 0.843247
vt 0.939150 0.843247
vt 0.939146 0.843247
vt 0.846546 0.773093
vt 0.846546 0.782622
vt 0.846459 0.782622
vt 0.846459 0.782622
vt 0.846459 0.773093
vt 0.846546 0.773093
vt 0.847325 0.773423
vt 0.847325 0.782951
vt 0.847238 0.782951
vt 0.847238 0.782951
vt 0.847238 0.773423
vt 0.847325 0.773423
vt 0.939147 0.843039
vt 0.939147 0.843039
vt 0.939151 0.843040
vt 0.939151 0.843040
vt 0.939151 0.843040
vt 0.939147 0.843039
vt 0.847394 0.773353
vt 0.860480 0.773353
vt 0.860480 0.782882
vt 0.860480 0.782882
vt 0.847394 0.782882
vt 0.847394 0.773353
vt 0.858566 0.784172
vt 0.858566 0.786716
vt 0.854047 0.786716
vt 0.854047 0.786716
vt 0.854047 0.784172
vt 0.858566 0.784172
vt 0.858566 0.786716
vt 0.858566 0.839455
vt 0.854047 0.839455
vt 0.854047 0.839455
vt 0.854047 0.786716
vt 0.858566 0.786716
vt 0.858566 0.839455
vt 0.858566 0.841999
vt 0.854047 0.841999
vt 0.854047 0.841999
vt 0.854047 0.839455
vt 0.858566 0.839455
vt 0.859182 0.850955
vt 0.848156 0.850955
vt 0.848156 0.842926
vt 0.848156 0.842926
vt 0.859182 0.842926
vt 0.859182 0.850955
vt 0.913451 0.843062
vt 0.913451 0.843062
vt 0.913449 0.843062
vt 0.913449 0.843062
vt 0.913449 0.843062
vt 0.913451 0.843062
vt 0.848083 0.850955
vt 0.848083 0.842926
vt 0.848156 0.842926
vt 0.848156 0.842926
vt 0.848156 0.850955
vt 0.848083 0.850955
vt 0.844186 0.850442
vt 0.844186 0.842413
vt 0.844258 0.842413
vt 0.844258 0.842413
vt 0.844258 0.850442
vt 0.844186 0.850442
vt 0.913452 0.843071
vt 0.913452 0.843071
vt 0.913449 0.843071
vt 0.913449 0.843071
vt 0.913449 0.843071
vt 0.913452 0.843071
vt 0.843986 0.850528
vt 0.832960 0.850528
vt 0.832960 0.842477
vt 0.832960 0.842477
vt 0.843986 0.842477
vt 0.843986 0.850528
vt 0.833028 0.841802
vt 0.833028 0.839258
vt 0.837547 0.839258
vt 0.837547 0.839258
vt 0.837547 0.841802
vt 0.833028 0.841802
vt 0.833028 0.839258
vt 0.833028 0.786519
vt 0.837547 0.786519
vt 0.837547 0.786519
vt 0.837547 0.839258
vt 0.833028 0.839258
vt 0.833028 0.786519
vt 0.833028 0.783975
vt 0.837547 0.783975
vt 0.837547 0.783975
vt 0.837547 0.786519
vt 0.833028 0.786519
vt 0.941913 0.838384
vt 0.941828 0.838374
vt 0.887291 0.839791
vt 0.887667 0.839773
vt 0.887667 0.839773
vt 0.887342 0.840151
vt 0.941902 0.850640
vt 0.942588 0.850982
vt 0.942105 0.851609
vt 0.942105 0.851609
vt 0.941902 0.850640
vt 0.941597 0.851035
vt 0.942105 0.851609
vt 0.941424 0.852010
vt 0.941424 0.852010
vt 0.941597 0.851035
vt 0.941164 0.851288
vt 0.941424 0.852010
vt 0.940645 0.852133
vt 0.940645 0.852133
vt 0.941164 0.851288
vt 0.941556 0.843150
vt 0.911068 0.843058
vt 0.911068 0.843058
vt 0.941809 0.843153
vt 0.886955 0.861604
vt 0.886594 0.861636
vt 0.886594 0.861636
vt 0.886889 0.861262
vt 0.886607 0.861258
vt 0.886594 0.861636
vt 0.886236 0.861579
vt 0.886236 0.861579
vt 0.886607 0.861258
vt 0.940952 0.844902
vt 0.940826 0.844572
vt 0.941191 0.844518
vt 0.941191 0.844518
vt 0.940952 0.844902
vt 0.941209 0.844905
vt 0.941191 0.844518
vt 0.941550 0.844539
vt 0.941550 0.844539
vt 0.941209 0.844905
vt 0.943039 0.844923
vt 0.941541 0.845279
vt 0.941541 0.845279
vt 0.941515 0.844909
vt 0.943016 0.844926
vt 0.886722 0.842960
vt 0.887372 0.842584
vt 0.887372 0.842584
vt 0.887439 0.842954
vt 0.886774 0.842952
vt 0.939817 0.847778
vt 0.941257 0.847766
vt 0.941257 0.847766
vt 0.941196 0.848530
vt 0.939814 0.848545
vt 0.885870 0.840322
vt 0.887291 0.839791
vt 0.887291 0.839791
vt 0.887342 0.840151
vt 0.885913 0.840317
vt 0.943016 0.844926
vt 0.943041 0.844929
vt 0.885454 0.844845
vt 0.885454 0.844845
vt 0.943016 0.844926
vt 0.941784 0.840138
vt 0.941784 0.840502
vt 0.885870 0.840322
vt 0.885870 0.840322
vt 0.885913 0.840317
vt 0.941784 0.840138
vt 0.885337 0.844601
vt 0.885609 0.844602
vt 0.885454 0.844845
vt 0.941784 0.840502
vt 0.941784 0.840138
vt 0.941869 0.840491
vt 0.887664 0.838545
vt 0.887733 0.838902
vt 0.887356 0.838901
vt 0.887356 0.838901
vt 0.887393 0.838539
vt 0.887664 0.838545
vt 0.942198 0.848872
vt 0.942712 0.848302
vt 0.943189 0.848935
vt 0.943189 0.848935
vt 0.942500 0.849270
vt 0.942198 0.848872
vt 0.941768 0.848615
vt 0.942034 0.847896
vt 0.942712 0.848302
vt 0.942712 0.848302
vt 0.942198 0.848872
vt 0.941768 0.848615
vt 0.941196 0.848530
vt 0.941257 0.847766
vt 0.942034 0.847896
vt 0.942034 0.847896
vt 0.941768 0.848615
vt 0.941196 0.848530
vt 0.910814 0.843058
vt 0.911068 0.843060
vt 0.941556 0.843154
vt 0.941556 0.843154
vt 0.941809 0.843153
vt 0.910814 0.843058
vt 0.886607 0.861258
vt 0.886604 0.860879
vt 0.886964 0.860921
vt 0.886964 0.860921
vt 0.886889 0.861262
vt 0.886607 0.861258
vt 0.886359 0.861254
vt 0.886244 0.860926
vt 0.886604 0.860879
vt 0.886604 0.860879
vt 0.886607 0.861258
vt 0.886359 0.861254
vt 0.941209 0.844905
vt 0.941182 0.845291
vt 0.940818 0.845229
vt 0.940818 0.845229
vt 0.940952 0.844902
vt 0.941209 0.844905
vt 0.941515 0.844909
vt 0.941541 0.845279
vt 0.941182 0.845291
vt 0.941182 0.845291
vt 0.941209 0.844905
vt 0.941515 0.844909
vt 0.941515 0.844909
vt 0.941550 0.844539
vt 0.943041 0.844929
vt 0.943041 0.844929
vt 0.943016 0.844926
vt 0.941515 0.844909
vt 0.887439 0.842954
vt 0.887370 0.843323
vt 0.886722 0.842943
vt 0.886722 0.842943
vt 0.886774 0.842952
vt 0.887439 0.842954
vt 0.940591 0.851368
vt 0.940645 0.852133
vt 0.939206 0.852107
vt 0.939206 0.852107
vt 0.939210 0.851340
vt 0.940591 0.851368
vt 0.887393 0.838539
vt 0.887356 0.838901
vt 0.885918 0.838432
vt 0.885918 0.838432
vt 0.885953 0.838435
vt 0.887393 0.838539
vt 0.885609 0.844602
vt 0.885457 0.844358
vt 0.943039 0.844923
vt 0.943039 0.844923
vt 0.943016 0.844926
vt 0.885609 0.844602
vt 0.885953 0.838435
vt 0.885918 0.838432
vt 0.941828 0.838374
vt 0.941828 0.838374
vt 0.941827 0.838737
vt 0.885953 0.838435
vt 0.885457 0.844358
vt 0.885609 0.844602
vt 0.885337 0.844601
vt 0.939210 0.851340
vt 0.939206 0.852107
vt 0.884673 0.852451
vt 0.884673 0.852451
vt 0.939210 0.851340
vt 0.913452 0.843186
vt 0.886722 0.842960
vt 0.886722 0.842960
vt 0.886774 0.842952
vt 0.913274 0.843066
vt 0.885278 0.847707
vt 0.885290 0.846941
vt 0.939817 0.847778
vt 0.939817 0.847778
vt 0.939814 0.848545
vt 0.885278 0.847707
vt 0.886774 0.842952
vt 0.886722 0.842943
vt 0.913453 0.842947
vt 0.913453 0.842947
vt 0.913274 0.843066
vt 0.886774 0.842952
vt 0.913452 0.843186
vt 0.913274 0.843066
vt 0.913541 0.843067
vt 0.913561 0.843067
vt 0.913487 0.842941
vt 0.913487 0.843193
vt 0.913336 0.843066
vt 0.913561 0.843067
vt 0.913541 0.843067
vt 0.913274 0.843066
vt 0.913453 0.842947
vt 0.939124 0.843220
vt 0.938751 0.843142
vt 0.939108 0.843143
vt 0.939068 0.843143
vt 0.939130 0.843307
vt 0.939132 0.842979
vt 0.939287 0.843144
vt 0.939068 0.843143
vt 0.939108 0.843143
vt 0.938751 0.843142
vt 0.939125 0.843066
vt 0.941809 0.843153
vt 0.941556 0.843154
vt 0.939130 0.843307
vt 0.939130 0.843307
vt 0.939287 0.843144
vt 0.941809 0.843153
vt 0.939287 0.843144
vt 0.939132 0.842979
vt 0.941556 0.843150
vt 0.941556 0.843150
vt 0.941809 0.843153
vt 0.939287 0.843144
vt 0.910814 0.843058
vt 0.911068 0.843058
vt 0.913487 0.842941
vt 0.913487 0.842941
vt 0.913336 0.843066
vt 0.910814 0.843058
vt 0.913336 0.843066
vt 0.913487 0.843193
vt 0.911068 0.843060
vt 0.911068 0.843060
vt 0.910814 0.843058
vt 0.913336 0.843066
vt 0.941584 0.886349
vt 0.941710 0.886347
vt 0.882342 0.886352
vt 0.882469 0.886356
vt 0.941550 0.880733
vt 0.941448 0.886358
vt 0.882612 0.886358
vt 0.882612 0.886358
vt 0.882577 0.880732
vt 0.941550 0.880733
vt 0.941448 0.886358
vt 0.941550 0.880733
vt 0.941584 0.886349
vt 0.883168 0.906644
vt 0.883275 0.901029
vt 0.883310 0.906655
vt 0.882469 0.886356
vt 0.882577 0.880732
vt 0.882612 0.886358
vt 0.942146 0.906654
vt 0.942247 0.901029
vt 0.942282 0.906654
vt 0.942247 0.901029
vt 0.942146 0.906654
vt 0.883310 0.906655
vt 0.883310 0.906655
vt 0.883275 0.901029
vt 0.942247 0.901029
vt 0.883242 0.948272
vt 0.883369 0.948274
vt 0.942483 0.948282
vt 0.942610 0.948278
vt 0.942375 0.942658
vt 0.942340 0.948284
vt 0.883505 0.948283
vt 0.883505 0.948283
vt 0.883403 0.942658
vt 0.942375 0.942658
vt 0.941814 0.927156
vt 0.941849 0.921530
vt 0.941956 0.927145
vt 0.883369 0.948274
vt 0.883403 0.942658
vt 0.883505 0.948283
vt 0.882842 0.927155
vt 0.882877 0.921530
vt 0.882979 0.927155
vt 0.942340 0.948284
vt 0.942375 0.942658
vt 0.942483 0.948282
vt 0.941849 0.921530
vt 0.941814 0.927156
vt 0.882979 0.927155
vt 0.882979 0.927155
vt 0.882877 0.921530
vt 0.941849 0.921530
vt 0.942308 0.890074
vt 0.942182 0.890072
vt 0.883068 0.890065
vt 0.882941 0.890068
vt 0.883176 0.895688
vt 0.883211 0.890063
vt 0.942046 0.890063
vt 0.942046 0.890063
vt 0.942148 0.895688
vt 0.883176 0.895688
vt 0.882715 0.870419
vt 0.882680 0.876045
vt 0.882573 0.870430
vt 0.942182 0.890072
vt 0.942148 0.895688
vt 0.942046 0.890063
vt 0.941687 0.870419
vt 0.941652 0.876044
vt 0.941550 0.870419
vt 0.883211 0.890063
vt 0.883176 0.895688
vt 0.883068 0.890065
vt 0.882680 0.876045
vt 0.882715 0.870419
vt 0.941550 0.870419
vt 0.941550 0.870419
vt 0.941652 0.876044
vt 0.882680 0.876045
vt 0.882760 0.931672
vt 0.882634 0.931674
vt 0.942002 0.931668
vt 0.941874 0.931665
vt 0.882794 0.937288
vt 0.882896 0.931663
vt 0.941732 0.931663
vt 0.941732 0.931663
vt 0.941766 0.937288
vt 0.882794 0.937288
vt 0.882896 0.931663
vt 0.882794 0.937288
vt 0.882760 0.931672
vt 0.942441 0.911716
vt 0.942334 0.917331
vt 0.942299 0.911705
vt 0.941874 0.931665
vt 0.941766 0.937288
vt 0.941732 0.931663
vt 0.883464 0.911706
vt 0.883362 0.917331
vt 0.883327 0.911706
vt 0.883362 0.917331
vt 0.883464 0.911706
vt 0.942299 0.911705
vt 0.942299 0.911705
vt 0.942334 0.917331
vt 0.883362 0.917331
s 1
usemtl 
f 233/233/189 234/234/190 253/253/190
f 939/939/190 254/254/189 940/940/189
f 941/941/190 235/235/191 252/252/191
f 942/942/191 943/943/190 944/944/190
f 945/945/191 236/236/192 251/251/192
f 946/946/192 947/947/191 948/948/191
f 949/949/192 237/237/193 250/250/193
f 950/950/193 951/951/192 952/952/192
f 364/364/194 367/367/194 368/368/194
f 953/953/194 363/363/194 954/954/194
f 238/238/195 239/239/196 248/248/196
f 955/955/196 249/249/195 956/956/195
f 957/957/196 240/240/197 247/247/197
f 958/958/197 959/959/196 960/960/196
f 961/961/197 241/241/198 246/246/198
f 962/962/198 963/963/197 964/964/197
f 965/965/198 242/242/199 245/245/199
f 966/966/199 967/967/198 968/968/198
f 969/969/199 281/281/200 282/282/200
f 970/970/200 971/971/199 972/972/199
f 284/284/217 283/283/217 255/255/217
f 1624/1624/217 256/256/217 1625/1625/217
f 1865/1865/200 1866/1866/200 1867/1867/200
f 1868/1868/200 1869/1869/200 1870/1870/200
f 1935/1935/189 1936/1936/189 1937/1937/217
f 1938/1938/217 1939/1939/217 1940/1940/189
f 2175/2175/460 2176/2176/460 2177/2177/194
f 2178/2178/194 365/365/194 2179/2179/460
f 2180/2180/194 2181/2181/194 2182/2182/194
f 2183/2183/194 2184/2184/194 2185/2185/194
f 2186/2186/461 2187/2187/461 2188/2188/194
f 2189/2189/194 2190/2190/194 2191/2191/461
usemtl case
f 286/286/1 525/525/2 522/522/2
f 575/575/1 576/576/2 381/381/2
f 285/285/1 577/577/1 578/578/2
f 579/579/1 580/580/2 391/391/2
f 581/581/1 582/582/2 371/371/2
f 1/1/3 5/5/4 6/6/5
f 384/384/6 583/583/3 584/584/5
f 375/375/7 585/585/8 586/586/9
f 587/587/10 588/588/9 7/7/11
f 385/385/12 589/589/7 590/590/11
f 376/376/13 591/591/12 592/592/11
f 593/593/14 594/594/11 8/8/15
f 386/386/16 595/595/14 596/596/15
f 377/377/17 597/597/16 598/598/15
f 599/599/17 600/600/15 9/9/18
f 387/387/19 601/601/17 602/602/18
f 378/378/20 603/603/21 604/604/18
f 292/292/22 605/605/1 606/606/1
f 607/607/1 291/291/22 608/608/22
f 3/3/23 10/10/24 11/11/25
f 404/404/26 609/609/23 610/610/25
f 395/395/27 611/611/28 612/612/25
f 613/613/27 614/614/25 12/12/29
f 405/405/30 615/615/31 616/616/29
f 396/396/32 617/617/33 618/618/29
f 619/619/32 620/620/29 13/13/34
f 406/406/35 621/621/32 622/622/34
f 397/397/36 623/623/35 624/624/34
f 625/625/36 626/626/37 14/14/38
f 407/407/39 627/627/40 628/628/38
f 398/398/41 629/629/39 630/630/38
f 631/631/38 258/258/42 257/257/43
f 632/632/41 633/633/38 634/634/43
f 408/408/44 635/635/41 636/636/43
f 399/399/45 637/637/44 638/638/43
f 4/4/46 15/15/47 16/16/48
f 639/639/46 640/640/48 17/17/49
f 641/641/46 642/642/49 18/18/50
f 643/643/46 644/644/50 19/19/51
f 495/495/52 493/493/53 288/288/53
f 645/645/53 294/294/54 646/646/54
f 2/2/55 20/20/56 21/21/57
f 647/647/55 648/648/57 22/22/58
f 649/649/55 650/650/58 23/23/59
f 651/651/55 652/652/59 24/24/60
f 653/653/60 212/212/61 210/210/62
f 654/654/62 655/655/55 656/656/60
f 26/26/63 657/657/5 658/658/4
f 659/659/4 25/25/64 660/660/65
f 27/27/66 661/661/11 662/662/9
f 663/663/5 664/664/63 665/665/66
f 28/28/67 666/666/68 667/667/11
f 668/668/11 669/669/66 670/670/67
f 29/29/69 671/671/18 672/672/15
f 673/673/68 674/674/67 675/675/70
f 298/298/71 676/676/22 677/677/22
f 678/678/22 297/297/71 679/679/71
f 31/31/72 680/680/25 681/681/24
f 682/682/24 30/30/73 683/683/74
f 32/32/75 684/684/29 685/685/25
f 686/686/25 687/687/72 688/688/75
f 33/33/76 689/689/37 690/690/29
f 691/691/29 692/692/75 693/693/77
f 34/34/78 694/694/38 695/695/37
f 696/696/34 697/697/76 698/698/79
f 699/699/80 259/259/81 700/700/42
f 701/701/42 702/702/38 703/703/80
f 36/36/82 704/704/83 705/705/47
f 706/706/47 35/35/84 707/707/85
f 37/37/86 708/708/49 709/709/48
f 710/710/83 711/711/87 712/712/86
f 38/38/88 713/713/50 714/714/89
f 715/715/49 716/716/86 717/717/88
f 39/39/90 718/718/51 719/719/91
f 720/720/50 721/721/88 722/722/92
f 497/497/93 723/723/54 724/724/54
f 725/725/54 300/300/93 726/726/93
f 41/41/94 727/727/57 728/728/56
f 729/729/56 40/40/95 730/730/96
f 42/42/97 731/731/58 732/732/57
f 733/733/57 734/734/94 735/735/97
f 43/43/98 736/736/99 737/737/58
f 738/738/58 739/739/97 740/740/100
f 44/44/101 741/741/60 742/742/99
f 743/743/59 744/744/98 745/745/102
f 746/746/101 214/214/103 747/747/61
f 748/748/61 749/749/60 750/750/101
f 46/46/104 751/751/63 752/752/105
f 753/753/105 45/45/106 754/754/104
f 47/47/107 755/755/66 756/756/65
f 757/757/65 758/758/104 759/759/107
f 48/48/108 760/760/67 761/761/66
f 762/762/66 763/763/107 764/764/109
f 49/49/110 765/765/70 766/766/111
f 767/767/67 768/768/108 769/769/110
f 304/304/112 770/770/71 771/771/71
f 772/772/71 303/303/112 773/773/112
f 51/51/113 774/774/74 775/775/114
f 776/776/73 50/50/115 777/777/113
f 52/52/116 778/778/117 779/779/72
f 780/780/118 781/781/119 782/782/116
f 53/53/120 783/783/76 784/784/117
f 785/785/117 786/786/116 787/787/121
f 54/54/122 788/788/78 789/789/76
f 790/790/123 791/791/120 792/792/122
f 793/793/124 260/260/125 794/794/81
f 795/795/81 796/796/78 797/797/122
f 56/56/126 798/798/87 799/799/127
f 800/800/127 55/55/128 801/801/126
f 57/57/129 802/802/86 803/803/85
f 804/804/85 805/805/126 806/806/129
f 58/58/130 807/807/88 808/808/86
f 809/809/86 810/810/129 811/811/131
f 59/59/132 812/812/92 813/813/133
f 814/814/88 815/815/130 816/816/132
f 499/499/134 817/817/93 818/818/93
f 819/819/93 306/306/134 820/820/134
f 61/61/135 821/821/96 822/822/136
f 823/823/95 60/60/137 824/824/135
f 62/62/138 825/825/139 826/826/94
f 827/827/140 828/828/141 829/829/138
f 63/63/142 830/830/98 831/831/139
f 832/832/139 833/833/138 834/834/143
f 64/64/144 835/835/101 836/836/98
f 837/837/145 838/838/142 839/839/144
f 840/840/146 216/216/147 841/841/148
f 842/842/148 843/843/101 844/844/146
f 66/66/149 845/845/150 846/846/106
f 847/847/106 65/65/151 848/848/149
f 67/67/152 849/849/107 850/850/150
f 851/851/104 852/852/153 853/853/154
f 68/68/155 854/854/108 855/855/107
f 856/856/107 857/857/152 858/858/155
f 69/69/156 859/859/157 860/860/109
f 861/861/109 862/862/158 863/863/159
f 310/310/160 864/864/112 865/865/112
f 866/866/112 309/309/160 867/867/160
f 71/71/161 868/868/119 869/869/115
f 870/870/115 70/70/162 871/871/161
f 72/72/163 872/872/116 873/873/119
f 874/874/113 875/875/161 876/876/163
f 73/73/164 877/877/120 878/878/116
f 879/879/116 880/880/163 881/881/165
f 74/74/166 882/882/122 883/883/121
f 884/884/120 885/885/164 886/886/166
f 887/887/166 261/261/167 888/888/125
f 889/889/125 890/890/122 891/891/168
f 76/76/169 892/892/170 893/893/128
f 894/894/128 75/75/171 895/895/169
f 77/77/172 896/896/129 897/897/170
f 898/898/126 899/899/173 900/900/174
f 78/78/175 901/901/130 902/902/129
f 903/903/129 904/904/172 905/905/175
f 79/79/176 906/906/177 907/907/131
f 908/908/131 909/909/178 910/910/179
f 501/501/180 911/911/134 912/912/134
f 913/913/134 312/312/180 914/914/180
f 81/81/181 915/915/141 916/916/137
f 917/917/137 80/80/182 918/918/181
f 82/82/183 919/919/138 920/920/141
f 921/921/135 922/922/181 923/923/183
f 83/83/184 924/924/142 925/925/138
f 926/926/138 927/927/183 928/928/185
f 84/84/186 929/929/144 930/930/143
f 931/931/142 932/932/184 933/933/186
f 934/934/186 218/218/187 935/935/147
f 936/936/147 937/937/144 938/938/188
f 189/189/201 191/191/202 192/192/202
f 973/973/202 190/190/201 974/974/201
f 975/975/202 193/193/203 194/194/203
f 976/976/203 977/977/202 978/978/202
f 979/979/203 195/195/204 196/196/204
f 980/980/204 981/981/203 982/982/203
f 983/983/205 197/197/206 455/455/207
f 984/984/204 985/985/207 456/456/207
f 986/986/204 987/987/207 198/198/206
f 988/988/204 989/989/204 990/990/206
f 479/479/208 486/486/208 541/541/208
f 991/991/209 540/540/209 992/992/209
f 199/199/210 201/201/211 202/202/211
f 457/457/212 993/993/210 994/994/211
f 458/458/212 995/995/212 996/996/211
f 200/200/210 997/997/212 998/998/211
f 999/999/213 203/203/214 204/204/214
f 1000/1000/214 1001/1001/211 1002/1002/211
f 1003/1003/214 205/205/215 206/206/215
f 1004/1004/215 1005/1005/214 1006/1006/214
f 1007/1007/215 207/207/216 208/208/216
f 1008/1008/216 1009/1009/215 1010/1010/215
f 1011/1011/216 231/231/217 232/232/217
f 1012/1012/217 1013/1013/216 1014/1014/216
f 106/106/218 86/86/219 85/85/220
f 1015/1015/220 105/105/221 1016/1016/218
f 107/107/222 87/87/223 1017/1017/224
f 1018/1018/224 1019/1019/218 1020/1020/222
f 108/108/225 88/88/226 1021/1021/227
f 1022/1022/227 1023/1023/222 1024/1024/225
f 109/109/228 89/89/229 1025/1025/230
f 1026/1026/230 1027/1027/231 1028/1028/232
f 322/322/233 316/316/234 315/315/234
f 1029/1029/234 321/321/233 1030/1030/233
f 111/111/235 91/91/236 90/90/237
f 1031/1031/238 110/110/239 1032/1032/235
f 112/112/240 92/92/241 1033/1033/242
f 1034/1034/242 1035/1035/243 1036/1036/240
f 113/113/244 93/93/245 1037/1037/246
f 1038/1038/241 1039/1039/240 1040/1040/244
f 114/114/247 94/94/248 1041/1041/249
f 1042/1042/249 1043/1043/244 1044/1044/247
f 1045/1045/247 263/263/250 262/262/251
f 1046/1046/251 1047/1047/248 1048/1048/247
f 116/116/252 96/96/253 95/95/254
f 1049/1049/254 115/115/255 1050/1050/252
f 117/117/256 97/97/257 1051/1051/258
f 1052/1052/258 1053/1053/252 1054/1054/256
f 118/118/259 98/98/260 1055/1055/261
f 1056/1056/261 1057/1057/256 1058/1058/259
f 119/119/262 99/99/263 1059/1059/264
f 1060/1060/264 1061/1061/265 1062/1062/266
f 505/505/267 503/503/268 318/318/268
f 1063/1063/268 324/324/267 1064/1064/267
f 121/121/269 101/101/270 100/100/271
f 1065/1065/272 120/120/273 1066/1066/269
f 122/122/274 102/102/275 1067/1067/276
f 1068/1068/276 1069/1069/277 1070/1070/274
f 123/123/278 103/103/279 1071/1071/280
f 1072/1072/275 1073/1073/274 1074/1074/278
f 124/124/281 104/104/282 1075/1075/283
f 1076/1076/283 1077/1077/278 1078/1078/281
f 1079/1079/281 222/222/284 220/220/285
f 1080/1080/285 1081/1081/282 1082/1082/281
f 126/126/286 1083/1083/287 1084/1084/221
f 1085/1085/221 125/125/288 1086/1086/286
f 127/127/289 1087/1087/222 1088/1088/287
f 1089/1089/287 1090/1090/286 1091/1091/290
f 128/128/291 1092/1092/231 1093/1093/222
f 1094/1094/222 1095/1095/289 1096/1096/291
f 129/129/292 1097/1097/232 1098/1098/225
f 1099/1099/225 1100/1100/291 1101/1101/293
f 328/328/294 1102/1102/233 1103/1103/233
f 1104/1104/233 327/327/294 1105/1105/294
f 131/131/295 1106/1106/243 1107/1107/239
f 1108/1108/239 130/130/296 1109/1109/295
f 132/132/297 1110/1110/240 1111/1111/235
f 1112/1112/235 1113/1113/295 1114/1114/297
f 133/133/298 1115/1115/244 1116/1116/240
f 1117/1117/240 1118/1118/297 1119/1119/298
f 134/134/299 1120/1120/247 1121/1121/300
f 1122/1122/301 1123/1123/302 1124/1124/303
f 1125/1125/299 264/264/304 1126/1126/250
f 1127/1127/250 1128/1128/247 1129/1129/303
f 136/136/305 1130/1130/306 1131/1131/255
f 1132/1132/255 135/135/307 1133/1133/305
f 137/137/308 1134/1134/256 1135/1135/306
f 1136/1136/306 1137/1137/305 1138/1138/309
f 138/138/310 1139/1139/265 1140/1140/256
f 1141/1141/256 1142/1142/308 1143/1143/310
f 139/139/311 1144/1144/266 1145/1145/259
f 1146/1146/259 1147/1147/310 1148/1148/312
f 507/507/313 1149/1149/267 1150/1150/267
f 1151/1151/267 330/330/313 1152/1152/313
f 141/141/314 1153/1153/277 1154/1154/273
f 1155/1155/273 140/140/315 1156/1156/314
f 142/142/316 1157/1157/274 1158/1158/269
f 1159/1159/269 1160/1160/314 1161/1161/316
f 143/143/317 1162/1162/278 1163/1163/274
f 1164/1164/274 1165/1165/316 1166/1166/317
f 144/144/318 1167/1167/281 1168/1168/319
f 1169/1169/320 1170/1170/321 1171/1171/322
f 1172/1172/318 224/224/323 1173/1173/284
f 1174/1174/284 1175/1175/281 1176/1176/322
f 146/146/324 1177/1177/286 1178/1178/288
f 1179/1179/325 145/145/326 1180/1180/327
f 147/147/328 1181/1181/290 1182/1182/286
f 1183/1183/286 1184/1184/324 1185/1185/328
f 148/148/329 1186/1186/291 1187/1187/290
f 1188/1188/290 1189/1189/328 1190/1190/330
f 149/149/331 1191/1191/292 1192/1192/291
f 1193/1193/291 1194/1194/329 1195/1195/331
f 334/334/332 1196/1196/294 1197/1197/294
f 1198/1198/294 333/333/333 1199/1199/333
f 151/151/334 1200/1200/335 1201/1201/336
f 1202/1202/337 150/150/338 1203/1203/339
f 152/152/340 1204/1204/341 1205/1205/295
f 1206/1206/295 1207/1207/334 1208/1208/340
f 153/153/342 1209/1209/298 1210/1210/341
f 1211/1211/297 1212/1212/340 1213/1213/342
f 154/154/343 1214/1214/344 1215/1215/298
f 1216/1216/298 1217/1217/342 1218/1218/345
f 1219/1219/343 265/265/346 1220/1220/304
f 1221/1221/304 1222/1222/303 1223/1223/343
f 156/156/347 1224/1224/305 1225/1225/307
f 1226/1226/348 155/155/349 1227/1227/350
f 157/157/351 1228/1228/309 1229/1229/305
f 1230/1230/305 1231/1231/347 1232/1232/351
f 158/158/352 1233/1233/310 1234/1234/309
f 1235/1235/309 1236/1236/351 1237/1237/353
f 159/159/354 1238/1238/311 1239/1239/310
f 1240/1240/310 1241/1241/352 1242/1242/354
f 509/509/355 1243/1243/313 1244/1244/313
f 1245/1245/313 336/336/356 1246/1246/356
f 161/161/357 1247/1247/358 1248/1248/359
f 1249/1249/360 160/160/361 1250/1250/362
f 162/162/363 1251/1251/364 1252/1252/314
f 1253/1253/314 1254/1254/357 1255/1255/363
f 163/163/365 1256/1256/317 1257/1257/364
f 1258/1258/316 1259/1259/363 1260/1260/365
f 164/164/366 1261/1261/367 1262/1262/317
f 1263/1263/317 1264/1264/365 1265/1265/368
f 1266/1266/366 226/226/369 1267/1267/323
f 1268/1268/323 1269/1269/322 1270/1270/366
f 1271/1271/370 168/168/371 430/430/372
f 1272/1272/370 1273/1273/373 420/420/374
f 1274/1274/326 1275/1275/374 1276/1276/324
f 1277/1277/327 1278/1278/374 429/429/375
f 1279/1279/324 1280/1280/376 419/419/377
f 1281/1281/327 1282/1282/377 1283/1283/328
f 1284/1284/378 1285/1285/377 428/428/379
f 1286/1286/328 1287/1287/380 418/418/381
f 1288/1288/328 1289/1289/381 1290/1290/329
f 1291/1291/329 1292/1292/381 427/427/382
f 1293/1293/330 1294/1294/382 417/417/383
f 1295/1295/329 1296/1296/383 1297/1297/384
f 340/340/385 1298/1298/333 1299/1299/333
f 1300/1300/333 339/339/385 1301/1301/385
f 1302/1302/338 166/166/386 450/450/387
f 1303/1303/338 1304/1304/387 440/440/388
f 1305/1305/389 1306/1306/388 1307/1307/334
f 1308/1308/334 1309/1309/388 449/449/390
f 1310/1310/334 1311/1311/390 439/439/391
f 1312/1312/339 1313/1313/391 1314/1314/340
f 1315/1315/340 1316/1316/391 448/448/392
f 1317/1317/340 1318/1318/392 438/438/393
f 1319/1319/340 1320/1320/393 1321/1321/342
f 1322/1322/342 1323/1323/393 447/447/394
f 1324/1324/395 1325/1325/394 437/437/396
f 1326/1326/395 1327/1327/396 1328/1328/345
f 1329/1329/343 1330/1330/396 446/446/397
f 1331/1331/343 1332/1332/398 436/436/399
f 1333/1333/399 266/266/400 1334/1334/346
f 1335/1335/343 1336/1336/399 1337/1337/346
f 1338/1338/349 165/165/401 1339/1339/350
f 1340/1340/350 1341/1341/402 1342/1342/351
f 1343/1343/351 1344/1344/403 1345/1345/352
f 1346/1346/352 1347/1347/401 1348/1348/404
f 511/511/405 1349/1349/356 1350/1350/356
f 1351/1351/356 342/342/405 1352/1352/405
f 1353/1353/406 167/167/407 1354/1354/357
f 1355/1355/357 1356/1356/408 1357/1357/363
f 1358/1358/363 1359/1359/409 1360/1360/410
f 1361/1361/365 1362/1362/407 1363/1363/368
f 1364/1364/407 228/228/411 1365/1365/369
f 1366/1366/369 1367/1367/366 1368/1368/407
f 512/512/405 520/520/412 362/362/412
f 1369/1369/412 344/344/405 1370/1370/405
f 1371/1371/413 1372/1372/224 171/171/414
f 1373/1373/414 170/170/415 1374/1374/220
f 1375/1375/153 1376/1376/151 169/169/415
f 1377/1377/415 172/172/414 1378/1378/149
f 1379/1379/219 1380/1380/223 173/173/416
f 1381/1381/417 1382/1382/414 1383/1383/224
f 1384/1384/152 1385/1385/153 1386/1386/414
f 1387/1387/414 174/174/416 1388/1388/154
f 1389/1389/223 1390/1390/230 175/175/418
f 1391/1391/418 1392/1392/416 1393/1393/227
f 1394/1394/158 1395/1395/154 1396/1396/416
f 1397/1397/416 176/176/418 1398/1398/155
f 1399/1399/226 1400/1400/419 177/177/420
f 1401/1401/420 1402/1402/418 1403/1403/230
f 1404/1404/159 1405/1405/155 1406/1406/418
f 1407/1407/418 178/178/420 1408/1408/156
f 1409/1409/234 346/346/194 345/345/194
f 1410/1410/194 1411/1411/234 1412/1412/234
f 1413/1413/160 349/349/194 348/348/194
f 1414/1414/194 311/311/160 1415/1415/160
f 1416/1416/238 1417/1417/236 181/181/421
f 1418/1418/421 179/179/422 1419/1419/237
f 1420/1420/161 1421/1421/423 180/180/422
f 1422/1422/422 182/182/421 1423/1423/424
f 1424/1424/236 1425/1425/241 183/183/425
f 1426/1426/425 1427/1427/421 1428/1428/242
f 1429/1429/426 1430/1430/424 1431/1431/421
f 1432/1432/421 184/184/425 1433/1433/163
f 1434/1434/241 1435/1435/245 185/185/427
f 1436/1436/427 1437/1437/425 1438/1438/246
f 1439/1439/164 1440/1440/426 1441/1441/425
f 1442/1442/425 186/186/427 1443/1443/165
f 1444/1444/245 1445/1445/248 187/187/428
f 1446/1446/428 1447/1447/427 1448/1448/249
f 1449/1449/168 1450/1450/165 1451/1451/427
f 1452/1452/427 188/188/428 1453/1453/166
f 1454/1454/429 1455/1455/251 267/267/200
f 1456/1456/200 1457/1457/428 1458/1458/429
f 1459/1459/430 217/217/167 230/230/200
f 1460/1460/200 1461/1461/201 1462/1462/430
f 1463/1463/431 1464/1464/258 1465/1465/202
f 1466/1466/202 1467/1467/201 1468/1468/254
f 1469/1469/173 1470/1470/171 1471/1471/201
f 1472/1472/201 1473/1473/202 1474/1474/169
f 1475/1475/253 1476/1476/257 1477/1477/203
f 1478/1478/203 1479/1479/202 1480/1480/258
f 1481/1481/172 1482/1482/173 1483/1483/202
f 1484/1484/202 1485/1485/203 1486/1486/174
f 1487/1487/257 1488/1488/264 1489/1489/204
f 1490/1490/432 1491/1491/203 1492/1492/261
f 1493/1493/178 1494/1494/174 1495/1495/203
f 1496/1496/203 1497/1497/204 1498/1498/175
f 1499/1499/260 1500/1500/433 1501/1501/206
f 1502/1502/206 1503/1503/204 1504/1504/264
f 1505/1505/179 1506/1506/175 1507/1507/204
f 1508/1508/204 1509/1509/206 1510/1510/176
f 1511/1511/268 513/513/209 351/351/209
f 1512/1512/209 1513/1513/268 1514/1514/268
f 502/502/180 515/515/209 354/354/209
f 1515/1515/209 314/314/180 1516/1516/180
f 1517/1517/272 1518/1518/270 1519/1519/211
f 1520/1520/434 1521/1521/210 1522/1522/272
f 1523/1523/181 1524/1524/435 1525/1525/210
f 1526/1526/210 1527/1527/211 1528/1528/436
f 1529/1529/270 1530/1530/275 1531/1531/214
f 1532/1532/214 1533/1533/211 1534/1534/276
f 1535/1535/437 1536/1536/436 1537/1537/211
f 1538/1538/211 1539/1539/214 1540/1540/183
f 1541/1541/275 1542/1542/279 1543/1543/215
f 1544/1544/215 1545/1545/214 1546/1546/280
f 1547/1547/184 1548/1548/437 1549/1549/214
f 1550/1550/214 1551/1551/215 1552/1552/185
f 1553/1553/279 1554/1554/282 1555/1555/216
f 1556/1556/216 1557/1557/215 1558/1558/283
f 1559/1559/188 1560/1560/185 1561/1561/215
f 1562/1562/215 1563/1563/216 1564/1564/186
f 1565/1565/438 1566/1566/285 1567/1567/217
f 1568/1568/217 1569/1569/216 1570/1570/438
f 1571/1571/439 273/273/187 268/268/217
f 1572/1572/217 1573/1573/415 1574/1574/439
f 1575/1575/53 517/517/2 357/357/2
f 1576/1576/2 1577/1577/53 1578/1578/53
f 1579/1579/47 1580/1580/46 209/209/43
f 1581/1581/43 211/211/42 1582/1582/47
f 270/270/61 269/269/62 1583/1583/62
f 1584/1584/62 1585/1585/61 1586/1586/61
f 1587/1587/127 1588/1588/47 1589/1589/42
f 1590/1590/440 213/213/81 1591/1591/127
f 271/271/148 1592/1592/61 1593/1593/61
f 1594/1594/441 1595/1595/148 1596/1596/148
f 1597/1597/442 1598/1598/127 1599/1599/81
f 1600/1600/81 215/215/125 1601/1601/442
f 272/272/147 1602/1602/148 1603/1603/148
f 1604/1604/148 1605/1605/147 1606/1606/147
f 1607/1607/171 1608/1608/128 1609/1609/125
f 1610/1610/125 1611/1611/167 1612/1612/171
f 1613/1613/187 1614/1614/147 1615/1615/147
f 1616/1616/147 1617/1617/187 1618/1618/187
f 1619/1619/201 1620/1620/201 1621/1621/200
f 1622/1622/200 229/229/200 1623/1623/201
f 1626/1626/255 1627/1627/254 219/219/251
f 1628/1628/251 221/221/250 1629/1629/255
f 275/275/284 274/274/285 1630/1630/285
f 1631/1631/285 1632/1632/284 1633/1633/284
f 1634/1634/348 1635/1635/255 1636/1636/250
f 1637/1637/250 223/223/304 1638/1638/307
f 276/276/323 1639/1639/284 1640/1640/284
f 1641/1641/284 1642/1642/323 1643/1643/323
f 1644/1644/443 1645/1645/348 1646/1646/304
f 1647/1647/444 225/225/346 1648/1648/443
f 277/277/369 1649/1649/323 1650/1650/323
f 1651/1651/323 1652/1652/369 1653/1653/369
f 1654/1654/401 1655/1655/443 1656/1656/346
f 1657/1657/346 227/227/400 1658/1658/401
f 278/278/411 1659/1659/369 1660/1660/369
f 1661/1661/369 1662/1662/411 1663/1663/411
f 452/452/412 441/441/412 523/523/412
f 442/442/412 1664/1664/412 1665/1665/412
f 1666/1666/412 1667/1667/412 519/519/412
f 1668/1668/412 1669/1669/412 360/360/412
f 1670/1670/431 1671/1671/201 1672/1672/200
f 1673/1673/200 1674/1674/251 1675/1675/431
f 1676/1676/167 279/279/200 1677/1677/200
f 1678/1678/200 1679/1679/167 1680/1680/167
f 1681/1681/285 280/280/217 1682/1682/217
f 1683/1683/217 1684/1684/285 1685/1685/285
f 1686/1686/188 1687/1687/216 1688/1688/217
f 1689/1689/217 1690/1690/187 1691/1691/188
f 1692/1692/2 1693/1693/2 1694/1694/2
f 1695/1695/2 1696/1696/2 1697/1697/2
f 1698/1698/2 1699/1699/2 1700/1700/2
f 1701/1701/2 1702/1702/2 1703/1703/2
f 1704/1704/2 1705/1705/2 1706/1706/2
f 1707/1707/2 1708/1708/2 1709/1709/2
f 1710/1710/2 1711/1711/2 1712/1712/2
f 1713/1713/2 1714/1714/2 1715/1715/2
f 1716/1716/2 1717/1717/2 1718/1718/2
f 1719/1719/2 1720/1720/2 1721/1721/2
f 1722/1722/2 1723/1723/2 1724/1724/2
f 1725/1725/2 1726/1726/2 1727/1727/2
f 1728/1728/2 1729/1729/2 1730/1730/2
f 1731/1731/2 1732/1732/2 1733/1733/2
f 1734/1734/2 1735/1735/2 1736/1736/2
f 1737/1737/2 1738/1738/2 1739/1739/2
f 1740/1740/2 1741/1741/2 1742/1742/2
f 1743/1743/2 1744/1744/2 1745/1745/2
f 1746/1746/2 1747/1747/2 1748/1748/2
f 1749/1749/2 1750/1750/2 1751/1751/2
f 1752/1752/194 1753/1753/194 244/244/194
f 1754/1754/194 243/243/194 1755/1755/194
f 1756/1756/412 1757/1757/412 1758/1758/412
f 1759/1759/412 1760/1760/412 1761/1761/412
f 1762/1762/412 1763/1763/412 1764/1764/412
f 1765/1765/412 1766/1766/412 1767/1767/412
f 1768/1768/412 1769/1769/412 1770/1770/412
f 1771/1771/412 1772/1772/412 1773/1773/412
f 1774/1774/412 1775/1775/412 1776/1776/412
f 1777/1777/445 1778/1778/445 1779/1779/445
f 1780/1780/412 1781/1781/412 1782/1782/412
f 1783/1783/412 1784/1784/412 1785/1785/412
f 1786/1786/412 1787/1787/412 366/366/412
f 1788/1788/412 1789/1789/412 1790/1790/412
f 1791/1791/412 1792/1792/412 1793/1793/412
f 1794/1794/412 1795/1795/412 1796/1796/412
f 1797/1797/412 1798/1798/412 1799/1799/412
f 1800/1800/412 1801/1801/412 1802/1802/412
f 1803/1803/412 1804/1804/412 1805/1805/412
f 1806/1806/412 1807/1807/412 1808/1808/412
f 1809/1809/412 1810/1810/412 1811/1811/412
f 1812/1812/412 1813/1813/412 1814/1814/412
f 1815/1815/412 1816/1816/412 1817/1817/412
f 1818/1818/412 1819/1819/412 1820/1820/412
f 1821/1821/194 1822/1822/194 1823/1823/194
f 1824/1824/194 1825/1825/194 1826/1826/194
f 1827/1827/2 1828/1828/2 1829/1829/2
f 1830/1830/2 1831/1831/2 1832/1832/2
f 1833/1833/2 1834/1834/2 521/521/2
f 1835/1835/2 402/402/2 412/412/2
f 1836/1836/2 1837/1837/2 1838/1838/2
f 1839/1839/2 1840/1840/2 401/401/2
f 1841/1841/42 1842/1842/43 1843/1843/43
f 1844/1844/43 1845/1845/42 1846/1846/42
f 1847/1847/81 1848/1848/42 1849/1849/42
f 1850/1850/440 1851/1851/81 1852/1852/81
f 1853/1853/125 1854/1854/81 1855/1855/81
f 1856/1856/81 1857/1857/125 1858/1858/125
f 1859/1859/167 1860/1860/125 1861/1861/125
f 1862/1862/125 1863/1863/167 1864/1864/167
f 1871/1871/250 1872/1872/251 1873/1873/251
f 1874/1874/251 1875/1875/250 1876/1876/250
f 1877/1877/304 1878/1878/250 1879/1879/250
f 1880/1880/250 1881/1881/304 1882/1882/304
f 1883/1883/446 1884/1884/304 1885/1885/304
f 1886/1886/304 1887/1887/346 1888/1888/346
f 1889/1889/400 1890/1890/346 1891/1891/346
f 1892/1892/346 1893/1893/400 1894/1894/400
f 1895/1895/251 1896/1896/200 1897/1897/200
f 1898/1898/200 1899/1899/251 1900/1900/251
f 1901/1901/187 1902/1902/217 1903/1903/217
f 1904/1904/217 1905/1905/187 1906/1906/187
f 1907/1907/4 1908/1908/3 390/390/447
f 1909/1909/4 1910/1910/448 380/380/449
f 1911/1911/4 1912/1912/449 1913/1913/62
f 1914/1914/61 1915/1915/4 1916/1916/62
f 1917/1917/450 1918/1918/4 1919/1919/61
f 1920/1920/61 1921/1921/148 1922/1922/450
f 1923/1923/106 1924/1924/105 1925/1925/148
f 1926/1926/148 1927/1927/147 1928/1928/451
f 1929/1929/439 1930/1930/106 1931/1931/147
f 1932/1932/147 1933/1933/187 1934/1934/151
f 1941/1941/221 1942/1942/220 1943/1943/285
f 1944/1944/285 1945/1945/284 1946/1946/221
f 1947/1947/325 1948/1948/221 1949/1949/284
f 1950/1950/284 1951/1951/323 1952/1952/288
f 1953/1953/370 1954/1954/325 1955/1955/323
f 1956/1956/323 1957/1957/369 1958/1958/370
f 1959/1959/411 415/415/452 424/424/453
f 1960/1960/411 1961/1961/454 1962/1962/371
f 1963/1963/371 1964/1964/370 1965/1965/369
f 1966/1966/411 1967/1967/371 1968/1968/369
f 1969/1969/385 526/526/412 1970/1970/412
f 1971/1971/385 1972/1972/412 1973/1973/412
f 341/341/385 1974/1974/385 1975/1975/412
f 1976/1976/385 1977/1977/412 451/451/412
f 1978/1978/385 1979/1979/412 372/372/412
f 1980/1980/168 1981/1981/428 1982/1982/200
f 1983/1983/200 1984/1984/167 1985/1985/168
f 1986/1986/413 1987/1987/415 1988/1988/217
f 1989/1989/217 1990/1990/285 1991/1991/413
f 1992/1992/2 1993/1993/2 1994/1994/2
f 1995/1995/2 1996/1996/2 1997/1997/2
f 1998/1998/412 1999/1999/412 2000/2000/412
f 2001/2001/412 2002/2002/412 2003/2003/412
f 2004/2004/412 2005/2005/412 2006/2006/412
f 2007/2007/412 2008/2008/412 2009/2009/412
f 2010/2010/2 2011/2011/2 2012/2012/2
f 2013/2013/2 2014/2014/2 2015/2015/2
f 287/287/1 400/400/455 403/403/2
f 2016/2016/1 2017/2017/1 2018/2018/2
f 2019/2019/1 2020/2020/2 413/413/2
f 2021/2021/1 2022/2022/2 2023/2023/2
f 2024/2024/2 2025/2025/2 2026/2026/2
f 2027/2027/1 2028/2028/2 2029/2029/2
f 2030/2030/2 379/379/456 2031/2031/1
f 2032/2032/24 2033/2033/23 410/410/457
f 2034/2034/24 2035/2035/457 2036/2036/455
f 2037/2037/24 2038/2038/455 2039/2039/1
f 293/293/22 2040/2040/24 2041/2041/1
f 2042/2042/22 2043/2043/1 2044/2044/1
f 2045/2045/1 2046/2046/22 2047/2047/22
f 2048/2048/1 2049/2049/456 388/388/458
f 2050/2050/1 2051/2051/458 2052/2052/20
f 2053/2053/20 2054/2054/18 2055/2055/22
f 2056/2056/1 2057/2057/20 2058/2058/22
f 2059/2059/56 2060/2060/55 290/290/53
f 2061/2061/53 296/296/54 2062/2062/56
f 2063/2063/54 2064/2064/53 494/494/53
f 2065/2065/53 496/496/54 2066/2066/54
f 2067/2067/46 2068/2068/51 2069/2069/54
f 2070/2070/54 2071/2071/53 2072/2072/46
f 2073/2073/114 2074/2074/24 2075/2075/22
f 2076/2076/22 299/299/71 2077/2077/73
f 2078/2078/71 2079/2079/22 2080/2080/22
f 2081/2081/22 2082/2082/71 2083/2083/71
f 2084/2084/18 2085/2085/70 2086/2086/71
f 2087/2087/71 2088/2088/22 2089/2089/18
f 2090/2090/136 2091/2091/56 2092/2092/54
f 2093/2093/54 302/302/93 2094/2094/95
f 2095/2095/93 2096/2096/54 2097/2097/54
f 2098/2098/54 498/498/93 2099/2099/93
f 2100/2100/51 2101/2101/92 2102/2102/93
f 2103/2103/459 2104/2104/54 2105/2105/51
f 2106/2106/115 2107/2107/114 2108/2108/71
f 2109/2109/71 305/305/112 2110/2110/115
f 2111/2111/112 2112/2112/71 2113/2113/71
f 2114/2114/71 2115/2115/112 2116/2116/112
f 2117/2117/69 2118/2118/157 2119/2119/112
f 2120/2120/112 2121/2121/71 2122/2122/70
f 2123/2123/137 2124/2124/136 2125/2125/93
f 2126/2126/93 308/308/134 2127/2127/137
f 2128/2128/134 2129/2129/93 2130/2130/93
f 2131/2131/93 500/500/134 2132/2132/134
f 2133/2133/90 2134/2134/177 2135/2135/134
f 2136/2136/134 2137/2137/93 2138/2138/92
f 2139/2139/423 2140/2140/115 2141/2141/112
f 2142/2142/112 2143/2143/160 2144/2144/423
f 2145/2145/160 2146/2146/112 2147/2147/112
f 2148/2148/112 2149/2149/160 2150/2150/160
f 2151/2151/110 2152/2152/156 2153/2153/160
f 2154/2154/160 2155/2155/112 2156/2156/157
f 2157/2157/435 2158/2158/137 2159/2159/134
f 2160/2160/134 2161/2161/180 2162/2162/435
f 2163/2163/180 2164/2164/134 2165/2165/134
f 2166/2166/134 2167/2167/180 2168/2168/180
f 2169/2169/132 2170/2170/176 2171/2171/180
f 2172/2172/180 2173/2173/134 2174/2174/177
f 475/475/209 476/476/412 477/477/209
f 492/492/209 2192/2192/209 2193/2193/209
f 2194/2194/209 2195/2195/209 488/488/209
f 491/491/209 2196/2196/209 2197/2197/209
f 2198/2198/209 2199/2199/2 489/489/209
f 2200/2200/209 2201/2201/209 490/490/209
f 2202/2202/209 539/539/209 542/542/209
f 2203/2203/209 2204/2204/209 2205/2205/209
f 484/484/209 485/485/412 2206/2206/209
f 483/483/209 2207/2207/209 2208/2208/209
f 2209/2209/209 2210/2210/209 2211/2211/209
f 482/482/209 2212/2212/209 2213/2213/209
f 2214/2214/209 2215/2215/412 480/480/209
f 2216/2216/209 2217/2217/209 481/481/209
f 2218/2218/239 2219/2219/238 317/317/234
f 2220/2220/234 323/323/233 2221/2221/239
f 2222/2222/233 2223/2223/234 2224/2224/234
f 2225/2225/234 2226/2226/233 2227/2227/233
f 2228/2228/419 2229/2229/232 2230/2230/233
f 2231/2231/233 2232/2232/234 2233/2233/229
f 2234/2234/273 2235/2235/272 320/320/268
f 2236/2236/268 326/326/267 2237/2237/273
f 2238/2238/267 2239/2239/268 504/504/268
f 2240/2240/268 506/506/267 2241/2241/267
f 2242/2242/433 2243/2243/266 2244/2244/267
f 2245/2245/267 2246/2246/268 2247/2247/263
f 2248/2248/296 2249/2249/239 2250/2250/233
f 2251/2251/462 329/329/294 2252/2252/296
f 2253/2253/294 2254/2254/233 2255/2255/233
f 2256/2256/233 2257/2257/294 2258/2258/294
f 2259/2259/232 2260/2260/293 2261/2261/294
f 2262/2262/294 2263/2263/233 2264/2264/232
f 2265/2265/315 2266/2266/273 2267/2267/267
f 2268/2268/267 332/332/313 2269/2269/315
f 2270/2270/313 2271/2271/267 2272/2272/267
f 2273/2273/267 508/508/313 2274/2274/313
f 2275/2275/266 2276/2276/312 2277/2277/313
f 2278/2278/313 2279/2279/267 2280/2280/266
f 2281/2281/338 2282/2282/296 2283/2283/294
f 2284/2284/294 335/335/333 2285/2285/338
f 2286/2286/463 2287/2287/294 2288/2288/294
f 2289/2289/294 2290/2290/333 2291/2291/333
f 2292/2292/292 2293/2293/331 2294/2294/333
f 2295/2295/333 2296/2296/294 2297/2297/292
f 2298/2298/361 2299/2299/315 2300/2300/313
f 2301/2301/313 338/338/356 2302/2302/361
f 2303/2303/356 2304/2304/313 2305/2305/313
f 2306/2306/313 510/510/356 2307/2307/356
f 2308/2308/311 2309/2309/354 2310/2310/356
f 2311/2311/355 2312/2312/313 2313/2313/311
f 2314/2314/385 435/435/464 444/444/465
f 2315/2315/385 2316/2316/465 2317/2317/386
f 2318/2318/386 2319/2319/338 2320/2320/333
f 2321/2321/385 2322/2322/386 2323/2323/333
f 2324/2324/385 2325/2325/333 2326/2326/333
f 2327/2327/333 2328/2328/385 2329/2329/385
f 2330/2330/331 2331/2331/383 426/426/466
f 2332/2332/331 2333/2333/466 416/416/464
f 2334/2334/331 2335/2335/467 2336/2336/385
f 2337/2337/333 2338/2338/331 2339/2339/385
f 2340/2340/407 2341/2341/361 2342/2342/356
f 2343/2343/356 2344/2344/405 2345/2345/407
f 2346/2346/405 2347/2347/356 2348/2348/356
f 2349/2349/356 2350/2350/405 2351/2351/405
f 2352/2352/354 2353/2353/401 2354/2354/405
f 2355/2355/405 2356/2356/356 2357/2357/354
f 2358/2358/401 2359/2359/400 2360/2360/412
f 2361/2361/412 2362/2362/405 2363/2363/401
f 2364/2364/405 2365/2365/412 2366/2366/412
f 2367/2367/412 2368/2368/405 2369/2369/405
f 2370/2370/411 2371/2371/407 2372/2372/405
f 2373/2373/405 2374/2374/412 2375/2375/411
f 2376/2376/237 2377/2377/422 347/347/194
f 2378/2378/194 2379/2379/234 2380/2380/237
f 2381/2381/234 2382/2382/194 2383/2383/194
f 2384/2384/194 2385/2385/234 2386/2386/234
f 2387/2387/420 2388/2388/229 2389/2389/234
f 2390/2390/234 2391/2391/194 2392/2392/420
f 2393/2393/159 2394/2394/420 350/350/194
f 2395/2395/194 2396/2396/160 2397/2397/159
f 2398/2398/160 2399/2399/194 2400/2400/194
f 2401/2401/194 2402/2402/160 2403/2403/160
f 2404/2404/422 2405/2405/162 2406/2406/160
f 2407/2407/160 2408/2408/194 2409/2409/422
f 2410/2410/271 2411/2411/210 353/353/209
f 2412/2412/209 2413/2413/268 2414/2414/271
f 2415/2415/268 2416/2416/209 514/514/209
f 2417/2417/209 2418/2418/268 2419/2419/268
f 2420/2420/206 2421/2421/263 2422/2422/268
f 2423/2423/268 2424/2424/209 2425/2425/206
f 2426/2426/179 2427/2427/206 356/356/209
f 2428/2428/209 2429/2429/180 2430/2430/179
f 2431/2431/180 2432/2432/209 516/516/209
f 2433/2433/209 2434/2434/180 2435/2435/180
f 2436/2436/210 2437/2437/182 2438/2438/180
f 2439/2439/180 2440/2440/209 2441/2441/210
f 2442/2442/55 2443/2443/62 359/359/2
f 2444/2444/2 2445/2445/53 2446/2446/55
f 2447/2447/53 2448/2448/2 518/518/2
f 2449/2449/2 2450/2450/53 2451/2451/53
f 2452/2452/43 2453/2453/46 2454/2454/53
f 2455/2455/53 2456/2456/2 2457/2457/43
f 2458/2458/411 2459/2459/411 2460/2460/412
f 374/374/412 2461/2461/411 2462/2462/412
f 431/431/412 2463/2463/412 2464/2464/412
f 421/421/412 2465/2465/412 2466/2466/412
f 524/524/412 422/422/412 432/432/412
f 2467/2467/412 2468/2468/412 2469/2469/412
f 2470/2470/412 2471/2471/412 2472/2472/412
f 2473/2473/412 2474/2474/412 2475/2475/412
f 2476/2476/400 443/443/412 453/453/412
f 2477/2477/400 2478/2478/412 2479/2479/412
f 2480/2480/400 2481/2481/400 2482/2482/412
f 2483/2483/412 2484/2484/400 2485/2485/412
f 2486/2486/2 2487/2487/2 2488/2488/2
f 2489/2489/2 2490/2490/2 2491/2491/2
f 2492/2492/2 2493/2493/2 2494/2494/2
f 2495/2495/2 2496/2496/2 2497/2497/2
f 2498/2498/2 2499/2499/2 2500/2500/2
f 2501/2501/2 2502/2502/2 2503/2503/2
f 2504/2504/412 2505/2505/412 2506/2506/412
f 2507/2507/412 2508/2508/412 2509/2509/412
f 2510/2510/412 2511/2511/412 2512/2512/412
f 2513/2513/412 2514/2514/412 2515/2515/412
f 2516/2516/412 2517/2517/412 2518/2518/412
f 2519/2519/412 2520/2520/412 2521/2521/412
f 2522/2522/62 383/383/2 393/393/2
f 2523/2523/62 2524/2524/468 382/382/468
f 2525/2525/62 2526/2526/62 2527/2527/2
f 2528/2528/2 2529/2529/62 2530/2530/2
f 2531/2531/2 2532/2532/2 2533/2533/2
f 2534/2534/2 2535/2535/2 392/392/2
f 2536/2536/2 2537/2537/2 2538/2538/2
f 2539/2539/2 2540/2540/2 2541/2541/2
f 2542/2542/43 2543/2543/43 2544/2544/2
f 369/369/2 2545/2545/43 2546/2546/2
f 411/411/2 2547/2547/2 2548/2548/2
f 2549/2549/2 2550/2550/2 2551/2551/2
f 2552/2552/385 2553/2553/464 423/423/412
f 2554/2554/385 2555/2555/385 2556/2556/412
f 2557/2557/385 2558/2558/412 433/433/412
f 2559/2559/385 2560/2560/412 2561/2561/412
f 2562/2562/412 2563/2563/412 2564/2564/412
f 2565/2565/385 2566/2566/412 2567/2567/412
f 2568/2568/412 2569/2569/464 2570/2570/385
f 2571/2571/2 2572/2572/62 2573/2573/449
f 2574/2574/45 2575/2575/43 2576/2576/2
f 2577/2577/412 2578/2578/400 2579/2579/399
f 2580/2580/452 2581/2581/411 2582/2582/412
f 2583/2583/8 2584/2584/12 2585/2585/16
f 2586/2586/469 2587/2587/21 2588/2588/458
f 2589/2589/2 547/547/209 548/548/470
f 2590/2590/16 2591/2591/458 2592/2592/470
f 2593/2593/8 2594/2594/16 2595/2595/470
f 2596/2596/8 2597/2597/2 2598/2598/447
f 2599/2599/2 2600/2600/2 2601/2601/2
f 2602/2602/2 550/550/209 549/549/471
f 2603/2603/2 2604/2604/2 2605/2605/412
f 546/546/209 543/543/412 2606/2606/456
f 2607/2607/456 2608/2608/2 2609/2609/472
f 2610/2610/448 2611/2611/3 2612/2612/8
f 2613/2613/6 2614/2614/10 2615/2615/12
f 2616/2616/12 2617/2617/13 2618/2618/469
f 2619/2619/16 2620/2620/17 2621/2621/21
f 2622/2622/21 2623/2623/473 2624/2624/458
f 2625/2625/458 2626/2626/2 2627/2627/209
f 2628/2628/209 2629/2629/2 2630/2630/458
f 2631/2631/2 2632/2632/470 545/545/472
f 2633/2633/412 2634/2634/449 2635/2635/447
f 2636/2636/2 2637/2637/209 2638/2638/209
f 2639/2639/412 2640/2640/2 2641/2641/2
f 2642/2642/2 2643/2643/2 2644/2644/2
f 2645/2645/2 2646/2646/2 2647/2647/2
f 2648/2648/2 2649/2649/2 544/544/209
f 2650/2650/472 2651/2651/412 2652/2652/2
f 2653/2653/2 2654/2654/2 2655/2655/209
f 2656/2656/471 2657/2657/412 2658/2658/2
f 2659/2659/474 2660/2660/33 2661/2661/35
f 2662/2662/35 2663/2663/39 2664/2664/44
f 2665/2665/2 555/555/472 556/556/475
f 2666/2666/35 2667/2667/44 2668/2668/475
f 2669/2669/28 2670/2670/35 2671/2671/475
f 2672/2672/26 2673/2673/2 2674/2674/457
f 2675/2675/2 2676/2676/2 2677/2677/2
f 2678/2678/2 558/558/209 557/557/209
f 2679/2679/2 2680/2680/2 2681/2681/412
f 553/553/472 552/552/412 2682/2682/2
f 2683/2683/2 2684/2684/2 2685/2685/209
f 2686/2686/457 2687/2687/23 2688/2688/28
f 2689/2689/26 2690/2690/27 2691/2691/30
f 2692/2692/30 2693/2693/476 2694/2694/35
f 2695/2695/35 2696/2696/36 2697/2697/39
f 2698/2698/39 2699/2699/41 2700/2700/44
f 2701/2701/44 2702/2702/2 551/551/209
f 2703/2703/471 2704/2704/2 2705/2705/44
f 2706/2706/2 2707/2707/477 2708/2708/209
f 2709/2709/412 2710/2710/455 2711/2711/457
f 2712/2712/2 2713/2713/209 554/554/471
f 2714/2714/412 2715/2715/2 2716/2716/2
f 2717/2717/2 2718/2718/2 2719/2719/2
f 2720/2720/2 2721/2721/2 2722/2722/2
f 2723/2723/2 2724/2724/2 2725/2725/209
f 2726/2726/209 2727/2727/412 2728/2728/2
f 2729/2729/45 2730/2730/2 2731/2731/209
f 2732/2732/209 2733/2733/412 2734/2734/45
f 563/563/478 564/564/479 2735/2735/480
f 2736/2736/412 2737/2737/481 2738/2738/482
f 2739/2739/466 2740/2740/382 2741/2741/379
f 2742/2742/453 2743/2743/466 2744/2744/380
f 2745/2745/454 2746/2746/379 2747/2747/375
f 2748/2748/453 2749/2749/375 2750/2750/373
f 2751/2751/412 2752/2752/412 2753/2753/412
f 2754/2754/412 566/566/471 565/565/209
f 2755/2755/412 2756/2756/412 2757/2757/412
f 561/561/483 560/560/412 2758/2758/412
f 2759/2759/412 2760/2760/412 2761/2761/483
f 2762/2762/372 2763/2763/484 2764/2764/453
f 2765/2765/453 2766/2766/412 559/559/472
f 2767/2767/472 2768/2768/412 2769/2769/485
f 2770/2770/466 2771/2771/479 2772/2772/483
f 2773/2773/2 2774/2774/467 2775/2775/480
f 2776/2776/466 2777/2777/383 2778/2778/382
f 2779/2779/382 2780/2780/381 2781/2781/380
f 2782/2782/380 2783/2783/377 2784/2784/375
f 2785/2785/376 2786/2786/374 2787/2787/372
f 2788/2788/412 2789/2789/209 562/562/472
f 2790/2790/412 2791/2791/412 2792/2792/412
f 2793/2793/412 2794/2794/412 2795/2795/412
f 2796/2796/412 2797/2797/412 2798/2798/412
f 2799/2799/412 2800/2800/412 2801/2801/209
f 2802/2802/209 2803/2803/412 2804/2804/412
f 2805/2805/452 2806/2806/412 2807/2807/472
f 2808/2808/209 2809/2809/412 2810/2810/452
f 571/571/486 572/572/2 2811/2811/398
f 2812/2812/487 2813/2813/488 2814/2814/398
f 2815/2815/398 2816/2816/489 2817/2817/392
f 2818/2818/465 2819/2819/398 2820/2820/490
f 2821/2821/465 2822/2822/490 2823/2823/390
f 2824/2824/465 2825/2825/491 2826/2826/387
f 2827/2827/412 2828/2828/412 2829/2829/412
f 2830/2830/412 574/574/209 573/573/472
f 2831/2831/412 2832/2832/412 2833/2833/412
f 570/570/209 567/567/412 2834/2834/464
f 2835/2835/464 2836/2836/412 2837/2837/209
f 2838/2838/387 2839/2839/386 2840/2840/465
f 2841/2841/492 2842/2842/412 2843/2843/493
f 2844/2844/493 2845/2845/494 2846/2846/465
f 2847/2847/412 2848/2848/209 569/569/471
f 2849/2849/2 2850/2850/495 2851/2851/398
f 2852/2852/398 2853/2853/396 2854/2854/394
f 2855/2855/394 2856/2856/393 2857/2857/490
f 2858/2858/392 2859/2859/391 2860/2860/390
f 2861/2861/390 2862/2862/388 2863/2863/387
f 2864/2864/412 2865/2865/209 2866/2866/209
f 2867/2867/412 2868/2868/412 2869/2869/412
f 2870/2870/412 2871/2871/412 2872/2872/412
f 2873/2873/412 2874/2874/412 2875/2875/412
f 2876/2876/412 2877/2877/412 568/568/472
f 2878/2878/471 2879/2879/412 2880/2880/412
f 2881/2881/412 2882/2882/412 2883/2883/209
f 2884/2884/472 2885/2885/412 2886/2886/412
f 2887/2887/209 463/463/209 527/527/209
f 2888/2888/209 2889/2889/209 2890/2890/209
f 2891/2891/209 2892/2892/209 528/528/209
f 2893/2893/208 464/464/208 2894/2894/208
f 2895/2895/210 2896/2896/209 460/460/209
f 2897/2897/209 2898/2898/212 2899/2899/210
f 2900/2900/209 2901/2901/210 2902/2902/212
f 2903/2903/212 459/459/209 2904/2904/209
f 2905/2905/209 2906/2906/209 529/529/209
f 2907/2907/209 2908/2908/209 2909/2909/209
f 2910/2910/209 2911/2911/209 530/530/209
f 2912/2912/209 2913/2913/209 2914/2914/209
f 2915/2915/206 2916/2916/209 2917/2917/209
f 2918/2918/209 2919/2919/207 2920/2920/206
f 2921/2921/209 2922/2922/206 2923/2923/207
f 2924/2924/207 2925/2925/209 2926/2926/209
f 2927/2927/209 2928/2928/209 466/466/209
f 2929/2929/209 465/465/209 2930/2930/209
f 2931/2931/209 2932/2932/209 535/535/209
f 2933/2933/2 536/536/209 531/531/209
f 2934/2934/194 2935/2935/194 2936/2936/194
f 2937/2937/209 2938/2938/209 467/467/412
f 2939/2939/209 2940/2940/412 469/469/209
f 2941/2941/209 532/532/209 2942/2942/209
f 2943/2943/209 2944/2944/209 2945/2945/209
f 2946/2946/209 2947/2947/412 2948/2948/209
f 2949/2949/209 2950/2950/209 471/471/209
f 2951/2951/209 470/470/209 2952/2952/209
f 2953/2953/209 2954/2954/209 537/537/209
f 2955/2955/412 538/538/209 533/533/209
f 2956/2956/209 2957/2957/209 2958/2958/209
f 2959/2959/209 2960/2960/209 472/472/412
f 2961/2961/209 2962/2962/412 474/474/209
f 2963/2963/194 534/534/194 2964/2964/496
f 2965/2965/209 2966/2966/209 2967/2967/497
f 2968/2968/209 2969/2969/2 2970/2970/209
f 2971/2971/412 2972/2972/412 2973/2973/412
f 2974/2974/412 2975/2975/412 2976/2976/412
f 2977/2977/412 2978/2978/209 2979/2979/209
f 2980/2980/412 2981/2981/209 2982/2982/471
f 2983/2983/412 2984/2984/412 2985/2985/412
f 2986/2986/412 2987/2987/412 2988/2988/412
f 2989/2989/412 2990/2990/412 2991/2991/412
f 2992/2992/412 2993/2993/412 2994/2994/412
f 2995/2995/412 2996/2996/209 2997/2997/209
f 2998/2998/412 2999/2999/209 3000/3000/471
f 3001/3001/412 3002/3002/412 3003/3003/412
f 3004/3004/412 3005/3005/412 3006/3006/412
f 3007/3007/217 3008/3008/217 3009/3009/217
f 3010/3010/217 3011/3011/217 3012/3012/217
f 3013/3013/217 3014/3014/217 3015/3015/217
f 3016/3016/217 3017/3017/217 3018/3018/217
f 3019/3019/217 3020/3020/217 3021/3021/217
f 3022/3022/217 3023/3023/217 3024/3024/217
f 3025/3025/2 3026/3026/2 3027/3027/2
f 3028/3028/2 3029/3029/2 3030/3030/2
f 3031/3031/412 3032/3032/209 3033/3033/209
f 3034/3034/412 3035/3035/209 3036/3036/471
f 3037/3037/498 3038/3038/498 3039/3039/498
f 3040/3040/498 3041/3041/498 3042/3042/498
f 3043/3043/2 3044/3044/2 3045/3045/2
f 3046/3046/2 3047/3047/2 3048/3048/2
f 3049/3049/412 3050/3050/209 3051/3051/209
f 3052/3052/412 3053/3053/209 3054/3054/471
f 3055/3055/2 3056/3056/2 3057/3057/2
f 3058/3058/2 3059/3059/2 3060/3060/2
f 3061/3061/200 3062/3062/200 3063/3063/200
f 3064/3064/200 3065/3065/200 3066/3066/200
f 3067/3067/200 3068/3068/200 3069/3069/200
f 3070/3070/200 3071/3071/200 3072/3072/200
f 3073/3073/200 3074/3074/200 3075/3075/200
f 3076/3076/200 3077/3077/200 3078/3078/200
f 3079/3079/499 370/370/499 3080/3080/499
f 289/289/500 3081/3081/500 3082/3082/500
f 3083/3083/501 295/295/501 3084/3084/501
f 3085/3085/502 3086/3086/502 3087/3087/502
f 3088/3088/502 301/301/502 3089/3089/502
f 3090/3090/503 3091/3091/503 3092/3092/503
f 3093/3093/503 307/307/503 3094/3094/503
f 3095/3095/504 3096/3096/504 3097/3097/504
f 3098/3098/505 313/313/505 3099/3099/505
f 478/478/506 3100/3100/506 3101/3101/506
f 3102/3102/507 487/487/507 3103/3103/507
f 319/319/508 3104/3104/508 3105/3105/508
f 3106/3106/509 325/325/509 3107/3107/509
f 3108/3108/510 3109/3109/510 3110/3110/510
f 3111/3111/510 331/331/510 3112/3112/510
f 3113/3113/511 3114/3114/511 3115/3115/511
f 3116/3116/511 337/337/511 3117/3117/511
f 3118/3118/512 3119/3119/512 3120/3120/512
f 3121/3121/513 343/343/513 3122/3122/513
f 361/361/514 3123/3123/514 3124/3124/514
f 3125/3125/515 3126/3126/515 3127/3127/515
f 352/352/516 3128/3128/516 3129/3129/516
f 3130/3130/517 3131/3131/517 3132/3132/517
f 355/355/518 3133/3133/518 3134/3134/518
f 3135/3135/519 3136/3136/519 3137/3137/519
f 358/358/520 3138/3138/520 3139/3139/520
f 3140/3140/521 3141/3141/521 3142/3142/521
f 3143/3143/522 3144/3144/522 3145/3145/522
f 3146/3146/522 373/373/522 3147/3147/522
f 3148/3148/520 3149/3149/520 3150/3150/520
f 3151/3151/520 3152/3152/520 3153/3153/520
f 3154/3154/523 3155/3155/523 3156/3156/523
f 3157/3157/524 3158/3158/524 3159/3159/524
f 3160/3160/525 3161/3161/525 3162/3162/525
f 3163/3163/526 3164/3164/526 3165/3165/526
f 3166/3166/527 3167/3167/527 3168/3168/527
f 3169/3169/527 3170/3170/527 3171/3171/527
f 3172/3172/528 3173/3173/528 3174/3174/528
f 3175/3175/528 3176/3176/528 3177/3177/528
f 3178/3178/529 3179/3179/529 3180/3180/529
f 3181/3181/530 3182/3182/530 3183/3183/530
f 3184/3184/531 3185/3185/531 3186/3186/531
f 3187/3187/532 3188/3188/532 3189/3189/532
f 3190/3190/533 3191/3191/533 3192/3192/533
f 3193/3193/534 3194/3194/534 3195/3195/534
f 3196/3196/535 3197/3197/535 3198/3198/535
f 3199/3199/535 3200/3200/535 3201/3201/535
f 3202/3202/536 3203/3203/536 3204/3204/536
f 3205/3205/536 3206/3206/536 3207/3207/536
f 3208/3208/537 3209/3209/537 3210/3210/537
f 3211/3211/538 3212/3212/538 3213/3213/538
f 3214/3214/539 3215/3215/539 3216/3216/539
f 3217/3217/540 3218/3218/540 3219/3219/540
f 3220/3220/541 3221/3221/541 3222/3222/541
f 3223/3223/542 3224/3224/542 3225/3225/542
f 3226/3226/543 3227/3227/543 3228/3228/543
f 3229/3229/544 3230/3230/544 3231/3231/544
f 3232/3232/545 3233/3233/545 3234/3234/545
f 3235/3235/546 3236/3236/546 3237/3237/546
f 3238/3238/514 3239/3239/514 3240/3240/514
f 3241/3241/514 3242/3242/514 3243/3243/514
f 3244/3244/547 3245/3245/547 3246/3246/547
f 3247/3247/547 3248/3248/547 3249/3249/547
f 3250/3250/548 3251/3251/548 3252/3252/548
f 3253/3253/516 3254/3254/516 3255/3255/516
f 3256/3256/516 462/462/516 3257/3257/516
f 461/461/516 3258/3258/516 3259/3259/516
f 3260/3260/516 3261/3261/516 3262/3262/516
f 3263/3263/518 3264/3264/518 3265/3265/518
f 3266/3266/518 3267/3267/518 3268/3268/518
f 3269/3269/518 3270/3270/518 3271/3271/518
f 3272/3272/518 3273/3273/518 3274/3274/518
f 3275/3275/412 3276/3276/412 3277/3277/412
f 3278/3278/194 468/468/194 3279/3279/194
f 3280/3280/194 3281/3281/194 3282/3282/194
f 3283/3283/412 3284/3284/412 3285/3285/412
f 3286/3286/2 3287/3287/2 3288/3288/2
f 3289/3289/194 473/473/194 3290/3290/194
f 3291/3291/194 3292/3292/194 3293/3293/194
f 3294/3294/498 3295/3295/498 3296/3296/498
f 3297/3297/549 3298/3298/549 3299/3299/549
f 3300/3300/550 3301/3301/550 3302/3302/550
f 3303/3303/522 3304/3304/522 3305/3305/522
f 3306/3306/551 3307/3307/551 3308/3308/551
f 3309/3309/552 3310/3310/552 3311/3311/552
f 3312/3312/553 3313/3313/553 3314/3314/553
f 3315/3315/547 3316/3316/547 3317/3317/547
f 3318/3318/554 3319/3319/554 3320/3320/554
f 3321/3321/555 389/389/556 3322/3322/555
f 3323/3323/557 394/394/558 3324/3324/558
f 3325/3325/559 3326/3326/559 3327/3327/559
f 3328/3328/560 3329/3329/560 3330/3330/560
f 3331/3331/561 3332/3332/561 3333/3333/562
f 3334/3334/563 3335/3335/563 3336/3336/563
f 3337/3337/564 3338/3338/564 3339/3339/564
f 3340/3340/565 3341/3341/565 3342/3342/565
f 3343/3343/566 3344/3344/566 3345/3345/566
f 3346/3346/567 3347/3347/567 3348/3348/567
f 3349/3349/568 409/409/569 3350/3350/568
f 3351/3351/570 414/414/570 3352/3352/571
f 3353/3353/572 3354/3354/572 3355/3355/572
f 3356/3356/573 3357/3357/573 3358/3358/573
f 3359/3359/574 3360/3360/574 3361/3361/574
f 3362/3362/575 3363/3363/576 3364/3364/576
f 3365/3365/577 3366/3366/577 3367/3367/577
f 3368/3368/578 3369/3369/578 3370/3370/578
f 3371/3371/579 3372/3372/579 3373/3373/579
f 3374/3374/580 3375/3375/580 3376/3376/580
f 3377/3377/581 425/425/581 3378/3378/581
f 3379/3379/582 434/434/582 3380/3380/582
f 3381/3381/583 3382/3382/583 3383/3383/583
f 3384/3384/584 3385/3385/584 3386/3386/584
f 3387/3387/585 3388/3388/586 3389/3389/585
f 3390/3390/587 3391/3391/587 3392/3392/587
f 3393/3393/588 3394/3394/588 3395/3395/588
f 3396/3396/589 3397/3397/589 3398/3398/589
f 3399/3399/590 3400/3400/590 3401/3401/590
f 3402/3402/591 3403/3403/591 3404/3404/591
f 3405/3405/592 445/445/592 3406/3406/592
f 3407/3407/593 454/454/593 3408/3408/593
f 3409/3409/594 3410/3410/594 3411/3411/594
f 3412/3412/595 3413/3413/595 3414/3414/595
f 3415/3415/596 3416/3416/596 3417/3417/596
f 3418/3418/597 3419/3419/598 3420/3420/597
f 3421/3421/599 3422/3422/599 3423/3423/599
f 3424/3424/600 3425/3425/600 3426/3426/600
f 3427/3427/601 3428/3428/601 3429/3429/601
f 3430/3430/602 3431/3431/602 3432/3432/602