# Blender 3.3.1
# www.blender.org
mtllib CD_sega_02.mtl
o middle_01
v 0.000131 0.406326 -0.020540
v 0.023724 0.405639 -0.020540
v 0.047238 0.403582 -0.020540
v 0.070591 0.400161 -0.020540
v 0.093707 0.395388 -0.020540
v 0.116506 0.389280 -0.020540
v 0.138911 0.381855 -0.020540
v 0.160846 0.373141 -0.020540
v 0.182238 0.363166 -0.020540
v 0.203013 0.351964 -0.020540
v 0.223102 0.339573 -0.020540
v 0.242436 0.326035 -0.020540
v 0.260951 0.311395 -0.020540
v 0.278583 0.295704 -0.020540
v 0.295273 0.279014 -0.020540
v 0.310964 0.261382 -0.020540
v 0.325604 0.242868 -0.020540
v 0.339142 0.223533 -0.020540
v 0.351533 0.203444 -0.020540
v 0.362735 0.182669 -0.020540
v 0.372710 0.161277 -0.020540
v 0.381424 0.139342 -0.020540
v 0.388848 0.116937 -0.020540
v 0.394957 0.094138 -0.020540
v 0.399730 0.071023 -0.020540
v 0.403151 0.047669 -0.020540
v 0.405208 0.024155 -0.020540
v 0.405895 0.000562 -0.020540
v 0.405208 -0.023031 -0.020540
v 0.403151 -0.046544 -0.020540
v 0.399730 -0.069898 -0.020540
v 0.394957 -0.093013 -0.020540
v 0.388848 -0.115812 -0.020540
v 0.381424 -0.138217 -0.020540
v 0.372710 -0.160152 -0.020540
v 0.362735 -0.181544 -0.020540
v 0.351533 -0.202319 -0.020540
v 0.339142 -0.222408 -0.020540
v 0.325604 -0.241743 -0.020540
v 0.310964 -0.260257 -0.020540
v 0.295273 -0.277889 -0.020540
v 0.278583 -0.294579 -0.020540
v 0.260951 -0.310270 -0.020540
v 0.242436 -0.324910 -0.020540
v 0.223102 -0.338448 -0.020540
v 0.203013 -0.350839 -0.020540
v 0.182238 -0.362041 -0.020540
v 0.160846 -0.372016 -0.020540
v 0.138911 -0.380731 -0.020540
v 0.116506 -0.388155 -0.020540
v 0.093707 -0.394264 -0.020540
v 0.070591 -0.399037 -0.020540
v 0.047238 -0.402457 -0.020540
v 0.023724 -0.404515 -0.020540
v 0.000131 -0.405201 -0.020540
v -0.023462 -0.404515 -0.020540
v -0.046975 -0.402457 -0.020540
v -0.070329 -0.399037 -0.020540
v -0.093444 -0.394264 -0.020540
v -0.116243 -0.388155 -0.020540
v -0.138648 -0.380731 -0.020540
v -0.160583 -0.372016 -0.020540
v -0.181975 -0.362041 -0.020540
v -0.202750 -0.350839 -0.020540
v -0.222839 -0.338448 -0.020540
v -0.242174 -0.324910 -0.020540
v -0.260688 -0.310270 -0.020540
v -0.278320 -0.294579 -0.020540
v -0.295010 -0.277889 -0.020540
v -0.310702 -0.260257 -0.020540
v -0.325341 -0.241743 -0.020540
v -0.338879 -0.222408 -0.020540
v -0.351270 -0.202319 -0.020540
v -0.362472 -0.181544 -0.020540
v -0.372447 -0.160152 -0.020540
v -0.381162 -0.138217 -0.020540
v -0.388586 -0.115812 -0.020540
v -0.394695 -0.093013 -0.020540
v -0.399468 -0.069898 -0.020540
v -0.402889 -0.046544 -0.020540
v -0.404946 -0.023031 -0.020540
v -0.405632 0.000562 -0.020540
v -0.404946 0.024155 -0.020540
v -0.402889 0.047669 -0.020540
v -0.399468 0.071023 -0.020540
v -0.394695 0.094138 -0.020540
v -0.388586 0.116937 -0.020540
v -0.381162 0.139342 -0.020540
v -0.372447 0.161277 -0.020540
v -0.362472 0.182669 -0.020540
v -0.351270 0.203444 -0.020540
v -0.338879 0.223533 -0.020540
v -0.325341 0.242868 -0.020540
v -0.310702 0.261382 -0.020540
v -0.295010 0.279014 -0.020540
v -0.278320 0.295704 -0.020540
v -0.260688 0.311395 -0.020540
v -0.242174 0.326035 -0.020540
v -0.222839 0.339573 -0.020540
v -0.202750 0.351964 -0.020540
v -0.181975 0.363166 -0.020540
v -0.160583 0.373141 -0.020540
v -0.138648 0.381855 -0.020540
v -0.116243 0.389280 -0.020540
v -0.093444 0.395388 -0.020540
v -0.070329 0.400161 -0.020540
v -0.046975 0.403582 -0.020540
v -0.023462 0.405639 -0.020540
v 0.000131 0.136201 -0.020540
v 0.008018 0.135972 -0.020540
v 0.015878 0.135284 -0.020540
v 0.023685 0.134140 -0.020540
v 0.031412 0.132545 -0.020540
v 0.039033 0.130503 -0.020540
v 0.046522 0.128021 -0.020540
v 0.053855 0.125108 -0.020540
v 0.061006 0.121774 -0.020540
v 0.067951 0.118029 -0.020540
v 0.074666 0.113887 -0.020540
v 0.081129 0.109361 -0.020540
v 0.087318 0.104468 -0.020540
v 0.093212 0.099222 -0.020540
v 0.098791 0.093643 -0.020540
v 0.104037 0.087749 -0.020540
v 0.108930 0.081560 -0.020540
v 0.113456 0.075097 -0.020540
v 0.117598 0.068382 -0.020540
v 0.121342 0.061437 -0.020540
v 0.124677 0.054286 -0.020540
v 0.127590 0.046954 -0.020540
v 0.130072 0.039464 -0.020540
v 0.132114 0.031843 -0.020540
v 0.133709 0.024116 -0.020540
v 0.134853 0.016309 -0.020540
v 0.135541 0.008449 -0.020540
v 0.135770 0.000562 -0.020540
v 0.135541 -0.007324 -0.020540
v 0.134853 -0.015184 -0.020540
v 0.133709 -0.022991 -0.020540
v 0.132114 -0.030718 -0.020540
v 0.130072 -0.038339 -0.020540
v 0.127590 -0.045829 -0.020540
v 0.124677 -0.053161 -0.020540
v 0.121342 -0.060312 -0.020540
v 0.117598 -0.067257 -0.020540
v 0.113456 -0.073972 -0.020540
v 0.108930 -0.080435 -0.020540
v 0.104037 -0.086624 -0.020540
v 0.098791 -0.092518 -0.020540
v 0.093212 -0.098098 -0.020540
v 0.087318 -0.103343 -0.020540
v 0.081129 -0.108236 -0.020540
v 0.074666 -0.112762 -0.020540
v 0.067951 -0.116904 -0.020540
v 0.061006 -0.120649 -0.020540
v 0.053855 -0.123983 -0.020540
v 0.046522 -0.126896 -0.020540
v 0.039033 -0.129378 -0.020540
v 0.031412 -0.131420 -0.020540
v 0.023685 -0.133016 -0.020540
v 0.015878 -0.134159 -0.020540
v 0.008018 -0.134847 -0.020540
v 0.000131 -0.135076 -0.020540
v -0.007755 -0.134847 -0.020540
v -0.015615 -0.134159 -0.020540
v -0.023422 -0.133016 -0.020540
v -0.031149 -0.131420 -0.020540
v -0.038770 -0.129378 -0.020540
v -0.046260 -0.126896 -0.020540
v -0.053592 -0.123983 -0.020540
v -0.060743 -0.120649 -0.020540
v -0.067688 -0.116904 -0.020540
v -0.074403 -0.112762 -0.020540
v -0.080866 -0.108236 -0.020540
v -0.087056 -0.103343 -0.020540
v -0.092950 -0.098098 -0.020540
v -0.098529 -0.092518 -0.020540
v -0.103774 -0.086624 -0.020540
v -0.108668 -0.080435 -0.020540
v -0.113193 -0.073972 -0.020540
v -0.117335 -0.067257 -0.020540
v -0.121080 -0.060312 -0.020540
v -0.124414 -0.053161 -0.020540
v -0.127327 -0.045829 -0.020540
v -0.129809 -0.038339 -0.020540
v -0.131851 -0.030718 -0.020540
v -0.133447 -0.022991 -0.020540
v -0.134590 -0.015184 -0.020540
v -0.135278 -0.007324 -0.020540
v -0.135507 0.000562 -0.020540
v -0.135278 0.008449 -0.020540
v -0.134590 0.016309 -0.020540
v -0.133447 0.024116 -0.020540
v -0.131851 0.031843 -0.020540
v -0.129809 0.039464 -0.020540
v -0.127327 0.046954 -0.020540
v -0.124414 0.054286 -0.020540
v -0.121080 0.061437 -0.020540
v -0.117335 0.068382 -0.020540
v -0.113193 0.075097 -0.020540
v -0.108668 0.081560 -0.020540
v -0.103774 0.087749 -0.020540
v -0.098529 0.093643 -0.020540
v -0.092950 0.099222 -0.020540
v -0.087056 0.104468 -0.020540
v -0.080866 0.109361 -0.020540
v -0.074403 0.113887 -0.020540
v -0.067688 0.118029 -0.020540
v -0.060743 0.121774 -0.020540
v -0.053592 0.125108 -0.020540
v -0.046260 0.128021 -0.020540
v -0.038770 0.130503 -0.020540
v -0.031149 0.132545 -0.020540
v -0.023422 0.134140 -0.020540
v -0.015615 0.135284 -0.020540
v -0.007755 0.135972 -0.020540
v 0.620655 0.431030 0.003330
v -0.620392 -0.569513 0.003330
v -0.620392 0.563143 0.003330
v 0.620655 -0.569513 0.003330
v 0.620655 0.563143 0.003330
v 0.419001 0.499752 0.003330
v 0.447318 0.474552 0.003330
v 0.389267 0.523263 0.003330
v 0.358217 0.545005 0.003330
v 0.328510 0.563327 0.003328
v -0.357954 0.545005 0.003330
v -0.328547 0.563143 0.003330
v -0.418739 0.499752 0.003330
v -0.389005 0.523263 0.003330
v 0.612478 0.223438 0.003330
v 0.620655 0.186335 -0.005559
v 0.620655 0.198763 0.003330
v 0.598483 0.258666 0.003330
v 0.582463 0.293020 0.003330
v 0.564473 0.326385 0.003330
v 0.544574 0.358648 0.003330
v 0.522832 0.389698 0.003330
v 0.474121 0.447749 0.003330
v 0.499321 0.419432 0.003330
v -0.447055 0.474552 0.003330
v -0.473859 0.447749 0.003330
v -0.522569 0.389698 0.003330
v -0.499059 0.419432 0.003330
v -0.582201 0.293021 0.003330
v -0.598221 0.258666 0.003330
v -0.564211 0.326385 0.003330
v -0.544311 0.358648 0.003330
v -0.612216 0.223438 0.003330
v -0.620392 0.198763 0.003330
v -0.620392 0.186335 -0.005559
v 0.620655 -0.197638 0.003330
v 0.612478 -0.222314 0.003330
v 0.620655 -0.185210 -0.005559
v 0.582463 -0.291896 0.003330
v 0.598483 -0.257541 0.003330
v 0.564473 -0.325261 0.003330
v 0.544574 -0.357523 0.003330
v -0.544311 -0.357523 0.003330
v -0.582201 -0.291896 0.003330
v -0.564211 -0.325261 0.003330
v -0.598220 -0.257542 0.003330
v -0.620392 -0.185210 -0.005559
v -0.620392 -0.197638 0.003330
v -0.612216 -0.222314 0.003330
v 0.474121 -0.446624 0.003330
v 0.522832 -0.388574 0.003330
v 0.447318 -0.473428 0.003330
v 0.499321 -0.418308 0.003330
v 0.419001 -0.498627 0.003330
v 0.389267 -0.522138 0.003330
v 0.358217 -0.543880 0.003330
v -0.325692 -0.563780 0.003330
v -0.357954 -0.543880 0.003330
v -0.389005 -0.522138 0.003330
v -0.418739 -0.498627 0.003330
v -0.473859 -0.446624 0.003330
v -0.447055 -0.473428 0.003330
v -0.499059 -0.418308 0.003330
v -0.522569 -0.388574 0.003330
v 0.325954 -0.563780 0.003330
v -0.315058 -0.569513 0.003330
v 0.315320 -0.569513 0.003330
v 0.000131 0.631497 -0.014420
v 0.036817 0.630429 -0.014420
v 0.073378 0.627230 -0.014420
v 0.109692 0.621911 -0.014420
v 0.145635 0.614490 -0.014420
v 0.181085 0.604991 -0.014420
v 0.215923 0.593447 -0.014420
v 0.250032 0.579896 -0.014420
v 0.283294 0.564386 -0.014420
v 0.315598 0.546967 -0.014420
v 0.346835 0.527700 -0.014420
v 0.376899 0.506649 -0.014420
v 0.405688 0.483886 -0.014420
v 0.433105 0.459487 -0.014420
v 0.459056 0.433536 -0.014420
v 0.483455 0.406119 -0.014420
v 0.506218 0.377330 -0.014420
v 0.527269 0.347266 -0.014420
v 0.546536 0.316029 -0.014420
v 0.563955 0.283725 -0.014420
v 0.579465 0.250463 -0.014420
v 0.593015 0.216355 -0.014420
v 0.604560 0.181516 -0.014420
v 0.614058 0.146066 -0.014420
v 0.621480 0.110123 -0.014420
v 0.626799 0.073809 -0.014420
v 0.629998 0.037248 -0.014420
v 0.631065 0.000562 -0.014420
v 0.629998 -0.036123 -0.014420
v 0.626799 -0.072685 -0.014420
v 0.621480 -0.108998 -0.014420
v 0.614058 -0.144941 -0.014420
v 0.604560 -0.180392 -0.014420
v 0.593015 -0.215230 -0.014420
v 0.579465 -0.249338 -0.014420
v 0.563955 -0.282600 -0.014420
v 0.546536 -0.314905 -0.014420
v 0.527269 -0.346141 -0.014420
v 0.506218 -0.376205 -0.014420
v 0.483455 -0.404994 -0.014420
v 0.459056 -0.432411 -0.014420
v 0.433105 -0.458362 -0.014420
v 0.405688 -0.482761 -0.014420
v 0.376899 -0.505525 -0.014420
v 0.346835 -0.526575 -0.014420
v 0.315598 -0.545843 -0.014420
v 0.283294 -0.563261 -0.014420
v 0.250032 -0.578772 -0.014420
v 0.215924 -0.592322 -0.014420
v 0.181085 -0.603866 -0.014420
v 0.145635 -0.613365 -0.014420
v 0.109692 -0.620786 -0.014420
v 0.073378 -0.626106 -0.014420
v 0.036817 -0.629304 -0.014420
v 0.000131 -0.630372 -0.014420
v -0.036554 -0.629304 -0.014420
v -0.073116 -0.626106 -0.014420
v -0.109429 -0.620786 -0.014420
v -0.145372 -0.613365 -0.014420
v -0.180823 -0.603866 -0.014420
v -0.215661 -0.592322 -0.014420
v -0.249769 -0.578771 -0.014420
v -0.283031 -0.563261 -0.014420
v -0.315336 -0.545843 -0.014420
v -0.346573 -0.526575 -0.014420
v -0.376637 -0.505524 -0.014420
v -0.405425 -0.482761 -0.014420
v -0.432842 -0.458362 -0.014420
v -0.458794 -0.432411 -0.014420
v -0.483192 -0.404994 -0.014420
v -0.505956 -0.376205 -0.014420
v -0.527007 -0.346142 -0.014420
v -0.546274 -0.314905 -0.014420
v -0.563692 -0.282600 -0.014420
v -0.579203 -0.249338 -0.014420
v -0.592753 -0.215230 -0.014420
v -0.604297 -0.180392 -0.014420
v -0.613796 -0.144941 -0.014420
v -0.621218 -0.108998 -0.014420
v -0.626537 -0.072685 -0.014420
v -0.629735 -0.036123 -0.014420
v -0.630803 0.000562 -0.014420
v -0.629735 0.037248 -0.014420
v -0.626537 0.073810 -0.014420
v -0.621218 0.110123 -0.014420
v -0.613796 0.146066 -0.014420
v -0.604297 0.181516 -0.014420
v -0.592753 0.216355 -0.014420
v -0.579203 0.250463 -0.014420
v -0.563692 0.283725 -0.014420
v -0.546274 0.316029 -0.014420
v -0.527007 0.347267 -0.014420
v -0.505956 0.377330 -0.014420
v -0.483192 0.406119 -0.014420
v -0.458794 0.433536 -0.014420
v -0.432842 0.459487 -0.014420
v -0.405425 0.483886 -0.014420
v -0.376636 0.506649 -0.014420
v -0.346573 0.527700 -0.014420
v -0.315336 0.546967 -0.014420
v -0.283031 0.564386 -0.014420
v -0.249769 0.579896 -0.014420
v -0.215661 0.593446 -0.014420
v -0.180823 0.604991 -0.014420
v -0.145372 0.614490 -0.014420
v -0.109429 0.621911 -0.014420
v -0.073116 0.627230 -0.014420
v -0.036554 0.630429 -0.014420
v -0.658564 -0.863051 0.096157
v -0.658564 1.153815 0.096157
v -0.671414 -0.865226 -0.026291
v -0.671414 1.155989 -0.026291
v 0.654904 -0.865226 0.096157
v 0.654904 1.155989 0.096157
v 0.654904 -0.865226 -0.026291
v 0.654904 1.155989 -0.026291
v -0.655114 -0.865226 0.096157
v -0.655114 1.155989 0.096157
v -0.655114 -0.865226 -0.009991
v -0.655114 1.155989 -0.009991
v 0.638604 -0.865226 0.096157
v 0.638604 1.155989 0.096157
v 0.638604 -0.865226 -0.009991
v 0.638604 1.155989 -0.009991
v -0.671414 -0.865226 0.079682
v -0.671414 1.155989 0.079682
v -0.655114 -0.865226 0.079682
v -0.655114 1.155989 0.079682
v -0.770554 -0.865226 0.079682
v -0.768380 -0.863051 0.096157
v -0.768380 1.153815 0.096157
v -0.770554 1.155989 0.079682
v -0.655114 -0.596174 0.008513
v 0.638604 -0.596174 0.008513
v -0.655114 0.597483 0.008513
v -0.655114 0.597483 -0.009991
v 0.638604 0.597483 0.008513
v 0.638604 0.597483 -0.009991
v 0.638604 -0.596174 -0.009991
v -0.655114 -0.596174 -0.009991
v 0.180809 0.606695 -0.009991
v 0.145258 0.616221 -0.009991
v 0.109214 0.623664 -0.009991
v 0.072798 0.628998 -0.009991
v 0.036134 0.632206 -0.009991
v -0.000655 0.633276 -0.009991
v -0.037444 0.632205 -0.009991
v -0.074109 0.628998 -0.009991
v -0.110525 0.623664 -0.009991
v -0.146569 0.616221 -0.009991
v -0.182120 0.606695 -0.009991
v -0.209921 0.597483 -0.009991
v 0.208611 0.597483 -0.009991
v 0.226637 0.597483 0.008513
v 0.249608 0.588357 0.008513
v -0.234521 0.597483 0.008513
v -0.257492 0.588357 0.008513
v -0.291240 0.572620 0.008513
v 0.283356 0.572620 0.008513
v 0.316132 0.554947 0.008513
v -0.324016 0.554947 0.008513
v 0.347825 0.535399 0.008513
v -0.355709 0.535399 0.008513
v 0.461685 0.439859 0.008513
v 0.486440 0.412042 0.008513
v 0.435355 0.466190 0.008513
v 0.407538 0.490945 0.008513
v 0.378328 0.514040 0.008513
v -0.386212 0.514041 0.008513
v -0.415422 0.490945 0.008513
v -0.443239 0.466190 0.008513
v -0.469569 0.439859 0.008513
v -0.494324 0.412042 0.008513
v 0.597601 0.219506 0.008513
v 0.568116 0.287861 0.008513
v 0.583853 0.254112 0.008513
v 0.530894 0.352330 0.008513
v 0.550443 0.320637 0.008513
v 0.509536 0.382833 0.008513
v -0.517420 0.382833 0.008513
v -0.538778 0.352330 0.008513
v -0.558327 0.320637 0.008513
v -0.576000 0.287861 0.008513
v -0.591737 0.254112 0.008513
v -0.605485 0.219506 0.008513
v 0.626481 0.111723 0.008513
v 0.631878 0.074879 0.008513
v 0.609314 0.184159 0.008513
v 0.618951 0.148191 0.008513
v -0.617198 0.184159 0.008513
v -0.626835 0.148191 0.008513
v -0.634365 0.111723 0.008513
v -0.639762 0.074879 0.008513
v -0.643008 0.037784 0.008513
v 0.635124 0.037784 0.008513
v 0.636207 0.000562 0.008513
v 0.635124 -0.036659 0.008513
v 0.631878 -0.073754 0.008513
v 0.626481 -0.110598 0.008513
v 0.618951 -0.147066 0.008513
v -0.626835 -0.147066 0.008513
v -0.634365 -0.110598 0.008513
v -0.643008 -0.036659 0.008513
v -0.644091 0.000562 0.008513
v -0.639762 -0.073754 0.008513
v 0.609314 -0.183034 0.008513
v 0.597601 -0.218381 0.008513
v 0.583853 -0.252988 0.008513
v 0.568116 -0.286736 0.008513
v 0.550443 -0.319512 0.008513
v -0.538778 -0.351205 0.008513
v -0.576000 -0.286736 0.008513
v -0.558327 -0.319512 0.008513
v -0.605485 -0.218381 0.008513
v -0.591737 -0.252988 0.008513
v -0.617198 -0.183034 0.008513
v 0.530894 -0.351205 0.008513
v 0.509536 -0.381708 0.008513
v 0.486440 -0.410917 0.008513
v 0.461685 -0.438734 0.008513
v 0.435355 -0.465065 0.008513
v 0.407538 -0.489820 0.008513
v 0.378328 -0.512916 0.008513
v 0.347825 -0.534274 0.008513
v 0.316132 -0.553823 0.008513
v 0.283356 -0.571495 0.008513
v 0.249608 -0.587232 0.008513
v 0.227100 -0.596174 0.008513
v 0.209166 -0.596174 -0.009991
v 0.180809 -0.605571 -0.009991
v 0.145258 -0.615096 -0.009991
v 0.109214 -0.622539 -0.009991
v 0.072798 -0.627873 -0.009991
v 0.036134 -0.631081 -0.009991
v -0.000655 -0.632151 -0.009991
v -0.037444 -0.631081 -0.009991
v -0.074109 -0.627873 -0.009991
v -0.110525 -0.622539 -0.009991
v -0.146569 -0.615096 -0.009991
v -0.182120 -0.605571 -0.009991
v -0.210477 -0.596174 -0.009991
v -0.257492 -0.587232 0.008513
v -0.234984 -0.596174 0.008513
v -0.291240 -0.571495 0.008513
v -0.324016 -0.553823 0.008513
v -0.355709 -0.534274 0.008513
v -0.386212 -0.512916 0.008513
v -0.415422 -0.489820 0.008513
v -0.443239 -0.465065 0.008513
v -0.494324 -0.410917 0.008513
v -0.469569 -0.438734 0.008513
v -0.517420 -0.381708 0.008513
v 0.620655 0.563143 -0.026291
v 0.620655 -0.149986 -0.026291
v 0.620655 -0.569513 -0.026291
v 0.301775 0.563143 -0.026291
v 0.620655 0.151110 -0.026291
v 0.600233 0.218981 -0.026291
v 0.611917 0.183719 -0.026291
v 0.611917 -0.182594 -0.026291
v 0.600233 -0.217857 -0.026291
v 0.586517 -0.252380 -0.026291
v 0.287873 -0.569514 -0.026291
v 0.570818 0.287172 -0.026291
v 0.586517 0.253505 -0.026291
v 0.570818 -0.286047 -0.026291
v 0.553188 -0.318745 -0.026291
v 0.533686 0.351487 -0.026291
v 0.553188 0.319870 -0.026291
v 0.533686 -0.350362 -0.026291
v 0.512379 -0.380792 -0.026291
v 0.464643 0.438806 -0.026291
v 0.489338 0.411056 -0.026291
v 0.512379 0.381917 -0.026291
v 0.489338 -0.409931 -0.026291
v 0.438375 0.465074 -0.026291
v 0.464643 -0.437681 -0.026291
v 0.438375 -0.463949 -0.026291
v 0.410625 -0.488645 -0.026291
v 0.381485 0.512810 -0.026291
v 0.410625 0.489769 -0.026291
v 0.381485 -0.511685 -0.026291
v 0.351056 -0.532992 -0.026291
v 0.351056 0.534117 -0.026291
v 0.319439 -0.552494 -0.026291
v -0.301512 0.563143 -0.026291
v -0.319176 -0.552494 -0.026291
v -0.287612 -0.569513 -0.026291
v -0.620392 -0.569513 -0.026291
v -0.620392 0.563143 -0.026291
v -0.350793 0.534117 -0.026291
v -0.381223 0.512810 -0.026291
v -0.410362 0.489769 -0.026291
v -0.438112 0.465074 -0.026291
v -0.464380 0.438806 -0.026291
v -0.489076 0.411056 -0.026291
v -0.512116 0.381917 -0.026291
v -0.533423 0.351487 -0.026291
v -0.512116 -0.380792 -0.026291
v -0.489076 -0.409931 -0.026291
v -0.464380 -0.437681 -0.026291
v -0.438113 -0.463949 -0.026291
v -0.381223 -0.511685 -0.026291
v -0.410362 -0.488645 -0.026291
v -0.350793 -0.532992 -0.026291
v -0.620392 0.151110 -0.026291
v -0.552925 0.319870 -0.026291
v -0.570555 0.287172 -0.026291
v -0.586255 0.253505 -0.026291
v -0.599970 0.218981 -0.026291
v -0.611655 0.183719 -0.026291
v -0.620392 -0.149986 -0.026291
v -0.611655 -0.182594 -0.026291
v -0.599970 -0.217857 -0.026291
v -0.586255 -0.252380 -0.026291
v -0.570555 -0.286047 -0.026291
v -0.552925 -0.318745 -0.026291
v -0.533423 -0.350362 -0.026291
v 0.130548 -0.007930 -0.026291
v 0.130547 -0.007930 -0.014420
v 0.128663 0.024865 -0.026291
v 0.128663 0.024865 -0.014420
v 0.130761 0.009506 -0.026291
v 0.130760 0.009506 -0.014420
v 0.128228 -0.025212 -0.026291
v 0.128228 -0.025212 -0.014420
v 0.125396 0.037514 -0.026291
v 0.125395 0.037514 -0.014420
v 0.123713 -0.042044 -0.026291
v 0.123713 -0.042044 -0.014420
v 0.116789 -0.058045 -0.026291
v 0.116789 -0.058045 -0.014420
v 0.121193 0.049598 -0.026291
v 0.121192 0.049598 -0.014420
v 0.107239 0.075034 -0.026291
v 0.107238 0.075034 -0.014420
v 0.116179 0.060947 -0.026291
v 0.116179 0.060947 -0.014420
v 0.107846 -0.073012 -0.026291
v 0.107846 -0.073012 -0.014420
v 0.087925 0.095887 -0.026291
v 0.087925 0.095887 -0.014420
v 0.084533 -0.098861 -0.026291
v 0.084532 -0.098861 -0.014420
v 0.097050 -0.086713 -0.026291
v 0.097050 -0.086713 -0.014420
v 0.070496 -0.109216 -0.026291
v 0.070496 -0.109216 -0.014420
v 0.019339 0.129401 -0.026291
v 0.019338 0.129401 -0.014420
v 0.000246 0.130890 -0.026291
v 0.000245 0.130890 -0.014420
v 0.043069 0.124221 -0.026291
v 0.043069 0.124221 -0.014420
v -0.012713 0.130363 -0.026291
v -0.012713 0.130363 -0.014420
v 0.061906 0.115428 -0.026291
v 0.061906 0.115428 -0.014420
v 0.078774 0.103877 -0.026291
v 0.078773 0.103877 -0.014420
v 0.055190 -0.117570 -0.026291
v 0.055189 -0.117570 -0.014420
v 0.038894 -0.123797 -0.026291
v 0.038894 -0.123797 -0.014420
v 0.021933 -0.127878 -0.026291
v 0.021932 -0.127878 -0.014420
v 0.004589 -0.129725 -0.026291
v 0.004589 -0.129725 -0.014420
v -0.037904 0.125318 -0.026291
v -0.037905 0.125318 -0.014420
v -0.025462 0.128493 -0.026291
v -0.025463 0.128493 -0.014420
v -0.052938 0.119632 -0.026291
v -0.052938 0.119632 -0.014420
v -0.069950 0.110503 -0.026291
v -0.069951 0.110503 -0.014420
v -0.085437 0.098953 -0.026291
v -0.085438 0.098953 -0.014420
v -0.099062 0.085235 -0.026291
v -0.099062 0.085235 -0.014420
v -0.110535 0.069657 -0.026291
v -0.110535 0.069657 -0.014420
v -0.119620 0.052555 -0.026291
v -0.119620 0.052555 -0.014420
v -0.126133 0.034295 -0.026291
v -0.126133 0.034295 -0.014420
v -0.129837 0.015624 -0.026291
v -0.129838 0.015624 -0.014420
v -0.130818 0.000562 -0.026291
v -0.130818 0.000562 -0.014420
v -0.129312 -0.016807 -0.026291
v -0.129312 -0.016807 -0.014420
v -0.112217 -0.065943 -0.026291
v -0.112217 -0.065943 -0.014420
v -0.102239 -0.080251 -0.026291
v -0.102240 -0.080251 -0.014420
v -0.120124 -0.050401 -0.026291
v -0.120125 -0.050401 -0.014420
v -0.125670 -0.033865 -0.026291
v -0.125671 -0.033865 -0.014420
v -0.090505 -0.093153 -0.026291
v -0.090506 -0.093153 -0.014420
v -0.062485 -0.113796 -0.026291
v -0.062486 -0.113796 -0.014420
v -0.077185 -0.104411 -0.026291
v -0.077185 -0.104411 -0.014420
v -0.030026 -0.126332 -0.026291
v -0.030027 -0.126332 -0.014420
v -0.046670 -0.121144 -0.026291
v -0.046671 -0.121144 -0.014420
v -0.012838 -0.129232 -0.026291
v -0.012838 -0.129232 -0.014420
v 0.618886 0.565654 0.005119
v 0.472553 0.565654 0.005119
v 0.618886 0.470444 0.005119
v 0.472553 0.470444 0.005119
v -0.481315 -0.470584 0.005119
v -0.481315 -0.565794 0.005119
v -0.627647 -0.470584 0.005119
v -0.627647 -0.565794 0.005119
v 0.410748 -0.023353 -0.026291
v 0.408663 -0.047188 -0.026291
v 0.405195 -0.070861 -0.026291
v 0.400357 -0.094293 -0.026291
v 0.394165 -0.117403 -0.026291
v 0.386639 -0.140115 -0.026291
v 0.377805 -0.162350 -0.026291
v 0.367694 -0.184034 -0.026291
v 0.356339 -0.205094 -0.026291
v 0.343778 -0.225458 -0.026291
v 0.330055 -0.245057 -0.026291
v 0.315215 -0.263824 -0.026291
v 0.299309 -0.281698 -0.026291
v 0.282391 -0.298616 -0.026291
v 0.264518 -0.314521 -0.026291
v 0.245750 -0.329361 -0.026291
v 0.226151 -0.343084 -0.026291
v 0.205788 -0.355645 -0.026291
v 0.132534 -0.030818 -0.026291
v 0.130486 -0.038463 -0.026291
v 0.135282 -0.015234 -0.026291
v 0.134135 -0.023066 -0.026291
v 0.127996 -0.045976 -0.026291
v 0.117972 -0.067473 -0.026291
v 0.121728 -0.060506 -0.026291
v 0.125074 -0.053332 -0.026291
v 0.113817 -0.074210 -0.026291
v 0.109277 -0.080693 -0.026291
v 0.184728 -0.367000 -0.026291
v 0.163044 -0.377112 -0.026291
v 0.140809 -0.385945 -0.026291
v 0.118097 -0.393471 -0.026291
v 0.094987 -0.399663 -0.026291
v 0.093509 -0.098412 -0.026291
v 0.104367 -0.086902 -0.026291
v 0.087596 -0.103674 -0.026291
v 0.099105 -0.092815 -0.026291
v 0.061200 -0.121035 -0.026291
v 0.074903 -0.113123 -0.026291
v 0.081387 -0.108583 -0.026291
v 0.068167 -0.117278 -0.026291
v 0.039157 -0.129792 -0.026291
v 0.054026 -0.124380 -0.026291
v 0.046670 -0.127302 -0.026291
v 0.031511 -0.131840 -0.026291
v 0.023760 -0.133441 -0.026291
v 0.015928 -0.134588 -0.026291
v 0.008043 -0.135278 -0.026291
v 0.000131 -0.135508 -0.026291
v 0.071555 -0.404502 -0.026291
v 0.047882 -0.407969 -0.026291
v 0.000131 -0.410750 -0.026291
v 0.024047 -0.410054 -0.026291
v -0.067904 -0.117278 -0.026291
v -0.060937 -0.121035 -0.026291
v -0.053763 -0.124380 -0.026291
v -0.046408 -0.127302 -0.026291
v -0.038894 -0.129792 -0.026291
v -0.031249 -0.131840 -0.026291
v -0.023497 -0.133441 -0.026291
v -0.015666 -0.134588 -0.026291
v -0.007780 -0.135278 -0.026291
v -0.071292 -0.404502 -0.026291
v -0.047619 -0.407969 -0.026291
v -0.023784 -0.410054 -0.026291
v -0.113554 -0.074210 -0.026291
v -0.109014 -0.080693 -0.026291
v -0.117709 -0.067473 -0.026291
v -0.104105 -0.086902 -0.026291
v -0.098843 -0.092815 -0.026291
v -0.093246 -0.098412 -0.026291
v -0.087333 -0.103674 -0.026291
v -0.081124 -0.108583 -0.026291
v -0.074641 -0.113123 -0.026291
v -0.117835 -0.393471 -0.026291
v -0.094724 -0.399663 -0.026291
v -0.133872 -0.023066 -0.026291
v -0.135019 -0.015234 -0.026291
v -0.132271 -0.030818 -0.026291
v -0.130223 -0.038463 -0.026291
v -0.127733 -0.045976 -0.026291
v -0.124811 -0.053332 -0.026291
v -0.121466 -0.060506 -0.026291
v -0.225889 -0.343084 -0.026291
v -0.162781 -0.377111 -0.026291
v -0.184466 -0.367000 -0.026291
v -0.205525 -0.355645 -0.026291
v -0.140546 -0.385945 -0.026291
v -0.410486 -0.023353 -0.026291
v -0.408400 -0.047188 -0.026291
v -0.404933 -0.070861 -0.026291
v -0.400095 -0.094293 -0.026291
v -0.393902 -0.117403 -0.026291
v -0.386376 -0.140115 -0.026291
v -0.377543 -0.162350 -0.026291
v -0.367431 -0.184034 -0.026291
v -0.356076 -0.205094 -0.026291
v -0.343515 -0.225458 -0.026291
v -0.329792 -0.245057 -0.026291
v -0.314953 -0.263824 -0.026291
v -0.299047 -0.281697 -0.026291
v -0.264255 -0.314521 -0.026291
v -0.282129 -0.298616 -0.026291
v -0.245488 -0.329361 -0.026291
v 0.411444 0.000562 -0.026291
v 0.410748 0.024478 -0.026291
v 0.408663 0.048313 -0.026291
v 0.405195 0.071986 -0.026291
v 0.400357 0.095418 -0.026291
v 0.394165 0.118528 -0.026291
v 0.136202 0.000562 -0.026291
v 0.135972 -0.007349 -0.026291
v 0.135282 0.016359 -0.026291
v 0.132534 0.031942 -0.026291
v 0.134135 0.024191 -0.026291
v 0.135176 0.017083 -0.026291
v 0.135972 0.008474 -0.026291
v 0.121728 0.061631 -0.026291
v 0.125074 0.054457 -0.026291
v 0.130486 0.039588 -0.026291
v 0.127996 0.047101 -0.026291
v 0.109277 0.081818 -0.026291
v 0.113817 0.075334 -0.026291
v 0.117972 0.068598 -0.026291
v 0.104367 0.088027 -0.026291
v 0.081387 0.109708 -0.026291
v 0.087596 0.104799 -0.026291
v 0.099105 0.093940 -0.026291
v 0.093509 0.099537 -0.026291
v 0.074903 0.114248 -0.026291
v 0.068167 0.118403 -0.026291
v 0.061200 0.122160 -0.026291
v -0.067904 0.118403 -0.026291
v -0.074641 0.114248 -0.026291
v -0.093246 0.099537 -0.026291
v -0.087333 0.104799 -0.026291
v -0.081124 0.109708 -0.026291
v -0.098843 0.093940 -0.026291
v -0.113554 0.075334 -0.026291
v -0.109014 0.081818 -0.026291
v -0.104105 0.088027 -0.026291
v -0.117709 0.068598 -0.026291
v -0.127733 0.047101 -0.026291
v -0.124811 0.054457 -0.026291
v -0.121466 0.061631 -0.026291
v -0.130223 0.039588 -0.026291
v -0.132271 0.031942 -0.026291
v -0.133872 0.024191 -0.026291
v -0.135019 0.016359 -0.026291
v -0.135709 -0.007349 -0.026291
v -0.135709 0.008474 -0.026291
v -0.135939 0.000562 -0.026291
v -0.135660 0.009036 -0.026291
v -0.393902 0.118528 -0.026291
v -0.400095 0.095418 -0.026291
v -0.404933 0.071986 -0.026291
v -0.408400 0.048313 -0.026291
v -0.410486 0.024478 -0.026291
v -0.411181 0.000562 -0.026291
v 0.386639 0.141240 -0.026291
v 0.377805 0.163475 -0.026291
v 0.039157 0.130917 -0.026291
v 0.031511 0.132965 -0.026291
v 0.054026 0.125505 -0.026291
v 0.046670 0.128427 -0.026291
v 0.023760 0.134566 -0.026291
v 0.008043 0.136403 -0.026291
v 0.015928 0.135713 -0.026291
v 0.000131 0.136633 -0.026291
v -0.023497 0.134566 -0.026291
v -0.007781 0.136403 -0.026291
v -0.031249 0.132965 -0.026291
v -0.015666 0.135713 -0.026291
v -0.053763 0.125505 -0.026291
v -0.038894 0.130917 -0.026291
v -0.046408 0.128427 -0.026291
v -0.060937 0.122160 -0.026291
v -0.377543 0.163475 -0.026291
v -0.386376 0.141240 -0.026291
v 0.367694 0.185159 -0.026291
v 0.356339 0.206219 -0.026291
v 0.343778 0.226583 -0.026291
v 0.330055 0.246181 -0.026291
v -0.343515 0.226583 -0.026291
v -0.356076 0.206219 -0.026291
v -0.367431 0.185159 -0.026291
v 0.315215 0.264949 -0.026291
v 0.299309 0.282822 -0.026291
v 0.293447 0.288685 -0.026291
v 0.282391 0.299741 -0.026291
v -0.282129 0.299741 -0.026291
v -0.264256 0.315646 -0.026291
v -0.294631 0.287238 -0.026291
v -0.299047 0.282822 -0.026291
v -0.314953 0.264949 -0.026291
v -0.329792 0.246181 -0.026291
v 0.245750 0.330486 -0.026291
v 0.264518 0.315646 -0.026291
v 0.226151 0.344209 -0.026291
v 0.205788 0.356770 -0.026291
v 0.184728 0.368125 -0.026291
v -0.184465 0.368125 -0.026291
v -0.205525 0.356770 -0.026291
v -0.225889 0.344209 -0.026291
v -0.245488 0.330486 -0.026291
v 0.163044 0.378236 -0.026291
v 0.140809 0.387070 -0.026291
v 0.118097 0.394596 -0.026291
v 0.094987 0.400788 -0.026291
v -0.117835 0.394596 -0.026291
v -0.140546 0.387070 -0.026291
v -0.162781 0.378236 -0.026291
v 0.000131 0.411875 -0.026291
v 0.024047 0.411179 -0.026291
v -0.023784 0.411179 -0.026291
v -0.047619 0.409094 -0.026291
v 0.047882 0.409094 -0.026291
v 0.071555 0.405626 -0.026291
v -0.071292 0.405626 -0.026291
v -0.094724 0.400788 -0.026291
v 0.646555 0.445307 -0.026291
v 0.620655 0.439865 -0.026291
v 0.646555 -0.358359 0.004498
v 0.646555 0.377086 -0.026291
v 0.646555 0.386966 0.005659
v 0.620655 0.382529 -0.026291
v 0.620655 0.391363 0.003330
v 0.646555 -0.309376 0.005135
v 0.646555 -0.299658 -0.026291
v 0.646555 -0.367880 -0.026291
v 0.620655 -0.305101 -0.026291
v 0.620655 -0.313936 0.003330
v 0.620655 -0.362437 -0.026291
v 0.620655 -0.353602 0.003330
v -0.662714 -0.299658 -0.026291
v -0.620392 -0.308579 -0.026291
v -0.620392 -0.315964 0.003330
v -0.620392 -0.351219 0.003330
v -0.662714 -0.367880 -0.026291
v -0.620392 -0.358959 -0.026291
v -0.620392 0.436386 -0.026291
v -0.620392 0.428662 0.003330
v -0.620392 0.392975 0.003330
v -0.620392 0.386007 -0.026291
v -0.662714 0.385711 0.001602
v -0.662714 0.434854 0.007513
v -0.662714 0.445307 -0.026291
v -0.662714 0.377086 -0.026291
v 0.646936 -0.378447 0.005955
v 0.646936 -0.292459 0.005955
v 0.646936 0.366518 0.005955
v 0.646936 0.452506 0.005955
v -0.663095 -0.378447 0.005955
v -0.663095 -0.292459 0.005955
v -0.663095 0.366518 0.005955
v -0.663095 0.452506 0.005955
v 0.608018 -0.353209 0.062797
v 0.609058 -0.350364 0.065058
v 0.605562 -0.350289 0.063006
v 0.608428 -0.352351 0.064689
v 0.606899 -0.352054 0.064728
v 0.606905 -0.350326 0.064723
v 0.606172 -0.352300 0.063346
v 0.609058 -0.320542 0.065058
v 0.608018 -0.317697 0.062797
v 0.605562 -0.320617 0.063006
v 0.608428 -0.318555 0.064689
v 0.606899 -0.318852 0.064728
v 0.606172 -0.318606 0.063346
v 0.606905 -0.320580 0.064723
v 0.576255 -0.363476 0.005955
v 0.573696 -0.360555 0.005955
v 0.574114 -0.362634 0.005955
v 0.573696 -0.310351 0.005955
v 0.576255 -0.307430 0.005955
v 0.574114 -0.308272 0.005955
v 0.646936 -0.357776 0.065058
v 0.646936 -0.360866 0.062809
v 0.646936 -0.359893 0.064691
v 0.646936 -0.310040 0.062809
v 0.646936 -0.313130 0.065058
v 0.646936 -0.311013 0.064691
v 0.608018 0.391757 0.062797
v 0.609058 0.394602 0.065058
v 0.605563 0.394676 0.063006
v 0.608428 0.392615 0.064689
v 0.606899 0.392912 0.064728
v 0.606905 0.394639 0.064723
v 0.606173 0.392665 0.063346
v 0.609058 0.424423 0.065058
v 0.608018 0.427268 0.062797
v 0.605563 0.424348 0.063006
v 0.608428 0.426410 0.064689
v 0.606899 0.426113 0.064728
v 0.606172 0.426359 0.063346
v 0.606905 0.424385 0.064723
v 0.576255 0.381489 0.005955
v 0.573696 0.384410 0.005955
v 0.574114 0.382331 0.005955
v 0.573696 0.434615 0.005955
v 0.576255 0.437535 0.005955
v 0.574114 0.436693 0.005955
v 0.646936 0.387189 0.065058
v 0.646936 0.384099 0.062809
v 0.646936 0.385072 0.064691
v 0.646936 0.434925 0.062809
v 0.646936 0.431835 0.065058
v 0.646936 0.433952 0.064691
v -0.624177 -0.353209 0.062797
v -0.621721 -0.350289 0.063006
v -0.625217 -0.350364 0.065058
v -0.622331 -0.352300 0.063346
v -0.623058 -0.352054 0.064728
v -0.623064 -0.350326 0.064723
v -0.624586 -0.352351 0.064689
v -0.625217 -0.320542 0.065058
v -0.621721 -0.320617 0.063006
v -0.624177 -0.317697 0.062797
v -0.623064 -0.320580 0.064723
v -0.623057 -0.318852 0.064728
v -0.622331 -0.318606 0.063346
v -0.624586 -0.318555 0.064689
v -0.589855 -0.360555 0.005955
v -0.592414 -0.363476 0.005955
v -0.590273 -0.362634 0.005955
v -0.592414 -0.307430 0.005955
v -0.589855 -0.310351 0.005955
v -0.590273 -0.308272 0.005955
v -0.663094 -0.360866 0.062809
v -0.663094 -0.357776 0.065058
v -0.663094 -0.359893 0.064691
v -0.663094 -0.313130 0.065058
v -0.663094 -0.310040 0.062809
v -0.663094 -0.311013 0.064691
v -0.624177 0.391757 0.062797
v -0.621721 0.394676 0.063006
v -0.625217 0.394602 0.065058
v -0.622331 0.392665 0.063346
v -0.623058 0.392912 0.064728
v -0.623064 0.394639 0.064723
v -0.624587 0.392615 0.064689
v -0.625217 0.424423 0.065058
v -0.621721 0.424348 0.063006
v -0.624177 0.427268 0.062797
v -0.623064 0.424385 0.064723
v -0.623058 0.426113 0.064728
v -0.622331 0.426359 0.063346
v -0.624587 0.426410 0.064689
v -0.589855 0.384410 0.005955
v -0.592414 0.381489 0.005955
v -0.590273 0.382331 0.005955
v -0.592414 0.437535 0.005955
v -0.589855 0.434615 0.005955
v -0.590273 0.436693 0.005955
v -0.663095 0.384100 0.062809
v -0.663095 0.387189 0.065058
v -0.663095 0.385072 0.064691
v -0.663095 0.431835 0.065058
v -0.663095 0.434925 0.062809
v -0.663095 0.433952 0.064691
v -0.662714 -0.309447 0.005365
v 0.646555 0.435927 0.004044
v -0.662714 -0.358378 0.004435
v 0.623447 0.465883 0.008513
v 0.623447 0.570215 0.008513
v 0.467992 0.465883 0.008513
v -0.476753 -0.466023 0.008513
v -0.632208 -0.466023 0.008513
v -0.476753 -0.570355 0.008513
v -0.632208 -0.570355 0.008513
v 0.467992 0.570215 0.008513
v -0.300307 -0.865226 -0.026291
v 0.292589 -0.865226 -0.026291
v -0.001313 -0.569514 -0.026291
v -0.005328 -0.865226 -0.026291
v -0.212031 -0.865226 -0.009991
v 0.206856 -0.865226 -0.009991
v 0.002089 -0.865226 -0.009991
v -0.456172 -0.596174 -0.009991
v -0.461549 -0.596174 0.008513
v 0.203921 1.155989 -0.009991
v -0.225905 1.155989 -0.009991
v -0.010265 1.155989 -0.009991
v 0.446983 0.597483 -0.009991
v 0.451943 0.597483 0.008513
v 0.322856 1.155989 -0.026291
v -0.317541 1.155989 -0.026291
v 0.000509 1.155989 -0.026291
v 0.000227 0.563143 -0.026291
v -0.656389 -0.865226 0.096157
v -0.656389 1.155989 0.096157
v -0.770554 -0.865226 0.096157
v -0.770554 1.155989 0.096157
v -0.658564 -0.863051 0.094246
v -0.658564 1.153815 0.094246
v -0.768380 -0.863051 0.094246
v -0.768380 1.153815 0.094246
v 0.083311 0.100726 -0.009359
v 0.072960 0.108451 -0.009359
v 0.061906 0.115118 -0.009359
v 0.050255 0.120662 -0.009359
v 0.038121 0.125031 -0.009359
v 0.025620 0.128182 -0.009359
v 0.012872 0.130085 -0.009359
v -0.000000 0.130721 -0.009359
v -0.012872 0.130085 -0.009359
v -0.025621 0.128182 -0.009359
v -0.038122 0.125031 -0.009359
v -0.050256 0.120662 -0.009359
v -0.061906 0.115117 -0.009359
v -0.072960 0.108450 -0.009359
v -0.083312 0.100725 -0.009359
v -0.092861 0.092016 -0.009359
v -0.101516 0.082407 -0.009359
v -0.109193 0.071991 -0.009359
v -0.115818 0.060868 -0.009359
v -0.121328 0.049145 -0.009359
v -0.125670 0.036935 -0.009359
v -0.128801 0.024355 -0.009359
v -0.130692 0.011528 -0.009338
v 0.130692 0.011528 -0.009359
v 0.128801 0.024356 -0.009359
v 0.125670 0.036935 -0.009359
v 0.121328 0.049145 -0.009359
v 0.115818 0.060868 -0.009359
v 0.109193 0.071991 -0.009359
v 0.101515 0.082408 -0.009359
v 0.092861 0.092016 -0.009359
v 0.072982 0.108484 -0.017797
v 0.061925 0.115153 -0.017797
v 0.050271 0.120700 -0.017797
v 0.012876 0.130125 -0.017797
v -0.000000 0.130761 -0.017797
v -0.012876 0.130125 -0.017797
v -0.025628 0.128221 -0.017797
v -0.038134 0.125069 -0.017797
v -0.050271 0.120699 -0.017797
v -0.072983 0.108484 -0.017797
v -0.083337 0.100756 -0.017797
v -0.121365 0.049160 -0.017797
v -0.125708 0.036947 -0.017797
v -0.130732 0.011532 -0.017797
v 0.130732 0.011532 -0.017797
v 0.128841 0.024363 -0.017797
v 0.125708 0.036947 -0.017797
v 0.121365 0.049161 -0.017797
v 0.115853 0.060887 -0.017797
v 0.109226 0.072014 -0.017797
v 0.092889 0.092045 -0.017797
v 0.083311 0.100726 -0.008314
v 0.072960 0.108451 -0.008314
v 0.061906 0.115118 -0.008314
v 0.050255 0.120662 -0.008314
v 0.038121 0.125031 -0.008314
v 0.025620 0.128182 -0.008314
v 0.012872 0.130085 -0.008314
v -0.000000 0.130721 -0.008314
v -0.012872 0.130085 -0.008314
v -0.025621 0.128182 -0.008314
v -0.038122 0.125031 -0.008314
v -0.050256 0.120662 -0.008314
v -0.061906 0.115117 -0.008314
v -0.072960 0.108450 -0.008314
v -0.083312 0.100725 -0.008314
v -0.092861 0.092016 -0.008314
v -0.101516 0.082407 -0.008314
v -0.109193 0.071991 -0.008314
v -0.115818 0.060868 -0.008314
v -0.121328 0.049145 -0.008314
v -0.125670 0.036935 -0.008314
v -0.128801 0.024355 -0.008314
v -0.130692 0.011528 -0.008314
v 0.130692 0.011528 -0.008314
v 0.128801 0.024356 -0.008314
v 0.125670 0.036935 -0.008314
v 0.121328 0.049145 -0.008314
v 0.115818 0.060868 -0.008314
v 0.109193 0.071991 -0.008314
v 0.092861 0.092016 -0.008314
v 0.101515 0.082408 -0.008314
v 0.083337 0.100757 -0.017642
v 0.038133 0.125070 -0.017642
v 0.025628 0.128222 -0.017642
v -0.061925 0.115153 -0.017642
v -0.092889 0.092045 -0.017642
v -0.101547 0.082433 -0.017642
v -0.109226 0.072014 -0.017642
v -0.115854 0.060887 -0.017642
v -0.128841 0.024363 -0.017642
v 0.101547 0.082433 -0.017642
v 0.055812 0.103330 -0.008564
v 0.045301 0.108332 -0.008564
v 0.034354 0.112273 -0.008564
v -0.000038 0.117406 -0.008564
v -0.023152 0.115116 -0.008564
v -0.075200 0.090345 -0.008564
v -0.083815 0.082488 -0.008564
v -0.098549 0.064422 -0.008564
v -0.104527 0.054387 -0.008564
v -0.116240 0.021446 -0.008564
v -0.117946 0.009873 -0.008564
v 0.117870 0.009873 -0.008564
v 0.116164 0.021446 -0.008564
v 0.109422 0.043810 -0.008564
v 0.098473 0.064422 -0.008564
v 0.083739 0.082488 -0.008564
v 0.091547 0.073819 -0.008564
v 0.065805 0.097345 -0.017392
v 0.034365 0.112308 -0.017392
v 0.011578 0.116869 -0.017392
v -0.023159 0.115151 -0.017392
v -0.055906 0.103361 -0.017392
v -0.075223 0.090373 -0.017392
v -0.083841 0.082514 -0.017392
v -0.098579 0.064442 -0.017392
v -0.116276 0.021453 -0.017392
v -0.117982 0.009876 -0.017392
v 0.117906 0.009876 -0.017392
v 0.116200 0.021453 -0.017392
v 0.098503 0.064442 -0.017392
v 0.083765 0.082514 -0.017392
v -0.016969 0.020320 0.017379
v 0.014779 0.021889 0.017379
v 0.016882 0.020320 0.017379
v 0.018262 0.021973 -0.017701
v -0.000042 0.028563 -0.017701
v 0.028256 0.005195 -0.017701
v -0.002869 0.028423 -0.013687
v 0.028256 0.005195 -0.013687
v -0.020443 0.020060 -0.013687
v 0.018262 0.021973 -0.013687
v 0.026124 0.004804 0.017379
v -0.018345 0.021973 -0.013687
v 0.015987 0.023670 -0.017701
v -0.028754 0.002377 -0.017701
v -0.028339 0.005195 -0.017701
v -0.018345 0.021973 -0.017701
v -0.000043 0.026414 0.017379
v -0.026595 0.002198 0.017379
v -0.000042 0.028563 -0.013687
v -0.028754 0.002377 -0.013687
v -0.026211 0.004804 0.017379
v 0.015987 0.023670 -0.013687
v 0.027568 0.007959 -0.013687
v 0.027568 0.007959 -0.017701
v -0.002869 0.028423 -0.017701
v -0.020443 0.020060 -0.017701
v -0.028338 0.005195 -0.013687
v -0.002658 0.026284 0.017379
v -0.018909 0.018550 0.017379
v 0.025488 0.007360 0.017379
v -0.032288 0.002761 0.017092
v -0.022972 0.022580 0.017092
v -0.000104 0.034716 -0.013596
v -0.003275 0.031954 0.017092
v 0.020409 0.024725 0.017092
v -0.024831 0.024410 -0.013596
v -0.022288 0.026729 -0.013596
v 0.033360 0.009743 -0.013596
v -0.034904 0.002977 -0.017561
v 0.031611 0.005919 0.017092
v 0.019324 0.028786 -0.013596
v 0.022080 0.026729 -0.013596
v 0.034194 0.006393 -0.013596
v -0.034904 0.002977 -0.013596
v -0.034401 0.006393 -0.013596
v -0.003531 0.034547 -0.013596
v 0.019324 0.028786 -0.017561
v -0.003531 0.034547 -0.017561
v 0.034194 0.006393 -0.017561
v 0.033360 0.009743 -0.017561
v -0.034401 0.006393 -0.017561
v -0.024831 0.024410 -0.017561
v -0.022288 0.026729 -0.017561
v -0.000104 0.034716 -0.017561
v 0.022080 0.026729 -0.017561
v 0.017860 0.026627 0.017092
v -0.000106 0.032111 0.017092
v -0.020620 0.024725 0.017092
v -0.031822 0.005919 0.017092
v 0.030840 0.009017 0.017092
v 0.104451 0.054387 -0.008564
v 0.113339 0.032795 -0.008564
v -0.113415 0.032794 -0.008564
v -0.109498 0.043810 -0.008564
v -0.091623 0.073819 -0.008564
v -0.065861 0.097314 -0.008564
v -0.055889 0.103329 -0.008564
v -0.045378 0.108331 -0.008564
v -0.034431 0.112273 -0.008564
v -0.011651 0.116832 -0.008564
v 0.011575 0.116832 -0.008564
v 0.023076 0.115116 -0.008564
v 0.065785 0.097315 -0.008564
v 0.075124 0.090345 -0.008564
v 0.083071 0.081816 -0.013646
v 0.090817 0.073216 -0.013646
v 0.097688 0.063894 -0.013646
v 0.103618 0.053939 -0.013646
v 0.108549 0.043447 -0.013646
v 0.112435 0.032519 -0.013646
v 0.115238 0.021260 -0.013646
v 0.116930 0.009780 -0.013646
v -0.117006 0.009779 -0.013646
v -0.115314 0.021260 -0.013646
v -0.112511 0.032519 -0.013646
v -0.108626 0.043447 -0.013645
v -0.103694 0.053939 -0.013646
v -0.097764 0.063894 -0.013646
v -0.090893 0.073216 -0.013646
v -0.083147 0.081816 -0.013646
v -0.074601 0.089610 -0.013646
v -0.065337 0.096524 -0.013646
v -0.055444 0.102491 -0.013646
v -0.045017 0.107453 -0.013646
v -0.034157 0.111364 -0.013646
v -0.022968 0.114184 -0.013646
v -0.011559 0.115887 -0.013646
v -0.000038 0.116456 -0.013646
v 0.011482 0.115887 -0.013646
v 0.022891 0.114184 -0.013646
v 0.034080 0.111364 -0.013646
v 0.044940 0.107454 -0.013646
v 0.055367 0.102491 -0.013646
v 0.065260 0.096525 -0.013646
v 0.074525 0.089611 -0.013646
v 0.049907 0.048131 -0.013798
v 0.054560 0.042965 -0.013798
v 0.058688 0.037364 -0.013798
v 0.062251 0.031383 -0.013798
v 0.065214 0.025080 -0.013798
v 0.070249 0.004853 -0.013798
v -0.067595 0.018515 -0.013798
v -0.065261 0.025080 -0.013798
v -0.062298 0.031383 -0.013798
v -0.058735 0.037364 -0.013798
v -0.054608 0.042965 -0.013798
v -0.039254 0.056968 -0.013798
v -0.033310 0.060553 -0.013798
v -0.027046 0.063534 -0.013798
v -0.020521 0.065883 -0.013798
v -0.013799 0.067577 -0.013798
v 0.006898 0.068601 -0.013798
v 0.013752 0.067577 -0.013798
v 0.020474 0.065883 -0.013798
v 0.026998 0.063534 -0.013798
v 0.033263 0.060553 -0.013798
v 0.050956 0.039957 0.017797
v 0.046609 0.044782 0.017797
v 0.054811 0.034726 0.017797
v 0.058138 0.029141 0.017797
v 0.060905 0.023254 0.017797
v 0.065607 0.004364 0.017797
v -0.063129 0.017122 0.017797
v -0.060949 0.023254 0.017797
v -0.058182 0.029141 0.017797
v -0.054855 0.034726 0.017797
v -0.051000 0.039957 0.017797
v -0.036660 0.053035 0.017797
v -0.031109 0.056383 0.017797
v -0.025259 0.059167 0.017797
v -0.019166 0.061361 0.017797
v -0.012888 0.062943 0.017797
v 0.006442 0.063899 0.017797
v 0.012843 0.062943 0.017797
v 0.019121 0.061361 0.017797
v 0.025214 0.059167 0.017797
v 0.031065 0.056383 0.017797
v 0.036285 0.034296 0.017797
v 0.039669 0.030540 0.017797
v 0.042670 0.026468 0.017797
v 0.045260 0.022119 0.017797
v 0.047414 0.017536 0.017797
v 0.051075 0.002830 0.017797
v -0.049147 0.012763 0.017797
v -0.047449 0.017536 0.017797
v -0.045295 0.022119 0.017797
v -0.042705 0.026468 0.017797
v -0.039704 0.030540 0.017797
v -0.028541 0.040721 0.017797
v -0.024219 0.043327 0.017797
v -0.019665 0.045495 0.017797
v -0.014921 0.047203 0.017797
v -0.010034 0.048435 0.017797
v 0.005015 0.049178 0.017797
v 0.009998 0.048435 0.017797
v 0.014886 0.047203 0.017797
v 0.019629 0.045495 0.017797
v 0.024184 0.043327 0.017797
v 0.036216 0.023202 0.017797
v 0.035594 0.023892 0.017797
v 0.036767 0.022454 0.015472
v 0.037242 0.021656 0.017797
v 0.037638 0.020814 0.015472
v -0.039687 0.017095 0.017797
v -0.039395 0.017916 0.015472
v -0.039025 0.018704 0.017797
v -0.038579 0.019452 0.017797
v -0.038063 0.020153 0.015472
v -0.018393 0.038059 0.017797
v -0.017686 0.038485 0.015472
v -0.016941 0.038840 0.017797
v -0.016164 0.039119 0.017797
v -0.015364 0.039321 0.015472
v 0.011242 0.040626 0.017797
v 0.012040 0.040507 0.017797
v 0.012823 0.040310 0.015472
v 0.013582 0.040036 0.017797
v 0.014311 0.039689 0.015472
v 0.069033 0.020018 -0.013646
v 0.070755 0.013100 -0.013646
v -0.071943 0.006046 -0.013646
v -0.070903 0.013100 -0.013646
v -0.051139 0.050307 -0.013646
v -0.045888 0.055096 -0.013646
v -0.007153 0.071241 -0.013646
v -0.000074 0.071591 -0.013646
v 0.040047 0.059345 -0.013646
v 0.045739 0.055097 -0.013646
v 0.065421 0.012122 0.017213
v 0.063828 0.018519 0.017213
v -0.066539 0.005598 0.017213
v -0.065577 0.012122 0.017213
v -0.047301 0.046529 0.017213
v -0.042445 0.050958 0.017213
v -0.006624 0.065888 0.017213
v -0.000079 0.066211 0.017213
v 0.037024 0.054886 0.017213
v 0.042288 0.050958 0.017213
v 0.045739 0.055097 -0.017633
v 0.040047 0.059345 -0.017633
v -0.000074 0.071591 -0.017633
v -0.007153 0.071241 -0.017633
v -0.045888 0.055096 -0.017633
v -0.051139 0.050307 -0.017633
v -0.070903 0.013100 -0.017633
v -0.071943 0.006046 -0.017633
v 0.070755 0.013100 -0.017633
v 0.069033 0.020018 -0.017633
v 0.014311 0.039689 0.013810
v 0.013582 0.040036 0.013810
v 0.012823 0.040310 0.013810
v 0.012040 0.040507 0.013810
v 0.011242 0.040626 0.013810
v -0.015364 0.039321 0.013810
v -0.016164 0.039119 0.013810
v -0.016941 0.038840 0.013810
v -0.017686 0.038485 0.013810
v -0.018393 0.038059 0.013810
v -0.038063 0.020153 0.013810
v -0.038579 0.019452 0.013810
v -0.039025 0.018704 0.013810
v -0.039395 0.017916 0.013810
v -0.039687 0.017095 0.013810
v 0.037638 0.020814 0.013810
v 0.037242 0.021656 0.013810
v 0.036767 0.022454 0.013810
v 0.035594 0.023892 0.013810
v 0.036216 0.023202 0.013810
v 0.024184 0.043327 0.013810
v 0.019629 0.045495 0.013810
v 0.014885 0.047203 0.013810
v 0.009998 0.048435 0.013810
v 0.005015 0.049178 0.013810
v -0.010034 0.048435 0.013810
v -0.014921 0.047203 0.013810
v -0.019665 0.045495 0.013810
v -0.024219 0.043327 0.013810
v -0.028541 0.040721 0.013810
v -0.039704 0.030540 0.013810
v -0.042705 0.026468 0.013810
v -0.045295 0.022119 0.013810
v -0.047449 0.017536 0.013810
v -0.049147 0.012763 0.013810
v 0.051075 0.002830 0.013810
v 0.047414 0.017536 0.013810
v 0.045260 0.022119 0.013810
v 0.042670 0.026468 0.013810
v 0.039669 0.030540 0.013810
v 0.036285 0.034296 0.013810
v 0.031065 0.056383 0.013810
v 0.025214 0.059167 0.013810
v 0.019121 0.061361 0.013810
v 0.012843 0.062943 0.013810
v 0.006442 0.063899 0.013810
v -0.012888 0.062943 0.013810
v -0.019166 0.061361 0.013810
v -0.025259 0.059167 0.013810
v -0.031109 0.056383 0.013810
v -0.036660 0.053035 0.013810
v -0.051000 0.039957 0.013810
v -0.054855 0.034726 0.013810
v -0.058182 0.029141 0.013810
v -0.060949 0.023254 0.013810
v -0.063129 0.017122 0.013810
v 0.065607 0.004364 0.013810
v 0.060905 0.023254 0.013810
v 0.058138 0.029141 0.013810
v 0.054811 0.034726 0.013810
v 0.046609 0.044782 0.013810
v 0.050956 0.039957 0.013810
v 0.033263 0.060553 -0.017786
v 0.026998 0.063534 -0.017786
v 0.020474 0.065883 -0.017785
v 0.013752 0.067577 -0.017785
v 0.006898 0.068601 -0.017785
v -0.013799 0.067577 -0.017785
v -0.020521 0.065883 -0.017786
v -0.027046 0.063534 -0.017786
v -0.033310 0.060553 -0.017786
v -0.039254 0.056968 -0.017786
v -0.054608 0.042965 -0.017785
v -0.058735 0.037364 -0.017785
v -0.062298 0.031383 -0.017785
v -0.065261 0.025080 -0.017786
v -0.067595 0.018515 -0.017785
v 0.070249 0.004853 -0.017785
v 0.065214 0.025080 -0.017785
v 0.062251 0.031383 -0.017785
v 0.058688 0.037364 -0.017786
v 0.054560 0.042965 -0.017786
v 0.049907 0.048131 -0.017786
v 0.074525 0.089611 -0.017633
v 0.065260 0.096525 -0.017633
v 0.055367 0.102491 -0.017633
v 0.044940 0.107454 -0.017633
v 0.034080 0.111364 -0.017633
v 0.022891 0.114184 -0.017633
v 0.011482 0.115887 -0.017633
v -0.000038 0.116456 -0.017633
v -0.011559 0.115887 -0.017633
v -0.022968 0.114184 -0.017633
v -0.034157 0.111364 -0.017633
v -0.045017 0.107453 -0.017633
v -0.055444 0.102491 -0.017633
v -0.065337 0.096524 -0.017633
v -0.074601 0.089610 -0.017633
v -0.083147 0.081816 -0.017633
v -0.090893 0.073216 -0.017633
v -0.097764 0.063894 -0.017633
v -0.103694 0.053939 -0.017633
v -0.108626 0.043447 -0.017633
v -0.112511 0.032519 -0.017633
v -0.115314 0.021260 -0.017633
v -0.117006 0.009779 -0.017633
v 0.116930 0.009780 -0.017633
v 0.115238 0.021260 -0.017633
v 0.112435 0.032519 -0.017633
v 0.108549 0.043447 -0.017633
v 0.103618 0.053939 -0.017633
v 0.097688 0.063894 -0.017633
v 0.090817 0.073216 -0.017633
v 0.083071 0.081816 -0.017633
v 0.075147 0.090374 -0.017392
v 0.055829 0.103362 -0.017392
v 0.045315 0.108365 -0.017392
v 0.023083 0.115152 -0.017392
v -0.000038 0.117443 -0.017392
v -0.011655 0.116869 -0.017392
v -0.034441 0.112308 -0.017392
v -0.045392 0.108365 -0.017392
v -0.065881 0.097345 -0.017392
v -0.091651 0.073842 -0.017392
v -0.104559 0.054404 -0.017392
v -0.109531 0.043824 -0.017392
v -0.113450 0.032805 -0.017392
v 0.113374 0.032805 -0.017392
v 0.109455 0.043824 -0.017392
v 0.104483 0.054404 -0.017392
v 0.091575 0.073842 -0.017392
v -0.131255 0.000000 -0.008836
v 0.131255 0.000000 -0.009359
v -0.131295 0.000000 -0.017797
v 0.131255 0.000000 -0.008314
v -0.118428 0.000000 -0.008564
v 0.118352 0.000000 -0.008564
v -0.118464 0.000000 -0.017392
v 0.118388 0.000000 -0.017392
v 0.051213 0.000000 0.017797
v 0.065820 0.000000 0.017797
v 0.070486 0.000000 -0.013798
v 0.117408 0.000000 -0.013646
v -0.117484 0.000000 -0.013646
v -0.117484 0.000000 -0.017633
v 0.048569 0.000000 0.013810
v 0.051213 0.000000 0.013810
v 0.065820 0.000000 0.013810
v 0.070486 0.000000 -0.017785
v 0.117408 0.000000 -0.017633
v 0.131295 0.000000 -0.017659
v 0.048791 0.000000 0.017797
v 0.083311 -0.100726 -0.009359
v 0.072960 -0.108451 -0.009359
v 0.061906 -0.115118 -0.009359
v 0.050255 -0.120662 -0.009359
v 0.038121 -0.125031 -0.009359
v 0.025620 -0.128182 -0.009359
v 0.012872 -0.130085 -0.009359
v -0.000000 -0.130721 -0.009359
v -0.012872 -0.130085 -0.009359
v -0.025621 -0.128182 -0.009359
v -0.038122 -0.125031 -0.009359
v -0.050256 -0.120662 -0.009359
v -0.061906 -0.115117 -0.009359
v -0.072960 -0.108450 -0.009359
v -0.083312 -0.100725 -0.009359
v -0.092861 -0.092016 -0.009359
v -0.101516 -0.082407 -0.009359
v -0.109193 -0.071991 -0.009359
v -0.115818 -0.060868 -0.009359
v -0.121328 -0.049145 -0.009359
v -0.125670 -0.036935 -0.009359
v -0.128801 -0.024355 -0.009359
v -0.130692 -0.011528 -0.009338
v 0.130692 -0.011528 -0.009359
v 0.128801 -0.024356 -0.009359
v 0.125670 -0.036935 -0.009359
v 0.121328 -0.049145 -0.009359
v 0.115818 -0.060868 -0.009359
v 0.109193 -0.071991 -0.009359
v 0.101515 -0.082408 -0.009359
v 0.092861 -0.092016 -0.009359
v 0.072982 -0.108484 -0.017797
v 0.061925 -0.115153 -0.017797
v 0.050271 -0.120700 -0.017797
v 0.012876 -0.130125 -0.017797
v -0.000000 -0.130761 -0.017797
v -0.012876 -0.130125 -0.017797
v -0.025628 -0.128221 -0.017797
v -0.038134 -0.125069 -0.017797
v -0.050271 -0.120699 -0.017797
v -0.072983 -0.108484 -0.017797
v -0.083337 -0.100756 -0.017797
v -0.121365 -0.049160 -0.017797
v -0.125708 -0.036947 -0.017797
v -0.130732 -0.011532 -0.017797
v 0.130732 -0.011532 -0.017797
v 0.128841 -0.024363 -0.017797
v 0.125708 -0.036947 -0.017797
v 0.121365 -0.049161 -0.017797
v 0.115853 -0.060887 -0.017797
v 0.109226 -0.072014 -0.017797
v 0.092889 -0.092045 -0.017797
v 0.083311 -0.100726 -0.008314
v 0.072960 -0.108451 -0.008314
v 0.061906 -0.115118 -0.008314
v 0.050255 -0.120662 -0.008314
v 0.038121 -0.125031 -0.008314
v 0.025620 -0.128182 -0.008314
v 0.012872 -0.130085 -0.008314
v -0.000000 -0.130721 -0.008314
v -0.012872 -0.130085 -0.008314
v -0.025621 -0.128182 -0.008314
v -0.038122 -0.125031 -0.008314
v -0.050256 -0.120662 -0.008314
v -0.061906 -0.115117 -0.008314
v -0.072960 -0.108450 -0.008314
v -0.083312 -0.100725 -0.008314
v -0.092861 -0.092016 -0.008314
v -0.101516 -0.082407 -0.008314
v -0.109193 -0.071991 -0.008314
v -0.115818 -0.060868 -0.008314
v -0.121328 -0.049145 -0.008314
v -0.125670 -0.036935 -0.008314
v -0.128801 -0.024355 -0.008314
v -0.130692 -0.011528 -0.008314
v 0.130692 -0.011528 -0.008314
v 0.128801 -0.024356 -0.008314
v 0.125670 -0.036935 -0.008314
v 0.121328 -0.049145 -0.008314
v 0.115818 -0.060868 -0.008314
v 0.109193 -0.071991 -0.008314
v 0.092861 -0.092016 -0.008314
v 0.101515 -0.082408 -0.008314
v 0.083337 -0.100757 -0.017642
v 0.038133 -0.125070 -0.017642
v 0.025628 -0.128222 -0.017642
v -0.061925 -0.115153 -0.017642
v -0.092889 -0.092045 -0.017642
v -0.101547 -0.082433 -0.017642
v -0.109226 -0.072014 -0.017642
v -0.115854 -0.060887 -0.017642
v -0.128841 -0.024363 -0.017642
v 0.101547 -0.082433 -0.017642
v 0.055812 -0.103329 -0.008564
v 0.045301 -0.108332 -0.008564
v 0.034354 -0.112273 -0.008564
v -0.000038 -0.117406 -0.008564
v -0.023152 -0.115116 -0.008564
v -0.075200 -0.090345 -0.008564
v -0.083815 -0.082488 -0.008564
v -0.098549 -0.064422 -0.008564
v -0.104527 -0.054387 -0.008564
v -0.116240 -0.021446 -0.008564
v -0.117946 -0.009873 -0.008564
v 0.117870 -0.009873 -0.008564
v 0.116164 -0.021446 -0.008564
v 0.109422 -0.043810 -0.008564
v 0.098473 -0.064422 -0.008564
v 0.083739 -0.082488 -0.008564
v 0.091547 -0.073819 -0.008564
v 0.065805 -0.097345 -0.017392
v 0.034365 -0.112308 -0.017392
v 0.011578 -0.116869 -0.017392
v -0.023159 -0.115151 -0.017392
v -0.055906 -0.103361 -0.017392
v -0.075223 -0.090373 -0.017392
v -0.083841 -0.082514 -0.017392
v -0.098579 -0.064442 -0.017392
v -0.116276 -0.021453 -0.017392
v -0.117982 -0.009876 -0.017392
v 0.117906 -0.009876 -0.017392
v 0.116200 -0.021453 -0.017392
v 0.098503 -0.064442 -0.017392
v 0.083765 -0.082514 -0.017392
v -0.016969 -0.020320 0.017379
v 0.014779 -0.021889 0.017379
v 0.016882 -0.020320 0.017379
v 0.018262 -0.021973 -0.017701
v -0.000042 -0.028563 -0.017701
v 0.028256 -0.005195 -0.017701
v -0.002869 -0.028423 -0.013687
v 0.028256 -0.005195 -0.013687
v -0.020443 -0.020060 -0.013687
v 0.018262 -0.021973 -0.013687
v 0.026124 -0.004804 0.017379
v -0.018345 -0.021973 -0.013687
v 0.015987 -0.023670 -0.017701
v -0.028754 -0.002377 -0.017701
v -0.028339 -0.005195 -0.017701
v -0.018345 -0.021973 -0.017701
v -0.000043 -0.026414 0.017379
v -0.026595 -0.002198 0.017379
v -0.000042 -0.028563 -0.013687
v -0.028754 -0.002377 -0.013687
v -0.026211 -0.004804 0.017379
v 0.015987 -0.023670 -0.013687
v 0.027568 -0.007959 -0.013687
v 0.027568 -0.007959 -0.017701
v -0.002869 -0.028423 -0.017701
v -0.020443 -0.020060 -0.017701
v -0.028338 -0.005195 -0.013687
v -0.002658 -0.026284 0.017379
v -0.018909 -0.018550 0.017379
v 0.025488 -0.007360 0.017379
v -0.032288 -0.002761 0.017092
v -0.022972 -0.022580 0.017092
v -0.000104 -0.034716 -0.013596
v -0.003275 -0.031954 0.017092
v 0.020409 -0.024725 0.017092
v -0.024831 -0.024410 -0.013596
v -0.022288 -0.026729 -0.013596
v 0.033360 -0.009743 -0.013596
v -0.034904 -0.002977 -0.017561
v 0.031611 -0.005919 0.017092
v 0.019324 -0.028786 -0.013596
v 0.022080 -0.026729 -0.013596
v 0.034194 -0.006393 -0.013596
v -0.034904 -0.002977 -0.013596
v -0.034401 -0.006393 -0.013596
v -0.003531 -0.034547 -0.013596
v 0.019324 -0.028786 -0.017561
v -0.003531 -0.034547 -0.017561
v 0.034194 -0.006393 -0.017561
v 0.033360 -0.009743 -0.017561
v -0.034401 -0.006393 -0.017561
v -0.024831 -0.024410 -0.017561
v -0.022288 -0.026729 -0.017561
v -0.000104 -0.034716 -0.017561
v 0.022080 -0.026729 -0.017561
v 0.017860 -0.026627 0.017092
v -0.000106 -0.032111 0.017092
v -0.020620 -0.024725 0.017092
v -0.031822 -0.005919 0.017092
v 0.030840 -0.009017 0.017092
v 0.104451 -0.054387 -0.008564
v 0.113339 -0.032795 -0.008564
v -0.113415 -0.032795 -0.008564
v -0.109498 -0.043810 -0.008564
v -0.091623 -0.073819 -0.008564
v -0.065861 -0.097314 -0.008564
v -0.055889 -0.103329 -0.008564
v -0.045378 -0.108331 -0.008564
v -0.034431 -0.112273 -0.008564
v -0.011651 -0.116832 -0.008564
v 0.011575 -0.116832 -0.008564
v 0.023076 -0.115116 -0.008564
v 0.065785 -0.097315 -0.008564
v 0.075124 -0.090345 -0.008564
v 0.083071 -0.081816 -0.013646
v 0.090817 -0.073216 -0.013646
v 0.097688 -0.063894 -0.013646
v 0.103618 -0.053939 -0.013646
v 0.108549 -0.043447 -0.013646
v 0.112435 -0.032519 -0.013646
v 0.115238 -0.021260 -0.013646
v 0.116930 -0.009780 -0.013646
v -0.117006 -0.009779 -0.013646
v -0.115314 -0.021260 -0.013646
v -0.112511 -0.032519 -0.013646
v -0.108626 -0.043447 -0.013645
v -0.103694 -0.053939 -0.013646
v -0.097764 -0.063894 -0.013646
v -0.090893 -0.073216 -0.013646
v -0.083147 -0.081816 -0.013646
v -0.074601 -0.089610 -0.013646
v -0.065337 -0.096524 -0.013646
v -0.055444 -0.102491 -0.013646
v -0.045017 -0.107453 -0.013646
v -0.034157 -0.111364 -0.013646
v -0.022968 -0.114184 -0.013646
v -0.011559 -0.115887 -0.013646
v -0.000038 -0.116456 -0.013646
v 0.011482 -0.115887 -0.013646
v 0.022891 -0.114184 -0.013646
v 0.034080 -0.111364 -0.013646
v 0.044940 -0.107454 -0.013646
v 0.055367 -0.102491 -0.013646
v 0.065260 -0.096525 -0.013646
v 0.074525 -0.089611 -0.013646
v 0.049907 -0.048131 -0.013798
v 0.054560 -0.042965 -0.013798
v 0.058688 -0.037364 -0.013798
v 0.062251 -0.031383 -0.013798
v 0.065214 -0.025080 -0.013798
v 0.070249 -0.004853 -0.013798
v -0.067595 -0.018515 -0.013798
v -0.065261 -0.025080 -0.013798
v -0.062298 -0.031383 -0.013798
v -0.058735 -0.037364 -0.013798
v -0.054608 -0.042965 -0.013798
v -0.039254 -0.056968 -0.013798
v -0.033310 -0.060553 -0.013798
v -0.027046 -0.063534 -0.013798
v -0.020521 -0.065883 -0.013798
v -0.013799 -0.067577 -0.013798
v 0.006898 -0.068601 -0.013798
v 0.013752 -0.067577 -0.013798
v 0.020474 -0.065883 -0.013798
v 0.026998 -0.063534 -0.013798
v 0.033263 -0.060553 -0.013798
v 0.050956 -0.039957 0.017797
v 0.046609 -0.044782 0.017797
v 0.054811 -0.034726 0.017797
v 0.058138 -0.029141 0.017797
v 0.060905 -0.023254 0.017797
v 0.065607 -0.004364 0.017797
v -0.063129 -0.017122 0.017797
v -0.060949 -0.023254 0.017797
v -0.058182 -0.029141 0.017797
v -0.054855 -0.034726 0.017797
v -0.051000 -0.039957 0.017797
v -0.036660 -0.053035 0.017797
v -0.031109 -0.056383 0.017797
v -0.025259 -0.059167 0.017797
v -0.019166 -0.061361 0.017797
v -0.012888 -0.062943 0.017797
v 0.006442 -0.063899 0.017797
v 0.012843 -0.062943 0.017797
v 0.019121 -0.061361 0.017797
v 0.025214 -0.059167 0.017797
v 0.031065 -0.056383 0.017797
v 0.036285 -0.034296 0.017797
v 0.039669 -0.030540 0.017797
v 0.042670 -0.026468 0.017797
v 0.045260 -0.022119 0.017797
v 0.047414 -0.017536 0.017797
v 0.051075 -0.002830 0.017797
v -0.049147 -0.012763 0.017797
v -0.047449 -0.017536 0.017797
v -0.045295 -0.022119 0.017797
v -0.042705 -0.026468 0.017797
v -0.039704 -0.030540 0.017797
v -0.028541 -0.040721 0.017797
v -0.024219 -0.043327 0.017797
v -0.019665 -0.045495 0.017797
v -0.014921 -0.047203 0.017797
v -0.010034 -0.048435 0.017797
v 0.005015 -0.049178 0.017797
v 0.009998 -0.048435 0.017797
v 0.014886 -0.047203 0.017797
v 0.019629 -0.045495 0.017797
v 0.024184 -0.043327 0.017797
v 0.036216 -0.023202 0.017797
v 0.035594 -0.023892 0.017797
v 0.036767 -0.022454 0.015472
v 0.037242 -0.021656 0.017797
v 0.037638 -0.020814 0.015472
v -0.039687 -0.017095 0.017797
v -0.039395 -0.017916 0.015472
v -0.039025 -0.018704 0.017797
v -0.038579 -0.019452 0.017797
v -0.038063 -0.020153 0.015472
v -0.018393 -0.038059 0.017797
v -0.017686 -0.038485 0.015472
v -0.016941 -0.038840 0.017797
v -0.016164 -0.039119 0.017797
v -0.015364 -0.039321 0.015472
v 0.011242 -0.040626 0.017797
v 0.012040 -0.040507 0.017797
v 0.012823 -0.040310 0.015472
v 0.013582 -0.040036 0.017797
v 0.014311 -0.039689 0.015472
v 0.069033 -0.020018 -0.013646
v 0.070755 -0.013100 -0.013646
v -0.071943 -0.006046 -0.013646
v -0.070903 -0.013100 -0.013646
v -0.051139 -0.050307 -0.013646
v -0.045888 -0.055096 -0.013646
v -0.007153 -0.071241 -0.013646
v -0.000074 -0.071591 -0.013646
v 0.040047 -0.059345 -0.013646
v 0.045739 -0.055097 -0.013646
v 0.065421 -0.012122 0.017213
v 0.063828 -0.018519 0.017213
v -0.066539 -0.005598 0.017213
v -0.065577 -0.012122 0.017213
v -0.047301 -0.046529 0.017213
v -0.042445 -0.050958 0.017213
v -0.006624 -0.065888 0.017213
v -0.000079 -0.066211 0.017213
v 0.037024 -0.054886 0.017213
v 0.042288 -0.050958 0.017213
v 0.045739 -0.055097 -0.017633
v 0.040047 -0.059345 -0.017633
v -0.000074 -0.071591 -0.017633
v -0.007153 -0.071241 -0.017633
v -0.045888 -0.055096 -0.017633
v -0.051139 -0.050307 -0.017633
v -0.070903 -0.013100 -0.017633
v -0.071943 -0.006046 -0.017633
v 0.070755 -0.013100 -0.017633
v 0.069033 -0.020018 -0.017633
v 0.014311 -0.039689 0.013810
v 0.013582 -0.040036 0.013810
v 0.012823 -0.040310 0.013810
v 0.012040 -0.040507 0.013810
v 0.011242 -0.040626 0.013810
v -0.015364 -0.039321 0.013810
v -0.016164 -0.039119 0.013810
v -0.016941 -0.038840 0.013810
v -0.017686 -0.038485 0.013810
v -0.018393 -0.038059 0.013810
v -0.038063 -0.020153 0.013810
v -0.038579 -0.019452 0.013810
v -0.039025 -0.018704 0.013810
v -0.039395 -0.017916 0.013810
v -0.039687 -0.017095 0.013810
v 0.037638 -0.020814 0.013810
v 0.037242 -0.021656 0.013810
v 0.036767 -0.022454 0.013810
v 0.035594 -0.023892 0.013810
v 0.036216 -0.023202 0.013810
v 0.024184 -0.043327 0.013810
v 0.019629 -0.045495 0.013810
v 0.014885 -0.047203 0.013810
v 0.009998 -0.048435 0.013810
v 0.005015 -0.049179 0.013810
v -0.010034 -0.048435 0.013810
v -0.014921 -0.047203 0.013810
v -0.019665 -0.045495 0.013810
v -0.024219 -0.043327 0.013810
v -0.028541 -0.040721 0.013810
v -0.039704 -0.030540 0.013810
v -0.042705 -0.026468 0.013810
v -0.045295 -0.022119 0.013810
v -0.047449 -0.017536 0.013810
v -0.049147 -0.012763 0.013810
v 0.051075 -0.002830 0.013810
v 0.047414 -0.017536 0.013810
v 0.045260 -0.022119 0.013810
v 0.042670 -0.026468 0.013810
v 0.039669 -0.030540 0.013810
v 0.036285 -0.034296 0.013810
v 0.031065 -0.056383 0.013810
v 0.025214 -0.059167 0.013810
v 0.019121 -0.061361 0.013810
v 0.012843 -0.062943 0.013810
v 0.006442 -0.063899 0.013810
v -0.012888 -0.062943 0.013810
v -0.019166 -0.061361 0.013810
v -0.025259 -0.059167 0.013810
v -0.031109 -0.056383 0.013810
v -0.036660 -0.053035 0.013810
v -0.051000 -0.039957 0.013810
v -0.054855 -0.034726 0.013810
v -0.058182 -0.029141 0.013810
v -0.060949 -0.023254 0.013810
v -0.063129 -0.017122 0.013810
v 0.065607 -0.004364 0.013810
v 0.060905 -0.023254 0.013810
v 0.058138 -0.029141 0.013810
v 0.054811 -0.034726 0.013810
v 0.046609 -0.044782 0.013810
v 0.050956 -0.039957 0.013810
v 0.033263 -0.060553 -0.017786
v 0.026998 -0.063534 -0.017786
v 0.020474 -0.065883 -0.017785
v 0.013752 -0.067577 -0.017785
v 0.006898 -0.068601 -0.017785
v -0.013799 -0.067577 -0.017785
v -0.020521 -0.065883 -0.017786
v -0.027046 -0.063534 -0.017786
v -0.033310 -0.060553 -0.017786
v -0.039254 -0.056968 -0.017786
v -0.054608 -0.042965 -0.017785
v -0.058735 -0.037364 -0.017785
v -0.062298 -0.031383 -0.017785
v -0.065261 -0.025080 -0.017786
v -0.067595 -0.018515 -0.017785
v 0.070249 -0.004853 -0.017785
v 0.065214 -0.025080 -0.017785
v 0.062251 -0.031383 -0.017785
v 0.058688 -0.037364 -0.017786
v 0.054560 -0.042965 -0.017786
v 0.049907 -0.048131 -0.017786
v 0.074525 -0.089611 -0.017633
v 0.065260 -0.096525 -0.017633
v 0.055367 -0.102491 -0.017633
v 0.044940 -0.107454 -0.017633
v 0.034080 -0.111364 -0.017633
v 0.022891 -0.114184 -0.017633
v 0.011482 -0.115887 -0.017633
v -0.000038 -0.116456 -0.017633
v -0.011559 -0.115887 -0.017633
v -0.022968 -0.114184 -0.017633
v -0.034157 -0.111364 -0.017633
v -0.045017 -0.107453 -0.017633
v -0.055444 -0.102491 -0.017633
v -0.065337 -0.096524 -0.017633
v -0.074601 -0.089610 -0.017633
v -0.083147 -0.081816 -0.017633
v -0.090893 -0.073216 -0.017633
v -0.097764 -0.063894 -0.017633
v -0.103694 -0.053939 -0.017633
v -0.108626 -0.043447 -0.017633
v -0.112511 -0.032519 -0.017633
v -0.115314 -0.021260 -0.017633
v -0.117006 -0.009779 -0.017633
v 0.116930 -0.009780 -0.017633
v 0.115238 -0.021260 -0.017633
v 0.112435 -0.032519 -0.017633
v 0.108549 -0.043447 -0.017633
v 0.103618 -0.053939 -0.017633
v 0.097688 -0.063894 -0.017633
v 0.090817 -0.073216 -0.017633
v 0.083071 -0.081816 -0.017633
v 0.075147 -0.090374 -0.017392
v 0.055829 -0.103362 -0.017392
v 0.045315 -0.108365 -0.017392
v 0.023083 -0.115152 -0.017392
v -0.000038 -0.117443 -0.017392
v -0.011655 -0.116869 -0.017392
v -0.034441 -0.112308 -0.017392
v -0.045392 -0.108365 -0.017392
v -0.065881 -0.097345 -0.017392
v -0.091651 -0.073842 -0.017392
v -0.104559 -0.054404 -0.017392
v -0.109531 -0.043824 -0.017392
v -0.113450 -0.032805 -0.017392
v 0.113374 -0.032805 -0.017392
v 0.109455 -0.043824 -0.017392
v 0.104483 -0.054404 -0.017392
v 0.091575 -0.073842 -0.017392
v -0.131255 0.000000 -0.009839
v 0.092889 0.092045 -0.012928
v 0.072982 0.108484 -0.012928
v 0.061925 0.115153 -0.012928
v 0.050271 0.120700 -0.012928
v 0.012876 0.130125 -0.012928
v -0.000000 0.130761 -0.012928
v -0.012876 0.130125 -0.012928
v -0.025628 0.128221 -0.012928
v -0.038134 0.125069 -0.012928
v -0.050271 0.120699 -0.012928
v -0.072983 0.108484 -0.012928
v -0.083337 0.100756 -0.012928
v -0.121365 0.049160 -0.012928
v -0.125708 0.036947 -0.012928
v -0.130732 0.011532 -0.012927
v 0.130732 0.011532 -0.012928
v 0.128841 0.024363 -0.012928
v 0.125708 0.036947 -0.012928
v 0.121365 0.049161 -0.012928
v 0.115853 0.060887 -0.012928
v 0.109226 0.072014 -0.012928
v 0.038133 0.125070 -0.012772
v 0.025628 0.128222 -0.012772
v -0.092889 0.092045 -0.012772
v -0.101547 0.082433 -0.012772
v -0.109226 0.072014 -0.012772
v -0.115854 0.060887 -0.012772
v 0.083337 0.100757 -0.012772
v -0.061925 0.115153 -0.012772
v -0.128841 0.024363 -0.012772
v 0.131295 0.000000 -0.012789
v 0.101547 0.082433 -0.012772
v -0.131295 0.000000 -0.012928
v 0.092889 -0.092045 -0.012928
v 0.072982 -0.108484 -0.012928
v 0.061925 -0.115153 -0.012928
v 0.050271 -0.120700 -0.012928
v 0.012876 -0.130125 -0.012928
v -0.000000 -0.130761 -0.012928
v -0.012876 -0.130125 -0.012928
v -0.025628 -0.128221 -0.012928
v -0.038134 -0.125069 -0.012928
v -0.050271 -0.120699 -0.012928
v -0.072983 -0.108484 -0.012928
v -0.083337 -0.100756 -0.012928
v -0.121365 -0.049160 -0.012928
v -0.125708 -0.036947 -0.012928
v -0.130732 -0.011532 -0.012927
v 0.130732 -0.011532 -0.012928
v 0.128841 -0.024363 -0.012928
v 0.125708 -0.036947 -0.012928
v 0.121365 -0.049161 -0.012928
v 0.115853 -0.060887 -0.012928
v 0.109226 -0.072014 -0.012928
v 0.038133 -0.125070 -0.012772
v 0.025628 -0.128222 -0.012772
v -0.092889 -0.092045 -0.012772
v -0.101547 -0.082433 -0.012772
v -0.109226 -0.072014 -0.012772
v -0.115854 -0.060887 -0.012772
v 0.083337 -0.100757 -0.012772
v -0.061925 -0.115153 -0.012772
v -0.128841 -0.024363 -0.012772
v 0.101547 -0.082433 -0.012772
v -0.761394 -0.863355 0.093988
v -0.761394 1.154080 0.093988
v -0.766794 -0.863355 0.093988
v -0.766794 1.154080 0.093988
v -0.763471 -0.863355 0.096111
v -0.764717 -0.863355 0.096111
v -0.764717 1.154080 0.096111
v -0.763471 1.154080 0.096111
v -0.755994 -0.863355 0.093988
v -0.755994 1.154080 0.093988
v -0.761394 -0.863355 0.093988
v -0.761394 1.154080 0.093988
v -0.758072 -0.863355 0.096111
v -0.759317 -0.863355 0.096111
v -0.759317 1.154080 0.096111
v -0.758072 1.154080 0.096111
v -0.750595 -0.863355 0.093988
v -0.750595 1.154080 0.093988
v -0.755994 -0.863355 0.093988
v -0.755994 1.154080 0.093988
v -0.752672 -0.863355 0.096111
v -0.753917 -0.863355 0.096111
v -0.753917 1.154080 0.096111
v -0.752672 1.154080 0.096111
v -0.745195 -0.863355 0.093988
v -0.745195 1.154080 0.093988
v -0.750595 -0.863355 0.093988
v -0.750595 1.154080 0.093988
v -0.747272 -0.863355 0.096111
v -0.748517 -0.863355 0.096111
v -0.748517 1.154080 0.096111
v -0.747272 1.154080 0.096111
v -0.739795 -0.863355 0.093988
v -0.739795 1.154080 0.093988
v -0.745195 -0.863355 0.093988
v -0.745195 1.154080 0.093988
v -0.741872 -0.863355 0.096111
v -0.743118 -0.863355 0.096111
v -0.743118 1.154080 0.096111
v -0.741872 1.154080 0.096111
v -0.734395 -0.863355 0.093988
v -0.734395 1.154080 0.093988
v -0.739795 -0.863355 0.093988
v -0.739795 1.154080 0.093988
v -0.736473 -0.863355 0.096111
v -0.737718 -0.863355 0.096111
v -0.737718 1.154080 0.096111
v -0.736473 1.154080 0.096111
v -0.728996 -0.863355 0.093988
v -0.728996 1.154080 0.093988
v -0.734395 -0.863355 0.093988
v -0.734395 1.154080 0.093988
v -0.731073 -0.863355 0.096111
v -0.732318 -0.863355 0.096111
v -0.732318 1.154080 0.096111
v -0.731073 1.154080 0.096111
v -0.723596 -0.863355 0.093988
v -0.723596 1.154080 0.093988
v -0.728996 -0.863355 0.093988
v -0.728996 1.154080 0.093988
v -0.725673 -0.863355 0.096111
v -0.726918 -0.863355 0.096111
v -0.726918 1.154080 0.096111
v -0.725673 1.154080 0.096111
v -0.718196 -0.863355 0.093988
v -0.718196 1.154080 0.093988
v -0.723596 -0.863355 0.093988
v -0.723596 1.154080 0.093988
v -0.720273 -0.863355 0.096111
v -0.721519 -0.863355 0.096111
v -0.721519 1.154080 0.096111
v -0.720273 1.154080 0.096111
v -0.712796 -0.863355 0.093988
v -0.712796 1.154080 0.093988
v -0.718196 -0.863355 0.093988
v -0.718196 1.154080 0.093988
v -0.714873 -0.863355 0.096111
v -0.716119 -0.863355 0.096111
v -0.716119 1.154080 0.096111
v -0.714873 1.154080 0.096111
v -0.707396 -0.863355 0.093988
v -0.707396 1.154080 0.093988
v -0.712796 -0.863355 0.093988
v -0.712796 1.154080 0.093988
v -0.709474 -0.863355 0.096111
v -0.710719 -0.863355 0.096111
v -0.710719 1.154080 0.096111
v -0.709474 1.154080 0.096111
v -0.701997 -0.863355 0.093988
v -0.701997 1.154080 0.093988
v -0.707396 -0.863355 0.093988
v -0.707396 1.154080 0.093988
v -0.704074 -0.863355 0.096111
v -0.705319 -0.863355 0.096111
v -0.705319 1.154080 0.096111
v -0.704074 1.154080 0.096111
v -0.696597 -0.863355 0.093988
v -0.696597 1.154080 0.093988
v -0.701997 -0.863355 0.093988
v -0.701997 1.154080 0.093988
v -0.698674 -0.863355 0.096111
v -0.699919 -0.863355 0.096111
v -0.699919 1.154080 0.096111
v -0.698674 1.154080 0.096111
v -0.691197 -0.863355 0.093988
v -0.691197 1.154080 0.093988
v -0.696597 -0.863355 0.093988
v -0.696597 1.154080 0.093988
v -0.693274 -0.863355 0.096111
v -0.694520 -0.863355 0.096111
v -0.694520 1.154080 0.096111
v -0.693274 1.154080 0.096111
v -0.685797 -0.863355 0.093988
v -0.685797 1.154080 0.093988
v -0.691197 -0.863355 0.093988
v -0.691197 1.154080 0.093988
v -0.687874 -0.863355 0.096111
v -0.689120 -0.863355 0.096111
v -0.689120 1.154080 0.096111
v -0.687874 1.154080 0.096111
v -0.680397 -0.863355 0.093988
v -0.680397 1.154080 0.093988
v -0.685797 -0.863355 0.093988
v -0.685797 1.154080 0.093988
v -0.682475 -0.863355 0.096111
v -0.683720 -0.863355 0.096111
v -0.683720 1.154080 0.096111
v -0.682475 1.154080 0.096111
v -0.674998 -0.863355 0.093988
v -0.674998 1.154080 0.093988
v -0.680397 -0.863355 0.093988
v -0.680397 1.154080 0.093988
v -0.677075 -0.863355 0.096111
v -0.678320 -0.863355 0.096111
v -0.678320 1.154080 0.096111
v -0.677075 1.154080 0.096111
v -0.669598 -0.863355 0.093988
v -0.669598 1.154080 0.093988
v -0.674998 -0.863355 0.093988
v -0.674998 1.154080 0.093988
v -0.671675 -0.863355 0.096111
v -0.672920 -0.863355 0.096111
v -0.672920 1.154080 0.096111
v -0.671675 1.154080 0.096111
v -0.664198 -0.863355 0.093988
v -0.664198 1.154080 0.093988
v -0.669598 -0.863355 0.093988
v -0.669598 1.154080 0.093988
v -0.666275 -0.863355 0.096111
v -0.667521 -0.863355 0.096111
v -0.667521 1.154080 0.096111
v -0.666275 1.154080 0.096111
v -0.658798 -0.863355 0.093988
v -0.658798 1.154080 0.093988
v -0.664198 -0.863355 0.093988
v -0.664198 1.154080 0.093988
v -0.660876 -0.863355 0.096111
v -0.662121 -0.863355 0.096111
v -0.662121 1.154080 0.096111
v -0.660876 1.154080 0.096111
vn -0.3039 -0.8984 0.3171
vn -0.3362 -0.8868 0.3171
vn -0.3448 -0.8836 0.3166
vn -0.0000 -0.0000 1.0000
vn -1.0000 -0.0000 -0.0000
vn -0.0000 -0.0000 -1.0000
vn 1.0000 -0.0000 -0.0000
vn 0.0043 0.0005 -1.0000
vn -0.0000 1.0000 -0.0000
vn -0.0000 -1.0000 -0.0000
vn -0.0076 -0.0000 -1.0000
vn 0.0044 -0.0000 -1.0000
vn 0.0448 -0.9241 0.3796
vn 0.0089 -0.9273 0.3742
vn 0.0626 -0.9219 0.3823
vn 0.0981 -0.9165 0.3877
vn 0.1157 -0.9133 0.3904
vn 0.1507 -0.9059 0.3957
vn 0.1680 -0.9017 0.3983
vn 0.2023 -0.8923 0.4035
vn 0.2193 -0.8871 0.4061
vn 0.2599 -0.8732 0.4122
vn 0.2584 -0.8738 0.4120
vn 0.2924 -0.8645 0.4089
vn 0.3220 -0.8494 0.4181
vn 0.3299 -0.8454 0.4201
vn 0.3967 -0.8096 0.4327
vn 0.3698 -0.8243 0.4287
vn 0.4118 -0.8008 0.4349
vn 0.4415 -0.7823 0.4393
vn 0.4560 -0.7727 0.4415
vn 0.4846 -0.7527 0.4457
vn 0.4985 -0.7423 0.4478
vn 0.5257 -0.7208 0.4518
vn 0.5390 -0.7097 0.4538
vn 0.5649 -0.6867 0.4576
vn 0.5774 -0.6749 0.4594
vn 0.6019 -0.6506 0.4630
vn 0.6138 -0.6382 0.4648
vn 0.6368 -0.6127 0.4681
vn 0.6479 -0.5996 0.4698
vn 0.6694 -0.5730 0.4729
vn 0.6797 -0.5593 0.4744
vn 0.6997 -0.5316 0.4773
vn 0.7092 -0.5175 0.4787
vn 0.7276 -0.4888 0.4814
vn 0.7363 -0.4742 0.4827
vn 0.7530 -0.4447 0.4851
vn 0.7609 -0.4296 0.4862
vn 0.7759 -0.3993 0.4884
vn 0.7830 -0.3839 0.4894
vn 0.7963 -0.3528 0.4914
vn 0.8025 -0.3371 0.4923
vn 0.8141 -0.3054 0.4939
vn 0.8195 -0.2894 0.4947
vn 0.8293 -0.2571 0.4961
vn 0.8338 -0.2409 0.4968
vn 0.8418 -0.2082 0.4979
vn 0.8454 -0.1918 0.4985
vn 0.8517 -0.1588 0.4994
vn 0.8544 -0.1422 0.4998
vn 0.8589 -0.1089 0.5004
vn 0.8607 -0.0923 0.5007
vn 0.8634 -0.0588 0.5011
vn 0.8643 -0.0420 0.5012
vn 0.8653 -0.0000 0.5013
vn 0.8643 0.0420 0.5012
vn 0.8634 0.0588 0.5010
vn 0.8607 0.0923 0.5007
vn 0.8589 0.1089 0.5004
vn 0.8544 0.1422 0.4998
vn 0.8517 0.1588 0.4995
vn 0.8454 0.1918 0.4985
vn 0.8418 0.2082 0.4979
vn 0.8338 0.2409 0.4968
vn 0.8293 0.2571 0.4961
vn 0.8195 0.2894 0.4947
vn 0.8141 0.3054 0.4939
vn 0.8025 0.3371 0.4923
vn 0.7963 0.3528 0.4914
vn 0.7830 0.3839 0.4894
vn 0.7759 0.3992 0.4884
vn 0.7609 0.4296 0.4862
vn 0.7530 0.4446 0.4851
vn 0.7363 0.4742 0.4827
vn 0.7276 0.4888 0.4814
vn 0.7092 0.5175 0.4787
vn 0.6997 0.5316 0.4773
vn 0.6797 0.5593 0.4744
vn 0.6694 0.5730 0.4729
vn 0.6479 0.5996 0.4698
vn 0.6368 0.6127 0.4681
vn 0.6138 0.6382 0.4648
vn 0.6019 0.6506 0.4630
vn 0.5775 0.6749 0.4594
vn 0.5649 0.6867 0.4576
vn 0.5390 0.7097 0.4538
vn 0.5257 0.7208 0.4518
vn 0.4985 0.7423 0.4478
vn 0.4846 0.7527 0.4457
vn 0.4561 0.7727 0.4415
vn 0.4415 0.7823 0.4393
vn 0.4118 0.8008 0.4349
vn 0.3967 0.8096 0.4327
vn 0.3700 0.8242 0.4287
vn 0.3523 0.8333 0.4261
vn 0.3302 0.8452 0.4202
vn 0.2601 0.8732 0.4122
vn 0.2927 0.8643 0.4092
vn 0.2587 0.8737 0.4120
vn 0.2193 0.8871 0.4061
vn 0.2024 0.8923 0.4035
vn 0.1680 0.9017 0.3983
vn 0.1507 0.9059 0.3957
vn 0.1157 0.9133 0.3904
vn 0.0981 0.9165 0.3878
vn 0.0626 0.9219 0.3824
vn 0.0448 0.9240 0.3796
vn 0.0090 0.9273 0.3742
vn -0.0090 0.9284 0.3714
vn -0.0451 0.9296 0.3659
vn -0.0632 0.9296 0.3631
vn -0.0994 0.9286 0.3575
vn -0.1175 0.9275 0.3548
vn -0.1538 0.9244 0.3492
vn -0.1719 0.9222 0.3464
vn -0.2080 0.9169 0.3408
vn -0.2259 0.9136 0.3380
vn -0.2593 0.9066 0.3328
vn -0.2784 0.9021 0.3298
vn -0.3042 0.8983 0.3172
vn -0.3366 0.8866 0.3172
vn -0.3450 0.8836 0.3166
vn -0.3785 0.8706 0.3142
vn -0.4188 0.8543 0.3079
vn -0.4357 0.8468 0.3052
vn -0.4691 0.8307 0.3000
vn -0.4854 0.8221 0.2974
vn -0.5178 0.8040 0.2923
vn -0.5337 0.7945 0.2897
vn -0.5650 0.7744 0.2848
vn -0.5803 0.7639 0.2823
vn -0.6104 0.7419 0.2776
vn -0.6251 0.7304 0.2752
vn -0.6539 0.7065 0.2706
vn -0.6679 0.6942 0.2684
vn -0.6952 0.6686 0.2640
vn -0.7084 0.6554 0.2619
vn -0.7341 0.6281 0.2578
vn -0.7466 0.6141 0.2558
vn -0.7707 0.5853 0.2519
vn -0.7823 0.5706 0.2501
vn -0.8046 0.5403 0.2465
vn -0.8152 0.5248 0.2448
vn -0.8357 0.4933 0.2415
vn -0.8455 0.4771 0.2399
vn -0.8640 0.4444 0.2369
vn -0.8727 0.4277 0.2355
vn -0.8892 0.3938 0.2328
vn -0.8970 0.3766 0.2315
vn -0.9114 0.3417 0.2292
vn -0.9181 0.3240 0.2281
vn -0.9305 0.2883 0.2261
vn -0.9361 0.2703 0.2252
vn -0.9462 0.2339 0.2235
vn -0.9507 0.2155 0.2228
vn -0.9587 0.1785 0.2215
vn -0.9621 0.1600 0.2210
vn -0.9678 0.1226 0.2200
vn -0.9700 0.1038 0.2198
vn -0.9735 0.0661 0.2191
vn -0.9746 0.0472 0.2190
vn -0.9758 -0.0000 0.2187
vn -0.9746 -0.0472 0.2189
vn -0.9735 -0.0661 0.2191
vn -0.9700 -0.1038 0.2197
vn -0.9678 -0.1225 0.2200
vn -0.9621 -0.1600 0.2210
vn -0.9587 -0.1786 0.2215
vn -0.9507 -0.2155 0.2228
vn -0.9462 -0.2339 0.2235
vn -0.9361 -0.2703 0.2252
vn -0.9305 -0.2883 0.2261
vn -0.9181 -0.3240 0.2281
vn -0.9114 -0.3417 0.2292
vn -0.8970 -0.3766 0.2315
vn -0.8892 -0.3938 0.2328
vn -0.8727 -0.4277 0.2355
vn -0.8640 -0.4444 0.2369
vn -0.8455 -0.4771 0.2399
vn -0.8357 -0.4933 0.2414
vn -0.8152 -0.5249 0.2448
vn -0.8046 -0.5403 0.2465
vn -0.7823 -0.5706 0.2501
vn -0.7707 -0.5853 0.2519
vn -0.7466 -0.6141 0.2558
vn -0.7341 -0.6281 0.2578
vn -0.7084 -0.6554 0.2619
vn -0.6952 -0.6686 0.2640
vn -0.6679 -0.6942 0.2684
vn -0.6539 -0.7065 0.2706
vn -0.6251 -0.7304 0.2752
vn -0.6104 -0.7419 0.2776
vn -0.5804 -0.7639 0.2823
vn -0.5650 -0.7744 0.2848
vn -0.5337 -0.7945 0.2897
vn -0.5178 -0.8040 0.2923
vn -0.4854 -0.8221 0.2974
vn -0.4690 -0.8307 0.3000
vn -0.4357 -0.8468 0.3052
vn -0.4188 -0.8543 0.3079
vn -0.3781 -0.8708 0.3143
vn -0.3812 -0.8696 0.3138
vn -0.2782 -0.9021 0.3299
vn -0.2591 -0.9067 0.3328
vn -0.2259 -0.9136 0.3380
vn -0.2080 -0.9169 0.3408
vn -0.1719 -0.9222 0.3463
vn -0.1538 -0.9244 0.3491
vn -0.1176 -0.9275 0.3547
vn -0.0994 -0.9286 0.3575
vn -0.0632 -0.9296 0.3631
vn -0.0451 -0.9296 0.3659
vn -0.0090 -0.9284 0.3714
vn -0.3926 0.0428 0.9187
vn 0.9941 0.1083 0.0002
vn 0.9996 0.0272 -0.0000
vn -0.8689 0.2879 -0.4026
vn -0.8584 0.3177 -0.4027
vn -0.8600 0.3135 -0.4027
vn 0.6217 -0.6718 -0.4028
vn 0.5952 -0.6953 -0.4028
vn 0.6346 -0.6595 -0.4028
vn -0.0003 -1.0000 0.0033
vn -0.0003 -1.0000 0.0032
vn -0.0000 -1.0000 0.0062
vn -0.4627 -0.7898 -0.4027
vn -0.5030 -0.7648 -0.4027
vn 0.8439 0.3545 -0.4028
vn 0.8600 0.3135 -0.4027
vn 0.8368 0.3708 -0.4028
vn 0.8765 0.2637 -0.4027
vn 0.8744 0.2706 -0.4027
vn 0.8842 0.2369 -0.4025
vn -0.7288 0.5538 -0.4027
vn -0.7068 0.5817 -0.4027
vn -0.6954 0.5952 -0.4027
vn 0.4627 -0.7897 -0.4027
vn 0.4344 -0.8057 -0.4025
vn 0.4345 -0.8057 -0.4025
vn -0.6719 -0.6216 -0.4027
vn -0.6955 -0.5951 -0.4027
vn -0.7069 -0.5815 -0.4027
vn -0.8405 0.3625 -0.4027
vn -0.8180 0.4108 -0.4027
vn -0.7972 -0.4498 -0.4027
vn -0.8140 -0.4186 -0.4027
vn -0.8220 -0.4028 -0.4027
vn -0.8744 -0.2706 -0.4027
vn -0.8630 -0.3052 -0.4027
vn -0.8689 -0.2879 -0.4025
vn -0.5466 -0.7342 -0.4027
vn 0.4681 0.7808 -0.4137
vn 0.4846 0.7723 -0.4107
vn 0.4605 0.7818 -0.4205
vn 0.5816 -0.7068 -0.4028
vn 0.5466 -0.7342 -0.4027
vn -0.8370 -0.3706 -0.4027
vn -0.8440 -0.3543 -0.4027
vn 0.7883 -0.4652 -0.4028
vn 0.7696 -0.4954 -0.4028
vn 0.7971 -0.4498 -0.4028
vn -0.7697 -0.4955 -0.4027
vn -0.7883 -0.4652 -0.4027
vn 0.5536 0.7289 -0.4028
vn 0.5814 0.7069 -0.4028
vn 0.5394 0.7395 -0.4028
vn 0.7012 -0.5884 -0.4027
vn 0.6719 -0.6215 -0.4028
vn 0.8842 -0.2369 -0.4025
vn 0.8744 -0.2707 -0.4027
vn 0.8765 -0.2638 -0.4027
vn -0.6346 -0.6596 -0.4027
vn -0.6597 -0.6345 -0.4027
vn -0.4846 0.7723 -0.4107
vn -0.4679 0.7809 -0.4138
vn -0.4605 0.7818 -0.4203
vn -0.6718 0.6217 -0.4027
vn -0.6596 0.6347 -0.4027
vn -0.5817 -0.7068 -0.4027
vn -0.5953 -0.6954 -0.4027
vn -0.8765 -0.2637 -0.4027
vn -0.8842 -0.2369 -0.4025
vn 0.6717 0.6217 -0.4028
vn 0.7012 0.5884 -0.4027
vn 0.6596 0.6346 -0.4028
vn 0.5110 0.7593 -0.4028
vn 0.8369 -0.3706 -0.4028
vn 0.8220 -0.4027 -0.4028
vn 0.8440 -0.3542 -0.4028
vn 0.5950 0.6955 -0.4028
vn 0.6216 0.6719 -0.4028
vn 0.7927 0.4577 -0.4027
vn 0.8139 0.4188 -0.4028
vn 0.8140 -0.4186 -0.4028
vn -0.7290 -0.5536 -0.4027
vn -0.7395 -0.5394 -0.4027
vn 0.7697 0.4955 -0.4027
vn 0.6597 -0.6345 -0.4028
vn 0.7599 -0.5102 -0.4028
vn 0.7342 -0.5466 -0.4027
vn 0.8689 -0.2879 -0.4025
vn 0.8556 -0.3252 -0.4028
vn 0.8630 -0.3051 -0.4028
vn 0.6345 0.6597 -0.4028
vn -0.7598 0.5105 -0.4027
vn -0.7394 0.5395 -0.4027
vn 0.8689 0.2879 -0.4025
vn 0.7290 0.5536 -0.4027
vn 0.7395 0.5394 -0.4027
vn -0.8556 -0.3252 -0.4027
vn -0.6281 0.6658 -0.4027
vn -0.5952 0.6954 -0.4028
vn -0.7599 -0.5103 -0.4027
vn -0.5816 0.7068 -0.4028
vn -0.5466 0.7342 -0.4027
vn -0.8842 0.2369 -0.4026
vn -0.8744 0.2706 -0.4027
vn -0.8766 0.2636 -0.4027
vn -0.7970 0.4501 -0.4027
vn -0.7882 0.4654 -0.4027
vn -0.6218 -0.6718 -0.4027
vn 0.8218 0.4030 -0.4028
vn 0.7599 0.5103 -0.4027
vn -0.4344 -0.8057 -0.4026
vn -0.4344 -0.8057 -0.4025
vn -0.7695 0.4957 -0.4027
vn 0.5030 -0.7648 -0.4027
vn -0.5112 0.7593 -0.4027
vn 0.3993 -0.9168 -0.0000
vn 0.3238 -0.9461 -0.0000
vn 0.4386 -0.8987 -0.0000
vn 0.5002 0.8659 -0.0000
vn 0.5751 0.8181 -0.0000
vn 0.6109 0.7917 -0.0000
vn 0.9049 -0.4257 -0.0000
vn 0.8592 -0.5116 -0.0000
vn 0.9245 -0.3812 -0.0000
vn 0.9918 0.1274 -0.0000
vn 0.9999 0.0162 -0.0000
vn 0.9570 -0.2901 -0.0000
vn 0.9701 -0.2429 0.0001
vn -0.9855 -0.1696 -0.0000
vn -0.9984 -0.0574 -0.0000
vn -0.9782 -0.2077 -0.0001
vn 0.3809 0.9246 -0.0000
vn 0.4612 0.8873 -0.0000
vn 0.1793 -0.9838 -0.0000
vn 0.1103 -0.9939 -0.0000
vn 0.2134 -0.9770 -0.0000
vn 0.2887 -0.9574 -0.0000
vn -0.0479 -0.9989 -0.0000
vn -0.1306 -0.9914 -0.0000
vn -0.0097 -1.0000 -0.0000
vn 0.7949 0.6067 -0.0000
vn 0.8457 0.5336 -0.0000
vn 0.8695 0.4940 -0.0000
vn 0.8332 -0.5530 -0.0000
vn 0.7752 -0.6317 -0.0000
vn 0.9314 0.3640 -0.0000
vn 0.9594 0.2820 -0.0000
vn 0.9694 0.2455 -0.0000
vn -0.7967 -0.6044 -0.0000
vn -0.8653 -0.5012 -0.0000
vn -0.7610 -0.6488 -0.0000
vn -0.8113 0.5847 -0.0000
vn -0.7573 0.6531 -0.0000
vn -0.7275 0.6861 -0.0000
vn -0.3476 -0.9376 -0.0000
vn -0.4712 -0.8820 -0.0000
vn -0.2775 -0.9607 -0.0000
vn -0.5184 0.8552 -0.0000
vn -0.4392 0.8984 -0.0000
vn -0.3985 0.9172 -0.0000
vn 0.7097 0.7045 -0.0000
vn 0.7680 0.6404 -0.0000
vn -0.5187 -0.8550 -0.0000
vn -0.5870 -0.8096 -0.0000
vn -0.9611 -0.2761 -0.0000
vn -0.9532 -0.3022 -0.0000
vn -0.9761 0.2174 -0.0000
vn -0.9521 0.3058 -0.0000
vn -0.9360 0.3520 -0.0000
vn 0.6782 0.7348 -0.0000
vn -0.8799 0.4752 -0.0000
vn -0.8357 0.5492 -0.0000
vn 0.9857 0.1683 -0.0000
vn -0.1753 -0.9845 -0.0000
vn -0.9355 -0.3534 -0.0000
vn -0.9255 -0.3787 -0.0000
vn -0.3165 0.9486 -0.0000
vn -0.2754 0.9613 -0.0000
vn -0.0165 0.9999 -0.0000
vn 0.0745 0.9972 -0.0000
vn 0.1206 0.9927 -0.0000
vn 0.0754 -0.9972 -0.0000
vn 0.7432 -0.6691 -0.0000
vn 0.6740 -0.7388 -0.0000
vn 0.2544 0.9671 -0.0000
vn 0.3395 0.9406 -0.0000
vn 0.6366 -0.7712 -0.0000
vn 0.5576 -0.8301 -0.0000
vn -0.9986 0.0526 -0.0000
vn -0.9957 0.0929 -0.0000
vn 0.9933 -0.1153 -0.0000
vn 0.5158 -0.8567 -0.0000
vn -0.1916 0.9815 -0.0000
vn -0.1489 0.9889 -0.0000
vn -0.8997 0.4365 -0.0000
vn 0.2105 0.9776 -0.0000
vn -0.8888 -0.4583 -0.0000
vn 0.9124 0.4093 -0.0000
vn -0.9845 0.1753 -0.0000
vn -0.7209 -0.6931 -0.0000
vn -0.6996 -0.7145 -0.0000
vn -0.6164 -0.7874 -0.0000
vn -0.6292 0.7773 -0.0000
vn -0.5566 0.8308 -0.0000
vn -0.0613 0.9981 -0.0000
vn -0.6635 0.7482 -0.0000
vn 0.9874 -0.1581 -0.0000
vn 0.9525 -0.2952 0.0749
vn 0.9403 -0.3319 0.0749
vn 0.9337 -0.3501 0.0749
vn 0.6635 -0.2786 -0.6944
vn 0.6738 -0.2526 -0.6944
vn 0.6580 -0.2913 -0.6944
vn 0.5234 0.4938 -0.6944
vn 0.4989 0.5186 -0.6944
vn 0.4888 0.5282 -0.6944
vn -0.3598 -0.6232 -0.6944
vn -0.3230 -0.6431 -0.6944
vn 0.4679 0.5467 -0.6944
vn 0.4573 0.5557 -0.6944
vn -0.1636 0.9837 0.0749
vn -0.1158 0.9904 0.0749
vn -0.1827 0.9803 0.0749
vn 0.5557 -0.4572 -0.6944
vn 0.5730 -0.4353 -0.6944
vn 0.5813 -0.4242 -0.6944
vn 0.7196 -0.0000 -0.6944
vn 0.7184 0.0418 -0.6944
vn -0.9680 0.2394 0.0749
vn -0.9553 0.2860 0.0749
vn -0.2914 -0.6580 -0.6944
vn -0.7639 -0.6410 0.0749
vn -0.7941 -0.6032 0.0749
vn 0.5398 -0.8384 0.0749
vn 0.5069 -0.8587 0.0749
vn 0.5560 -0.8278 0.0749
vn 0.7139 0.0906 -0.6944
vn 0.7087 0.1250 -0.6944
vn 0.7155 0.0767 -0.6944
vn -0.4626 0.5513 -0.6944
vn -0.4888 0.5282 -0.6944
vn -0.0835 0.7147 -0.6944
vn -0.1180 0.7099 -0.6944
vn -0.1318 0.7075 -0.6944
vn 0.3411 -0.9371 0.0749
vn 0.2952 -0.9525 0.0749
vn -0.6894 0.2064 -0.6944
vn -0.6986 0.1727 -0.6944
vn -0.6051 0.3896 -0.6944
vn -0.6197 0.3658 -0.6944
vn -0.5974 0.4012 -0.6944
vn 0.4561 0.8867 0.0749
vn 0.4986 0.8636 0.0749
vn 0.4389 0.8954 0.0749
vn 0.2860 0.9553 0.0749
vn 0.3320 0.9403 0.0749
vn 0.3501 0.9337 0.0749
vn 0.1827 0.9803 0.0749
vn 0.2206 0.9725 0.0749
vn 0.1637 0.9837 0.0749
vn -0.7018 0.1591 -0.6944
vn -0.7075 0.1318 -0.6944
vn 0.4353 0.5730 -0.6944
vn 0.4241 0.5813 -0.6944
vn 0.8867 -0.4562 0.0749
vn 0.8684 -0.4902 0.0749
vn 0.8954 -0.4389 0.0749
vn -0.0348 -0.7188 -0.6944
vn -0.0069 -0.7196 -0.6944
vn -0.0488 -0.7180 -0.6944
vn 0.4389 -0.8954 0.0749
vn 0.3950 -0.9156 0.0749
vn 0.4562 -0.8867 0.0749
vn 0.8587 -0.5070 0.0749
vn 0.8384 -0.5399 0.0749
vn 0.2913 -0.6580 -0.6944
vn 0.3230 -0.6431 -0.6944
vn 0.6032 0.7941 0.0749
vn 0.6410 0.7639 0.0749
vn -0.4902 0.8684 0.0749
vn -0.4475 0.8911 0.0749
vn 0.9914 0.1073 0.0749
vn 0.9949 0.0676 0.0749
vn 0.9930 0.0918 0.0749
vn 0.9893 -0.1254 0.0749
vn 0.9837 -0.1636 0.0749
vn 0.9803 -0.1827 0.0749
vn -0.0835 -0.7147 -0.6944
vn 0.3950 0.9156 0.0749
vn 0.9680 -0.2394 0.0749
vn 0.9580 -0.2767 0.0749
vn 0.9156 -0.3950 0.0749
vn 0.4626 -0.5512 -0.6944
vn 0.4927 -0.5245 -0.6944
vn 0.4915 -0.5256 -0.6944
vn 0.5877 -0.8056 0.0749
vn 0.6032 -0.7941 0.0749
vn 0.3167 0.6462 -0.6944
vn 0.2850 0.6608 -0.6944
vn 0.3291 0.6400 -0.6944
vn 0.4902 -0.8684 0.0749
vn 0.8056 0.5877 0.0749
vn 0.8278 0.5560 0.0749
vn 0.7941 0.6032 0.0749
vn -0.4924 -0.5248 -0.6944
vn -0.4626 -0.5512 -0.6944
vn -0.4906 -0.5264 -0.6944
vn 0.5560 0.8278 0.0749
vn 0.5877 0.8056 0.0749
vn -0.3950 0.9156 0.0749
vn 0.6894 -0.2064 -0.6944
vn 0.7002 -0.1660 -0.6944
vn -0.6431 0.3230 -0.6944
vn -0.6580 0.2915 -0.6944
vn -0.6635 0.2787 -0.6944
vn 0.5344 -0.4821 -0.6943
vn 0.5467 -0.4679 -0.6944
vn -0.6410 0.7639 0.0749
vn -0.5955 0.7999 0.0749
vn 0.7147 -0.0835 -0.6944
vn 0.7184 -0.0418 -0.6944
vn 0.7253 0.6843 0.0749
vn 0.7639 0.6410 0.0749
vn -0.2300 -0.9703 0.0749
vn -0.2767 -0.9580 0.0749
vn -0.2952 -0.9525 0.0749
vn -0.6580 -0.2914 -0.6944
vn -0.6431 -0.3230 -0.6944
vn -0.9837 -0.1636 0.0749
vn -0.9904 -0.1158 0.0749
vn -0.9803 -0.1827 0.0749
vn -0.7186 0.6913 0.0749
vn -0.6843 0.7253 0.0749
vn -0.7319 0.6772 0.0749
vn 0.6873 0.2131 -0.6944
vn 0.6786 0.2396 -0.6944
vn 0.6913 0.1997 -0.6944
vn -0.3411 -0.9371 0.0749
vn -0.3950 -0.9156 0.0749
vn -0.5069 -0.8587 0.0749
vn -0.5398 -0.8384 0.0749
vn -0.5560 -0.8278 0.0749
vn -0.0676 0.9949 0.0749
vn -0.0483 0.9960 0.0749
vn -0.9403 0.3320 0.0749
vn -0.7099 0.1180 -0.6944
vn -0.7139 0.0904 -0.6944
vn -0.6267 0.3537 -0.6944
vn 0.0483 -0.9960 0.0749
vn -0.0000 -0.9972 0.0749
vn 0.0676 -0.9949 0.0749
vn 0.5973 -0.4013 -0.6944
vn 0.6050 -0.3897 -0.6944
vn -0.9892 0.1263 0.0749
vn -0.9837 0.1636 0.0749
vn -0.9803 0.1827 0.0749
vn -0.2850 0.6608 -0.6944
vn -0.3230 0.6431 -0.6944
vn 0.4013 0.5973 -0.6944
vn 0.3896 0.6050 -0.6944
vn -0.9194 -0.3860 0.0749
vn -0.9337 -0.3501 0.0749
vn -0.9118 -0.4038 0.0749
vn -0.1726 0.6986 -0.6944
vn -0.1997 0.6914 -0.6944
vn -0.2130 0.6874 -0.6944
vn -0.5772 -0.4297 -0.6944
vn -0.5558 -0.4571 -0.6944
vn -0.5468 -0.4678 -0.6944
vn 0.6773 0.7319 0.0749
vn -0.8954 -0.4388 0.0749
vn -0.8867 -0.4562 0.0749
vn -0.5955 -0.7999 0.0749
vn 0.1660 0.7002 -0.6944
vn 0.1319 0.7074 -0.6944
vn 0.1182 0.7099 -0.6944
vn 0.1158 -0.9904 0.0749
vn 0.7002 0.1660 -0.6944
vn -0.7180 -0.0488 -0.6944
vn -0.7155 -0.0765 -0.6944
vn -0.7139 -0.0904 -0.6944
vn -0.8911 0.4475 0.0749
vn -0.8684 0.4902 0.0749
vn -0.8587 0.5069 0.0749
vn -0.9403 -0.3319 0.0749
vn -0.9525 -0.2952 0.0749
vn 0.6431 -0.3230 -0.6944
vn 0.9867 0.1445 0.0749
vn -0.2526 0.6738 -0.6944
vn -0.7188 0.0348 -0.6944
vn -0.7196 -0.0000 -0.6944
vn -0.7180 0.0488 -0.6944
vn -0.9949 -0.0676 0.0749
vn -0.9960 -0.0484 0.0749
vn -0.0097 0.9971 0.0749
vn 0.0097 0.9971 0.0749
vn 0.0767 0.7155 -0.6944
vn 0.0418 0.7184 -0.6944
vn 0.6197 0.3659 -0.6944
vn 0.6050 0.3897 -0.6944
vn 0.6266 0.3538 -0.6944
vn -0.4989 0.5186 -0.6944
vn -0.5187 0.4989 -0.6944
vn 0.6410 -0.7639 0.0749
vn -0.1997 -0.6914 -0.6944
vn -0.1727 -0.6986 -0.6944
vn -0.2130 -0.6874 -0.6944
vn -0.2860 0.9553 0.0749
vn -0.2300 0.9703 0.0749
vn -0.4388 -0.8954 0.0749
vn -0.4562 -0.8867 0.0749
vn -0.9337 0.3502 0.0749
vn -0.9194 0.3861 0.0749
vn -0.7319 -0.6773 0.0749
vn -0.4297 0.5772 -0.6944
vn -0.0418 0.7184 -0.6944
vn 0.2394 0.9680 0.0749
vn 0.2461 0.6762 -0.6944
vn 0.5399 0.8384 0.0749
vn -0.6484 -0.7576 0.0749
vn -0.6843 -0.7253 0.0749
vn -0.6336 -0.7701 0.0749
vn -0.5561 0.8278 0.0749
vn -0.5399 0.8384 0.0749
vn 0.6786 -0.2395 -0.6944
vn 0.8911 0.4475 0.0749
vn 0.9118 0.4038 0.0749
vn 0.9194 0.3861 0.0749
vn -0.1827 -0.9803 0.0749
vn -0.1636 -0.9837 0.0749
vn 0.3598 0.6232 -0.6944
vn 0.6773 -0.7319 0.0749
vn -0.1250 -0.7087 -0.6944
vn 0.9949 -0.0676 0.0749
vn 0.9915 -0.1062 0.0749
vn -0.4902 -0.8684 0.0749
vn 0.7576 -0.6484 0.0749
vn 0.7320 -0.6772 0.0749
vn 0.7187 -0.6913 0.0749
vn 0.5730 0.4353 -0.6944
vn 0.5557 0.4572 -0.6944
vn 0.5813 0.4241 -0.6944
vn -0.2786 -0.6635 -0.6944
vn -0.2526 -0.6738 -0.6944
vn -0.5814 0.4241 -0.6944
vn -0.5731 0.4352 -0.6944
vn -0.3411 0.9371 0.0749
vn -0.6266 -0.3538 -0.6944
vn -0.9725 0.2206 0.0749
vn 0.9703 0.2300 0.0749
vn 0.9801 0.1839 0.0749
vn -0.3598 0.6232 -0.6944
vn -0.3897 0.6050 -0.6944
vn -0.5973 -0.4013 -0.6944
vn -0.6050 -0.3897 -0.6944
vn -0.9580 -0.2767 0.0749
vn -0.9680 -0.2394 0.0749
vn 0.7075 -0.1318 -0.6944
vn 0.1636 -0.9837 0.0749
vn -0.5558 0.4572 -0.6944
vn -0.5468 0.4678 -0.6944
vn 0.8278 -0.5561 0.0749
vn 0.7999 -0.5955 0.0749
vn 0.0905 0.7139 -0.6944
vn 0.3538 -0.6266 -0.6944
vn -0.7188 -0.0348 -0.6944
vn 0.1158 0.9904 0.0749
vn -0.8684 -0.4902 0.0749
vn -0.8587 -0.5069 0.0749
vn -0.7186 -0.6913 0.0749
vn 0.6913 -0.7186 0.0749
vn -0.0000 0.7196 -0.6944
vn -0.6738 0.2527 -0.6944
vn -0.6785 0.2396 -0.6944
vn 0.5467 0.4679 -0.6944
vn 0.2767 -0.9580 0.0749
vn 0.2300 -0.9703 0.0749
vn -0.8278 0.5560 0.0749
vn -0.8056 0.5877 0.0749
vn -0.7941 0.6032 0.0749
vn -0.1591 0.7018 -0.6944
vn -0.6738 -0.2526 -0.6944
vn -0.6635 -0.2785 -0.6944
vn 0.0835 -0.7147 -0.6944
vn 0.1250 -0.7087 -0.6944
vn 0.0483 0.9960 0.0749
vn 0.0676 0.9949 0.0749
vn 0.1727 -0.6986 -0.6944
vn 0.2064 -0.6894 -0.6944
vn -0.8056 -0.5877 0.0749
vn -0.8278 -0.5560 0.0749
vn 0.1827 -0.9803 0.0749
vn -0.9725 -0.2206 0.0749
vn 0.7099 -0.1180 -0.6944
vn 0.2130 0.6874 -0.6944
vn 0.8384 0.5399 0.0749
vn 0.8587 0.5069 0.0749
vn -0.7639 0.6410 0.0749
vn -0.4013 0.5973 -0.6944
vn 0.6266 -0.3538 -0.6944
vn 0.3659 -0.6197 -0.6944
vn 0.3897 -0.6050 -0.6944
vn 0.8684 0.4902 0.0749
vn 0.6399 0.3292 -0.6944
vn 0.6461 0.3168 -0.6944
vn 0.4353 -0.5730 -0.6944
vn 0.4242 -0.5813 -0.6944
vn -0.6197 -0.3659 -0.6944
vn -0.4242 -0.5813 -0.6944
vn -0.3954 -0.6012 -0.6944
vn -0.0483 -0.9960 0.0749
vn -0.0676 -0.9949 0.0749
vn -0.5069 0.8587 0.0749
vn -0.7002 -0.1660 -0.6944
vn -0.6894 -0.2064 -0.6944
vn -0.5263 -0.4908 -0.6944
vn -0.5304 -0.4864 -0.6943
vn 0.9972 -0.0000 0.0749
vn 0.9960 -0.0483 0.0749
vn 0.1997 0.6914 -0.6944
vn -0.8384 -0.5398 0.0749
vn -0.7155 0.0766 -0.6944
vn -0.8384 0.5399 0.0749
vn -0.9915 0.1066 0.0749
vn -0.9934 0.0869 0.0749
vn -0.7075 -0.1317 -0.6944
vn -0.1158 -0.9904 0.0749
vn -0.5282 0.4887 -0.6944
vn -0.9971 0.0097 0.0749
vn -0.9960 0.0492 0.0749
vn -0.9966 0.0329 0.0749
vn -0.2395 -0.6786 -0.6944
vn 0.2461 -0.6762 -0.6944
vn 0.2786 -0.6635 -0.6944
vn 0.7701 -0.6335 0.0749
vn 0.6738 0.2527 -0.6944
vn 0.6635 0.2787 -0.6944
vn 0.9725 -0.2205 0.0749
vn -0.6786 -0.2395 -0.6944
vn -0.2395 0.6786 -0.6944
vn 0.6913 0.7186 0.0749
vn -0.7099 -0.1180 -0.6944
vn 0.9580 0.2767 0.0749
vn 0.6197 -0.3659 -0.6944
vn 0.9960 0.0483 0.0749
vn -0.4353 -0.5730 -0.6944
vn 0.9337 0.3501 0.0749
vn 0.9403 0.3320 0.0749
vn -0.9971 -0.0097 0.0749
vn -0.5089 -0.5089 -0.6942
vn 0.0071 -0.7196 -0.6944
vn 0.0418 -0.7184 -0.6944
vn 0.5973 0.4013 -0.6944
vn -0.9117 0.4039 0.0749
vn 0.4013 -0.5973 -0.6944
vn 0.6579 0.2915 -0.6944
vn 0.1591 -0.7018 -0.6944
vn 0.9525 0.2952 0.0749
vn -0.1591 -0.7018 -0.6944
vn 0.5217 -0.4956 -0.6944
vn 0.5089 -0.5089 -0.6942
vn 0.1913 -0.9391 -0.2854
vn 0.1968 -0.9367 -0.2896
vn -0.0298 0.0695 -0.9971
vn -0.0046 0.0106 -0.9999
vn 0.0200 0.1194 -0.9926
vn 0.1914 0.9391 -0.2854
vn 0.1856 0.9416 -0.2809
vn 0.1912 -0.9392 -0.2852
vn 0.1914 -0.9391 -0.2853
vn 0.1968 -0.9367 -0.2897
vn -0.1831 0.9453 -0.2701
vn -0.1974 0.9366 -0.2896
vn -0.1764 0.9500 -0.2576
vn -0.1936 0.9390 0.2844
vn -0.1939 0.9390 0.2842
vn -0.1848 0.9389 0.2903
vn -0.8730 -0.0000 0.4876
vn -0.1939 -0.9390 0.2842
vn -0.1938 -0.9390 0.2842
vn -0.1989 -0.9390 0.2807
vn -0.1940 0.9390 0.2841
vn 0.1939 -0.9390 0.2842
vn 0.1989 -0.9390 0.2807
vn 0.1936 0.9390 0.2844
vn 0.1938 0.9390 0.2842
vn 0.1989 0.9390 0.2807
vn 0.8730 -0.0000 0.4876
vn 0.1936 -0.9390 0.2844
vn 0.1940 0.9390 0.2841
vn 0.1939 0.9390 0.2841
vn -0.2721 -0.8838 0.3805
vn -0.2498 -0.8879 0.3862
vn -0.3368 -0.8757 0.3460
vn -0.1473 -0.0080 0.9891
vn -0.0358 -0.1679 0.9852
vn -0.1091 -0.0680 0.9917
vn -0.8458 -0.1673 0.5065
vn -0.7919 -0.0080 0.6107
vn -0.8317 -0.1177 0.5426
vn -0.0358 0.1680 0.9851
vn -0.1504 0.0042 0.9886
vn -0.0896 0.0973 0.9912
vn -0.2722 0.8838 0.3805
vn -0.2497 0.8879 0.3864
vn -0.1723 0.8788 0.4450
vn -0.7899 0.0042 0.6132
vn -0.8459 0.1673 0.5065
vn -0.8379 0.1393 0.5277
vn -0.2722 -0.8838 0.3805
vn -0.2498 -0.8879 0.3863
vn -0.8458 -0.1674 0.5065
vn -0.7899 -0.0042 0.6132
vn -0.8379 -0.1394 0.5277
vn -0.2498 0.8879 0.3863
vn -0.7919 0.0081 0.6106
vn -0.8317 0.1177 0.5426
vn 0.2722 -0.8838 0.3805
vn 0.2499 -0.8879 0.3862
vn 0.1723 -0.8788 0.4450
vn 0.7919 -0.0080 0.6106
vn 0.8459 -0.1673 0.5065
vn 0.8317 -0.1177 0.5426
vn 0.0358 -0.1679 0.9852
vn 0.1473 -0.0080 0.9891
vn 0.1091 -0.0680 0.9917
vn 0.1504 0.0042 0.9886
vn 0.0358 0.1680 0.9851
vn 0.0896 0.0973 0.9912
vn 0.8459 0.1673 0.5065
vn 0.7899 0.0042 0.6132
vn 0.8379 0.1393 0.5277
vn 0.2722 0.8838 0.3805
vn 0.2499 0.8879 0.3862
vn 0.3368 0.8757 0.3460
vn 0.2498 -0.8879 0.3863
vn 0.7899 -0.0042 0.6132
vn 0.8458 -0.1674 0.5065
vn 0.8379 -0.1394 0.5277
vn 0.7919 0.0080 0.6106
vn 0.8317 0.1177 0.5426
vn 0.2497 0.8879 0.3864
vn -0.3368 -0.8756 0.3461
vn -0.3430 -0.8722 0.3487
vn -0.8468 -0.1710 0.5038
vn -0.8469 -0.1703 0.5037
vn -0.3368 0.8756 0.3461
vn -0.3368 0.8757 0.3460
vn -0.8468 0.1706 0.5037
vn -0.1726 -0.8787 0.4451
vn -0.1724 -0.8788 0.4450
vn -0.0336 -0.1716 0.9846
vn -0.1726 0.8787 0.4451
vn -0.1714 0.8751 0.4526
vn -0.0336 0.1717 0.9846
vn -0.0335 0.1709 0.9847
vn -0.3369 0.8756 0.3461
vn -0.8468 0.1710 0.5038
vn -0.1726 -0.8787 0.4452
vn -0.1723 -0.8788 0.4450
vn -0.0336 -0.1714 0.9846
vn -0.1726 0.8787 0.4452
vn -0.1714 0.8751 0.4525
vn 0.8467 -0.1712 0.5038
vn 0.8469 -0.1703 0.5037
vn 0.3368 -0.8757 0.3460
vn 0.3368 -0.8756 0.3461
vn 0.3430 -0.8722 0.3487
vn 0.8467 0.1711 0.5038
vn 0.3368 0.8756 0.3461
vn 0.0336 -0.1714 0.9846
vn 0.1726 -0.8787 0.4451
vn 0.0336 0.1716 0.9846
vn 0.0335 0.1709 0.9847
vn 0.1723 0.8788 0.4450
vn 0.1726 0.8787 0.4452
vn 0.1714 0.8751 0.4526
vn 0.8468 -0.1709 0.5038
vn 0.8468 0.1709 0.5038
vn 0.3369 0.8756 0.3461
vn 0.0336 -0.1716 0.9846
vn 0.1726 -0.8787 0.4452
vn 0.0336 0.1715 0.9846
vn 0.1726 0.8786 0.4452
vn -0.1936 -0.9390 0.2844
vn -0.0046 -0.0000 -1.0000
vn -0.1822 -0.9452 -0.2709
vn -0.1821 -0.9452 -0.2709
vn -0.1643 -0.9545 -0.2489
vn -0.0042 0.0012 -1.0000
vn -0.0373 0.0108 -0.9992
vn -0.1792 -0.9473 -0.2655
vn -0.1974 -0.9366 -0.2896
vn 0.3523 -0.8333 0.4261
vn 0.0573 0.0072 -0.9983
vn 0.0079 -0.0000 -1.0000
vn 0.0588 -0.0182 -0.9981
vn 0.0052 -0.0016 -1.0000
vn 0.0337 -0.0330 -0.9989
vn 0.1913 0.9391 -0.2855
vn 0.1912 0.9391 -0.2855
vn 0.1851 0.9417 -0.2809
vn -0.5970 -0.0000 0.8022
vn -0.0000 0.5970 0.8022
vn -0.0000 -0.5970 0.8022
vn 0.5970 -0.0000 0.8022
vn 0.5970 -0.0000 0.8023
vn -0.8451 -0.0230 0.5341
vn -0.0087 -0.0009 1.0000
vn -0.0348 0.0010 0.9994
vn 0.9996 -0.0272 -0.0000
vn 0.9941 -0.1083 -0.0002
vn 0.5165 -0.8563 -0.0000
vn -0.3388 0.9409 -0.0000
vn -0.2444 0.9697 -0.0000
vn -0.8591 -0.5117 -0.0000
vn -0.1476 0.9890 -0.0000
vn -0.8050 -0.5933 -0.0000
vn -0.7430 -0.6693 -0.0000
vn 0.7430 0.6693 -0.0000
vn -0.0494 0.9988 -0.0000
vn 0.2444 -0.9697 -0.0000
vn 0.8050 0.5933 -0.0000
vn 0.0494 0.9988 -0.0000
vn 0.9988 0.0488 -0.0000
vn -0.9893 0.1458 -0.0000
vn 0.4297 0.9030 -0.0000
vn -0.9704 0.2416 -0.0000
vn 0.6739 0.7389 -0.0000
vn 0.5981 0.8014 -0.0000
vn 0.5165 0.8563 -0.0000
vn 0.3388 0.9409 -0.0000
vn 0.2444 0.9697 -0.0000
vn 0.1476 0.9890 -0.0000
vn -0.4297 0.9030 -0.0001
vn -0.5165 0.8563 -0.0000
vn -0.5981 0.8014 -0.0000
vn -0.6738 0.7389 -0.0000
vn -0.7430 0.6693 -0.0000
vn -0.8050 0.5933 -0.0000
vn -0.8591 0.5117 -0.0000
vn -0.9050 0.4254 -0.0000
vn -0.9422 0.3350 -0.0000
vn -0.9988 -0.0488 -0.0000
vn 0.9893 0.1458 -0.0000
vn 0.9704 0.2416 -0.0000
vn 0.9422 0.3350 -0.0000
vn 0.9050 0.4254 -0.0000
vn 0.8591 0.5118 -0.0000
vn -0.0128 -0.0140 0.9998
vn -0.0113 -0.0151 0.9998
vn -0.0097 -0.0162 0.9998
vn -0.0081 -0.0170 0.9998
vn -0.0064 -0.0177 0.9998
vn -0.0046 -0.0182 0.9998
vn -0.0028 -0.0186 0.9998
vn -0.0009 -0.0187 0.9998
vn 0.0009 -0.0187 0.9998
vn 0.0028 -0.0186 0.9998
vn 0.0046 -0.0182 0.9998
vn 0.0064 -0.0177 0.9998
vn 0.0081 -0.0170 0.9998
vn 0.0098 -0.0162 0.9998
vn 0.0113 -0.0152 0.9998
vn 0.0128 -0.0140 0.9998
vn 0.0142 -0.0128 0.9998
vn 0.0154 -0.0113 0.9998
vn 0.0165 -0.0098 0.9998
vn 0.0174 -0.0082 0.9998
vn 0.0182 -0.0065 0.9998
vn 0.0188 -0.0047 0.9998
vn 0.0192 -0.0028 0.9998
vn -0.0213 0.0010 0.9998
vn -0.0191 -0.0028 0.9998
vn -0.0187 -0.0047 0.9998
vn -0.0181 -0.0064 0.9998
vn -0.0173 -0.0081 0.9998
vn -0.0164 -0.0098 0.9998
vn -0.0153 -0.0113 0.9998
vn -0.0141 -0.0127 0.9998
vn -0.0207 -0.0227 -0.9995
vn -0.0113 -0.0151 -0.9998
vn -0.0158 -0.0262 -0.9995
vn -0.0131 -0.0276 -0.9995
vn -0.0103 -0.0287 -0.9995
vn -0.0046 -0.0182 -0.9998
vn -0.0028 -0.0186 -0.9998
vn -0.0015 -0.0304 -0.9995
vn 0.0015 -0.0304 -0.9995
vn 0.0045 -0.0301 -0.9995
vn 0.0075 -0.0296 -0.9995
vn 0.0104 -0.0288 -0.9995
vn 0.0019 -0.0321 -0.9995
vn 0.0205 -0.0107 -0.9997
vn 0.0184 -0.0246 -0.9995
vn 0.0113 -0.0302 -0.9995
vn 0.0142 -0.0128 -0.9998
vn 0.0154 -0.0113 -0.9998
vn 0.0165 -0.0098 -0.9998
vn 0.0234 0.0023 -0.9997
vn 0.0295 -0.0105 -0.9995
vn 0.0266 -0.0190 -0.9995
vn 0.0219 0.0089 -0.9997
vn -0.0207 -0.0010 -0.9998
vn -0.0310 -0.0046 -0.9995
vn -0.0303 -0.0075 -0.9995
vn -0.0293 -0.0104 -0.9995
vn -0.0281 -0.0132 -0.9995
vn -0.0266 -0.0158 -0.9995
vn -0.0248 -0.0183 -0.9995
vn -0.0141 -0.0127 -0.9998
vn -0.0001 0.0013 1.0000
vn -0.0487 0.9840 0.1715
vn -1.0000 0.0008 -0.0000
vn 0.6714 -0.7362 -0.0846
vn 0.9857 -0.1453 -0.0851
vn 0.2910 0.9533 0.0809
vn 0.8303 0.5513 0.0812
vn -0.5959 -0.7986 -0.0846
vn 0.2919 0.9564 -0.0000
vn 0.0492 -0.9952 -0.0845
vn -0.7698 -0.6383 -0.0000
vn -0.3847 0.9230 -0.0000
vn -0.3835 0.9200 0.0809
vn 0.6738 -0.7389 -0.0000
vn -0.8831 0.4691 -0.0000
vn -0.8802 0.4676 0.0812
vn 0.9893 -0.1458 -0.0000
vn -0.9964 -0.0000 0.0850
vn 0.2944 -0.9557 -0.0000
vn 0.8331 0.5532 -0.0000
vn 0.9669 0.2407 0.0851
vn -0.0013 -0.0003 -1.0000
vn -0.0013 0.0002 1.0000
vn -0.0009 0.0010 1.0000
vn 0.0008 0.0011 1.0000
vn 0.9558 0.2379 0.1728
vn -0.6638 0.7279 0.1717
vn 0.5892 0.7895 0.1718
vn -0.7680 0.6405 -0.0000
vn 0.8276 -0.5612 -0.0000
vn 0.9952 0.0982 -0.0000
vn -0.7688 -0.6395 -0.0000
vn 0.7015 0.7127 -0.0000
vn 0.6739 -0.7389 -0.0000
vn -0.1804 0.9836 -0.0000
vn 0.2768 -0.9609 -0.0000
vn -0.9704 -0.2416 -0.0000
vn -0.8312 -0.5520 -0.0663
vn 0.3839 -0.9210 -0.0660
vn -0.5981 -0.8014 -0.0000
vn -0.5967 -0.7995 -0.0690
vn 0.8812 -0.4681 -0.0662
vn 0.9893 -0.1459 -0.0000
vn -0.9680 -0.2410 -0.0694
vn 0.6723 -0.7371 -0.0690
vn -0.2913 -0.9543 -0.0660
vn 0.0494 -0.9988 -0.0000
vn 0.0493 -0.9964 -0.0689
vn 0.9869 -0.1455 -0.0694
vn -0.0227 -0.0000 -0.9997
vn 0.8831 -0.4691 -0.0000
vn 0.3847 -0.9230 -0.0000
vn -0.2919 -0.9564 -0.0000
vn -0.8331 -0.5532 -0.0000
vn 0.0523 -0.0000 0.9986
vn 0.0304 0.0407 0.9987
vn -0.0025 0.0503 0.9987
vn -0.1993 0.9799 -0.0013
vn 0.1939 0.9810 -0.0011
vn 0.7698 0.6383 -0.0001
vn 0.7040 0.7102 -0.0003
vn -0.8376 0.5463 -0.0015
vn -0.0224 0.0033 -0.9997
vn -0.0972 -0.9953 -0.0000
vn 0.0154 0.0505 0.9986
vn 0.0045 0.0148 -0.9999
vn 0.0444 0.0295 0.9986
vn -0.7807 0.6249 -0.0014
vn -0.2944 0.9557 -0.0016
vn 0.9965 -0.0000 0.0839
vn 0.0972 0.9953 -0.0013
vn -0.0462 0.0245 0.9986
vn -0.0135 0.0072 -0.9999
vn -0.0202 0.0484 0.9986
vn 0.0059 -0.0142 0.9999
vn 0.7797 -0.6261 -0.0000
vn -0.9999 -0.0101 -0.0000
vn -0.9942 -0.1074 -0.0000
vn 0.1939 0.9810 -0.0000
vn 0.0145 -0.0021 0.9999
vn 0.7040 0.7102 -0.0000
vn 0.0145 0.0036 -0.9999
vn -0.1978 0.9802 -0.0000
vn 0.0089 0.0119 -0.9999
vn 0.8376 -0.5463 -0.0000
vn 0.0099 -0.0108 0.9999
vn -0.0152 0.0167 -0.9997
vn -0.0011 0.0227 -0.9997
vn 0.0137 0.0183 -0.9997
vn 0.0224 0.0056 -0.9997
vn -0.9941 -0.1082 -0.0007
vn -0.9999 -0.0101 -0.0009
vn 0.0497 0.0124 0.9987
vn -0.0496 0.0073 0.9987
vn -0.0338 0.0371 0.9987
vn -0.0007 0.0147 -0.9999
vn 0.0130 0.0086 -0.9999
vn 0.0200 0.0133 -0.9997
vn 0.0069 0.0227 -0.9997
vn -0.0091 0.0218 -0.9997
vn -0.0208 0.0111 -0.9997
vn 0.9589 0.2387 0.1535
vn 0.5911 0.7920 0.1526
vn -0.0488 0.9871 0.1524
vn -0.6660 0.7302 0.1525
vn -0.9744 0.1436 0.1727
vn -0.0019 -0.0005 -1.0000
vn 0.0019 -0.0003 -1.0000
vn 0.0013 -0.0014 -1.0000
vn 0.0001 -0.0019 -1.0000
vn -0.0012 -0.0016 -1.0000
vn -0.8276 0.5613 -0.0000
vn 0.7680 -0.6405 -0.0000
vn -0.9952 -0.0982 -0.0000
vn 1.0000 -0.0008 -0.0000
vn -0.7015 -0.7127 -0.0000
vn 0.7687 0.6396 -0.0000
vn -0.0826 -0.9966 -0.0000
vn 0.1807 0.9835 -0.0000
vn 0.1804 -0.9836 -0.0000
vn -0.2768 0.9609 -0.0000
vn -0.0034 -0.0009 1.0000
vn 0.0035 -0.0005 1.0000
vn 0.0024 -0.0026 1.0000
vn 0.0002 -0.0036 1.0000
vn -0.0022 -0.0028 1.0000
vn 0.6380 -0.7068 0.3055
vn -0.9308 0.1693 0.3239
vn 0.8706 -0.3700 0.3243
vn 0.9395 -0.1445 0.3106
vn -0.8723 -0.3570 0.3341
vn 0.6350 0.7022 0.3219
vn 0.8151 0.4794 0.3253
vn -0.4479 -0.8226 0.3502
vn 0.0541 -0.9360 0.3479
vn -0.6175 0.6965 0.3654
vn 0.4250 0.8931 0.1474
vn 0.3350 0.9306 0.1475
vn 0.2417 0.9590 0.1476
vn 0.1460 0.9782 0.1477
vn -0.2417 0.9590 0.1476
vn -0.3350 0.9306 0.1476
vn -0.4250 0.8931 0.1475
vn -0.5108 0.8470 0.1474
vn -0.7963 0.5869 0.1468
vn -0.8499 0.5062 0.1466
vn -0.8952 0.4208 0.1465
vn -0.9321 0.3314 0.1464
vn 0.9881 0.0482 0.1459
vn 0.8953 0.4208 0.1464
vn 0.8499 0.5062 0.1466
vn 0.7963 0.5869 0.1467
vn 0.7350 0.6620 0.1469
vn -0.0014 -0.0029 1.0000
vn -0.0011 -0.0030 1.0000
vn -0.0008 -0.0031 1.0000
vn -0.0005 -0.0032 1.0000
vn 0.0008 -0.0031 1.0000
vn 0.0011 -0.0030 1.0000
vn 0.0014 -0.0029 1.0000
vn 0.0017 -0.0028 1.0000
vn 0.0026 -0.0019 1.0000
vn 0.0028 -0.0017 1.0000
vn 0.0029 -0.0014 1.0000
vn 0.0031 -0.0011 1.0000
vn -0.0032 -0.0002 1.0000
vn -0.0029 -0.0014 1.0000
vn -0.0028 -0.0017 1.0000
vn -0.0026 -0.0019 1.0000
vn -0.0024 -0.0022 1.0000
vn -0.6625 -0.7264 0.1831
vn -0.5880 -0.7879 0.1832
vn -0.5077 -0.8418 0.1833
vn -0.4224 -0.8876 0.1834
vn -0.3330 -0.9249 0.1834
vn -0.2403 -0.9532 0.1835
vn -0.1451 -0.9722 0.1835
vn -0.0485 -0.9818 0.1836
vn 0.0485 -0.9818 0.1836
vn 0.1451 -0.9722 0.1836
vn 0.2403 -0.9532 0.1835
vn 0.3330 -0.9249 0.1834
vn 0.4224 -0.8876 0.1833
vn 0.5077 -0.8418 0.1833
vn 0.5880 -0.7879 0.1832
vn 0.6625 -0.7264 0.1831
vn 0.7305 -0.6580 0.1830
vn 0.7914 -0.5833 0.1828
vn 0.8447 -0.5031 0.1828
vn 0.8898 -0.4182 0.1827
vn 0.9264 -0.3294 0.1826
vn 0.9541 -0.2375 0.1825
vn 0.9727 -0.1434 0.1825
vn -0.9820 -0.0479 0.1825
vn -0.9727 -0.1434 0.1825
vn -0.9541 -0.2375 0.1825
vn -0.9264 -0.3294 0.1826
vn -0.8898 -0.4182 0.1827
vn -0.8447 -0.5031 0.1827
vn -0.7914 -0.5833 0.1829
vn -0.7305 -0.6580 0.1830
vn -0.9422 -0.3350 -0.0000
vn -0.9893 -0.1458 -0.0000
vn 0.9988 -0.0488 -0.0000
vn 0.9704 -0.2416 -0.0000
vn 0.7430 -0.6693 -0.0000
vn 0.5981 -0.8014 -0.0000
vn 0.1476 -0.9890 -0.0000
vn -0.0494 -0.9988 -0.0000
vn -0.5165 -0.8563 -0.0000
vn -0.6739 -0.7389 -0.0000
vn -0.7126 0.7016 -0.0000
vn 0.3902 -0.9207 -0.0000
vn -0.1049 0.9945 -0.0000
vn -0.2977 -0.9547 -0.0000
vn 0.6403 0.7681 -0.0000
vn -0.8348 -0.5505 -0.0000
vn 0.9812 0.1930 -0.0000
vn -0.9953 0.0965 -0.0000
vn 0.8846 -0.4663 -0.0000
vn -0.8349 -0.5505 -0.0000
vn -0.2976 -0.9547 -0.0000
vn -0.9978 0.0663 -0.0000
vn -0.7430 -0.6692 -0.0000
vn -0.7015 -0.0622 -0.7099
vn -0.4518 -0.8571 0.2477
vn -0.9069 -0.2302 0.3528
vn -0.9644 -0.0666 0.2558
vn -0.5032 -0.3308 -0.7984
vn -0.5641 -0.7466 0.3528
vn -0.3179 -0.9481 -0.0000
vn -0.9050 -0.4254 -0.0000
vn 0.4164 -0.9092 -0.0000
vn 0.4240 -0.5304 -0.7341
vn 0.9968 -0.0608 0.0520
vn 0.6893 -0.6282 0.3610
vn 0.6132 -0.7486 0.2522
vn 0.5326 -0.2237 -0.8163
vn 0.9318 -0.0391 0.3610
vn 0.8591 -0.5118 -0.0000
vn 0.9877 0.1561 -0.0000
vn 0.8050 -0.5933 -0.0000
vn 0.5164 -0.8563 -0.0000
vn -0.2538 -0.9673 -0.0000
vn -0.0031 -0.9658 0.2592
vn 0.2647 -0.5049 -0.8216
vn 0.6969 -0.6181 0.3637
vn 0.3388 -0.9409 -0.0000
vn 0.0832 -0.9451 -0.3161
vn 0.6231 -0.7366 0.2632
vn 0.0383 -0.9963 0.0771
vn 0.8632 -0.5049 -0.0000
vn -0.8084 -0.5887 -0.0000
vn -0.1475 -0.9891 -0.0000
vn -0.2445 -0.9697 -0.0000
vn -0.7015 -0.6580 0.2737
vn -0.1772 -0.5547 -0.8129
vn 0.0469 -0.9319 0.3598
vn 0.3458 -0.9383 -0.0000
vn -0.4297 -0.9030 -0.0000
vn -0.7015 -0.7126 -0.0000
vn -0.4250 -0.8931 -0.1474
vn -0.3350 -0.9306 -0.1475
vn -0.2417 -0.9591 -0.1476
vn -0.1460 -0.9782 -0.1477
vn 0.2417 -0.9590 -0.1476
vn 0.3350 -0.9306 -0.1476
vn 0.4250 -0.8931 -0.1475
vn 0.5108 -0.8470 -0.1474
vn 0.7963 -0.5869 -0.1468
vn 0.8499 -0.5062 -0.1466
vn 0.8952 -0.4208 -0.1465
vn 0.9321 -0.3314 -0.1464
vn -0.8953 -0.4208 -0.1464
vn -0.8499 -0.5062 -0.1466
vn -0.7963 -0.5869 -0.1467
vn -0.7350 -0.6620 -0.1469
vn 0.0014 0.0029 -1.0000
vn 0.0011 0.0030 -1.0000
vn 0.0008 0.0031 -1.0000
vn 0.0005 0.0032 -1.0000
vn -0.0008 0.0031 -1.0000
vn -0.0011 0.0030 -1.0000
vn -0.0014 0.0029 -1.0000
vn -0.0017 0.0028 -1.0000
vn -0.0026 0.0019 -1.0000
vn -0.0028 0.0017 -1.0000
vn -0.0029 0.0014 -1.0000
vn -0.0031 0.0011 -1.0000
vn 0.0029 0.0014 -1.0000
vn 0.0028 0.0017 -1.0000
vn 0.0026 0.0019 -1.0000
vn 0.0024 0.0022 -1.0000
vn 0.1604 0.1759 -0.9713
vn 0.1423 0.1907 -0.9713
vn 0.1228 0.2036 -0.9713
vn 0.1021 0.2146 -0.9714
vn 0.0805 0.2235 -0.9714
vn 0.0580 0.2302 -0.9714
vn 0.0350 0.2348 -0.9714
vn 0.0117 0.2371 -0.9714
vn -0.0117 0.2371 -0.9714
vn -0.0350 0.2348 -0.9714
vn -0.0581 0.2302 -0.9714
vn -0.0805 0.2235 -0.9714
vn -0.1021 0.2146 -0.9713
vn -0.1228 0.2036 -0.9713
vn -0.1423 0.1906 -0.9713
vn -0.1605 0.1760 -0.9712
vn -0.1770 0.1594 -0.9712
vn -0.1918 0.1414 -0.9712
vn -0.2050 0.1221 -0.9711
vn -0.2161 0.1016 -0.9711
vn -0.2250 0.0800 -0.9711
vn -0.2318 0.0577 -0.9710
vn -0.2364 0.0349 -0.9710
vn -0.2387 0.0117 -0.9710
vn 0.2362 0.0348 -0.9711
vn 0.2316 0.0577 -0.9711
vn 0.2248 0.0799 -0.9711
vn 0.2159 0.1015 -0.9711
vn 0.2048 0.1220 -0.9712
vn 0.1918 0.1414 -0.9712
vn 0.1770 0.1594 -0.9712
vn 0.0032 0.0002 -1.0000
vn -0.9881 -0.0482 -0.1459
vn -0.7782 0.6280 -0.0000
vn 0.0235 -0.0000 -0.9997
vn 0.0153 -0.0000 -0.9999
vn 0.9976 -0.0000 -0.0693
vn -0.0504 -0.0000 0.9987
vn 0.0147 -0.0000 0.9999
vn 0.2385 0.0116 -0.9711
vn 0.9820 -0.0479 0.1825
vn -0.0193 -0.0009 0.9998
vn 0.0316 -0.0015 -0.9995
vn -0.9988 0.0488 -0.0000
vn -0.6739 0.7389 -0.0000
vn 0.8591 -0.5117 -0.0000
vn -0.4297 0.9030 -0.0000
vn 0.9050 -0.4254 -0.0000
vn 0.9422 -0.3350 -0.0000
vn -0.9977 -0.0000 -0.0684
vn 0.4297 -0.9030 -0.0000
vn 0.3387 -0.9409 -0.0000
vn -0.1476 -0.9890 -0.0000
vn -0.2444 -0.9697 -0.0001
vn -0.3388 -0.9409 -0.0000
vn -0.0128 0.0140 0.9998
vn -0.0113 0.0151 0.9998
vn -0.0098 0.0161 0.9998
vn -0.0081 0.0170 0.9998
vn -0.0064 0.0177 0.9998
vn -0.0046 0.0182 0.9998
vn -0.0028 0.0186 0.9998
vn -0.0009 0.0187 0.9998
vn 0.0009 0.0187 0.9998
vn 0.0028 0.0186 0.9998
vn 0.0046 0.0182 0.9998
vn 0.0064 0.0177 0.9998
vn 0.0081 0.0170 0.9998
vn 0.0098 0.0162 0.9998
vn 0.0113 0.0152 0.9998
vn 0.0128 0.0140 0.9998
vn 0.0142 0.0128 0.9998
vn 0.0154 0.0113 0.9998
vn 0.0165 0.0098 0.9998
vn 0.0174 0.0082 0.9998
vn 0.0182 0.0065 0.9998
vn 0.0188 0.0047 0.9998
vn 0.0192 0.0028 0.9998
vn -0.0213 -0.0010 0.9998
vn -0.0191 0.0028 0.9998
vn -0.0187 0.0046 0.9998
vn -0.0181 0.0065 0.9998
vn -0.0173 0.0081 0.9998
vn -0.0164 0.0097 0.9998
vn -0.0153 0.0113 0.9998
vn -0.0141 0.0127 0.9998
vn -0.0207 0.0227 -0.9995
vn -0.0113 0.0151 -0.9998
vn -0.0158 0.0262 -0.9995
vn -0.0131 0.0276 -0.9995
vn -0.0103 0.0287 -0.9995
vn -0.0046 0.0182 -0.9998
vn -0.0028 0.0186 -0.9998
vn -0.0015 0.0304 -0.9995
vn 0.0015 0.0304 -0.9995
vn 0.0045 0.0301 -0.9995
vn 0.0074 0.0296 -0.9995
vn 0.0104 0.0287 -0.9995
vn 0.0081 0.0170 -0.9998
vn 0.0158 0.0263 -0.9995
vn 0.0184 0.0247 -0.9995
vn 0.0128 0.0140 -0.9998
vn 0.0142 0.0127 -0.9998
vn 0.0154 0.0113 -0.9998
vn 0.0165 0.0098 -0.9998
vn 0.0282 0.0133 -0.9995
vn 0.0295 0.0105 -0.9995
vn 0.0188 0.0047 -0.9998
vn 0.0312 0.0046 -0.9995
vn -0.0207 0.0010 -0.9998
vn -0.0310 0.0046 -0.9995
vn -0.0303 0.0075 -0.9995
vn -0.0293 0.0104 -0.9995
vn -0.0281 0.0132 -0.9995
vn -0.0266 0.0158 -0.9995
vn -0.0248 0.0183 -0.9995
vn -0.0141 0.0127 -0.9998
vn -0.0001 -0.0013 1.0000
vn -0.0486 -0.9840 0.1715
vn -1.0000 -0.0008 -0.0000
vn 0.6714 0.7362 -0.0846
vn 0.9857 0.1453 -0.0851
vn 0.2910 -0.9533 0.0809
vn 0.8303 -0.5514 0.0812
vn -0.5959 0.7986 -0.0846
vn 0.2919 -0.9564 -0.0000
vn -0.0492 -0.9952 0.0845
vn 0.7698 -0.6383 -0.0000
vn -0.3847 -0.9230 -0.0000
vn -0.3835 -0.9200 0.0809
vn -0.6738 -0.7389 -0.0000
vn -0.8831 -0.4691 -0.0000
vn -0.8802 -0.4676 0.0812
vn 0.2944 0.9557 -0.0000
vn 0.8331 -0.5532 -0.0000
vn 0.9669 -0.2407 0.0851
vn -0.0013 0.0003 -1.0000
vn -0.0013 -0.0002 1.0000
vn -0.0009 -0.0010 1.0000
vn -0.0008 0.0011 -1.0000
vn 0.9558 -0.2379 0.1728
vn -0.6639 -0.7279 0.1717
vn 0.5892 -0.7895 0.1718
vn -0.7680 -0.6405 -0.0000
vn 0.8276 0.5613 -0.0000
vn 0.9952 -0.0982 -0.0000
vn -0.7688 0.6395 -0.0000
vn 0.7015 -0.7127 -0.0000
vn -0.1804 -0.9836 -0.0000
vn 0.2768 0.9609 -0.0000
vn -0.8312 0.5520 -0.0663
vn 0.3839 0.9210 -0.0660
vn -0.5967 0.7995 -0.0690
vn 0.8812 0.4681 -0.0662
vn 0.9893 0.1459 -0.0000
vn -0.9680 0.2410 -0.0694
vn 0.6723 0.7371 -0.0690
vn -0.2913 0.9543 -0.0660
vn 0.0492 0.9964 -0.0689
vn 0.9869 0.1455 -0.0694
vn 0.8831 0.4691 -0.0000
vn 0.3847 0.9230 -0.0000
vn -0.2919 0.9564 -0.0000
vn -0.8331 0.5532 -0.0000
vn 0.0304 -0.0407 0.9987
vn -0.0025 -0.0503 0.9987
vn -0.1977 -0.9803 -0.0015
vn 0.1939 -0.9810 -0.0011
vn 0.7699 -0.6381 -0.0001
vn 0.7040 -0.7102 -0.0003
vn -0.8376 -0.5463 -0.0015
vn -0.0223 -0.0033 -0.9997
vn -0.0972 0.9953 -0.0000
vn 0.0154 -0.0505 0.9986
vn -0.0045 0.0148 0.9999
vn 0.0444 -0.0295 0.9986
vn -0.7797 -0.6261 -0.0016
vn -0.2944 -0.9557 -0.0016
vn 0.0972 -0.9953 -0.0013
vn -0.0462 -0.0245 0.9986
vn -0.0135 -0.0072 -0.9999
vn -0.0202 -0.0484 0.9986
vn 0.0059 0.0142 0.9999
vn 0.7797 0.6261 -0.0000
vn -0.9999 0.0101 -0.0000
vn -0.9942 0.1074 -0.0000
vn 0.1939 -0.9810 -0.0000
vn 0.0145 0.0021 0.9999
vn 0.7040 -0.7102 -0.0000
vn 0.0145 -0.0036 -0.9999
vn -0.1978 -0.9802 -0.0000
vn 0.0089 -0.0119 -0.9999
vn 0.8376 0.5463 -0.0000
vn 0.0099 0.0108 0.9999
vn -0.0152 -0.0167 -0.9997
vn -0.0011 -0.0227 -0.9997
vn 0.0137 -0.0183 -0.9997
vn 0.0224 -0.0056 -0.9997
vn -0.9942 0.1074 -0.0008
vn -0.9999 0.0101 -0.0009
vn 0.0497 -0.0124 0.9987
vn -0.0496 -0.0073 0.9987
vn -0.0338 -0.0371 0.9987
vn -0.0007 -0.0147 -0.9999
vn 0.0130 -0.0086 -0.9999
vn 0.0200 -0.0133 -0.9997
vn 0.0069 -0.0227 -0.9997
vn -0.0091 -0.0218 -0.9997
vn -0.0208 -0.0111 -0.9997
vn 0.9589 -0.2387 0.1535
vn 0.5911 -0.7920 0.1526
vn -0.0488 -0.9871 0.1524
vn -0.6660 -0.7302 0.1525
vn -0.9744 -0.1436 0.1727
vn -0.0019 0.0005 -1.0000
vn 0.0019 0.0003 -1.0000
vn 0.0013 0.0014 -1.0000
vn 0.0001 0.0019 -1.0000
vn -0.0012 0.0016 -1.0000
vn -0.8276 -0.5613 -0.0000
vn 0.7680 0.6405 -0.0000
vn -0.9952 0.0982 -0.0000
vn 1.0000 0.0008 -0.0000
vn -0.7015 0.7127 -0.0000
vn 0.7687 -0.6396 -0.0000
vn -0.0826 0.9966 -0.0000
vn 0.1807 -0.9835 -0.0000
vn 0.1804 0.9836 -0.0000
vn -0.2768 -0.9609 -0.0000
vn -0.0034 0.0009 1.0000
vn 0.0035 0.0005 1.0000
vn 0.0024 0.0026 1.0000
vn 0.0002 0.0036 1.0000
vn -0.0021 0.0028 1.0000
vn -0.1268 0.2665 0.9554
vn 0.8706 0.3700 0.3243
vn 0.9395 0.1445 0.3106
vn -0.8723 0.3570 0.3341
vn 0.6350 -0.7022 0.3220
vn 0.2389 0.1761 0.9550
vn -0.4479 0.8226 0.3502
vn 0.0534 -0.9395 0.3384
vn -0.2696 0.1267 0.9546
vn 0.4201 0.8302 0.3665
vn 0.4250 -0.8931 0.1474
vn 0.3350 -0.9306 0.1475
vn 0.2417 -0.9590 0.1476
vn 0.1460 -0.9782 0.1477
vn -0.2417 -0.9590 0.1476
vn -0.3350 -0.9306 0.1476
vn -0.4250 -0.8931 0.1475
vn -0.5108 -0.8470 0.1474
vn -0.7963 -0.5869 0.1468
vn -0.8498 -0.5062 0.1466
vn -0.8953 -0.4208 0.1465
vn -0.9321 -0.3314 0.1464
vn 0.9881 -0.0482 0.1459
vn 0.8953 -0.4208 0.1464
vn 0.8499 -0.5062 0.1466
vn 0.7963 -0.5869 0.1467
vn 0.7350 -0.6620 0.1469
vn -0.0014 0.0029 1.0000
vn -0.0011 0.0030 1.0000
vn -0.0008 0.0031 1.0000
vn -0.0005 0.0032 1.0000
vn 0.0008 0.0031 1.0000
vn 0.0011 0.0030 1.0000
vn 0.0014 0.0029 1.0000
vn 0.0017 0.0028 1.0000
vn 0.0026 0.0019 1.0000
vn 0.0028 0.0017 1.0000
vn 0.0029 0.0014 1.0000
vn 0.0031 0.0011 1.0000
vn -0.0032 0.0002 1.0000
vn -0.0029 0.0014 1.0000
vn -0.0028 0.0017 1.0000
vn -0.0026 0.0019 1.0000
vn -0.0024 0.0022 1.0000
vn -0.6625 0.7264 0.1831
vn -0.5880 0.7879 0.1831
vn -0.5077 0.8418 0.1833
vn -0.4224 0.8876 0.1834
vn -0.3330 0.9249 0.1835
vn -0.2403 0.9532 0.1835
vn -0.1451 0.9722 0.1835
vn -0.0485 0.9818 0.1836
vn 0.0485 0.9818 0.1836
vn 0.1451 0.9722 0.1835
vn 0.2403 0.9532 0.1835
vn 0.3330 0.9249 0.1834
vn 0.4225 0.8876 0.1834
vn 0.5077 0.8418 0.1833
vn 0.5880 0.7879 0.1832
vn 0.6625 0.7264 0.1831
vn 0.7305 0.6580 0.1829
vn 0.7914 0.5833 0.1828
vn 0.8447 0.5031 0.1827
vn 0.8898 0.4182 0.1827
vn 0.9264 0.3294 0.1826
vn 0.9541 0.2375 0.1825
vn 0.9727 0.1434 0.1825
vn -0.9820 0.0479 0.1825
vn -0.9727 0.1434 0.1825
vn -0.9541 0.2375 0.1825
vn -0.9264 0.3294 0.1826
vn -0.8898 0.4182 0.1827
vn -0.8447 0.5031 0.1828
vn -0.7914 0.5833 0.1828
vn -0.7305 0.6580 0.1830
vn -0.7126 -0.7016 -0.0000
vn 0.3902 0.9207 -0.0000
vn -0.1049 -0.9945 -0.0000
vn -0.2977 0.9547 -0.0000
vn 0.6403 -0.7681 -0.0000
vn -0.8348 0.5505 -0.0000
vn 0.9812 -0.1930 -0.0000
vn -0.9953 -0.0965 -0.0000
vn 0.8846 0.4663 -0.0000
vn 0.6404 -0.7681 -0.0000
vn 0.8847 0.4662 -0.0000
vn -0.2976 0.9547 -0.0000
vn -0.9978 -0.0663 -0.0000
vn -0.7430 0.6692 -0.0000
vn -0.4517 0.8572 0.2474
vn -0.5001 0.3354 -0.7984
vn -0.9069 0.2303 0.3529
vn -0.3294 0.6226 -0.7099
vn -0.9644 0.0666 0.2559
vn -0.5640 0.7466 0.3527
vn -0.3179 0.9481 -0.0000
vn -0.5951 0.7619 0.2558
vn -0.8516 0.3930 -0.3468
vn -0.9751 0.2211 0.0191
vn 0.4164 0.9092 -0.0000
vn 0.9626 0.1570 0.2209
vn 0.5357 0.2160 -0.8163
vn 0.6893 0.6281 0.3610
vn 0.6744 -0.0781 -0.7342
vn 0.6131 0.7487 0.2520
vn 0.9318 0.0391 0.3609
vn 0.9877 -0.1561 -0.0000
vn 0.9507 0.1748 0.2560
vn 0.7517 0.5618 -0.3454
vn 0.6574 0.7532 0.0214
vn 0.6965 0.6995 0.1600
vn 0.2754 0.4992 -0.8216
vn 0.1316 0.9222 0.3637
vn -0.2538 0.9673 -0.0000
vn 0.5570 0.3658 -0.7456
vn -0.0033 0.9659 0.2589
vn 0.6969 0.6181 0.3636
vn 0.6233 0.7365 0.2629
vn 0.2232 0.9098 -0.3499
vn 0.1637 0.9647 0.2063
vn 0.8632 0.5049 -0.0000
vn -0.8084 0.5887 -0.0000
vn -0.1476 0.9891 -0.0000
vn 0.2004 0.9430 0.2657
vn -0.1627 0.5591 -0.8129
vn -0.5592 0.7469 0.3598
vn 0.1191 0.6614 -0.7405
vn -0.7015 0.6580 0.2737
vn 0.0470 0.9319 0.3598
vn 0.3458 0.9383 -0.0000
vn 0.0266 0.9615 0.2737
vn -0.4075 0.8424 -0.3525
vn -0.6180 0.7859 0.0217
vn -0.4250 0.8931 -0.1474
vn -0.3350 0.9306 -0.1475
vn -0.2417 0.9591 -0.1476
vn -0.1460 0.9782 -0.1477
vn 0.2417 0.9590 -0.1476
vn 0.3350 0.9306 -0.1476
vn 0.4250 0.8931 -0.1475
vn 0.5108 0.8470 -0.1474
vn 0.7963 0.5869 -0.1468
vn 0.8498 0.5062 -0.1466
vn 0.8953 0.4208 -0.1465
vn 0.9321 0.3314 -0.1464
vn -0.8953 0.4208 -0.1464
vn -0.8499 0.5062 -0.1466
vn -0.7963 0.5869 -0.1467
vn -0.7350 0.6620 -0.1469
vn 0.0014 -0.0029 -1.0000
vn 0.0011 -0.0030 -1.0000
vn 0.0008 -0.0031 -1.0000
vn 0.0005 -0.0032 -1.0000
vn -0.0008 -0.0031 -1.0000
vn -0.0011 -0.0030 -1.0000
vn -0.0014 -0.0029 -1.0000
vn -0.0017 -0.0028 -1.0000
vn -0.0026 -0.0019 -1.0000
vn -0.0028 -0.0017 -1.0000
vn -0.0029 -0.0014 -1.0000
vn -0.0031 -0.0011 -1.0000
vn 0.0029 -0.0014 -1.0000
vn 0.0028 -0.0017 -1.0000
vn 0.0026 -0.0019 -1.0000
vn 0.0024 -0.0022 -1.0000
vn 0.1604 -0.1759 -0.9713
vn 0.1423 -0.1906 -0.9713
vn 0.1228 -0.2036 -0.9713
vn 0.1021 -0.2146 -0.9714
vn 0.0805 -0.2235 -0.9714
vn 0.0580 -0.2303 -0.9714
vn 0.0350 -0.2348 -0.9714
vn 0.0117 -0.2371 -0.9714
vn -0.0117 -0.2371 -0.9714
vn -0.0350 -0.2348 -0.9714
vn -0.0581 -0.2302 -0.9714
vn -0.0805 -0.2237 -0.9713
vn -0.1021 -0.2146 -0.9714
vn -0.1228 -0.2036 -0.9713
vn -0.1423 -0.1906 -0.9713
vn -0.1605 -0.1760 -0.9712
vn -0.1771 -0.1595 -0.9712
vn -0.1918 -0.1414 -0.9712
vn -0.2048 -0.1220 -0.9712
vn -0.2161 -0.1016 -0.9711
vn -0.2251 -0.0800 -0.9711
vn -0.2318 -0.0577 -0.9710
vn -0.2364 -0.0348 -0.9710
vn -0.2387 -0.0117 -0.9710
vn 0.2362 -0.0348 -0.9711
vn 0.2316 -0.0577 -0.9711
vn 0.2248 -0.0799 -0.9711
vn 0.2159 -0.1015 -0.9711
vn 0.2048 -0.1220 -0.9712
vn 0.1918 -0.1414 -0.9712
vn 0.1770 -0.1594 -0.9712
vn 0.0032 -0.0002 -1.0000
vn -0.9881 0.0482 -0.1459
vn -0.7480 -0.6624 0.0417
vn 0.2385 -0.0116 -0.9711
vn 0.9820 0.0479 0.1825
vn -0.0193 0.0009 0.9998
vn 0.0316 0.0015 -0.9995
vn -0.2444 -0.9697 -0.0000
vn 0.8591 0.5117 -0.0000
vn -0.7148 -0.0000 0.6993
vn 0.7149 -0.0000 0.6993
vn -0.7149 -0.0000 0.6993
vn -0.7149 -0.0000 0.6992
vn 0.7148 -0.0000 0.6993
vn 0.7149 -0.0000 0.6992
vn 0.3224 0.8492 0.4183
vn -0.3814 0.8695 0.3138
vn -0.0006 -1.0000 -0.0000
vn -0.4695 -0.7857 -0.4028
vn 0.8584 0.3177 -0.4027
vn 0.4695 -0.7857 -0.4027
vn -0.4625 -0.5512 -0.6944
vn 0.9836 0.1642 0.0749
vn 0.1853 -0.9417 -0.2809
vn 0.1968 0.9367 -0.2896
vn 0.1858 -0.9416 -0.2808
vn -0.1678 0.9538 -0.2492
vn -0.1558 0.9615 -0.2262
vn -0.1989 0.9390 0.2807
vn -0.1848 -0.9389 0.2903
vn 0.1848 -0.9389 0.2903
vn 0.1848 0.9389 0.2903
vn 0.0265 0.0031 0.9996
vn -0.8855 0.0046 0.4647
vn 0.0265 -0.0031 0.9996
vn -0.8854 -0.0046 0.4647
vn -0.8855 0.0045 0.4647
vn -0.8855 -0.0046 0.4647
vn 0.8855 0.0045 0.4647
vn -0.0265 0.0031 0.9996
vn -0.0265 -0.0031 0.9996
vn 0.8854 -0.0046 0.4647
vn 0.8855 0.0046 0.4645
vn 0.8855 -0.0046 0.4647
vn -0.3430 0.8722 0.3487
vn -0.8469 0.1703 0.5037
vn -0.1714 -0.8751 0.4525
vn -0.0335 -0.1708 0.9847
vn -0.3431 0.8722 0.3487
vn -0.1714 -0.8751 0.4526
vn -0.0335 -0.1709 0.9847
vn 0.8469 0.1703 0.5037
vn 0.3430 0.8722 0.3487
vn 0.0335 -0.1708 0.9847
vn 0.1714 -0.8751 0.4526
vn 0.3431 0.8722 0.3487
vn 0.0335 -0.1709 0.9847
vn 0.1714 -0.8751 0.4525
vn -0.0293 0.0190 -0.9994
vn -0.1590 -0.9580 -0.2388
vn 0.0474 0.0130 -0.9988
vn 0.1968 0.9367 -0.2897
vn -0.0000 -0.0001 -1.0000
vn 0.6738 0.7389 -0.0000
vn 0.3387 0.9409 -0.0000
vn -0.5165 0.8563 -0.0001
vn -0.0098 -0.0161 0.9998
vn 0.0136 -0.0459 0.9989
vn -0.0187 -0.0046 0.9998
vn -0.0181 -0.0065 0.9998
vn -0.0164 -0.0097 0.9998
vn -0.0222 -0.0065 -0.9997
vn -0.0082 -0.0311 -0.9995
vn -0.0180 -0.0143 -0.9997
vn 0.0075 -0.0313 -0.9995
vn 0.0074 -0.0296 -0.9995
vn 0.0104 -0.0287 -0.9995
vn 0.0081 -0.0170 -0.9998
vn 0.0158 -0.0263 -0.9995
vn 0.0184 -0.0247 -0.9995
vn 0.0128 -0.0140 -0.9998
vn 0.0142 -0.0127 -0.9998
vn 0.0282 -0.0133 -0.9995
vn 0.0188 -0.0047 -0.9998
vn 0.0312 -0.0046 -0.9995
vn -0.0298 -0.0135 -0.9995
vn -0.0232 -0.0021 -0.9997
vn -0.0142 -0.0289 -0.9995
vn 0.8303 0.5514 0.0812
vn 0.6722 -0.7371 -0.0690
vn 0.0492 -0.9964 -0.0689
vn -0.1977 0.9803 -0.0015
vn 0.1950 0.9808 -0.0010
vn 0.7699 0.6381 -0.0001
vn 0.7042 0.7100 -0.0003
vn -0.8384 0.5450 -0.0013
vn -0.0223 0.0033 -0.9997
vn -0.7797 0.6261 -0.0016
vn -0.2959 0.9552 -0.0014
vn 0.0984 0.9951 -0.0011
vn -0.9942 -0.1074 -0.0008
vn -0.9999 -0.0110 -0.0008
vn 0.5911 0.7921 0.1526
vn -0.0021 -0.0028 1.0000
vn -0.1268 -0.2665 0.9554
vn 0.0721 -0.2860 0.9555
vn 0.1324 -0.2783 0.9513
vn 0.2389 -0.1761 0.9550
vn 0.2807 -0.1319 0.9507
vn 0.0534 0.9395 0.3384
vn -0.2696 -0.1267 0.9546
vn 0.4201 -0.8302 0.3665
vn -0.3351 0.9306 0.1476
vn -0.8498 0.5062 0.1466
vn -0.8953 0.4208 0.1465
vn -0.1451 -0.9722 0.1836
vn -0.0485 -0.9818 0.1835
vn 0.0485 -0.9818 0.1835
vn 0.1451 -0.9722 0.1835
vn 0.3330 -0.9249 0.1835
vn 0.4225 -0.8876 0.1834
vn 0.8447 -0.5031 0.1827
vn -0.8447 -0.5031 0.1828
vn 0.8847 -0.4662 -0.0000
vn -0.5951 -0.7618 0.2559
vn -0.8919 -0.3981 0.2147
vn -0.9184 -0.2510 -0.3059
vn 0.9506 -0.1749 0.2563
vn 0.7730 -0.5964 0.2163
vn 0.6637 -0.6813 -0.3089
vn 0.7074 -0.6930 0.1393
vn 0.1314 -0.9222 0.3637
vn -0.0020 -0.6664 -0.7456
vn 0.2001 -0.9430 0.2660
vn -0.5593 -0.7468 0.3598
vn -0.4681 -0.4821 -0.7405
vn -0.3387 -0.9409 -0.0000
vn 0.0267 -0.9614 0.2737
vn -0.4387 -0.8712 0.2202
vn -0.5365 -0.7811 -0.3196
vn -0.2417 -0.9590 -0.1476
vn 0.3351 -0.9306 -0.1476
vn 0.8498 -0.5062 -0.1466
vn 0.8953 -0.4208 -0.1465
vn 0.0028 0.0016 -1.0000
vn 0.1423 0.1906 -0.9713
vn 0.0580 0.2303 -0.9714
vn -0.0581 0.2305 -0.9713
vn -0.0805 0.2237 -0.9713
vn -0.1021 0.2146 -0.9714
vn -0.1424 0.1908 -0.9712
vn -0.1771 0.1595 -0.9712
vn -0.2048 0.1220 -0.9712
vn -0.2364 0.0348 -0.9710
vn 0.2248 0.0800 -0.9711
vn -0.7480 0.6624 0.0417
vn -0.3388 -0.9409 -0.0001
vn -0.0097 0.0162 0.9998
vn 0.0136 0.0459 0.9989
vn -0.0187 0.0047 0.9998
vn -0.0181 0.0064 0.9998
vn -0.0164 0.0098 0.9998
vn -0.0222 0.0065 -0.9997
vn -0.0082 0.0311 -0.9995
vn -0.0180 0.0143 -0.9997
vn 0.0075 0.0313 -0.9995
vn 0.0075 0.0296 -0.9995
vn 0.0104 0.0288 -0.9995
vn 0.0019 0.0321 -0.9995
vn 0.0205 0.0107 -0.9997
vn 0.0184 0.0246 -0.9995
vn 0.0113 0.0302 -0.9995
vn 0.0142 0.0128 -0.9998
vn 0.0234 -0.0023 -0.9997
vn 0.0266 0.0190 -0.9995
vn 0.0219 -0.0089 -0.9997
vn -0.0298 0.0135 -0.9995
vn -0.0232 0.0021 -0.9997
vn -0.0142 0.0289 -0.9995
vn 0.8303 -0.5513 0.0812
vn -0.6638 -0.7279 0.1717
vn 0.6722 0.7371 -0.0690
vn 0.0493 0.9964 -0.0689
vn -0.1993 -0.9799 -0.0013
vn 0.1950 -0.9808 -0.0010
vn 0.7698 -0.6383 -0.0001
vn 0.7042 -0.7100 -0.0003
vn -0.8384 -0.5450 -0.0013
vn -0.0224 -0.0033 -0.9997
vn -0.7807 -0.6249 -0.0014
vn -0.2959 -0.9552 -0.0014
vn 0.0984 -0.9951 -0.0011
vn -0.9941 0.1082 -0.0007
vn -0.9999 0.0110 -0.0008
vn -0.0022 0.0028 1.0000
vn 0.6380 0.7068 0.3055
vn -0.9308 -0.1693 0.3239
vn 0.0721 0.2860 0.9555
vn 0.1324 0.2782 0.9513
vn 0.8151 -0.4794 0.3253
vn 0.2807 0.1319 0.9507
vn 0.0541 0.9360 0.3479
vn -0.6175 -0.6965 0.3654
vn 0.2417 -0.9591 0.1476
vn -0.8499 -0.5062 0.1466
vn -0.8952 -0.4208 0.1465
vn -0.6625 0.7264 0.1830
vn -0.5880 0.7879 0.1832
vn -0.3330 0.9249 0.1834
vn 0.4225 0.8876 0.1833
vn 0.8447 0.5031 0.1828
vn -0.7126 -0.7015 -0.0000
vn -0.8084 0.5886 -0.0000
vn -0.2443 0.9697 -0.0000
vn -0.3387 0.9409 -0.0000
vn -0.4298 0.9029 -0.0000
vn -0.2417 0.9590 -0.1476
vn 0.8499 0.5062 -0.1466
vn 0.8952 0.4208 -0.1465
vn 0.0028 -0.0016 -1.0000
vn 0.1423 -0.1907 -0.9713
vn 0.0580 -0.2302 -0.9714
vn -0.0581 -0.2305 -0.9713
vn -0.0805 -0.2235 -0.9714
vn -0.1424 -0.1908 -0.9712
vn -0.1769 -0.1594 -0.9712
vn -0.2050 -0.1221 -0.9711
vn -0.2250 -0.0800 -0.9711
vn -0.2364 -0.0349 -0.9710
vn 0.2248 -0.0800 -0.9711
vn -0.7782 -0.6280 -0.0000
vt 0.524350 0.742189
vt 0.525818 0.743745
vt 0.527193 0.745384
vt 0.528471 0.747099
vt 0.529646 0.748887
vt 0.530716 0.750739
vt 0.531676 0.752651
vt 0.532523 0.754615
vt 0.533255 0.756625
vt 0.533868 0.758674
vt 0.534362 0.760756
vt 0.534733 0.762862
vt 0.534981 0.764987
vt 0.535106 0.767123
vt 0.535105 0.769262
vt 0.534981 0.771397
vt 0.534733 0.773522
vt 0.534362 0.775628
vt 0.533869 0.777710
vt 0.533255 0.779759
vt 0.532524 0.781769
vt 0.531676 0.783733
vt 0.530716 0.785645
vt 0.529647 0.787498
vt 0.528471 0.789285
vt 0.527194 0.791001
vt 0.525819 0.792639
vt 0.524351 0.794195
vt 0.522795 0.795663
vt 0.521156 0.797038
vt 0.519441 0.798316
vt 0.517653 0.799491
vt 0.515801 0.800561
vt 0.513889 0.801521
vt 0.511925 0.802368
vt 0.509915 0.803100
vt 0.507866 0.803713
vt 0.505784 0.804207
vt 0.503678 0.804578
vt 0.501553 0.804827
vt 0.499418 0.804951
vt 0.497279 0.804951
vt 0.495143 0.804827
vt 0.493018 0.804578
vt 0.490912 0.804207
vt 0.488830 0.803714
vt 0.486781 0.803100
vt 0.484771 0.802369
vt 0.482807 0.801521
vt 0.480895 0.800561
vt 0.479043 0.799492
vt 0.477255 0.798316
vt 0.475539 0.797039
vt 0.473901 0.795664
vt 0.472345 0.794196
vt 0.470877 0.792640
vt 0.469502 0.791002
vt 0.468224 0.789286
vt 0.467049 0.787499
vt 0.465979 0.785646
vt 0.465019 0.783735
vt 0.464172 0.781770
vt 0.463440 0.779760
vt 0.462827 0.777711
vt 0.462333 0.775629
vt 0.461962 0.773523
vt 0.461714 0.771398
vt 0.461589 0.769263
vt 0.461589 0.767124
vt 0.461713 0.764988
vt 0.461962 0.762864
vt 0.462333 0.760757
vt 0.462826 0.758675
vt 0.463440 0.756626
vt 0.464171 0.754616
vt 0.465019 0.752652
vt 0.465979 0.750740
vt 0.467048 0.748888
vt 0.468224 0.747100
vt 0.469501 0.745385
vt 0.470876 0.743746
vt 0.472344 0.742190
vt 0.473900 0.740722
vt 0.475538 0.739347
vt 0.477254 0.738069
vt 0.479042 0.736894
vt 0.480894 0.735824
vt 0.482806 0.734864
vt 0.484770 0.734017
vt 0.486780 0.733285
vt 0.488829 0.732672
vt 0.490911 0.732179
vt 0.493017 0.731807
vt 0.495142 0.731559
vt 0.497277 0.731434
vt 0.499417 0.731434
vt 0.501552 0.731559
vt 0.503677 0.731807
vt 0.505783 0.732178
vt 0.507865 0.732671
vt 0.509914 0.733285
vt 0.511924 0.734016
vt 0.513888 0.734864
vt 0.515800 0.735824
vt 0.517653 0.736893
vt 0.519440 0.738069
vt 0.521156 0.739346
vt 0.522794 0.740721
vt 0.507039 0.759500
vt 0.371945 0.574989
vt 0.507530 0.760020
vt 0.371971 0.575797
vt 0.507990 0.760568
vt 0.371954 0.576614
vt 0.508417 0.761142
vt 0.371886 0.577432
vt 0.508810 0.761739
vt 0.371772 0.578235
vt 0.509167 0.762358
vt 0.371620 0.579019
vt 0.509488 0.762997
vt 0.371429 0.579787
vt 0.509771 0.763654
vt 0.371198 0.580538
vt 0.510016 0.764326
vt 0.370928 0.581272
vt 0.510221 0.765011
vt 0.370620 0.581986
vt 0.510386 0.765707
vt 0.370273 0.582679
vt 0.510510 0.766411
vt 0.369889 0.583347
vt 0.510593 0.767121
vt 0.369471 0.583990
vt 0.510635 0.767835
vt 0.369018 0.584605
vt 0.510635 0.768550
vt 0.368533 0.585190
vt 0.510593 0.769264
vt 0.368018 0.585743
vt 0.510510 0.769974
vt 0.367473 0.586263
vt 0.510386 0.770678
vt 0.366902 0.586748
vt 0.510221 0.771374
vt 0.366306 0.587196
vt 0.510016 0.772059
vt 0.365688 0.587605
vt 0.509771 0.772731
vt 0.365050 0.587975
vt 0.509488 0.773387
vt 0.364393 0.588304
vt 0.509167 0.774027
vt 0.363722 0.588591
vt 0.508810 0.774646
vt 0.363039 0.588834
vt 0.508417 0.775243
vt 0.362349 0.589033
vt 0.507990 0.775817
vt 0.361646 0.589217
vt 0.507530 0.776364
vt 0.360927 0.589193
vt 0.507040 0.776884
vt 0.360225 0.589055
vt 0.506520 0.777375
vt 0.359545 0.588867
vt 0.505972 0.777835
vt 0.358880 0.588636
vt 0.505398 0.778262
vt 0.358230 0.588361
vt 0.504801 0.778655
vt 0.357596 0.588044
vt 0.504182 0.779012
vt 0.356981 0.587685
vt 0.503543 0.779333
vt 0.356389 0.587288
vt 0.502886 0.779616
vt 0.355820 0.586852
vt 0.502214 0.779861
vt 0.355278 0.586379
vt 0.501529 0.780066
vt 0.354764 0.585872
vt 0.500833 0.780231
vt 0.354280 0.585332
vt 0.500129 0.780355
vt 0.353829 0.584761
vt 0.499419 0.780438
vt 0.353412 0.584162
vt 0.498705 0.780480
vt 0.353030 0.583536
vt 0.497990 0.780480
vt 0.352686 0.582885
vt 0.497276 0.780438
vt 0.352380 0.582212
vt 0.496566 0.780355
vt 0.352114 0.581520
vt 0.495862 0.780231
vt 0.351889 0.580810
vt 0.495166 0.780066
vt 0.351706 0.580086
vt 0.494481 0.779861
vt 0.351567 0.579350
vt 0.493809 0.779617
vt 0.351471 0.578604
vt 0.493153 0.779333
vt 0.351420 0.577852
vt 0.492514 0.779012
vt 0.351414 0.577097
vt 0.491894 0.778655
vt 0.351454 0.576339
vt 0.491297 0.778262
vt 0.351538 0.575584
vt 0.490723 0.777835
vt 0.351668 0.574833
vt 0.490176 0.777376
vt 0.351847 0.574092
vt 0.489656 0.776885
vt 0.352063 0.573369
vt 0.489165 0.776365
vt 0.352301 0.572668
vt 0.488705 0.775817
vt 0.352509 0.571975
vt 0.488278 0.775243
vt 0.352680 0.571283
vt 0.487885 0.774646
vt 0.352814 0.570593
vt 0.487528 0.774027
vt 0.352911 0.569907
vt 0.487207 0.773388
vt 0.352973 0.569228
vt 0.486924 0.772731
vt 0.352997 0.568557
vt 0.486679 0.772059
vt 0.352986 0.567896
vt 0.486474 0.771374
vt 0.352940 0.567247
vt 0.486309 0.770679
vt 0.352863 0.566610
vt 0.486185 0.769974
vt 0.352755 0.565987
vt 0.486102 0.769264
vt 0.352620 0.565380
vt 0.486060 0.768550
vt 0.352459 0.564786
vt 0.486060 0.767835
vt 0.352277 0.564205
vt 0.486102 0.767121
vt 0.352081 0.563634
vt 0.486185 0.766411
vt 0.351877 0.563064
vt 0.486309 0.765707
vt 0.351677 0.562485
vt 0.486474 0.765011
vt 0.351503 0.561870
vt 0.486679 0.764326
vt 0.351414 0.561186
vt 0.486924 0.763654
vt 0.351542 0.560423
vt 0.487207 0.762998
vt 0.352093 0.559716
vt 0.487528 0.762359
vt 0.353109 0.559335
vt 0.487885 0.761740
vt 0.354278 0.559247
vt 0.488278 0.761142
vt 0.355335 0.559434
vt 0.488705 0.760569
vt 0.356265 0.559757
vt 0.489165 0.760021
vt 0.357137 0.560142
vt 0.489655 0.759501
vt 0.357965 0.560562
vt 0.490175 0.759010
vt 0.358728 0.560967
vt 0.490723 0.758550
vt 0.359496 0.561132
vt 0.491297 0.758123
vt 0.360276 0.561298
vt 0.491894 0.757730
vt 0.361054 0.561501
vt 0.492513 0.757373
vt 0.361822 0.561744
vt 0.493152 0.757052
vt 0.362577 0.562027
vt 0.493809 0.756769
vt 0.363316 0.562349
vt 0.494481 0.756524
vt 0.364037 0.562709
vt 0.495166 0.756319
vt 0.364737 0.563107
vt 0.495862 0.756154
vt 0.365415 0.563541
vt 0.496566 0.756030
vt 0.366069 0.564010
vt 0.497276 0.755947
vt 0.366697 0.564513
vt 0.497990 0.755905
vt 0.367297 0.565049
vt 0.498705 0.755905
vt 0.367867 0.565616
vt 0.499419 0.755947
vt 0.368405 0.566212
vt 0.500129 0.756030
vt 0.368911 0.566836
vt 0.500833 0.756154
vt 0.369382 0.567487
vt 0.501529 0.756319
vt 0.369817 0.568161
vt 0.502214 0.756524
vt 0.370215 0.568858
vt 0.502886 0.756769
vt 0.370575 0.569575
vt 0.503542 0.757052
vt 0.370895 0.570311
vt 0.504181 0.757373
vt 0.371175 0.571063
vt 0.504801 0.757730
vt 0.371413 0.571828
vt 0.505398 0.758123
vt 0.371610 0.572606
vt 0.505971 0.758550
vt 0.371764 0.573393
vt 0.506519 0.759010
vt 0.371876 0.574188
vt 0.371071 0.736321
vt 0.390661 0.709620
vt 0.406708 0.739741
vt 0.396328 0.582241
vt 0.364794 0.747074
vt 0.383381 0.752016
vt 0.382360 0.748689
vt 0.384570 0.755289
vt 0.385931 0.758493
vt 0.387340 0.761366
vt 0.428346 0.729090
vt 0.429860 0.726290
vt 0.425521 0.735485
vt 0.426850 0.732251
vt 0.385929 0.722901
vt 0.387631 0.719508
vt 0.387104 0.720845
vt 0.384308 0.725977
vt 0.382881 0.729089
vt 0.381727 0.732204
vt 0.381004 0.735343
vt 0.380757 0.738577
vt 0.381508 0.745323
vt 0.380848 0.741919
vt 0.424356 0.738777
vt 0.423357 0.742110
vt 0.422228 0.748768
vt 0.422549 0.745487
vt 0.424677 0.757987
vt 0.426278 0.761024
vt 0.423365 0.754962
vt 0.422526 0.751920
vt 0.428075 0.764028
vt 0.429374 0.766048
vt 0.429999 0.767356
vt 0.374095 0.555928
vt 0.375480 0.557812
vt 0.373328 0.554706
vt 0.378926 0.563410
vt 0.377411 0.560584
vt 0.379586 0.566500
vt 0.379768 0.569845
vt 0.406105 0.696185
vt 0.407679 0.690169
vt 0.406471 0.693112
vt 0.409840 0.687856
vt 0.415086 0.682910
vt 0.414038 0.683915
vt 0.412305 0.685511
vt 0.379077 0.580318
vt 0.379730 0.573303
vt 0.378460 0.583812
vt 0.379500 0.576807
vt 0.377615 0.587225
vt 0.376579 0.590590
vt 0.375358 0.593842
vt 0.414524 0.722469
vt 0.412826 0.719419
vt 0.411301 0.716278
vt 0.409955 0.713058
vt 0.407804 0.706443
vt 0.408788 0.709775
vt 0.407010 0.703072
vt 0.406429 0.699660
vt 0.373966 0.597014
vt 0.415119 0.723409
vt 0.373468 0.597998
vt 0.542101 0.521354
vt 0.597802 0.516505
vt 0.540273 0.518575
vt 0.597828 0.519823
vt 0.538287 0.515906
vt 0.598220 0.523122
vt 0.536148 0.513358
vt 0.598905 0.526379
vt 0.533866 0.510939
vt 0.599812 0.529570
vt 0.531446 0.508656
vt 0.601177 0.532487
vt 0.553110 0.790562
vt 0.528898 0.506518
vt 0.603756 0.534638
vt 0.526230 0.504531
vt 0.556082 0.787505
vt 0.523451 0.502703
vt 0.559279 0.786025
vt 0.520570 0.501040
vt 0.562205 0.784502
vt 0.517597 0.499547
vt 0.564977 0.782824
vt 0.514543 0.498230
vt 0.567624 0.780965
vt 0.511417 0.497092
vt 0.570161 0.778948
vt 0.508231 0.496138
vt 0.572580 0.776783
vt 0.504994 0.495371
vt 0.574880 0.774483
vt 0.501718 0.494793
vt 0.577050 0.772060
vt 0.498414 0.494407
vt 0.579068 0.769518
vt 0.495093 0.494214
vt 0.580926 0.766858
vt 0.491767 0.494214
vt 0.582620 0.764087
vt 0.488446 0.494407
vt 0.584149 0.761215
vt 0.485142 0.494793
vt 0.585509 0.758254
vt 0.481866 0.495371
vt 0.586698 0.755216
vt 0.478629 0.496138
vt 0.587713 0.752119
vt 0.475443 0.497092
vt 0.588549 0.748976
vt 0.472317 0.498230
vt 0.589200 0.745787
vt 0.469263 0.499547
vt 0.589666 0.742565
vt 0.589946 0.739319
vt 0.466290 0.501040
vt 0.590039 0.736063
vt 0.463409 0.502703
vt 0.589945 0.732805
vt 0.460630 0.504531
vt 0.589665 0.729559
vt 0.457962 0.506518
vt 0.589198 0.726333
vt 0.455414 0.508656
vt 0.588548 0.723140
vt 0.452994 0.510939
vt 0.587715 0.719990
vt 0.450712 0.513358
vt 0.586704 0.716893
vt 0.448573 0.515906
vt 0.585517 0.713862
vt 0.446587 0.518574
vt 0.584160 0.710907
vt 0.444759 0.521354
vt 0.582636 0.708039
vt 0.443096 0.524234
vt 0.580952 0.705270
vt 0.441603 0.527207
vt 0.579110 0.702610
vt 0.440285 0.530261
vt 0.577117 0.700070
vt 0.439148 0.533387
vt 0.574977 0.697659
vt 0.438194 0.536574
vt 0.572694 0.695383
vt 0.437427 0.539810
vt 0.570275 0.693248
vt 0.436849 0.543086
vt 0.567729 0.691259
vt 0.436463 0.546390
vt 0.565061 0.689421
vt 0.436269 0.549711
vt 0.562270 0.687734
vt 0.436269 0.553037
vt 0.559310 0.686175
vt 0.436463 0.556358
vt 0.556049 0.684566
vt 0.436849 0.559662
vt 0.607209 0.537918
vt 0.553099 0.681778
vt 0.437427 0.562938
vt 0.607590 0.534614
vt 0.438194 0.566175
vt 0.607907 0.531302
vt 0.439148 0.569361
vt 0.608159 0.527985
vt 0.440285 0.572487
vt 0.608344 0.524664
vt 0.441603 0.575541
vt 0.608460 0.521340
vt 0.443096 0.578514
vt 0.608505 0.518014
vt 0.444759 0.581395
vt 0.608478 0.514687
vt 0.446587 0.584174
vt 0.608377 0.511363
vt 0.448573 0.586842
vt 0.608202 0.508041
vt 0.450711 0.589390
vt 0.607949 0.504724
vt 0.452994 0.591810
vt 0.607619 0.501414
vt 0.455414 0.594093
vt 0.394380 0.680907
vt 0.607209 0.498113
vt 0.457962 0.596231
vt 0.392037 0.684265
vt 0.460630 0.598217
vt 0.388713 0.685825
vt 0.463409 0.600045
vt 0.385746 0.687368
vt 0.466290 0.601708
vt 0.382944 0.689070
vt 0.469262 0.603201
vt 0.380263 0.690937
vt 0.472317 0.604519
vt 0.377696 0.692960
vt 0.475443 0.605656
vt 0.375246 0.695132
vt 0.478629 0.606610
vt 0.372913 0.697441
vt 0.481866 0.607378
vt 0.370706 0.699866
vt 0.485142 0.607955
vt 0.368653 0.702408
vt 0.488446 0.608341
vt 0.366761 0.705068
vt 0.491767 0.608535
vt 0.365034 0.707840
vt 0.495093 0.608535
vt 0.363474 0.710713
vt 0.498414 0.608341
vt 0.362084 0.713675
vt 0.501718 0.607955
vt 0.360869 0.716716
vt 0.504993 0.607378
vt 0.359832 0.719821
vt 0.508230 0.606611
vt 0.358976 0.722981
vt 0.511417 0.605657
vt 0.358306 0.726187
vt 0.514543 0.604519
vt 0.357824 0.729427
vt 0.517597 0.603201
vt 0.357530 0.732690
vt 0.520570 0.601708
vt 0.357426 0.735966
vt 0.523450 0.600045
vt 0.526230 0.598217
vt 0.357512 0.739242
vt 0.528898 0.596231
vt 0.357789 0.742508
vt 0.531446 0.594093
vt 0.358254 0.745752
vt 0.533865 0.591810
vt 0.358906 0.748964
vt 0.536148 0.589391
vt 0.359744 0.752132
vt 0.538286 0.586842
vt 0.360763 0.755246
vt 0.540273 0.584174
vt 0.361960 0.758293
vt 0.542101 0.581395
vt 0.363330 0.761264
vt 0.543764 0.578514
vt 0.364870 0.764146
vt 0.545257 0.575542
vt 0.366573 0.766931
vt 0.546574 0.572487
vt 0.368434 0.769606
vt 0.547712 0.569362
vt 0.370448 0.772163
vt 0.548666 0.566175
vt 0.372609 0.774592
vt 0.549433 0.562938
vt 0.374911 0.776886
vt 0.550011 0.559662
vt 0.377347 0.779039
vt 0.550397 0.556358
vt 0.379910 0.781047
vt 0.550590 0.553038
vt 0.382594 0.782905
vt 0.550590 0.549711
vt 0.385409 0.784619
vt 0.550397 0.546390
vt 0.388396 0.786233
vt 0.550011 0.543087
vt 0.391602 0.787953
vt 0.603756 0.498146
vt 0.549433 0.539811
vt 0.394437 0.790660
vt 0.548666 0.536574
vt 0.601405 0.500378
vt 0.547712 0.533387
vt 0.600113 0.503423
vt 0.546574 0.530261
vt 0.599238 0.506636
vt 0.545257 0.527207
vt 0.598563 0.509898
vt 0.543764 0.524235
vt 0.598076 0.513192
vt 0.935572 0.975454
vt 0.070895 0.975454
vt 0.553099 0.494214
vt 0.592452 0.614425
vt 0.433502 0.494214
vt 0.553099 0.677407
vt 0.617077 0.614425
vt 0.433502 0.677407
vt 0.577942 0.494214
vt 0.603550 0.494214
vt 0.605979 0.494214
vt 0.577942 0.677407
vt 0.589040 0.494214
vt 0.592452 0.494214
vt 0.313291 0.494214
vt 0.589040 0.677407
vt 0.617077 0.494214
vt 0.313291 0.677407
vt 0.603550 0.612947
vt 0.458188 0.783999
vt 0.936504 0.976933
vt 0.069963 0.976933
vt 0.605979 0.612947
vt 0.458188 0.600806
vt 0.448567 0.783999
vt 0.593929 0.612947
vt 0.498440 0.610994
vt 0.350721 0.797122
vt 0.448567 0.600806
vt 0.615600 0.612947
vt 0.436269 0.772435
vt 0.603550 0.495691
vt 0.576465 0.494214
vt 0.605979 0.495691
vt 0.436269 0.589242
vt 0.576465 0.677407
vt 0.445890 0.772435
vt 0.593929 0.495691
vt 0.498440 0.728251
vt 0.445890 0.589242
vt 0.350721 0.679866
vt 0.615600 0.495691
vt 0.562704 0.494214
vt 0.602057 0.614425
vt 0.562704 0.677407
vt 0.607472 0.614425
vt 0.602057 0.612947
vt 0.456695 0.783999
vt 0.607472 0.612947
vt 0.456695 0.600806
vt 0.602057 0.623410
vt 0.571689 0.494214
vt 0.935572 0.928373
vt 0.070895 0.928373
vt 0.571689 0.677407
vt 0.607472 0.623410
vt 0.354167 0.681545
vt 0.450244 0.746423
vt 0.444213 0.734859
vt 0.592390 0.681546
vt 0.353874 0.790373
vt 0.450244 0.638236
vt 0.448567 0.638236
vt 0.313291 0.797122
vt 0.353884 0.792053
vt 0.444213 0.626672
vt 0.592390 0.790617
vt 0.313291 0.679866
vt 0.445890 0.626672
vt 0.592384 0.792298
vt 0.460865 0.728251
vt 0.445890 0.734859
vt 0.592363 0.679866
vt 0.460865 0.610994
vt 0.448567 0.746423
vt 0.354177 0.679866
vt 0.600814 0.532702
vt 0.314126 0.721359
vt 0.599382 0.529644
vt 0.314989 0.724581
vt 0.598471 0.526413
vt 0.315664 0.727847
vt 0.597783 0.523123
vt 0.316147 0.731148
vt 0.597392 0.519779
vt 0.316438 0.734471
vt 0.597371 0.516416
vt 0.316535 0.737806
vt 0.597651 0.513070
vt 0.316438 0.741140
vt 0.598145 0.509751
vt 0.316147 0.744463
vt 0.598827 0.506466
vt 0.315664 0.747764
vt 0.599718 0.503221
vt 0.314989 0.751030
vt 0.601079 0.500077
vt 0.314126 0.754252
vt 0.603028 0.498223
vt 0.394262 0.791926
vt 0.313291 0.756772
vt 0.602900 0.534470
vt 0.553334 0.791873
vt 0.313291 0.718839
vt 0.555042 0.790338
vt 0.557055 0.789533
vt 0.391981 0.790332
vt 0.389941 0.789482
vt 0.386904 0.788051
vt 0.560075 0.788131
vt 0.563039 0.786557
vt 0.383936 0.786450
vt 0.565920 0.784814
vt 0.381059 0.784682
vt 0.576275 0.776146
vt 0.578547 0.773627
vt 0.573871 0.778536
vt 0.571342 0.780783
vt 0.568689 0.782878
vt 0.378287 0.782750
vt 0.375634 0.780659
vt 0.373110 0.778417
vt 0.370725 0.776028
vt 0.368486 0.773500
vt 0.588667 0.756058
vt 0.585993 0.762317
vt 0.587420 0.759228
vt 0.582611 0.768204
vt 0.584389 0.765313
vt 0.580663 0.770978
vt 0.366401 0.770841
vt 0.364474 0.768061
vt 0.362712 0.765169
vt 0.361120 0.762177
vt 0.359703 0.759095
vt 0.358467 0.755935
vt 0.591290 0.746223
vt 0.591780 0.742857
vt 0.589731 0.752836
vt 0.590606 0.749553
vt 0.357414 0.752708
vt 0.356549 0.749424
vt 0.355875 0.746096
vt 0.355395 0.742735
vt 0.355110 0.739351
vt 0.592074 0.739467
vt 0.592173 0.736066
vt 0.592074 0.732665
vt 0.591780 0.729275
vt 0.591291 0.725907
vt 0.590608 0.722573
vt 0.356623 0.722503
vt 0.355930 0.725825
vt 0.355128 0.732564
vt 0.355021 0.735957
vt 0.355432 0.729183
vt 0.589735 0.719285
vt 0.588674 0.716054
vt 0.587430 0.712891
vt 0.586006 0.709808
vt 0.584408 0.706817
vt 0.364672 0.703919
vt 0.361271 0.709782
vt 0.362885 0.706799
vt 0.358578 0.716011
vt 0.359834 0.712857
vt 0.357506 0.719228
vt 0.582641 0.703929
vt 0.580709 0.701155
vt 0.578617 0.698507
vt 0.576371 0.695994
vt 0.573977 0.693623
vt 0.571441 0.691402
vt 0.568773 0.689335
vt 0.565985 0.687427
vt 0.563087 0.685685
vt 0.560098 0.684111
vt 0.557050 0.682709
vt 0.555048 0.681901
vt 0.607710 0.537280
vt 0.553324 0.680325
vt 0.460865 0.689328
vt 0.608020 0.534590
vt 0.461717 0.686758
vt 0.608338 0.531270
vt 0.462580 0.683536
vt 0.608591 0.527943
vt 0.463255 0.680269
vt 0.608776 0.524613
vt 0.463738 0.676969
vt 0.608892 0.521279
vt 0.464029 0.673646
vt 0.608938 0.517944
vt 0.464126 0.670311
vt 0.608911 0.514608
vt 0.464029 0.666977
vt 0.608810 0.511274
vt 0.463738 0.663654
vt 0.608634 0.507942
vt 0.463255 0.660353
vt 0.608381 0.504616
vt 0.462580 0.657086
vt 0.608049 0.501297
vt 0.461717 0.653864
vt 0.607716 0.498610
vt 0.394437 0.680073
vt 0.460865 0.651294
vt 0.390225 0.682471
vt 0.392157 0.681654
vt 0.387237 0.683908
vt 0.384286 0.685511
vt 0.381406 0.687293
vt 0.378633 0.689240
vt 0.375977 0.691344
vt 0.373445 0.693601
vt 0.368754 0.698510
vt 0.371034 0.695997
vt 0.366630 0.701153
vt 0.362482 0.745850
vt 0.363358 0.749372
vt 0.316395 0.636864
vt 0.369861 0.553160
vt 0.371496 0.551264
vt 0.316395 0.572230
vt 0.398605 0.580787
vt 0.397864 0.584470
vt 0.316395 0.534206
vt 0.387970 0.764970
vt 0.390948 0.761923
vt 0.345297 0.636864
vt 0.388949 0.715874
vt 0.390948 0.717605
vt 0.316395 0.599519
vt 0.318246 0.605671
vt 0.388577 0.723927
vt 0.317187 0.602475
vt 0.389559 0.720363
vt 0.317187 0.569274
vt 0.371504 0.555773
vt 0.318246 0.566078
vt 0.372931 0.559000
vt 0.319489 0.562949
vt 0.374709 0.561871
vt 0.372943 0.601647
vt 0.369861 0.598751
vt 0.346557 0.534206
vt 0.320912 0.611851
vt 0.385637 0.730114
vt 0.319489 0.608800
vt 0.387019 0.727123
vt 0.320912 0.559898
vt 0.376089 0.564396
vt 0.322510 0.556934
vt 0.376702 0.567063
vt 0.324278 0.617680
vt 0.383915 0.735811
vt 0.384569 0.732982
vt 0.322510 0.614815
vt 0.324278 0.554068
vt 0.376861 0.570046
vt 0.326209 0.551310
vt 0.376799 0.573251
vt 0.330536 0.625595
vt 0.384398 0.744748
vt 0.328297 0.623079
vt 0.383800 0.741678
vt 0.326209 0.620438
vt 0.383685 0.738707
vt 0.376566 0.576552
vt 0.328297 0.548669
vt 0.332916 0.627975
vt 0.385206 0.747903
vt 0.330536 0.546154
vt 0.376159 0.579878
vt 0.332916 0.543773
vt 0.375570 0.583182
vt 0.335431 0.541535
vt 0.374769 0.586427
vt 0.387322 0.754192
vt 0.338072 0.632302
vt 0.386182 0.751066
vt 0.335431 0.630214
vt 0.338072 0.539447
vt 0.373784 0.589622
vt 0.372610 0.592741
vt 0.340830 0.537516
vt 0.388635 0.757262
vt 0.340830 0.634233
vt 0.343696 0.535748
vt 0.371266 0.595810
vt 0.430663 0.722683
vt 0.433516 0.725862
vt 0.399976 0.636864
vt 0.417105 0.720977
vt 0.401577 0.535748
vt 0.415994 0.727019
vt 0.418805 0.723783
vt 0.398716 0.534206
vt 0.389339 0.711994
vt 0.388308 0.708365
vt 0.428878 0.534206
vt 0.404295 0.740951
vt 0.405362 0.737376
vt 0.428878 0.636864
vt 0.430993 0.730442
vt 0.404442 0.634233
vt 0.429557 0.733471
vt 0.407200 0.632302
vt 0.428282 0.736561
vt 0.409842 0.630214
vt 0.427161 0.739688
vt 0.412357 0.627975
vt 0.426196 0.742805
vt 0.414737 0.625595
vt 0.425469 0.745826
vt 0.416976 0.623079
vt 0.425181 0.748683
vt 0.419064 0.620438
vt 0.425440 0.751405
vt 0.420995 0.617680
vt 0.409355 0.699408
vt 0.419064 0.551310
vt 0.409914 0.702522
vt 0.416976 0.548669
vt 0.410669 0.705691
vt 0.414737 0.546154
vt 0.411606 0.708854
vt 0.412357 0.543773
vt 0.414004 0.715048
vt 0.407200 0.539447
vt 0.412718 0.711980
vt 0.409842 0.541535
vt 0.415465 0.718046
vt 0.404442 0.537516
vt 0.433516 0.768930
vt 0.431394 0.770923
vt 0.428878 0.599519
vt 0.426199 0.754081
vt 0.422763 0.614815
vt 0.427416 0.756821
vt 0.424361 0.611851
vt 0.428963 0.759708
vt 0.425784 0.608800
vt 0.430647 0.762905
vt 0.427027 0.605671
vt 0.431870 0.766303
vt 0.428086 0.602475
vt 0.418805 0.682095
vt 0.417314 0.679836
vt 0.428878 0.572230
vt 0.416645 0.684313
vt 0.428086 0.569274
vt 0.414527 0.687266
vt 0.427027 0.566078
vt 0.412148 0.689612
vt 0.425784 0.562949
vt 0.410233 0.691638
vt 0.424361 0.559898
vt 0.409296 0.693939
vt 0.422763 0.556934
vt 0.409025 0.696490
vt 0.420995 0.554068
vt 0.361725 0.586515
vt 0.486569 0.541718
vt 0.362667 0.586579
vt 0.361319 0.586718
vt 0.489189 0.540303
vt 0.360400 0.586596
vt 0.361049 0.588212
vt 0.361417 0.588053
vt 0.487904 0.540872
vt 0.361270 0.588049
vt 0.361974 0.584965
vt 0.363043 0.584958
vt 0.485347 0.542719
vt 0.361606 0.585525
vt 0.490320 0.539953
vt 0.360595 0.585195
vt 0.362134 0.583423
vt 0.484263 0.543868
vt 0.363214 0.583365
vt 0.362172 0.581887
vt 0.483358 0.545164
vt 0.363253 0.581785
vt 0.361966 0.584394
vt 0.491452 0.539702
vt 0.360980 0.583932
vt 0.363162 0.582036
vt 0.494078 0.539568
vt 0.362345 0.581322
vt 0.362396 0.583339
vt 0.492566 0.539549
vt 0.361473 0.582761
vt 0.362118 0.580366
vt 0.363193 0.580233
vt 0.482629 0.546566
vt 0.364834 0.580104
vt 0.496606 0.540066
vt 0.364125 0.579275
vt 0.361750 0.577399
vt 0.481744 0.549594
vt 0.362815 0.577168
vt 0.361981 0.578870
vt 0.482086 0.548051
vt 0.363052 0.578694
vt 0.361423 0.575955
vt 0.362475 0.575660
vt 0.481613 0.551170
vt 0.370851 0.576924
vt 0.502455 0.543762
vt 0.370295 0.576711
vt 0.368920 0.576584
vt 0.503478 0.545164
vt 0.368710 0.577528
vt 0.368739 0.577494
vt 0.500926 0.542178
vt 0.368405 0.576612
vt 0.367668 0.576263
vt 0.504054 0.546189
vt 0.367318 0.577265
vt 0.367097 0.578306
vt 0.499351 0.541144
vt 0.366617 0.577345
vt 0.365628 0.579369
vt 0.497658 0.540392
vt 0.365014 0.578468
vt 0.360998 0.574543
vt 0.481697 0.552748
vt 0.362030 0.574186
vt 0.360482 0.573166
vt 0.481992 0.554301
vt 0.361493 0.572751
vt 0.359886 0.571826
vt 0.482485 0.555804
vt 0.360873 0.571358
vt 0.359216 0.570531
vt 0.483167 0.557230
vt 0.360175 0.570002
vt 0.365330 0.575299
vt 0.504863 0.548372
vt 0.364781 0.576234
vt 0.366470 0.575833
vt 0.504516 0.547262
vt 0.366014 0.576812
vt 0.363986 0.574492
vt 0.505140 0.549803
vt 0.363340 0.575366
vt 0.362508 0.573342
vt 0.505245 0.551549
vt 0.361763 0.574131
vt 0.361208 0.572007
vt 0.505091 0.553294
vt 0.360368 0.572695
vt 0.360105 0.570511
vt 0.504681 0.554997
vt 0.359183 0.571084
vt 0.359214 0.568881
vt 0.504026 0.556624
vt 0.358228 0.569332
vt 0.358546 0.567143
vt 0.503139 0.558138
vt 0.357519 0.567474
vt 0.358105 0.565323
vt 0.502040 0.559509
vt 0.357066 0.565559
vt 0.357891 0.563480
vt 0.500776 0.560684
vt 0.356887 0.563707
vt 0.357555 0.561431
vt 0.357865 0.561985
vt 0.356888 0.562470
vt 0.499661 0.561476
vt 0.355803 0.560643
vt 0.355483 0.561623
vt 0.498249 0.562186
vt 0.352683 0.561735
vt 0.493645 0.563205
vt 0.353680 0.561626
vt 0.353268 0.562845
vt 0.354225 0.562362
vt 0.492067 0.563116
vt 0.352581 0.560593
vt 0.353322 0.561165
vt 0.495220 0.563076
vt 0.353875 0.560140
vt 0.496760 0.562717
vt 0.354084 0.561105
vt 0.354075 0.563861
vt 0.354968 0.563239
vt 0.490513 0.562825
vt 0.355890 0.565883
vt 0.356752 0.565210
vt 0.487587 0.561646
vt 0.354976 0.564854
vt 0.489011 0.562333
vt 0.355837 0.564185
vt 0.357653 0.568091
vt 0.485076 0.559738
vt 0.358554 0.567471
vt 0.356788 0.566959
vt 0.357666 0.566307
vt 0.486268 0.560776
vt 0.358467 0.569280
vt 0.484034 0.558551
vt 0.359396 0.568704
vt 0.590538 0.787655
vt 0.577232 0.787619
vt 0.590544 0.779075
vt 0.577299 0.779005
vt 0.369935 0.693025
vt 0.369994 0.684431
vt 0.356686 0.692941
vt 0.356713 0.684374
vt 0.335420 0.583707
vt 0.523277 0.796204
vt 0.335609 0.581547
vt 0.521606 0.797606
vt 0.335923 0.579401
vt 0.519856 0.798909
vt 0.336362 0.577277
vt 0.518034 0.800108
vt 0.516145 0.801198
vt 0.336923 0.575183
vt 0.337605 0.573124
vt 0.514195 0.802177
vt 0.338406 0.571109
vt 0.512193 0.803041
vt 0.339322 0.569144
vt 0.510143 0.803787
vt 0.340352 0.567235
vt 0.508053 0.804413
vt 0.341490 0.565389
vt 0.505931 0.804916
vt 0.342734 0.563613
vt 0.503783 0.805295
vt 0.344079 0.561912
vt 0.501616 0.805548
vt 0.345520 0.560292
vt 0.499439 0.805675
vt 0.347054 0.558758
vt 0.497257 0.805675
vt 0.495080 0.805548
vt 0.348674 0.557317
vt 0.350375 0.555972
vt 0.492913 0.805295
vt 0.352151 0.554728
vt 0.490765 0.804916
vt 0.488643 0.804413
vt 0.353997 0.553590
vt 0.357810 0.587557
vt 0.357227 0.587214
vt 0.359028 0.588125
vt 0.358411 0.587861
vt 0.356664 0.586833
vt 0.355121 0.585478
vt 0.355609 0.585964
vt 0.356124 0.586416
vt 0.354662 0.584962
vt 0.354233 0.584415
vt 0.355906 0.552560
vt 0.486553 0.803788
vt 0.484503 0.803042
vt 0.357871 0.551644
vt 0.359886 0.550843
vt 0.482500 0.802178
vt 0.361945 0.550161
vt 0.480551 0.801199
vt 0.364039 0.549600
vt 0.478662 0.800108
vt 0.353145 0.582619
vt 0.353836 0.583842
vt 0.352855 0.581975
vt 0.353473 0.583242
vt 0.352085 0.579233
vt 0.352389 0.580632
vt 0.352602 0.581312
vt 0.352216 0.579938
vt 0.351945 0.577074
vt 0.351995 0.578519
vt 0.351948 0.577798
vt 0.351984 0.576349
vt 0.352067 0.575625
vt 0.352194 0.574905
vt 0.352366 0.574194
vt 0.352578 0.573489
vt 0.366163 0.549161
vt 0.476840 0.798910
vt 0.368309 0.548847
vt 0.475090 0.797607
vt 0.471833 0.794708
vt 0.372636 0.548595
vt 0.473419 0.796205
vt 0.370469 0.548658
vt 0.353470 0.567209
vt 0.353517 0.567884
vt 0.353529 0.568570
vt 0.353503 0.569265
vt 0.353441 0.569967
vt 0.353341 0.570673
vt 0.353205 0.571381
vt 0.353032 0.572089
vt 0.352821 0.572792
vt 0.467631 0.789701
vt 0.379110 0.549161
vt 0.468934 0.791451
vt 0.376964 0.548847
vt 0.470336 0.793122
vt 0.374804 0.548658
vt 0.352205 0.562374
vt 0.352396 0.562926
vt 0.352044 0.561825
vt 0.352595 0.563489
vt 0.352792 0.564066
vt 0.352976 0.564660
vt 0.353140 0.565273
vt 0.353279 0.565902
vt 0.353390 0.566548
vt 0.465342 0.785990
vt 0.383328 0.550161
vt 0.466432 0.787879
vt 0.381234 0.549600
vt 0.355265 0.559950
vt 0.356106 0.560257
vt 0.354311 0.559747
vt 0.353181 0.559814
vt 0.352273 0.560149
vt 0.351978 0.560703
vt 0.351948 0.561271
vt 0.461624 0.775776
vt 0.393122 0.554728
vt 0.463499 0.782038
vt 0.387402 0.551644
vt 0.462753 0.779988
vt 0.389367 0.552560
vt 0.462127 0.777898
vt 0.391276 0.553590
vt 0.464363 0.784041
vt 0.385387 0.550843
vt 0.470335 0.743264
vt 0.409853 0.583707
vt 0.468933 0.744935
vt 0.409664 0.581547
vt 0.467630 0.746685
vt 0.409349 0.579401
vt 0.466432 0.748507
vt 0.408911 0.577277
vt 0.465341 0.750396
vt 0.408350 0.575183
vt 0.464362 0.752346
vt 0.407668 0.573124
vt 0.463498 0.754348
vt 0.406867 0.571109
vt 0.462752 0.756398
vt 0.405950 0.569144
vt 0.462127 0.758488
vt 0.404921 0.567235
vt 0.461624 0.760610
vt 0.403783 0.565389
vt 0.461245 0.762758
vt 0.402539 0.563613
vt 0.460992 0.764925
vt 0.401194 0.561912
vt 0.460865 0.767102
vt 0.399752 0.560292
vt 0.460992 0.771461
vt 0.396599 0.557317
vt 0.460865 0.769284
vt 0.398219 0.558758
vt 0.461245 0.773628
vt 0.394898 0.555972
vt 0.335357 0.585874
vt 0.524863 0.794708
vt 0.335420 0.588042
vt 0.526360 0.793121
vt 0.335609 0.590202
vt 0.527762 0.791450
vt 0.335923 0.592348
vt 0.529065 0.789700
vt 0.530263 0.787878
vt 0.336362 0.594472
vt 0.336923 0.596566
vt 0.531354 0.785989
vt 0.360301 0.588530
vt 0.359659 0.588348
vt 0.361614 0.588772
vt 0.362938 0.588313
vt 0.362278 0.588508
vt 0.361672 0.588647
vt 0.361675 0.588779
vt 0.360953 0.588670
vt 0.365460 0.587125
vt 0.364852 0.587482
vt 0.363589 0.588077
vt 0.364228 0.587799
vt 0.367160 0.585833
vt 0.366616 0.586300
vt 0.366049 0.586731
vt 0.367679 0.585333
vt 0.369465 0.583028
vt 0.369066 0.583647
vt 0.368171 0.584801
vt 0.368634 0.584238
vt 0.369831 0.582384
vt 0.370162 0.581718
vt 0.370456 0.581030
vt 0.369363 0.568434
vt 0.368943 0.567783
vt 0.367479 0.565978
vt 0.368000 0.566553
vt 0.368488 0.567156
vt 0.366929 0.565430
vt 0.365111 0.563975
vt 0.365743 0.564428
vt 0.366350 0.564913
vt 0.364456 0.563556
vt 0.362368 0.562514
vt 0.363082 0.562824
vt 0.363779 0.563172
vt 0.361637 0.562241
vt 0.360893 0.562006
vt 0.360137 0.561810
vt 0.359372 0.561653
vt 0.356944 0.560631
vt 0.358575 0.561493
vt 0.357768 0.561043
vt 0.358654 0.561545
vt 0.480550 0.735187
vt 0.408350 0.596566
vt 0.478661 0.736277
vt 0.408911 0.594472
vt 0.476839 0.737476
vt 0.409349 0.592348
vt 0.475089 0.738779
vt 0.409664 0.590202
vt 0.473418 0.740181
vt 0.409853 0.588042
vt 0.471832 0.741678
vt 0.409916 0.585874
vt 0.337605 0.598625
vt 0.532333 0.784040
vt 0.338406 0.600640
vt 0.533197 0.782037
vt 0.371113 0.578860
vt 0.371255 0.578109
vt 0.370713 0.580323
vt 0.370932 0.579599
vt 0.371359 0.577345
vt 0.371438 0.575792
vt 0.371421 0.576568
vt 0.371414 0.575018
vt 0.371093 0.572722
vt 0.371348 0.574247
vt 0.370903 0.571972
vt 0.371241 0.573481
vt 0.370094 0.569799
vt 0.370673 0.571233
vt 0.370403 0.570508
vt 0.369747 0.569107
vt 0.484502 0.733344
vt 0.406867 0.600640
vt 0.482500 0.734208
vt 0.407668 0.598625
vt 0.533943 0.779987
vt 0.339322 0.602605
vt 0.340352 0.604514
vt 0.534568 0.777897
vt 0.341490 0.606360
vt 0.535071 0.775775
vt 0.342734 0.608136
vt 0.535450 0.773627
vt 0.490764 0.731469
vt 0.403783 0.606360
vt 0.488642 0.731972
vt 0.404921 0.604514
vt 0.486552 0.732598
vt 0.405950 0.602605
vt 0.344079 0.609837
vt 0.535703 0.771460
vt 0.345520 0.611457
vt 0.535829 0.769283
vt 0.346052 0.611988
vt 0.535830 0.768525
vt 0.535830 0.767102
vt 0.347054 0.612990
vt 0.499438 0.730710
vt 0.398219 0.612990
vt 0.501615 0.730837
vt 0.396599 0.614432
vt 0.497824 0.730710
vt 0.399352 0.611857
vt 0.497256 0.730710
vt 0.399752 0.611457
vt 0.495079 0.730837
vt 0.401194 0.609837
vt 0.492912 0.731090
vt 0.402539 0.608136
vt 0.350375 0.615777
vt 0.535450 0.762757
vt 0.348674 0.614432
vt 0.535703 0.764924
vt 0.535071 0.760609
vt 0.352151 0.617021
vt 0.353997 0.618159
vt 0.534568 0.758487
vt 0.533942 0.756397
vt 0.355906 0.619188
vt 0.510142 0.732597
vt 0.389367 0.619188
vt 0.508052 0.731972
vt 0.391276 0.618159
vt 0.505930 0.731469
vt 0.393122 0.617021
vt 0.503782 0.731090
vt 0.394898 0.615777
vt 0.357871 0.620105
vt 0.533196 0.754348
vt 0.359886 0.620906
vt 0.532332 0.752345
vt 0.361945 0.621588
vt 0.531353 0.750395
vt 0.364039 0.622149
vt 0.530263 0.748506
vt 0.516144 0.735186
vt 0.383328 0.621588
vt 0.514194 0.734207
vt 0.385387 0.620906
vt 0.512192 0.733343
vt 0.387402 0.620105
vt 0.524862 0.741677
vt 0.372636 0.623154
vt 0.370469 0.623091
vt 0.526359 0.743264
vt 0.523276 0.740180
vt 0.374804 0.623091
vt 0.521605 0.738778
vt 0.376964 0.622902
vt 0.527762 0.744934
vt 0.368309 0.622902
vt 0.366163 0.622587
vt 0.529064 0.746684
vt 0.519855 0.737476
vt 0.379110 0.622587
vt 0.518033 0.736277
vt 0.381234 0.622149
vt 0.367094 0.734547
vt 0.366593 0.734274
vt 0.314048 0.626184
vt 0.316395 0.625691
vt 0.368060 0.736311
vt 0.387036 0.563833
vt 0.369360 0.729248
vt 0.314048 0.620001
vt 0.371014 0.729549
vt 0.371334 0.731715
vt 0.316395 0.620494
vt 0.372720 0.730054
vt 0.373515 0.732901
vt 0.385175 0.560872
vt 0.385393 0.558418
vt 0.314048 0.558664
vt 0.386858 0.558400
vt 0.390054 0.563135
vt 0.389120 0.563723
vt 0.314048 0.552481
vt 0.383470 0.559270
vt 0.316395 0.558171
vt 0.383165 0.562234
vt 0.388284 0.565155
vt 0.316395 0.552974
vt 0.385374 0.565475
vt 0.402146 0.683207
vt 0.432713 0.558664
vt 0.399550 0.682802
vt 0.428878 0.557855
vt 0.404127 0.685785
vt 0.403679 0.688680
vt 0.400701 0.691439
vt 0.395565 0.689124
vt 0.432713 0.552481
vt 0.395429 0.686993
vt 0.428878 0.553289
vt 0.397818 0.691340
vt 0.428878 0.625375
vt 0.409733 0.750764
vt 0.412659 0.751135
vt 0.414914 0.754357
vt 0.428878 0.620809
vt 0.414402 0.757181
vt 0.411698 0.756773
vt 0.409333 0.753855
vt 0.432713 0.626184
vt 0.407353 0.752608
vt 0.406328 0.755345
vt 0.412194 0.759156
vt 0.432713 0.620001
vt 0.410673 0.759247
vt 0.920577 0.747460
vt 0.969815 0.751538
vt 0.948511 0.733878
vt 0.948513 0.684472
vt 0.863181 0.680768
vt 0.863183 0.730174
vt 0.920115 0.683229
vt 0.920117 0.732635
vt 0.939018 0.757879
vt 0.940208 0.757606
vt 0.880646 0.760070
vt 0.939613 0.757743
vt 0.939668 0.758193
vt 0.881252 0.760610
vt 0.940166 0.758233
vt 0.880756 0.760689
vt 0.939281 0.758434
vt 0.881256 0.760150
vt 0.948782 0.758320
vt 0.949911 0.758784
vt 0.872185 0.761398
vt 0.949346 0.758553
vt 0.949218 0.758987
vt 0.871774 0.762098
vt 0.871629 0.761662
vt 0.949560 0.759289
vt 0.948720 0.758946
vt 0.872270 0.762022
vt 0.923016 0.768179
vt 0.880644 0.740969
vt 0.923128 0.768834
vt 0.881256 0.740934
vt 0.866323 0.743223
vt 0.964006 0.771572
vt 0.963787 0.772199
vt 0.865731 0.743378
vt 0.938969 0.746535
vt 0.937738 0.746500
vt 0.938350 0.746486
vt 0.953048 0.747768
vt 0.951828 0.747599
vt 0.952447 0.747653
vt 0.957373 0.714641
vt 0.957003 0.713477
vt 0.902133 0.733001
vt 0.957189 0.714059
vt 0.957632 0.713967
vt 0.902738 0.733541
vt 0.957632 0.713468
vt 0.902242 0.733620
vt 0.957904 0.714333
vt 0.902742 0.733082
vt 0.957007 0.704874
vt 0.957377 0.703710
vt 0.893671 0.734330
vt 0.957193 0.704292
vt 0.957636 0.704385
vt 0.893260 0.735030
vt 0.893116 0.734594
vt 0.957909 0.704018
vt 0.957636 0.704884
vt 0.893756 0.734953
vt 0.968958 0.729739
vt 0.902131 0.713900
vt 0.969601 0.729573
vt 0.902742 0.713865
vt 0.887810 0.716155
vt 0.968958 0.688609
vt 0.969601 0.688775
vt 0.887217 0.716309
vt 0.946071 0.715626
vt 0.946139 0.716855
vt 0.946074 0.716247
vt 0.946140 0.701493
vt 0.946071 0.702722
vt 0.946074 0.702102
vt 0.872042 0.700005
vt 0.908179 0.746777
vt 0.871672 0.701169
vt 0.908788 0.746696
vt 0.872573 0.700313
vt 0.908785 0.746237
vt 0.872301 0.700680
vt 0.908289 0.746157
vt 0.872301 0.701179
vt 0.871858 0.700587
vt 0.871676 0.709772
vt 0.899717 0.745448
vt 0.872046 0.710936
vt 0.899802 0.744825
vt 0.872305 0.709762
vt 0.899306 0.744748
vt 0.872306 0.710262
vt 0.899162 0.745184
vt 0.872578 0.710628
vt 0.871863 0.710354
vt 0.908177 0.765878
vt 0.883628 0.684908
vt 0.884271 0.685074
vt 0.908788 0.765912
vt 0.883628 0.726037
vt 0.893856 0.763623
vt 0.893263 0.763468
vt 0.884271 0.725871
vt 0.860808 0.697791
vt 0.860741 0.699021
vt 0.860743 0.698400
vt 0.860741 0.711924
vt 0.860809 0.713154
vt 0.860744 0.712545
vt 0.928976 0.702466
vt 0.906997 0.682796
vt 0.928606 0.703630
vt 0.907606 0.682716
vt 0.929507 0.702774
vt 0.907602 0.682256
vt 0.929235 0.703140
vt 0.929235 0.703639
vt 0.907106 0.682177
vt 0.928792 0.703048
vt 0.928610 0.712233
vt 0.898535 0.681468
vt 0.928980 0.713397
vt 0.898620 0.680844
vt 0.929239 0.712223
vt 0.898124 0.680768
vt 0.929240 0.712722
vt 0.897980 0.681204
vt 0.929512 0.713089
vt 0.928796 0.712815
vt 0.906995 0.701897
vt 0.940561 0.687369
vt 0.941205 0.687535
vt 0.907606 0.701932
vt 0.940561 0.728498
vt 0.892674 0.699643
vt 0.892081 0.699488
vt 0.941205 0.728332
vt 0.917742 0.700252
vt 0.917675 0.701481
vt 0.917677 0.700860
vt 0.917675 0.714385
vt 0.917743 0.715614
vt 0.917678 0.715006
vt 0.400836 0.685630
vt 0.369460 0.734782
vt 0.398078 0.688310
vt 0.591015 0.778589
vt 0.591012 0.788143
vt 0.576831 0.778514
vt 0.370404 0.693516
vt 0.356214 0.693426
vt 0.370467 0.683944
vt 0.356242 0.683886
vt 0.576758 0.788107
vt 0.399867 0.494214
vt 0.592452 0.580789
vt 0.346130 0.494214
vt 0.592452 0.527052
vt 0.372767 0.534206
vt 0.373131 0.494214
vt 0.592452 0.554054
vt 0.593929 0.572788
vt 0.498440 0.651153
vt 0.498440 0.689119
vt 0.593929 0.534823
vt 0.593929 0.553382
vt 0.498440 0.670560
vt 0.372349 0.679922
vt 0.460865 0.629025
vt 0.371862 0.681608
vt 0.350721 0.719264
vt 0.615600 0.535089
vt 0.350721 0.758221
vt 0.615600 0.574046
vt 0.350721 0.738676
vt 0.615600 0.554501
vt 0.574825 0.792265
vt 0.313291 0.697234
vt 0.575288 0.790581
vt 0.343386 0.677407
vt 0.617077 0.524309
vt 0.401429 0.677407
vt 0.617077 0.582351
vt 0.372602 0.677407
vt 0.617077 0.553525
vt 0.372628 0.636864
vt 0.603550 0.613063
vt 0.936504 0.976386
vt 0.605979 0.613063
vt 0.069963 0.976386
vt 0.573182 0.494214
vt 0.603550 0.623410
vt 0.936504 0.927441
vt 0.573182 0.677407
vt 0.605979 0.623410
vt 0.069963 0.927441
vt 0.935572 0.975454
vt 0.070895 0.975454
vt 0.935572 0.928373
vt 0.070895 0.928373
vt 0.755673 0.615541
vt 0.755674 0.619119
vt 0.755326 0.622678
vt 0.754631 0.626184
vt 0.753595 0.629602
vt 0.752229 0.632902
vt 0.750548 0.636051
vt 0.748559 0.639018
vt 0.746287 0.641772
vt 0.743754 0.644289
vt 0.740987 0.646546
vt 0.738004 0.648516
vt 0.734842 0.650181
vt 0.731530 0.651528
vt 0.728102 0.652546
vt 0.724583 0.653219
vt 0.721016 0.653542
vt 0.717433 0.653514
vt 0.713869 0.653140
vt 0.710356 0.652421
vt 0.706926 0.651367
vt 0.703613 0.649977
vt 0.700463 0.648262
vt 0.743756 0.590207
vt 0.746291 0.592756
vt 0.748565 0.595543
vt 0.750549 0.598541
vt 0.752228 0.601715
vt 0.753589 0.605034
vt 0.754624 0.608464
vt 0.755321 0.611978
vt 0.681287 0.568832
vt 0.748263 0.532282
vt 0.678414 0.567959
vt 0.745559 0.534457
vt 0.743089 0.536894
vt 0.675759 0.566676
vt 0.668169 0.562266
vt 0.737252 0.545478
vt 0.735901 0.548668
vt 0.665920 0.560216
vt 0.734876 0.551980
vt 0.663977 0.557973
vt 0.734184 0.555379
vt 0.662290 0.555436
vt 0.733831 0.558829
vt 0.661049 0.552754
vt 0.733822 0.562297
vt 0.659939 0.550012
vt 0.658007 0.544500
vt 0.734796 0.569170
vt 0.657571 0.541447
vt 0.735782 0.572496
vt 0.660198 0.526616
vt 0.745291 0.586876
vt 0.661185 0.523817
vt 0.747966 0.589102
vt 0.664458 0.518597
vt 0.753922 0.592725
vt 0.778094 0.526631
vt 0.706424 0.562371
vt 0.704018 0.564223
vt 0.774679 0.525916
vt 0.701488 0.565758
vt 0.771210 0.525544
vt 0.698732 0.566974
vt 0.767721 0.525512
vt 0.695873 0.567732
vt 0.764248 0.525824
vt 0.692976 0.568364
vt 0.760828 0.526478
vt 0.754258 0.528768
vt 0.687217 0.569368
vt 0.755387 0.615555
vt 0.755388 0.619105
vt 0.755043 0.622636
vt 0.754353 0.626114
vt 0.753326 0.629506
vt 0.751970 0.632779
vt 0.750303 0.635904
vt 0.748330 0.638847
vt 0.746076 0.641580
vt 0.743562 0.644076
vt 0.740818 0.646315
vt 0.737859 0.648270
vt 0.734722 0.649922
vt 0.731435 0.651258
vt 0.728034 0.652268
vt 0.724543 0.652935
vt 0.721004 0.653256
vt 0.717450 0.653229
vt 0.713913 0.652857
vt 0.710426 0.652144
vt 0.707023 0.651098
vt 0.703737 0.649719
vt 0.700611 0.648024
vt 0.743563 0.590418
vt 0.746078 0.592947
vt 0.748334 0.595712
vt 0.750303 0.598687
vt 0.751969 0.601836
vt 0.753319 0.605130
vt 0.755038 0.612020
vt 0.754346 0.608533
vt 0.684196 0.569278
vt 0.751162 0.530358
vt 0.673164 0.565275
vt 0.740853 0.539550
vt 0.670614 0.563829
vt 0.738898 0.542425
vt 0.658886 0.547264
vt 0.734120 0.565761
vt 0.657490 0.538437
vt 0.737083 0.575719
vt 0.657783 0.535344
vt 0.738715 0.578795
vt 0.658510 0.532402
vt 0.740636 0.581700
vt 0.659332 0.529486
vt 0.742830 0.584409
vt 0.750845 0.591075
vt 0.662686 0.521074
vt 0.757477 0.527441
vt 0.690085 0.568963
vt 0.751457 0.622043
vt 0.750836 0.625183
vt 0.749908 0.628246
vt 0.745399 0.636677
vt 0.741097 0.641393
vt 0.727085 0.648789
vt 0.723938 0.649387
vt 0.717534 0.649652
vt 0.714339 0.649318
vt 0.705152 0.646483
vt 0.702314 0.644954
vt 0.741090 0.592955
vt 0.743363 0.595237
vt 0.747173 0.600413
vt 0.749897 0.606231
vt 0.751451 0.612456
vt 0.750827 0.609307
vt 0.680660 0.572413
vt 0.671521 0.568388
vt 0.665890 0.565208
vt 0.659067 0.557265
vt 0.655502 0.548262
vt 0.653966 0.541604
vt 0.653888 0.538280
vt 0.655110 0.531513
vt 0.659799 0.519033
vt 0.661733 0.516316
vt 0.708848 0.564900
vt 0.706090 0.567076
vt 0.693811 0.571744
vt 0.687477 0.573048
vt 0.717763 0.512747
vt 0.797893 0.590330
vt 0.763616 0.618034
vt 0.679574 0.609590
vt 0.721699 0.508824
vt 0.767497 0.609327
vt 0.696262 0.599842
vt 0.648388 0.542886
vt 0.742975 0.602457
vt 0.695810 0.624046
vt 0.659732 0.614372
vt 0.736506 0.606209
vt 0.766779 0.609329
vt 0.649105 0.542840
vt 0.697735 0.492205
vt 0.735078 0.533946
vt 0.795891 0.547639
vt 0.658739 0.493429
vt 0.671195 0.557441
vt 0.716407 0.578057
vt 0.738441 0.533910
vt 0.751057 0.583513
vt 0.789422 0.524357
vt 0.720973 0.555327
vt 0.745535 0.617446
vt 0.771954 0.494579
vt 0.727962 0.578654
vt 0.662426 0.511443
vt 0.695780 0.562784
vt 0.726146 0.511893
vt 0.737666 0.535010
vt 0.748017 0.539389
vt 0.642889 0.629689
vt 0.793303 0.598763
vt 0.774023 0.616776
vt 0.676658 0.539139
vt 0.720587 0.609344
vt 0.783243 0.491779
vt 0.727962 0.577555
vt 0.784893 0.595454
vt 0.773053 0.494579
vt 0.730683 0.612167
vt 0.701151 0.609738
vt 0.689924 0.511181
vt 0.661327 0.511418
vt 0.652602 0.518948
vt 0.762897 0.609504
vt 0.707907 0.553685
vt 0.709201 0.608264
vt 0.724080 0.579266
vt 0.711536 0.618160
vt 0.798158 0.528812
vt 0.647741 0.533950
vt 0.641271 0.556133
vt 0.735078 0.532846
vt 0.659386 0.605852
vt 0.766779 0.617856
vt 0.796990 0.547639
vt 0.736372 0.614735
vt 0.659838 0.493404
vt 0.674394 0.561823
vt 0.677151 0.625749
vt 0.704235 0.515879
vt 0.701017 0.618264
vt 0.644012 0.579575
vt 0.730683 0.620694
vt 0.784893 0.603981
vt 0.797893 0.598857
vt 0.642048 0.556094
vt 0.681834 0.491759
vt 0.763674 0.609507
vt 0.724858 0.579266
vt 0.748017 0.534798
vt 0.679441 0.601064
vt 0.642889 0.625098
vt 0.735855 0.533946
vt 0.751057 0.588102
vt 0.728414 0.529189
vt 0.671971 0.557490
vt 0.745535 0.612857
vt 0.728742 0.576261
vt 0.708071 0.491734
vt 0.659386 0.540015
vt 0.761408 0.530004
vt 0.722139 0.529708
vt 0.727962 0.576261
vt 0.709006 0.549076
vt 0.660165 0.540053
vt 0.774347 0.527448
vt 0.732609 0.529170
vt 0.680735 0.491734
vt 0.724858 0.578167
vt 0.749116 0.534798
vt 0.662138 0.547520
vt 0.740578 0.519509
vt 0.700505 0.599755
vt 0.773248 0.608252
vt 0.641987 0.578012
vt 0.695810 0.619803
vt 0.659640 0.624307
vt 0.774028 0.598428
vt 0.656411 0.613200
vt 0.685337 0.566387
vt 0.656249 0.491734
vt 0.668654 0.502817
vt 0.773248 0.616779
vt 0.700850 0.608275
vt 0.738441 0.535010
vt 0.749958 0.583513
vt 0.649347 0.518237
vt 0.790521 0.524382
vt 0.659773 0.615781
vt 0.782469 0.491734
vt 0.723239 0.529708
vt 0.728742 0.575162
vt 0.774028 0.606956
vt 0.760309 0.529979
vt 0.656545 0.621726
vt 0.661624 0.546058
vt 0.656151 0.500261
vt 0.720528 0.491861
vt 0.773307 0.598425
vt 0.713808 0.599834
vt 0.794858 0.600117
vt 0.667149 0.522794
vt 0.684617 0.566352
vt 0.749958 0.588102
vt 0.735855 0.532846
vt 0.767556 0.617854
vt 0.696262 0.608369
vt 0.742842 0.610983
vt 0.649347 0.513648
vt 0.673619 0.561773
vt 0.727315 0.529214
vt 0.796990 0.543032
vt 0.658739 0.505601
vt 0.663991 0.605755
vt 0.729903 0.612170
vt 0.728742 0.577555
vt 0.789422 0.612544
vt 0.689145 0.511138
vt 0.677151 0.621142
vt 0.659838 0.505576
vt 0.728742 0.578654
vt 0.795891 0.543032
vt 0.696559 0.562827
vt 0.716407 0.573450
vt 0.737666 0.533910
vt 0.749116 0.539389
vt 0.675559 0.539114
vt 0.720199 0.555281
vt 0.740578 0.514918
vt 0.724080 0.578167
vt 0.648840 0.533925
vt 0.709006 0.553685
vt 0.662915 0.547559
vt 0.732609 0.524561
vt 0.713808 0.608361
vt 0.727962 0.575162
vt 0.773248 0.606952
vt 0.707907 0.549076
vt 0.794991 0.608644
vt 0.798158 0.533421
vt 0.773248 0.527472
vt 0.660845 0.546097
vt 0.720454 0.617870
vt 0.793649 0.590243
vt 0.773965 0.608249
vt 0.641271 0.578054
vt 0.721699 0.513070
vt 0.709547 0.599744
vt 0.762897 0.618031
vt 0.711402 0.609634
vt 0.667149 0.518532
vt 0.718481 0.512711
vt 0.729961 0.620697
vt 0.697735 0.496465
vt 0.663991 0.614282
vt 0.789556 0.604018
vt 0.644732 0.579535
vt 0.685264 0.552368
vt 0.684735 0.500179
vt 0.654857 0.613412
vt 0.685490 0.564827
vt 0.799676 0.492552
vt 0.771815 0.607989
vt 0.668654 0.504385
vt 0.668651 0.518079
vt 0.761251 0.604768
vt 0.679861 0.599652
vt 0.709848 0.609845
vt 0.718481 0.511142
vt 0.651021 0.581894
vt 0.646950 0.622681
vt 0.647741 0.518745
vt 0.790507 0.526067
vt 0.658092 0.615663
vt 0.741545 0.598138
vt 0.721138 0.563463
vt 0.805333 0.583476
vt 0.742842 0.617954
vt 0.803654 0.611361
vt 0.782305 0.493411
vt 0.768719 0.582682
vt 0.751290 0.572124
vt 0.804523 0.602924
vt 0.641271 0.579618
vt 0.800191 0.538071
vt 0.720199 0.513511
vt 0.718905 0.617659
vt 0.669136 0.592972
vt 0.652547 0.613348
vt 0.722559 0.589020
vt 0.803654 0.593197
vt 0.649257 0.544379
vt 0.696262 0.491734
vt 0.738038 0.606418
vt 0.736418 0.559276
vt 0.780220 0.597505
vt 0.657093 0.559393
vt 0.709848 0.618279
vt 0.761251 0.613201
vt 0.729903 0.524072
vt 0.679441 0.591229
vt 0.755134 0.513503
vt 0.796538 0.528324
vt 0.647754 0.535642
vt 0.641271 0.557825
vt 0.659423 0.581169
vt 0.665448 0.594351
vt 0.681821 0.493451
vt 0.805336 0.529509
vt 0.756075 0.513452
vt 0.681129 0.600945
vt 0.760309 0.613197
vt 0.648388 0.576989
vt 0.656151 0.559393
vt 0.641271 0.624602
vt 0.642212 0.557778
vt 0.662341 0.594191
vt 0.649719 0.583189
vt 0.658752 0.507261
vt 0.791077 0.612661
vt 0.689145 0.509478
vt 0.652916 0.507726
vt 0.727721 0.597587
vt 0.713729 0.572980
vt 0.775836 0.606556
vt 0.730199 0.491734
vt 0.675559 0.620672
vt 0.707781 0.537488
vt 0.799811 0.560533
vt 0.659386 0.538322
vt 0.715023 0.514009
vt 0.707907 0.493419
vt 0.761408 0.528311
vt 0.687010 0.579646
vt 0.801067 0.503313
vt 0.776781 0.598127
vt 0.702731 0.515574
vt 0.699496 0.618055
vt 0.643859 0.578048
vt 0.685309 0.553770
vt 0.783460 0.596541
vt 0.726316 0.557275
vt 0.744510 0.611100
vt 0.673619 0.560101
vt 0.727328 0.530887
vt 0.799773 0.583337
vt 0.804596 0.601626
vt 0.742842 0.612392
vt 0.729611 0.553927
vt 0.647741 0.513183
vt 0.760347 0.569791
vt 0.766003 0.581617
vt 0.713729 0.578563
vt 0.659824 0.491734
vt 0.675559 0.626255
vt 0.722139 0.597443
vt 0.725374 0.557275
vt 0.803654 0.601630
vt 0.730551 0.553978
vt 0.738038 0.614851
vt 0.674558 0.560160
vt 0.762897 0.581777
vt 0.744820 0.560002
vt 0.653862 0.507726
vt 0.776781 0.606561
vt 0.661340 0.509759
vt 0.729256 0.491793
vt 0.699496 0.609621
vt 0.801067 0.511747
vt 0.690089 0.509530
vt 0.723433 0.512221
vt 0.693712 0.554500
vt 0.704672 0.537656
vt 0.650976 0.519276
vt 0.685264 0.543934
vt 0.760322 0.528287
vt 0.654857 0.621845
vt 0.661624 0.544366
vt 0.720528 0.493553
vt 0.715023 0.515095
vt 0.684617 0.491746
vt 0.729256 0.503322
vt 0.791282 0.491734
vt 0.688096 0.579644
vt 0.707907 0.494504
vt 0.729903 0.529659
vt 0.685026 0.591086
vt 0.715968 0.515095
vt 0.730199 0.503262
vt 0.793303 0.608763
vt 0.796538 0.533910
vt 0.773261 0.529165
vt 0.686209 0.543939
vt 0.660680 0.544412
vt 0.684987 0.579475
vt 0.791282 0.513684
vt 0.676645 0.540826
vt 0.783243 0.493466
vt 0.740607 0.598091
vt 0.720199 0.563463
vt 0.804594 0.611357
vt 0.648388 0.571425
vt 0.799773 0.529648
vt 0.641271 0.630167
vt 0.718905 0.609226
vt 0.677538 0.592247
vt 0.771824 0.582525
vt 0.671971 0.559163
vt 0.726316 0.556189
vt 0.728414 0.530862
vt 0.743927 0.612392
vt 0.764923 0.581727
vt 0.720199 0.564549
vt 0.720199 0.553594
vt 0.649474 0.571425
vt 0.675559 0.540801
vt 0.738960 0.514441
vt 0.770744 0.582636
vt 0.653862 0.508812
vt 0.662426 0.509784
vt 0.695615 0.564435
vt 0.724519 0.512221
vt 0.705758 0.537658
vt 0.696559 0.564487
vt 0.652916 0.508812
vt 0.659838 0.507236
vt 0.714815 0.572980
vt 0.706701 0.537598
vt 0.730989 0.529659
vt 0.715968 0.514009
vt 0.660330 0.538368
vt 0.774347 0.529140
vt 0.686067 0.579585
vt 0.662915 0.549252
vt 0.657093 0.560479
vt 0.648840 0.535618
vt 0.730989 0.524072
vt 0.664362 0.594353
vt 0.649474 0.576989
vt 0.738960 0.520005
vt 0.680735 0.493426
vt 0.656151 0.560479
vt 0.661974 0.549204
vt 0.663421 0.594302
vt 0.743927 0.617954
vt 0.721138 0.564549
vt 0.789422 0.526042
vt 0.721137 0.553649
vt 0.769805 0.582683
vt 0.725374 0.556189
vt 0.714815 0.578563
vt 0.658739 0.491759
vt 0.671031 0.559104
vt 0.763983 0.581778
vt 0.804525 0.593193
vt 0.648388 0.544436
vt 0.799773 0.591771
vt 0.744510 0.602667
vt 0.694321 0.624475
vt 0.751945 0.570517
vt 0.779350 0.597458
vt 0.804915 0.591899
vt 0.694321 0.619331
vt 0.803654 0.602927
vt 0.642139 0.579567
vt 0.658092 0.624097
vt 0.742887 0.571400
vt 0.653415 0.613391
vt 0.760380 0.604764
vt 0.720199 0.508366
vt 0.805336 0.537942
vt 0.681129 0.609379
vt 0.717611 0.511186
vt 0.641317 0.582464
vt 0.646080 0.622728
vt 0.684617 0.564783
vt 0.686138 0.552372
vt 0.685026 0.599520
vt 0.793303 0.600329
vt 0.668651 0.523245
vt 0.799676 0.512867
vt 0.770943 0.608045
vt 0.727721 0.589153
vt 0.775907 0.598122
vt 0.696262 0.496897
vt 0.791077 0.604227
vt 0.644732 0.577999
vt 0.791408 0.561262
vt 0.782588 0.596486
vt 0.748679 0.603256
vt 0.745400 0.597730
vt 0.708116 0.647730
vt 0.711191 0.648670
vt 0.720743 0.649677
vt 0.730155 0.647872
vt 0.733122 0.646670
vt 0.735952 0.645178
vt 0.738622 0.643418
vt 0.743366 0.639142
vt 0.747181 0.634024
vt 0.748682 0.631200
vt 0.751767 0.618854
vt 0.751767 0.615649
vt 0.750050 0.612659
vt 0.733605 0.506671
vt 0.736768 0.506476
vt 0.749454 0.609645
vt 0.739899 0.505971
vt 0.748573 0.606697
vt 0.742967 0.505162
vt 0.747397 0.603853
vt 0.745955 0.601133
vt 0.769437 0.505326
vt 0.745943 0.504057
vt 0.744249 0.598574
vt 0.769118 0.508486
vt 0.742310 0.596183
vt 0.765948 0.508282
vt 0.740142 0.593990
vt 0.765952 0.505105
vt 0.726407 0.495023
vt 0.703046 0.643745
vt 0.705761 0.645205
vt 0.723231 0.494911
vt 0.708600 0.646389
vt 0.723231 0.491734
vt 0.804873 0.527147
vt 0.805344 0.524006
vt 0.711536 0.647309
vt 0.805507 0.520836
vt 0.714552 0.647920
vt 0.805359 0.517666
vt 0.717610 0.648239
vt 0.786632 0.550595
vt 0.720683 0.648263
vt 0.804902 0.514528
vt 0.723739 0.647986
vt 0.786632 0.547426
vt 0.726747 0.647404
vt 0.789795 0.547255
vt 0.788141 0.523113
vt 0.729688 0.646548
vt 0.790109 0.550405
vt 0.788611 0.519984
vt 0.732524 0.645387
vt 0.788771 0.516826
vt 0.735231 0.643960
vt 0.788620 0.513669
vt 0.737777 0.642269
vt 0.740156 0.640350
vt 0.766809 0.543845
vt 0.788158 0.510544
vt 0.742321 0.638189
vt 0.766496 0.546988
vt 0.744265 0.635830
vt 0.763342 0.546829
vt 0.745959 0.633288
vt 0.763342 0.543671
vt 0.654244 0.505370
vt 0.654706 0.502245
vt 0.747413 0.630599
vt 0.654858 0.499089
vt 0.748577 0.627768
vt 0.654699 0.495933
vt 0.749463 0.624838
vt 0.750057 0.621834
vt 0.737079 0.506867
vt 0.654229 0.492806
vt 0.750353 0.618783
vt 0.736761 0.510014
vt 0.750342 0.615715
vt 0.733600 0.509839
vt 0.733582 0.493727
vt 0.690213 0.529181
vt 0.690114 0.542776
vt 0.690114 0.527280
vt 0.735483 0.493609
vt 0.690207 0.540873
vt 0.737364 0.493306
vt 0.690273 0.538968
vt 0.739207 0.492820
vt 0.740995 0.492157
vt 0.690312 0.537061
vt 0.765930 0.492251
vt 0.669484 0.556163
vt 0.792217 0.524735
vt 0.770993 0.540581
vt 0.771034 0.538673
vt 0.792500 0.522848
vt 0.771048 0.536766
vt 0.792598 0.520944
vt 0.771034 0.534860
vt 0.792509 0.519039
vt 0.792235 0.517154
vt 0.770993 0.532955
vt 0.775398 0.520670
vt 0.759349 0.543532
vt 0.759391 0.541632
vt 0.775680 0.518790
vt 0.759405 0.539732
vt 0.775777 0.516893
vt 0.759391 0.537833
vt 0.775686 0.514996
vt 0.775408 0.513119
vt 0.759350 0.535936
vt 0.641490 0.502806
vt 0.748352 0.556485
vt 0.748393 0.554588
vt 0.641768 0.500928
vt 0.748407 0.552690
vt 0.641859 0.499032
vt 0.748393 0.550791
vt 0.641763 0.497136
vt 0.641481 0.495257
vt 0.748351 0.548892
vt 0.652011 0.606846
vt 0.681382 0.542270
vt 0.681382 0.527781
vt 0.652401 0.605144
vt 0.681474 0.529557
vt 0.769389 0.571352
vt 0.651743 0.608569
vt 0.681469 0.540493
vt 0.651622 0.610309
vt 0.681531 0.538714
vt 0.681567 0.536933
vt 0.651622 0.612056
vt 0.770014 0.580893
vt 0.646170 0.537273
vt 0.773684 0.516607
vt 0.669082 0.547427
vt 0.753520 0.583252
vt 0.762250 0.540342
vt 0.740984 0.523065
vt 0.753276 0.585002
vt 0.762288 0.538560
vt 0.753193 0.586759
vt 0.762301 0.536779
vt 0.753235 0.588503
vt 0.762289 0.534999
vt 0.753422 0.590258
vt 0.762251 0.533220
vt 0.740134 0.532626
vt 0.682790 0.566596
vt 0.750605 0.543289
vt 0.712433 0.501412
vt 0.683012 0.564843
vt 0.750644 0.541514
vt 0.683100 0.563128
vt 0.750657 0.539740
vt 0.683100 0.561419
vt 0.750644 0.537967
vt 0.682993 0.559658
vt 0.750605 0.536194
vt 0.713305 0.491734
vt 0.775233 0.582838
vt 0.739607 0.556228
vt 0.678807 0.528631
vt 0.774857 0.584550
vt 0.739646 0.554456
vt 0.774642 0.586278
vt 0.739659 0.552683
vt 0.774542 0.587993
vt 0.739646 0.550910
vt 0.739607 0.549136
vt 0.774542 0.589725
vt 0.679502 0.538152
vt 0.656202 0.606284
vt 0.765433 0.572920
vt 0.655984 0.607666
vt 0.655764 0.609067
vt 0.655668 0.610483
vt 0.655565 0.611880
vt 0.765914 0.579934
vt 0.773684 0.520608
vt 0.646170 0.532861
vt 0.757439 0.583976
vt 0.736859 0.523969
vt 0.757288 0.585361
vt 0.757260 0.586768
vt 0.757236 0.588183
vt 0.757347 0.589571
vt 0.736244 0.530948
vt 0.678868 0.565842
vt 0.716548 0.500395
vt 0.678930 0.564466
vt 0.678999 0.563033
vt 0.679049 0.561592
vt 0.679067 0.560216
vt 0.717154 0.493524
vt 0.779095 0.583935
vt 0.674848 0.530218
vt 0.778846 0.585302
vt 0.778728 0.586706
vt 0.778615 0.588132
vt 0.778485 0.589525
vt 0.675359 0.537199
vt 0.657960 0.608668
vt 0.763563 0.575889
vt 0.657977 0.608420
vt 0.763615 0.575581
vt 0.657769 0.609309
vt 0.764149 0.576461
vt 0.657808 0.609976
vt 0.763544 0.576902
vt 0.658092 0.610600
vt 0.764218 0.577149
vt 0.759616 0.585729
vt 0.734666 0.526312
vt 0.759328 0.586344
vt 0.735128 0.526985
vt 0.759231 0.586996
vt 0.734447 0.527257
vt 0.759214 0.587226
vt 0.734431 0.527533
vt 0.759616 0.587776
vt 0.735054 0.527878
vt 0.676853 0.564021
vt 0.718648 0.497991
vt 0.676934 0.563378
vt 0.718219 0.497387
vt 0.677045 0.562751
vt 0.718885 0.497132
vt 0.677066 0.562539
vt 0.718897 0.496873
vt 0.676853 0.561924
vt 0.718273 0.496557
vt 0.780747 0.586185
vt 0.673035 0.532935
vt 0.780713 0.586398
vt 0.672991 0.533204
vt 0.780777 0.587038
vt 0.673581 0.533736
vt 0.780804 0.587687
vt 0.672972 0.534136
vt 0.781083 0.588302
vt 0.673639 0.534350
vt 0.702731 0.612372
vt 0.799811 0.550368
vt 0.731204 0.501850
vt 0.698214 0.609683
vt 0.719552 0.499709
vt 0.708798 0.547603
vt 0.767878 0.520791
vt 0.729256 0.501972
vt 0.705001 0.612438
vt 0.693712 0.564678
vt 0.696262 0.609662
vt 0.719552 0.501661
vt 0.704672 0.547835
vt 0.765930 0.520667
vt 0.789422 0.501740
vt 0.729256 0.513499
vt 0.777130 0.493687
vt 0.688096 0.589821
vt 0.725183 0.507345
vt 0.723231 0.507276
vt 0.731204 0.513375
vt 0.777130 0.491734
vt 0.789426 0.503692
vt 0.683970 0.589586
vt 0.799773 0.601771
vt 0.659423 0.571060
vt 0.755134 0.523612
vt 0.732496 0.572089
vt 0.641271 0.520004
vt 0.665448 0.604460
vt 0.786632 0.535127
vt 0.802035 0.601709
vt 0.649719 0.593293
vt 0.757077 0.523507
vt 0.730550 0.572107
vt 0.641271 0.521950
vt 0.661327 0.604245
vt 0.788575 0.535022
vt 0.762897 0.607077
vt 0.677538 0.582150
vt 0.739607 0.608139
vt 0.710494 0.549100
vt 0.760956 0.493675
vt 0.772836 0.592571
vt 0.765280 0.559212
vt 0.741545 0.608236
vt 0.765154 0.607138
vt 0.751290 0.582222
vt 0.712435 0.549116
vt 0.760956 0.491734
vt 0.768719 0.592780
vt 0.763342 0.559115
vt 0.726021 0.610803
vt 0.760347 0.559681
vt 0.728609 0.563988
vt 0.733137 0.610799
vt 0.749958 0.525442
vt 0.767017 0.591676
vt 0.735524 0.522253
vt 0.730551 0.564093
vt 0.728283 0.610865
vt 0.744820 0.570117
vt 0.735082 0.610817
vt 0.749958 0.523497
vt 0.762897 0.591892
vt 0.733582 0.522145
vt 0.783460 0.605954
vt 0.696262 0.618242
vt 0.705001 0.603858
vt 0.685264 0.563182
vt 0.698067 0.618261
vt 0.703197 0.603806
vt 0.791362 0.551862
vt 0.781658 0.605841
vt 0.771815 0.598578
vt 0.798001 0.501813
vt 0.798005 0.503619
vt 0.770013 0.598693
vt 0.646950 0.613333
vt 0.732496 0.580667
vt 0.799773 0.593194
vt 0.650976 0.572546
vt 0.730696 0.580683
vt 0.801572 0.593144
vt 0.641271 0.591808
vt 0.645153 0.613430
vt 0.710640 0.540523
vt 0.763360 0.598512
vt 0.669090 0.583634
vt 0.651622 0.622639
vt 0.653415 0.622729
vt 0.712435 0.540539
vt 0.765154 0.598561
vt 0.742842 0.580737
vt 0.733284 0.602223
vt 0.726485 0.602238
vt 0.751899 0.561167
vt 0.778424 0.606761
vt 0.780220 0.606858
vt 0.735082 0.602239
vt 0.728283 0.602287
vt 0.736372 0.568630
vt 0.728095 0.611941
vt 0.751050 0.523497
vt 0.763989 0.591893
vt 0.732491 0.522144
vt 0.681530 0.585299
vt 0.751050 0.525442
vt 0.679589 0.585038
vt 0.726150 0.611887
vt 0.765931 0.591787
vt 0.736611 0.522363
vt 0.762048 0.491734
vt 0.764966 0.608214
vt 0.762250 0.559115
vt 0.769811 0.592781
vt 0.653399 0.570591
vt 0.652102 0.569129
vt 0.762048 0.493675
vt 0.763026 0.608161
vt 0.771749 0.592682
vt 0.766367 0.559320
vt 0.789662 0.534914
vt 0.642363 0.521950
vt 0.801906 0.602793
vt 0.662413 0.604356
vt 0.641328 0.541337
vt 0.642363 0.520004
vt 0.799961 0.602847
vt 0.664356 0.604462
vt 0.785540 0.535127
vt 0.641271 0.539378
vt 0.778222 0.491734
vt 0.685056 0.589697
vt 0.722139 0.507276
vt 0.649701 0.511309
vt 0.778222 0.493687
vt 0.687004 0.589823
vt 0.726269 0.507453
vt 0.650833 0.509701
vt 0.704812 0.613513
vt 0.720643 0.501661
vt 0.705764 0.547837
vt 0.764838 0.520665
vt 0.712269 0.578201
vt 0.720643 0.499709
vt 0.768964 0.520901
vt 0.702861 0.613456
vt 0.707712 0.547714
vt 0.710617 0.579265
vt 0.674050 0.534161
vt 0.674061 0.533970
vt 0.674064 0.533778
vt 0.674055 0.533590
vt 0.674045 0.533380
vt 0.717875 0.496661
vt 0.717826 0.496854
vt 0.717796 0.497068
vt 0.717775 0.497264
vt 0.717778 0.497461
vt 0.735495 0.527768
vt 0.735533 0.527562
vt 0.735564 0.527333
vt 0.735589 0.527127
vt 0.735595 0.526919
vt 0.764625 0.576950
vt 0.764635 0.576726
vt 0.764638 0.576501
vt 0.764617 0.576039
vt 0.764627 0.576281
vt 0.675870 0.536260
vt 0.676056 0.534953
vt 0.676064 0.533628
vt 0.675889 0.532311
vt 0.675498 0.531047
vt 0.716424 0.494304
vt 0.716044 0.495559
vt 0.715814 0.496858
vt 0.715789 0.498182
vt 0.715965 0.499491
vt 0.736922 0.530120
vt 0.737320 0.528855
vt 0.737535 0.527543
vt 0.737565 0.526209
vt 0.737369 0.524891
vt 0.645235 0.533274
vt 0.766421 0.578993
vt 0.766615 0.577681
vt 0.766637 0.576351
vt 0.766449 0.575030
vt 0.766074 0.573755
vt 0.679798 0.537079
vt 0.740682 0.548945
vt 0.680088 0.535218
vt 0.740622 0.547172
vt 0.680088 0.533323
vt 0.740536 0.545400
vt 0.679794 0.531450
vt 0.740424 0.543631
vt 0.740616 0.558192
vt 0.679257 0.529646
vt 0.740682 0.556421
vt 0.712785 0.492768
vt 0.751680 0.536001
vt 0.712098 0.494563
vt 0.751614 0.534229
vt 0.751522 0.532458
vt 0.711788 0.496472
vt 0.751535 0.547026
vt 0.711788 0.498406
vt 0.751620 0.545254
vt 0.751680 0.543480
vt 0.712123 0.500296
vt 0.740620 0.531624
vt 0.763325 0.533027
vt 0.741216 0.529825
vt 0.763256 0.531249
vt 0.741521 0.527938
vt 0.763161 0.529471
vt 0.763040 0.527694
vt 0.741521 0.526023
vt 0.763266 0.542312
vt 0.741263 0.524141
vt 0.763325 0.540531
vt 0.644958 0.537260
vt 0.668972 0.548513
vt 0.770311 0.579822
vt 0.682649 0.536789
vt 0.770607 0.577958
vt 0.682665 0.535008
vt 0.770607 0.576060
vt 0.682656 0.533227
vt 0.769836 0.572369
vt 0.682560 0.529671
vt 0.770365 0.574178
vt 0.682621 0.531448
vt 0.641271 0.494186
vt 0.749426 0.548701
vt 0.668579 0.582123
vt 0.749362 0.546802
vt 0.667015 0.581010
vt 0.749269 0.544905
vt 0.665312 0.580014
vt 0.749150 0.543011
vt 0.749356 0.558575
vt 0.663529 0.579144
vt 0.641271 0.503875
vt 0.749426 0.556679
vt 0.661746 0.578437
vt 0.775189 0.512049
vt 0.760424 0.535742
vt 0.645539 0.559785
vt 0.760353 0.533845
vt 0.645052 0.557887
vt 0.760255 0.531949
vt 0.760268 0.547520
vt 0.644386 0.556030
vt 0.760360 0.545623
vt 0.643578 0.554216
vt 0.642638 0.552493
vt 0.775189 0.521742
vt 0.760424 0.543723
vt 0.792009 0.516086
vt 0.772068 0.532762
vt 0.642146 0.528187
vt 0.771994 0.530858
vt 0.642912 0.526419
vt 0.771892 0.528955
vt 0.643539 0.524540
vt 0.772005 0.542677
vt 0.771763 0.527052
vt 0.644026 0.522609
vt 0.792009 0.525807
vt 0.772068 0.540770
vt 0.644351 0.520708
vt 0.669375 0.557250
vt 0.764838 0.492249
vt 0.719375 0.573007
vt 0.742002 0.491734
vt 0.691394 0.536917
vt 0.700648 0.583962
vt 0.691411 0.535010
vt 0.698730 0.584151
vt 0.691401 0.533103
vt 0.696784 0.584517
vt 0.691364 0.531198
vt 0.694867 0.585003
vt 0.732491 0.493725
vt 0.691299 0.529295
vt 0.693051 0.585640
vt 0.732509 0.509837
vt 0.683890 0.573151
vt 0.737847 0.510124
vt 0.680624 0.572692
vt 0.738165 0.506976
vt 0.654019 0.491734
vt 0.677085 0.571732
vt 0.674211 0.570175
vt 0.671397 0.568616
vt 0.668588 0.567061
vt 0.762250 0.543671
vt 0.654025 0.506440
vt 0.665728 0.565464
vt 0.762250 0.546829
vt 0.663078 0.562914
vt 0.767583 0.547096
vt 0.660902 0.560430
vt 0.767896 0.543953
vt 0.787938 0.509474
vt 0.658796 0.557391
vt 0.657588 0.554372
vt 0.656418 0.551360
vt 0.655255 0.548351
vt 0.791195 0.550297
vt 0.787931 0.524185
vt 0.654101 0.545300
vt 0.790881 0.547147
vt 0.653691 0.541606
vt 0.785540 0.547426
vt 0.653609 0.538291
vt 0.785540 0.550595
vt 0.804677 0.513460
vt 0.653903 0.534589
vt 0.654858 0.531438
vt 0.655802 0.528338
vt 0.656735 0.525238
vt 0.722139 0.491734
vt 0.804665 0.528219
vt 0.657694 0.522078
vt 0.722139 0.494911
vt 0.659577 0.518870
vt 0.727494 0.495131
vt 0.661499 0.516161
vt 0.764861 0.505103
vt 0.709052 0.565098
vt 0.764856 0.508281
vt 0.706239 0.567305
vt 0.770205 0.508595
vt 0.703459 0.569071
vt 0.770523 0.505435
vt 0.746950 0.503635
vt 0.700200 0.570631
vt 0.697011 0.571335
vt 0.693868 0.571997
vt 0.690727 0.572677
vt 0.732513 0.506670
vt 0.687522 0.573348
vt 0.683925 0.572880
vt 0.677205 0.571460
vt 0.674331 0.569941
vt 0.668718 0.566831
vt 0.663286 0.562733
vt 0.661111 0.560242
vt 0.657829 0.554272
vt 0.656660 0.551267
vt 0.654390 0.545207
vt 0.654191 0.534661
vt 0.656051 0.528415
vt 0.656986 0.525318
vt 0.657975 0.522179
vt 0.703309 0.568836
vt 0.700111 0.570349
vt 0.696949 0.571080
vt 0.690674 0.572419
vt 0.697950 0.646275
vt 0.741290 0.588160
vt 0.756771 0.593931
vt 0.666333 0.516549
vt 0.741118 0.588389
vt 0.700058 0.643441
vt 0.738997 0.591211
vt 0.663741 0.513982
vt 0.710756 0.562897
vt 0.772909 0.520652
vt 0.670276 0.547362
vt 0.665208 0.547518
vt 0.772489 0.516674
vt 0.767258 0.492174
vt 0.670813 0.556091
vt 0.665208 0.556263
vt 0.738141 0.592351
vt 0.768629 0.504949
vt 0.726672 0.492355
vt 0.742634 0.507120
vt 0.700896 0.642315
vt 0.727759 0.492463
vt 0.741548 0.507228
vt 0.663545 0.513789
vt 0.644686 0.532593
vt 0.644544 0.533196
vt 0.667777 0.548559
vt 0.643626 0.537099
vt 0.720259 0.571990
vt 0.668045 0.557300
vt 0.710947 0.563080
vt 0.781060 0.527541
vt 0.708339 0.560576
vt 0.772979 0.521312
vt 0.644841 0.531932
vt 0.710940 0.582054
vt 0.707501 0.583080
vt 0.704185 0.584439
vt 0.701021 0.586116
vt 0.698039 0.588094
vt 0.695267 0.590356
vt 0.692728 0.592874
vt 0.690453 0.595636
vt 0.688462 0.598608
vt 0.686774 0.601761
vt 0.685401 0.605063
vt 0.684363 0.608490
vt 0.683669 0.612002
vt 0.683323 0.615565
vt 0.683323 0.619147
vt 0.683680 0.622716
vt 0.684387 0.626233
vt 0.685435 0.629664
vt 0.686815 0.632978
vt 0.688511 0.636142
vt 0.690503 0.639129
vt 0.692784 0.641907
vt 0.695328 0.644437
vt 0.738634 0.586365
vt 0.735476 0.584645
vt 0.732163 0.583242
vt 0.728725 0.582176
vt 0.725204 0.581452
vt 0.721631 0.581077
vt 0.718041 0.581051
vt 0.714465 0.581377
vt 0.803007 0.552362
vt 0.716741 0.533169
vt 0.716032 0.530265
vt 0.803663 0.555768
vt 0.714904 0.527551
vt 0.803973 0.559224
vt 0.710948 0.519735
vt 0.802917 0.569547
vt 0.709061 0.517382
vt 0.801898 0.572855
vt 0.706962 0.515316
vt 0.800551 0.576049
vt 0.704560 0.513498
vt 0.798895 0.579094
vt 0.701975 0.512110
vt 0.796945 0.581960
vt 0.699320 0.510848
vt 0.794719 0.584616
vt 0.693980 0.508628
vt 0.789539 0.589230
vt 0.690991 0.508091
vt 0.786638 0.591129
vt 0.676263 0.510385
vt 0.770092 0.595953
vt 0.766613 0.595925
vt 0.673478 0.511342
vt 0.668337 0.514633
vt 0.759725 0.594848
vt 0.710066 0.558594
vt 0.783911 0.528766
vt 0.786976 0.530429
vt 0.711848 0.556128
vt 0.789863 0.532390
vt 0.713319 0.553549
vt 0.792544 0.534622
vt 0.714486 0.550762
vt 0.794991 0.537105
vt 0.715219 0.547870
vt 0.797177 0.539815
vt 0.715839 0.544928
vt 0.717010 0.539109
vt 0.800706 0.545808
vt 0.711008 0.582332
vt 0.707596 0.583350
vt 0.704306 0.584698
vt 0.701167 0.586362
vt 0.698209 0.588325
vt 0.695458 0.590568
vt 0.692940 0.593067
vt 0.690682 0.595807
vt 0.688708 0.598755
vt 0.687033 0.601884
vt 0.685670 0.605159
vt 0.684641 0.608559
vt 0.683952 0.612043
vt 0.683609 0.615579
vt 0.683608 0.619132
vt 0.683963 0.622673
vt 0.684664 0.626163
vt 0.685704 0.629567
vt 0.687073 0.632855
vt 0.688756 0.635995
vt 0.690733 0.638958
vt 0.692995 0.641714
vt 0.695514 0.644226
vt 0.738485 0.586610
vt 0.735352 0.584903
vt 0.732064 0.583511
vt 0.728654 0.582453
vt 0.725160 0.581735
vt 0.721615 0.581363
vt 0.714505 0.581660
vt 0.718053 0.581337
vt 0.717051 0.536092
vt 0.802039 0.549020
vt 0.713653 0.524890
vt 0.803973 0.562695
vt 0.712355 0.522267
vt 0.803620 0.566152
vt 0.696659 0.509645
vt 0.792257 0.587066
vt 0.688017 0.507913
vt 0.783563 0.592747
vt 0.780331 0.594039
vt 0.684950 0.508124
vt 0.776989 0.595012
vt 0.682019 0.508780
vt 0.773564 0.595661
vt 0.679123 0.509558
vt 0.763141 0.595574
vt 0.670760 0.512837
vt 0.799109 0.542715
vt 0.716518 0.541992
vt 0.705902 0.587964
vt 0.703068 0.589465
vt 0.700396 0.591237
vt 0.693603 0.597991
vt 0.690310 0.603477
vt 0.687213 0.619047
vt 0.687536 0.622239
vt 0.689106 0.628461
vt 0.690341 0.631430
vt 0.695687 0.639428
vt 0.697963 0.641711
vt 0.736736 0.589690
vt 0.733908 0.588148
vt 0.727868 0.585939
vt 0.721515 0.584956
vt 0.715100 0.585225
vt 0.718299 0.584931
vt 0.720347 0.532698
vt 0.716852 0.523416
vt 0.714016 0.517632
vt 0.706585 0.510398
vt 0.697841 0.506325
vt 0.691295 0.504499
vt 0.687985 0.504305
vt 0.681217 0.505371
vt 0.668727 0.509957
vt 0.666031 0.511923
vt 0.712684 0.560913
vt 0.714777 0.558105
vt 0.719249 0.545775
vt 0.720665 0.539481
vt 0.715803 0.609253
vt 0.665855 0.605898
vt 0.692452 0.617490
vt 0.719758 0.578978
vt 0.718329 0.563726
vt 0.781717 0.607247
vt 0.672972 0.612433
vt 0.678369 0.574119
vt 0.748259 0.559865
vt 0.697556 0.624266
vt 0.677231 0.602660
vt 0.782435 0.607250
vt 0.677652 0.574073
vt 0.650508 0.628271
vt 0.666094 0.615716
vt 0.729903 0.514792
vt 0.747176 0.496341
vt 0.724080 0.536960
vt 0.779235 0.549385
vt 0.745520 0.524015
vt 0.745429 0.537136
vt 0.737019 0.536303
vt 0.791815 0.527360
vt 0.769531 0.545699
vt 0.647199 0.624529
vt 0.658739 0.510239
vt 0.771954 0.491734
vt 0.726146 0.509048
vt 0.726154 0.576873
vt 0.699661 0.493437
vt 0.737794 0.537403
vt 0.670445 0.614331
vt 0.769366 0.617864
vt 0.748469 0.527926
vt 0.741225 0.571303
vt 0.672972 0.538558
vt 0.680477 0.619404
vt 0.722786 0.553758
vt 0.773053 0.491734
vt 0.690439 0.544068
vt 0.726154 0.575774
vt 0.698368 0.564280
vt 0.652602 0.516103
vt 0.787738 0.595490
vt 0.786548 0.613834
vt 0.659838 0.510213
vt 0.691733 0.626020
vt 0.720925 0.607864
vt 0.722270 0.579429
vt 0.710494 0.502700
vt 0.798226 0.600268
vt 0.729256 0.536480
vt 0.650329 0.537012
vt 0.802655 0.539397
vt 0.782435 0.615777
vt 0.662749 0.566085
vt 0.677577 0.594140
vt 0.729903 0.515891
vt 0.746076 0.496341
vt 0.666228 0.624242
vt 0.725179 0.536985
vt 0.677151 0.614313
vt 0.704235 0.518510
vt 0.787524 0.604014
vt 0.690439 0.552596
vt 0.786414 0.605307
vt 0.646600 0.578254
vt 0.665855 0.614424
vt 0.721492 0.579429
vt 0.646899 0.542795
vt 0.692511 0.626017
vt 0.748469 0.523335
vt 0.715670 0.617779
vt 0.741225 0.575894
vt 0.801878 0.539358
vt 0.730680 0.514792
vt 0.647199 0.629118
vt 0.745429 0.541725
vt 0.726668 0.536575
vt 0.780010 0.549336
vt 0.721492 0.577036
vt 0.763349 0.494968
vt 0.709373 0.491734
vt 0.722139 0.531010
vt 0.659386 0.535338
vt 0.711594 0.507309
vt 0.660165 0.535300
vt 0.722273 0.577036
vt 0.776935 0.529722
vt 0.641271 0.547825
vt 0.747370 0.523335
vt 0.645800 0.542770
vt 0.721492 0.578330
vt 0.645965 0.547510
vt 0.732491 0.540586
vt 0.677215 0.612519
vt 0.770142 0.609340
vt 0.678299 0.539444
vt 0.697556 0.620023
vt 0.662875 0.615627
vt 0.657453 0.491741
vt 0.667456 0.502699
vt 0.776616 0.616381
vt 0.673879 0.622397
vt 0.687925 0.565274
vt 0.677560 0.603999
vt 0.737019 0.537403
vt 0.770142 0.617867
vt 0.746529 0.537136
vt 0.654857 0.623643
vt 0.790716 0.527385
vt 0.663008 0.624153
vt 0.723560 0.553713
vt 0.723239 0.531010
vt 0.657453 0.500268
vt 0.719232 0.491734
vt 0.721492 0.575936
vt 0.776616 0.607854
vt 0.762250 0.494993
vt 0.674013 0.613871
vt 0.659386 0.543037
vt 0.775895 0.616385
vt 0.716317 0.599434
vt 0.792790 0.539329
vt 0.653125 0.564919
vt 0.687204 0.565310
vt 0.672972 0.603906
vt 0.730680 0.515891
vt 0.781658 0.615774
vt 0.746529 0.541725
vt 0.748392 0.568391
vt 0.654857 0.628232
vt 0.661974 0.566134
vt 0.727767 0.536600
vt 0.746076 0.491734
vt 0.677151 0.618919
vt 0.659838 0.494748
vt 0.672972 0.594044
vt 0.691219 0.544072
vt 0.725374 0.575774
vt 0.741263 0.618054
vt 0.699146 0.564237
vt 0.658739 0.494722
vt 0.725374 0.576873
vt 0.747176 0.491734
vt 0.700440 0.493394
vt 0.745520 0.528622
vt 0.674071 0.538533
vt 0.732491 0.535995
vt 0.737794 0.536303
vt 0.747370 0.527926
vt 0.770305 0.545654
vt 0.641271 0.543216
vt 0.722270 0.578330
vt 0.711594 0.502700
vt 0.651427 0.537037
vt 0.646741 0.547471
vt 0.716317 0.607961
vt 0.722273 0.575936
vt 0.775836 0.607858
vt 0.710494 0.507309
vt 0.792656 0.547855
vt 0.729256 0.541089
vt 0.775836 0.529698
vt 0.660165 0.543075
vt 0.769425 0.609338
vt 0.670100 0.605811
vt 0.679015 0.539486
vt 0.719758 0.574732
vt 0.680344 0.610878
vt 0.720578 0.599344
vt 0.691733 0.617493
vt 0.798093 0.608794
vt 0.653125 0.560657
vt 0.717611 0.563690
vt 0.672972 0.602571
vt 0.691160 0.552599
vt 0.650508 0.624011
vt 0.741129 0.609528
vt 0.647320 0.578295
vt 0.686247 0.500168
vt 0.667149 0.504237
vt 0.656151 0.501567
vt 0.672325 0.622185
vt 0.688078 0.566835
vt 0.672228 0.545411
vt 0.766779 0.607977
vt 0.651622 0.560205
vt 0.717611 0.562121
vt 0.703673 0.623239
vt 0.709621 0.589956
vt 0.796538 0.608583
vt 0.778469 0.562604
vt 0.648388 0.620434
vt 0.656464 0.623135
vt 0.790729 0.529070
vt 0.661327 0.624271
vt 0.704672 0.549176
vt 0.720199 0.565843
vt 0.652916 0.595430
vt 0.644506 0.624021
vt 0.722139 0.618715
vt 0.723724 0.555390
vt 0.671265 0.594419
vt 0.753193 0.571867
vt 0.723008 0.610278
vt 0.679015 0.541050
vt 0.642196 0.623316
vt 0.702503 0.594015
vt 0.718258 0.574291
vt 0.678794 0.611089
vt 0.651668 0.583186
vt 0.649035 0.628742
vt 0.759654 0.548812
vt 0.729676 0.600985
vt 0.804301 0.500168
vt 0.677500 0.575613
vt 0.664561 0.615925
vt 0.650184 0.570085
vt 0.703673 0.614806
vt 0.654210 0.519107
vt 0.796538 0.600149
vt 0.650342 0.535320
vt 0.802655 0.541089
vt 0.643978 0.542728
vt 0.709201 0.598379
vt 0.736372 0.604867
vt 0.730876 0.535991
vt 0.786872 0.563330
vt 0.720438 0.597927
vt 0.646886 0.544486
vt 0.707647 0.602576
vt 0.739607 0.576390
vt 0.702731 0.614810
vt 0.735194 0.541082
vt 0.655153 0.519107
vt 0.737313 0.604918
vt 0.717358 0.617898
vt 0.801714 0.541041
vt 0.717331 0.598087
vt 0.789422 0.562892
vt 0.734837 0.592419
vt 0.659824 0.496407
vt 0.739607 0.618171
vt 0.713729 0.541614
vt 0.742842 0.529092
vt 0.687851 0.544073
vt 0.802072 0.491734
vt 0.699146 0.562577
vt 0.675559 0.619390
vt 0.665083 0.592983
vt 0.779718 0.561250
vt 0.710793 0.537344
vt 0.709537 0.493419
vt 0.659386 0.537030
vt 0.763349 0.496661
vt 0.644312 0.604298
vt 0.777769 0.547475
vt 0.702731 0.518816
vt 0.804308 0.503264
vt 0.688797 0.552502
vt 0.784893 0.605516
vt 0.646447 0.579782
vt 0.773756 0.515260
vt 0.726316 0.553810
vt 0.644506 0.629583
vt 0.746723 0.568508
vt 0.727754 0.538273
vt 0.658477 0.595291
vt 0.805243 0.491738
vt 0.723788 0.598819
vt 0.656464 0.628697
vt 0.661974 0.567806
vt 0.768072 0.569782
vt 0.650200 0.604854
vt 0.804301 0.491734
vt 0.664561 0.624358
vt 0.725166 0.538655
vt 0.729256 0.592562
vt 0.725374 0.553810
vt 0.742842 0.523509
vt 0.724728 0.598870
vt 0.662913 0.567747
vt 0.675559 0.613806
vt 0.647094 0.604693
vt 0.751252 0.549538
vt 0.723433 0.508720
vt 0.650976 0.515775
vt 0.784893 0.613950
vt 0.804568 0.511694
vt 0.714674 0.541614
vt 0.688797 0.544068
vt 0.803015 0.491793
vt 0.698202 0.562629
vt 0.659824 0.508554
vt 0.769366 0.548206
vt 0.661974 0.592815
vt 0.672325 0.613751
vt 0.659386 0.541344
vt 0.686247 0.491734
vt 0.709537 0.494504
vt 0.718905 0.493394
vt 0.656151 0.510001
vt 0.710793 0.538430
vt 0.693027 0.501911
vt 0.762263 0.496685
vt 0.663834 0.546229
vt 0.645398 0.604299
vt 0.643978 0.548314
vt 0.714785 0.598523
vt 0.794344 0.547975
vt 0.730876 0.541578
vt 0.775849 0.528005
vt 0.657096 0.509995
vt 0.709848 0.538430
vt 0.693970 0.501971
vt 0.660330 0.541391
vt 0.642288 0.604469
vt 0.663834 0.524279
vt 0.735194 0.535517
vt 0.678794 0.619522
vt 0.722786 0.555445
vt 0.705610 0.549129
vt 0.721138 0.565843
vt 0.723079 0.618711
vt 0.702084 0.602438
vt 0.739607 0.570826
vt 0.672985 0.540245
vt 0.660070 0.583910
vt 0.668161 0.594262
vt 0.780010 0.547663
vt 0.726316 0.554895
vt 0.726668 0.538248
vt 0.645592 0.629583
vt 0.649120 0.604743
vt 0.721138 0.566929
vt 0.770305 0.543967
vt 0.674071 0.540220
vt 0.734109 0.535517
vt 0.669241 0.594372
vt 0.724519 0.508720
vt 0.714674 0.540528
vt 0.658739 0.508579
vt 0.699496 0.491786
vt 0.663059 0.592813
vt 0.713729 0.540528
vt 0.700440 0.491734
vt 0.658739 0.496383
vt 0.743927 0.529092
vt 0.664003 0.592873
vt 0.709848 0.537344
vt 0.660330 0.536984
vt 0.776935 0.528030
vt 0.642892 0.548314
vt 0.643369 0.604358
vt 0.646741 0.545778
vt 0.654210 0.518021
vt 0.651427 0.535345
vt 0.642892 0.542728
vt 0.719352 0.597926
vt 0.645800 0.544462
vt 0.655153 0.518021
vt 0.645800 0.545826
vt 0.734109 0.541082
vt 0.718411 0.597977
vt 0.720199 0.566929
vt 0.791815 0.529045
vt 0.769366 0.544021
vt 0.645592 0.624021
vt 0.670179 0.594420
vt 0.725374 0.554895
vt 0.743927 0.523509
vt 0.724080 0.538631
vt 0.779071 0.547722
vt 0.648180 0.604692
vt 0.678369 0.575669
vt 0.649314 0.570132
vt 0.658477 0.603725
vt 0.805172 0.500172
vt 0.746723 0.560075
vt 0.699045 0.624694
vt 0.776475 0.570507
vt 0.653335 0.603853
vt 0.699045 0.619551
vt 0.761595 0.571142
vt 0.722139 0.610282
vt 0.678147 0.540999
vt 0.661327 0.615838
vt 0.643064 0.623272
vt 0.718258 0.579437
vt 0.797824 0.562166
vt 0.702802 0.623243
vt 0.707647 0.594143
vt 0.717358 0.609464
vt 0.718481 0.562164
vt 0.649258 0.620481
vt 0.657025 0.501562
vt 0.687204 0.566878
vt 0.672228 0.525096
vt 0.714785 0.590089
vt 0.794344 0.539541
vt 0.651622 0.565371
vt 0.767651 0.608033
vt 0.687923 0.552507
vt 0.647320 0.579831
vt 0.772883 0.515315
vt 0.734837 0.600853
vt 0.649035 0.623579
vt 0.739607 0.609737
vt 0.788120 0.561979
vt 0.724715 0.585290
vt 0.730942 0.586891
vt 0.693644 0.636943
vt 0.691862 0.634263
vt 0.688168 0.625388
vt 0.687219 0.615837
vt 0.687526 0.612645
vt 0.688149 0.609501
vt 0.689075 0.606434
vt 0.691820 0.600652
vt 0.695637 0.595518
vt 0.697915 0.593265
vt 0.708871 0.586748
vt 0.711945 0.585828
vt 0.715299 0.586626
vt 0.753255 0.506724
vt 0.671391 0.515574
vt 0.674386 0.514538
vt 0.718361 0.586344
vt 0.677470 0.513800
vt 0.721438 0.586357
vt 0.680614 0.513367
vt 0.724499 0.586688
vt 0.727515 0.587310
vt 0.683786 0.513243
vt 0.730453 0.588230
vt 0.683794 0.510067
vt 0.758808 0.509484
vt 0.733293 0.589422
vt 0.761979 0.509285
vt 0.736006 0.590889
vt 0.761979 0.506107
vt 0.771278 0.504533
vt 0.742899 0.509789
vt 0.698911 0.640663
vt 0.696736 0.638477
vt 0.746075 0.509676
vt 0.694789 0.636093
vt 0.746075 0.506499
vt 0.774255 0.497501
vt 0.777234 0.496400
vt 0.693066 0.633541
vt 0.780305 0.495595
vt 0.691618 0.630823
vt 0.783438 0.495095
vt 0.690437 0.627982
vt 0.689540 0.625041
vt 0.786604 0.494903
vt 0.688936 0.622029
vt 0.786612 0.491734
vt 0.642363 0.506332
vt 0.688637 0.618975
vt 0.687649 0.509394
vt 0.645526 0.506502
vt 0.688621 0.615906
vt 0.687657 0.512559
vt 0.690819 0.512689
vt 0.688926 0.612851
vt 0.693950 0.513128
vt 0.689522 0.609843
vt 0.697021 0.513873
vt 0.690417 0.606914
vt 0.700004 0.514917
vt 0.691579 0.604079
vt 0.642358 0.561246
vt 0.693033 0.601380
vt 0.642671 0.564389
vt 0.694739 0.598835
vt 0.645825 0.564231
vt 0.696692 0.596478
vt 0.645825 0.561072
vt 0.762116 0.504184
vt 0.759136 0.505234
vt 0.698855 0.594308
vt 0.756067 0.505984
vt 0.701236 0.592375
vt 0.752938 0.506429
vt 0.703792 0.590681
vt 0.706503 0.589245
vt 0.749779 0.506564
vt 0.709344 0.588083
vt 0.749774 0.509728
vt 0.712286 0.587214
vt 0.752936 0.509875
vt 0.676348 0.527532
vt 0.694102 0.549038
vt 0.694061 0.547134
vt 0.678147 0.526910
vt 0.694047 0.545229
vt 0.680000 0.526466
vt 0.694061 0.543323
vt 0.681888 0.526206
vt 0.683794 0.526131
vt 0.694102 0.541416
vt 0.768572 0.491967
vt 0.666539 0.556254
vt 0.779193 0.509400
vt 0.701866 0.532478
vt 0.701824 0.530571
vt 0.780983 0.508739
vt 0.701810 0.528663
vt 0.782828 0.508255
vt 0.701824 0.526757
vt 0.784710 0.507955
vt 0.786612 0.507840
vt 0.701865 0.524852
vt 0.687649 0.525534
vt 0.782639 0.533022
vt 0.782681 0.534922
vt 0.689548 0.525612
vt 0.782695 0.536822
vt 0.691430 0.525876
vt 0.782681 0.538721
vt 0.693275 0.526323
vt 0.695067 0.526950
vt 0.782640 0.540618
vt 0.757168 0.492153
vt 0.674693 0.554824
vt 0.674652 0.552926
vt 0.755378 0.492783
vt 0.674638 0.551028
vt 0.753534 0.493234
vt 0.674652 0.549129
vt 0.751654 0.493501
vt 0.749756 0.493582
vt 0.674694 0.547230
vt 0.695681 0.559692
vt 0.702806 0.546995
vt 0.695937 0.561495
vt 0.702845 0.548772
vt 0.780364 0.575451
vt 0.695615 0.557873
vt 0.702794 0.545215
vt 0.695726 0.556056
vt 0.702807 0.543435
vt 0.696028 0.554260
vt 0.702845 0.541654
vt 0.780364 0.582531
vt 0.771307 0.516858
vt 0.666405 0.547509
vt 0.641271 0.536121
vt 0.710608 0.532239
vt 0.693438 0.535479
vt 0.772456 0.571847
vt 0.693152 0.533735
vt 0.710570 0.530457
vt 0.693027 0.531980
vt 0.710557 0.528676
vt 0.693027 0.530235
vt 0.710570 0.526896
vt 0.693171 0.528476
vt 0.710608 0.525117
vt 0.772938 0.581235
vt 0.755443 0.604160
vt 0.773895 0.533265
vt 0.668438 0.501412
vt 0.755221 0.602408
vt 0.773934 0.535040
vt 0.755134 0.600692
vt 0.773947 0.536814
vt 0.755134 0.598983
vt 0.773934 0.538587
vt 0.667565 0.491734
vt 0.755240 0.597222
vt 0.773896 0.540360
vt 0.641962 0.612647
vt 0.683437 0.554566
vt 0.724117 0.565089
vt 0.641586 0.610935
vt 0.683399 0.552794
vt 0.641372 0.609206
vt 0.683386 0.551022
vt 0.641271 0.607491
vt 0.683399 0.549248
vt 0.641271 0.605760
vt 0.683438 0.547474
vt 0.723398 0.574646
vt 0.785229 0.574717
vt 0.699996 0.560700
vt 0.699757 0.559280
vt 0.699712 0.557880
vt 0.699798 0.556479
vt 0.785186 0.583362
vt 0.700048 0.555066
vt 0.772142 0.520771
vt 0.643237 0.532171
vt 0.697340 0.534662
vt 0.776511 0.572733
vt 0.697156 0.533280
vt 0.697094 0.531875
vt 0.697034 0.530459
vt 0.776842 0.580089
vt 0.697108 0.529067
vt 0.759366 0.603407
vt 0.664323 0.500395
vt 0.759303 0.602031
vt 0.759235 0.600597
vt 0.759184 0.599156
vt 0.759166 0.597780
vt 0.663717 0.493525
vt 0.645825 0.611550
vt 0.728065 0.566712
vt 0.645575 0.610183
vt 0.645458 0.608778
vt 0.645344 0.607353
vt 0.645214 0.605960
vt 0.727539 0.573667
vt 0.701623 0.558383
vt 0.701611 0.558576
vt 0.701838 0.557891
vt 0.701641 0.557389
vt 0.702109 0.557170
vt 0.699477 0.532858
vt 0.778727 0.574894
vt 0.699175 0.532250
vt 0.778313 0.575579
vt 0.699064 0.531601
vt 0.778988 0.575602
vt 0.699042 0.531372
vt 0.779060 0.575838
vt 0.699434 0.530815
vt 0.778510 0.576313
vt 0.761380 0.601585
vt 0.662222 0.497991
vt 0.761299 0.600942
vt 0.662652 0.497388
vt 0.761189 0.600315
vt 0.661986 0.497132
vt 0.761167 0.600103
vt 0.661974 0.496873
vt 0.761380 0.599488
vt 0.662598 0.496557
vt 0.647476 0.609300
vt 0.729844 0.569461
vt 0.647443 0.609086
vt 0.729877 0.569730
vt 0.647506 0.608447
vt 0.729269 0.570227
vt 0.647534 0.607798
vt 0.729887 0.570620
vt 0.647813 0.607183
vt 0.729217 0.570825
vt 0.791692 0.582853
vt 0.779718 0.551084
vt 0.801067 0.501850
vt 0.702084 0.573005
vt 0.779718 0.493686
vt 0.666100 0.582869
vt 0.760030 0.521791
vt 0.803015 0.501972
vt 0.789422 0.582919
vt 0.704036 0.572984
vt 0.779718 0.491734
vt 0.769366 0.558384
vt 0.661974 0.582636
vt 0.761979 0.521669
vt 0.693027 0.491734
vt 0.775634 0.493687
vt 0.661974 0.536224
vt 0.645398 0.594122
vt 0.744124 0.522110
vt 0.694975 0.491858
vt 0.775634 0.491734
vt 0.641271 0.594357
vt 0.661978 0.534271
vt 0.746075 0.522041
vt 0.736372 0.594758
vt 0.791684 0.601654
vt 0.786872 0.573438
vt 0.729903 0.602279
vt 0.715468 0.504486
vt 0.720438 0.587819
vt 0.642363 0.518631
vt 0.789422 0.601592
vt 0.738315 0.594863
vt 0.731849 0.602297
vt 0.715468 0.502540
vt 0.716317 0.588034
vt 0.789422 0.572996
vt 0.644306 0.518736
vt 0.725819 0.529770
vt 0.694637 0.615061
vt 0.660070 0.594007
vt 0.706610 0.559176
vt 0.706613 0.609588
vt 0.667149 0.604308
vt 0.643887 0.576613
vt 0.704672 0.559274
vt 0.708553 0.609571
vt 0.692380 0.615122
vt 0.725819 0.527830
vt 0.671265 0.604516
vt 0.753193 0.581964
vt 0.645825 0.576516
vt 0.765158 0.569153
vt 0.768072 0.559671
vt 0.722786 0.608880
vt 0.712435 0.530658
vt 0.727315 0.527896
vt 0.651214 0.594794
vt 0.749756 0.522029
vt 0.724728 0.608985
vt 0.714380 0.530640
vt 0.762897 0.569216
vt 0.727315 0.525951
vt 0.647094 0.594578
vt 0.751252 0.559653
vt 0.751699 0.522119
vt 0.704036 0.581564
vt 0.789422 0.574339
vt 0.777814 0.556888
vt 0.773756 0.505847
vt 0.702231 0.581583
vt 0.791226 0.574286
vt 0.788166 0.552579
vt 0.771954 0.505960
vt 0.766779 0.598566
vt 0.670553 0.536150
vt 0.670557 0.534344
vt 0.768580 0.598681
vt 0.648388 0.611086
vt 0.729903 0.610857
vt 0.791684 0.593076
vt 0.778424 0.571952
vt 0.731702 0.610873
vt 0.789885 0.593026
vt 0.797870 0.571510
vt 0.650185 0.611183
vt 0.694174 0.606495
vt 0.706759 0.618164
vt 0.651622 0.592523
vt 0.641271 0.614024
vt 0.708553 0.618149
vt 0.692380 0.606544
vt 0.761641 0.580480
vt 0.643064 0.613934
vt 0.764695 0.560588
vt 0.712582 0.539234
vt 0.776520 0.561158
vt 0.648388 0.560829
vt 0.714380 0.539218
vt 0.762897 0.560637
vt 0.759700 0.558166
vt 0.650184 0.560731
vt 0.648186 0.594577
vt 0.728407 0.525951
vt 0.763085 0.570291
vt 0.752785 0.522229
vt 0.733178 0.534124
vt 0.728407 0.527896
vt 0.765029 0.570237
vt 0.650128 0.594683
vt 0.748664 0.522027
vt 0.733003 0.532173
vt 0.670174 0.604518
vt 0.646917 0.576516
vt 0.724727 0.527830
vt 0.692568 0.616197
vt 0.720229 0.505567
vt 0.724727 0.529770
vt 0.694507 0.616145
vt 0.668235 0.604419
vt 0.642800 0.576721
vt 0.718855 0.504178
vt 0.714376 0.502540
vt 0.789551 0.602676
vt 0.717403 0.587923
vt 0.645393 0.518844
vt 0.691519 0.491866
vt 0.714376 0.504486
vt 0.791496 0.602730
vt 0.719346 0.587817
vt 0.641271 0.518631
vt 0.689564 0.491734
vt 0.774542 0.491734
vt 0.642358 0.594246
vt 0.747167 0.522041
vt 0.660925 0.499926
vt 0.774542 0.493687
vt 0.644306 0.594121
vt 0.743037 0.522218
vt 0.659327 0.501072
vt 0.663065 0.582635
vt 0.780809 0.491734
vt 0.789611 0.583994
vt 0.763070 0.521669
vt 0.726132 0.563872
vt 0.780809 0.493686
vt 0.758944 0.521899
vt 0.791562 0.583937
vt 0.665014 0.582758
vt 0.727133 0.562180
vt 0.728800 0.570646
vt 0.728794 0.570451
vt 0.728793 0.570258
vt 0.728802 0.570069
vt 0.728812 0.569859
vt 0.662996 0.496661
vt 0.663044 0.496854
vt 0.663074 0.497068
vt 0.663095 0.497264
vt 0.663092 0.497461
vt 0.699780 0.530518
vt 0.778056 0.576487
vt 0.777991 0.576258
vt 0.777932 0.576026
vt 0.777885 0.575811
vt 0.777862 0.575592
vt 0.702509 0.557092
vt 0.787624 0.579687
vt 0.702376 0.557572
vt 0.787598 0.579387
vt 0.702356 0.557900
vt 0.787589 0.579075
vt 0.702509 0.558635
vt 0.787634 0.578463
vt 0.702389 0.558234
vt 0.787604 0.578762
vt 0.727011 0.572737
vt 0.726814 0.571431
vt 0.726806 0.570107
vt 0.726988 0.568790
vt 0.727398 0.567528
vt 0.664446 0.494304
vt 0.664826 0.495559
vt 0.665057 0.496858
vt 0.665081 0.498182
vt 0.664906 0.499491
vt 0.697930 0.528351
vt 0.776530 0.579041
vt 0.776189 0.577702
vt 0.775972 0.576356
vt 0.775902 0.575008
vt 0.776037 0.573674
vt 0.643891 0.532957
vt 0.701046 0.554496
vt 0.785241 0.582194
vt 0.785395 0.580663
vt 0.785529 0.579039
vt 0.785408 0.577417
vt 0.701011 0.561342
vt 0.785259 0.575886
vt 0.723092 0.573575
vt 0.682363 0.547283
vt 0.722786 0.571704
vt 0.682423 0.545510
vt 0.722786 0.569795
vt 0.682509 0.543739
vt 0.682520 0.558301
vt 0.723095 0.567909
vt 0.682428 0.556531
vt 0.723655 0.566101
vt 0.682363 0.554759
vt 0.668086 0.492768
vt 0.774970 0.540553
vt 0.668772 0.494563
vt 0.774904 0.542324
vt 0.669082 0.496472
vt 0.774812 0.544096
vt 0.669082 0.498406
vt 0.774694 0.545866
vt 0.774910 0.531300
vt 0.668747 0.500296
vt 0.774970 0.533074
vt 0.772617 0.580183
vt 0.709533 0.524924
vt 0.772191 0.578427
vt 0.709602 0.523146
vt 0.771954 0.576610
vt 0.709698 0.521368
vt 0.709677 0.535989
vt 0.771954 0.574755
vt 0.709592 0.534209
vt 0.772193 0.572917
vt 0.709533 0.532428
vt 0.642362 0.536650
vt 0.666581 0.548587
vt 0.780413 0.582339
vt 0.701770 0.541465
vt 0.781591 0.580659
vt 0.701828 0.539685
vt 0.701935 0.552519
vt 0.781802 0.578993
vt 0.701913 0.537906
vt 0.780409 0.575643
vt 0.701770 0.548966
vt 0.781581 0.577326
vt 0.701840 0.550743
vt 0.748664 0.493581
vt 0.673619 0.547039
vt 0.730732 0.521252
vt 0.673683 0.545140
vt 0.729710 0.519627
vt 0.673775 0.543244
vt 0.673787 0.558809
vt 0.728812 0.517872
vt 0.673689 0.556913
vt 0.728045 0.516045
vt 0.758176 0.491734
vt 0.673619 0.555017
vt 0.727442 0.514225
vt 0.783714 0.540812
vt 0.696076 0.527368
vt 0.709936 0.497068
vt 0.783643 0.542708
vt 0.708071 0.496466
vt 0.783545 0.544605
vt 0.706258 0.495689
vt 0.783650 0.530931
vt 0.783419 0.546500
vt 0.704496 0.494774
vt 0.686557 0.525537
vt 0.783714 0.532831
vt 0.702833 0.493732
vt 0.787704 0.507843
vt 0.700790 0.524659
vt 0.678128 0.492362
vt 0.700865 0.522756
vt 0.676346 0.493096
vt 0.700944 0.536480
vt 0.700966 0.520852
vt 0.674456 0.493691
vt 0.700853 0.534575
vt 0.672515 0.494147
vt 0.778186 0.509822
vt 0.700790 0.532667
vt 0.670609 0.494441
vt 0.769639 0.491734
vt 0.666715 0.557331
vt 0.721236 0.571063
vt 0.684886 0.526134
vt 0.693027 0.541227
vt 0.731481 0.552646
vt 0.693090 0.539320
vt 0.731671 0.550729
vt 0.693180 0.537416
vt 0.693203 0.553036
vt 0.732038 0.548790
vt 0.693101 0.551134
vt 0.732532 0.546881
vt 0.675340 0.527953
vt 0.693027 0.549231
vt 0.733178 0.545070
vt 0.754022 0.509985
vt 0.720935 0.535945
vt 0.748682 0.509726
vt 0.720626 0.532673
vt 0.748687 0.506562
vt 0.719871 0.529136
vt 0.718480 0.526191
vt 0.717087 0.523304
vt 0.715700 0.520423
vt 0.646917 0.561072
vt 0.763124 0.503766
vt 0.714281 0.517485
vt 0.646917 0.564231
vt 0.711932 0.514719
vt 0.641584 0.564497
vt 0.709603 0.512396
vt 0.641271 0.561354
vt 0.701013 0.515334
vt 0.706730 0.510137
vt 0.703799 0.508754
vt 0.700870 0.507414
vt 0.697943 0.506084
vt 0.686566 0.512562
vt 0.694970 0.504765
vt 0.646612 0.506610
vt 0.686557 0.509397
vt 0.691309 0.504226
vt 0.787704 0.491737
vt 0.641271 0.506332
vt 0.688004 0.504025
vt 0.787696 0.494906
vt 0.684314 0.504228
vt 0.681147 0.505117
vt 0.678037 0.506014
vt 0.674931 0.506906
vt 0.747167 0.506499
vt 0.773248 0.497922
vt 0.671764 0.507831
vt 0.747167 0.509676
vt 0.668564 0.509737
vt 0.741813 0.509896
vt 0.665873 0.511690
vt 0.763070 0.506107
vt 0.772344 0.504300
vt 0.712888 0.561106
vt 0.763070 0.509285
vt 0.715012 0.558247
vt 0.684886 0.510069
vt 0.757721 0.509592
vt 0.716683 0.555415
vt 0.684878 0.513245
vt 0.718172 0.552157
vt 0.718846 0.548970
vt 0.719505 0.545834
vt 0.720223 0.542713
vt 0.754341 0.506833
vt 0.670384 0.515995
vt 0.720960 0.539532
vt 0.720662 0.535967
vt 0.719593 0.529240
vt 0.718240 0.526299
vt 0.715462 0.520539
vt 0.711738 0.514913
vt 0.709402 0.512593
vt 0.703683 0.508989
vt 0.700763 0.507650
vt 0.694862 0.505051
vt 0.684377 0.504518
vt 0.678109 0.506262
vt 0.675007 0.507157
vt 0.671864 0.508115
vt 0.716445 0.555274
vt 0.717889 0.552073
vt 0.718590 0.548909
vt 0.719965 0.542657
vt 0.697787 0.646496
vt 0.753698 0.527558
vt 0.747482 0.531200
vt 0.744670 0.533462
vt 0.742103 0.535997
vt 0.736052 0.544894
vt 0.734648 0.548212
vt 0.733583 0.551651
vt 0.732865 0.555179
vt 0.732498 0.558761
vt 0.732491 0.562364
vt 0.733498 0.569482
vt 0.734527 0.572945
vt 0.744385 0.587856
vt 0.747171 0.590172
vt 0.753338 0.593924
vt 0.778434 0.525341
vt 0.774887 0.524599
vt 0.771287 0.524212
vt 0.767667 0.524179
vt 0.764063 0.524502
vt 0.760508 0.525183
vt 0.739784 0.538753
vt 0.737762 0.541725
vt 0.735878 0.576291
vt 0.737568 0.579478
vt 0.739561 0.582489
vt 0.741832 0.585296
vt 0.750487 0.529207
vt 0.732798 0.565949
vt 0.750152 0.592216
vt 0.781520 0.526288
vt 0.757037 0.526180
vt 0.756313 0.595184
vt 0.801915 0.545246
vt 0.804301 0.552041
vt 0.804984 0.555583
vt 0.805306 0.559173
vt 0.804210 0.569870
vt 0.803152 0.573312
vt 0.801753 0.576627
vt 0.800033 0.579788
vt 0.798009 0.582764
vt 0.795696 0.585525
vt 0.790328 0.590304
vt 0.787308 0.592283
vt 0.770153 0.597285
vt 0.766531 0.597257
vt 0.759400 0.596141
vt 0.784485 0.527562
vt 0.787671 0.529290
vt 0.790666 0.531324
vt 0.793447 0.533640
vt 0.795986 0.536217
vt 0.798257 0.539033
vt 0.805306 0.562772
vt 0.804940 0.566346
vt 0.784115 0.593963
vt 0.780766 0.595300
vt 0.777300 0.596310
vt 0.773754 0.596981
vt 0.803299 0.548579
vt 0.793145 0.588063
vt 0.762935 0.596893
vt 0.800260 0.542038
vt 0.001973 0.988682
vt 0.001977 0.011318
vt 0.005440 0.988682
vt 0.005440 0.011318
vt 0.003405 0.988682
vt 0.004008 0.988682
vt 0.004001 0.011318
vt 0.003416 0.011318
vt 0.001973 0.988682
vt 0.001977 0.011318
vt 0.005440 0.988682
vt 0.005440 0.011318
vt 0.003405 0.988682
vt 0.004008 0.988682
vt 0.004001 0.011318
vt 0.003416 0.011318
vt 0.001973 0.988682
vt 0.001977 0.011318
vt 0.005440 0.988682
vt 0.005440 0.011318
vt 0.003405 0.988682
vt 0.004008 0.988682
vt 0.004001 0.011318
vt 0.003416 0.011318
vt 0.001973 0.988682
vt 0.001977 0.011318
vt 0.005440 0.988682
vt 0.005440 0.011318
vt 0.003405 0.988682
vt 0.004008 0.988682
vt 0.004001 0.011318
vt 0.003416 0.011318
vt 0.001973 0.988682
vt 0.001977 0.011318
vt 0.005440 0.988682
vt 0.005440 0.011318
vt 0.003405 0.988682
vt 0.004008 0.988682
vt 0.004001 0.011318
vt 0.003416 0.011318
vt 0.001973 0.988682
vt 0.001977 0.011318
vt 0.005440 0.988682
vt 0.005440 0.011318
vt 0.003405 0.988682
vt 0.004008 0.988682
vt 0.004001 0.011318
vt 0.003416 0.011318
vt 0.001973 0.988682
vt 0.001977 0.011318
vt 0.005440 0.988682
vt 0.005440 0.011318
vt 0.003405 0.988682
vt 0.004008 0.988682
vt 0.004001 0.011318
vt 0.003416 0.011318
vt 0.001973 0.988682
vt 0.001977 0.011318
vt 0.005440 0.988682
vt 0.005440 0.011318
vt 0.003405 0.988682
vt 0.004008 0.988682
vt 0.004001 0.011318
vt 0.003416 0.011318
vt 0.001973 0.988682
vt 0.001977 0.011318
vt 0.005440 0.988682
vt 0.005440 0.011318
vt 0.003405 0.988682
vt 0.004008 0.988682
vt 0.004001 0.011318
vt 0.003416 0.011318
vt 0.001973 0.988682
vt 0.001977 0.011318
vt 0.005440 0.988682
vt 0.005440 0.011318
vt 0.003405 0.988682
vt 0.004008 0.988682
vt 0.004001 0.011318
vt 0.003416 0.011318
vt 0.001973 0.988682
vt 0.001977 0.011318
vt 0.005440 0.988682
vt 0.005440 0.011318
vt 0.003405 0.988682
vt 0.004008 0.988682
vt 0.004001 0.011318
vt 0.003416 0.011318
vt 0.001973 0.988682
vt 0.001977 0.011318
vt 0.005440 0.988682
vt 0.005440 0.011318
vt 0.003405 0.988682
vt 0.004008 0.988682
vt 0.004001 0.011318
vt 0.003416 0.011318
vt 0.001973 0.988682
vt 0.001977 0.011318
vt 0.005440 0.988682
vt 0.005440 0.011318
vt 0.003405 0.988682
vt 0.004008 0.988682
vt 0.004001 0.011318
vt 0.003416 0.011318
vt 0.001973 0.988682
vt 0.001977 0.011318
vt 0.005440 0.988682
vt 0.005440 0.011318
vt 0.003405 0.988682
vt 0.004008 0.988682
vt 0.004001 0.011318
vt 0.003416 0.011318
vt 0.001973 0.988682
vt 0.001977 0.011318
vt 0.005440 0.988682
vt 0.005440 0.011318
vt 0.003405 0.988682
vt 0.004008 0.988682
vt 0.004001 0.011318
vt 0.003416 0.011318
vt 0.001973 0.988682
vt 0.001977 0.011318
vt 0.005440 0.988682
vt 0.005440 0.011318
vt 0.003405 0.988682
vt 0.004008 0.988682
vt 0.004001 0.011318
vt 0.003416 0.011318
vt 0.001973 0.988682
vt 0.001977 0.011318
vt 0.005440 0.988682
vt 0.005440 0.011318
vt 0.003405 0.988682
vt 0.004008 0.988682
vt 0.004001 0.011318
vt 0.003416 0.011318
vt 0.001973 0.988682
vt 0.001977 0.011318
vt 0.005440 0.988682
vt 0.005440 0.011318
vt 0.003405 0.988682
vt 0.004008 0.988682
vt 0.004001 0.011318
vt 0.003416 0.011318
vt 0.001973 0.988682
vt 0.001977 0.011318
vt 0.005440 0.988682
vt 0.005440 0.011318
vt 0.003405 0.988682
vt 0.004008 0.988682
vt 0.004001 0.011318
vt 0.003416 0.011318
vt 0.001973 0.988682
vt 0.001977 0.011318
vt 0.005440 0.988682
vt 0.005440 0.011318
vt 0.003405 0.988682
vt 0.004008 0.988682
vt 0.004001 0.011318
vt 0.003416 0.011318
s 1
usemtl plastic_B
f 436/714/1 290/404/2 437/716/3
f 475/754/4 474/753/4 418/672/4
f 1065/1653/5 927/1462/5 928/1465/5
f 110/111/6 1/1/6 2/2/6
f 110/111/6 3/3/6 111/113/6
f 112/115/6 3/3/6 4/4/6
f 113/117/6 4/4/6 5/5/6
f 113/117/6 6/6/6 114/119/6
f 114/119/6 7/7/6 115/121/6
f 115/121/6 8/8/6 116/123/6
f 117/125/6 8/8/6 9/9/6
f 118/127/6 9/9/6 10/10/6
f 118/127/6 11/11/6 119/129/6
f 120/131/6 11/11/6 12/12/6
f 120/131/6 13/13/6 121/133/6
f 122/135/6 13/13/6 14/14/6
f 122/135/6 15/15/6 123/137/6
f 123/137/6 16/16/6 124/139/6
f 125/141/6 16/16/6 17/17/6
f 125/141/6 18/18/6 126/143/6
f 126/143/6 19/19/6 127/145/6
f 128/147/6 19/19/6 20/20/6
f 128/147/6 21/21/6 129/149/6
f 130/151/6 21/21/6 22/22/6
f 130/151/6 23/23/6 131/153/6
f 132/155/6 23/23/6 24/24/6
f 132/155/6 25/25/6 133/157/6
f 134/159/6 25/25/6 26/26/6
f 135/161/6 26/26/6 27/27/6
f 135/161/6 28/28/6 136/163/6
f 137/165/6 28/28/6 29/29/6
f 137/165/6 30/30/6 138/167/6
f 138/167/6 31/31/6 139/169/6
f 140/171/6 31/31/6 32/32/6
f 140/171/6 33/33/6 141/173/6
f 142/175/6 33/33/6 34/34/6
f 142/175/6 35/35/6 143/177/6
f 144/179/6 35/35/6 36/36/6
f 145/181/6 36/36/6 37/37/6
f 145/181/6 38/38/6 146/183/6
f 146/183/6 39/39/6 147/185/6
f 147/185/6 40/40/6 148/187/6
f 149/189/6 40/40/6 41/41/6
f 149/189/6 42/42/6 150/191/6
f 151/193/6 42/42/6 43/43/6
f 151/193/6 44/44/6 152/195/6
f 152/195/6 45/45/6 153/197/6
f 154/199/6 45/45/6 46/46/6
f 154/199/6 47/47/6 155/201/6
f 155/201/6 48/48/6 156/203/6
f 157/205/6 48/48/6 49/49/6
f 157/205/6 50/50/6 158/207/6
f 158/207/6 51/51/6 159/209/6
f 159/209/6 52/52/6 160/211/6
f 160/211/6 53/53/6 161/213/6
f 162/215/6 53/53/6 54/54/6
f 162/215/6 55/55/6 163/217/6
f 164/219/6 55/55/6 56/56/6
f 164/219/6 57/57/6 165/221/6
f 166/223/6 57/57/6 58/58/6
f 167/225/6 58/58/6 59/59/6
f 168/227/6 59/59/6 60/60/6
f 168/227/6 61/61/6 169/229/6
f 169/229/6 62/62/6 170/231/6
f 170/231/6 63/63/6 171/233/6
f 172/235/6 63/63/6 64/64/6
f 172/235/6 65/65/6 173/237/6
f 174/239/6 65/65/6 66/66/6
f 175/241/6 66/66/6 67/67/6
f 176/243/6 67/67/6 68/68/6
f 176/243/6 69/69/6 177/245/6
f 178/247/6 69/69/6 70/70/6
f 178/247/6 71/71/6 179/249/6
f 180/251/6 71/71/6 72/72/6
f 180/251/6 73/73/6 181/253/6
f 181/253/6 74/74/6 182/255/6
f 183/257/6 74/74/6 75/75/6
f 184/259/6 75/75/6 76/76/6
f 185/261/6 76/76/6 77/77/6
f 185/261/6 78/78/6 186/263/6
f 186/263/6 79/79/6 187/265/6
f 187/265/6 80/80/6 188/267/6
f 189/269/6 80/80/6 81/81/6
f 189/269/6 82/82/6 190/271/6
f 191/273/6 82/82/6 83/83/6
f 191/273/6 84/84/6 192/275/6
f 193/277/6 84/84/6 85/85/6
f 193/277/6 86/86/6 194/279/6
f 195/281/6 86/86/6 87/87/6
f 195/281/6 88/88/6 196/283/6
f 196/283/6 89/89/6 197/285/6
f 198/287/6 89/89/6 90/90/6
f 198/287/6 91/91/6 199/289/6
f 199/289/6 92/92/6 200/291/6
f 201/293/6 92/92/6 93/93/6
f 201/293/6 94/94/6 202/295/6
f 203/297/6 94/94/6 95/95/6
f 203/297/6 96/96/6 204/299/6
f 204/299/6 97/97/6 205/301/6
f 206/303/6 97/97/6 98/98/6
f 206/303/6 99/99/6 207/305/6
f 208/307/6 99/99/6 100/100/6
f 208/307/6 101/101/6 209/309/6
f 209/309/6 102/102/6 210/311/6
f 210/311/6 103/103/6 211/313/6
f 212/315/6 103/103/6 104/104/6
f 213/317/6 104/104/6 105/105/6
f 213/317/6 106/106/6 214/319/6
f 215/321/6 106/106/6 107/107/6
f 215/321/6 108/108/6 216/323/6
f 216/323/6 1/1/6 109/109/6
f 736/1179/6 735/1177/6 546/857/6
f 697/1118/4 698/1119/4 696/1117/4
f 710/1137/6 709/1135/6 545/853/6
f 643/1036/4 625/1009/4 296/417/4
f 939/1486/7 263/371/7 264/372/7
f 267/375/6 258/366/6 937/1481/8
f 283/391/9 538/837/9 546/855/9
f 228/336/10 573/914/10 569/902/10
f 940/1487/11 265/373/6 262/370/6
f 219/327/6 229/337/6 241/349/6
f 930/1468/12 235/343/6 236/344/6
f 929/1467/5 540/842/5 232/340/5
f 381/589/4 661/1063/4 659/1060/4
f 391/611/13 429/698/14 430/700/15
f 390/609/16 430/700/15 431/702/17
f 389/607/18 431/702/17 432/704/19
f 388/605/20 432/704/19 433/706/21
f 387/603/22 433/706/21 434/708/23
f 387/603/22 435/710/24 386/599/25
f 386/601/25 435/711/24 439/718/26
f 384/596/27 440/719/28 441/720/29
f 383/594/30 441/720/29 444/723/31
f 382/592/32 444/723/31 446/725/33
f 381/590/34 446/725/33 452/731/35
f 380/588/36 452/731/35 453/732/37
f 379/586/38 453/732/37 454/733/39
f 378/584/40 454/733/39 455/734/41
f 377/582/42 455/734/41 456/735/43
f 376/580/44 456/735/43 463/742/45
f 375/578/46 463/742/45 464/743/47
f 374/576/48 464/743/47 465/744/49
f 373/574/50 465/744/49 466/745/51
f 372/572/52 466/745/51 467/746/53
f 371/570/54 467/746/53 468/747/55
f 370/568/56 468/747/55 473/752/57
f 369/566/58 473/752/57 474/753/59
f 368/564/60 474/753/59 475/754/61
f 367/562/62 475/754/61 476/755/63
f 366/560/64 476/755/63 477/756/65
f 365/557/66 477/756/65 487/766/66
f 365/557/66 486/765/67 364/555/68
f 364/555/68 488/767/69 363/553/70
f 363/553/70 485/764/71 362/551/72
f 362/551/72 484/763/73 361/549/74
f 361/549/74 499/778/75 360/547/76
f 360/547/76 497/776/77 359/545/78
f 359/545/78 498/777/79 358/543/80
f 358/543/80 495/774/81 357/541/82
f 357/541/82 496/775/83 356/539/84
f 356/539/84 494/773/85 355/537/86
f 355/537/86 535/829/87 354/535/88
f 354/535/88 533/827/89 353/533/90
f 353/533/90 534/828/91 352/531/92
f 352/531/92 532/826/93 351/529/94
f 351/529/94 531/825/95 350/527/96
f 350/527/96 530/824/97 349/525/98
f 349/525/98 529/823/99 348/523/100
f 348/523/100 528/822/101 347/521/102
f 347/521/102 527/821/103 346/519/104
f 346/519/104 525/819/105 345/517/106
f 345/517/106 525/819/105 526/820/107
f 343/512/108 524/816/109 523/814/110
f 343/512/108 522/812/111 342/510/112
f 342/510/112 521/810/113 341/508/114
f 341/508/114 520/808/115 340/506/116
f 340/506/116 519/806/117 339/504/118
f 339/504/118 518/804/119 338/502/120
f 338/502/120 517/802/121 337/500/122
f 337/500/122 516/800/123 336/498/124
f 336/498/124 515/798/125 335/496/126
f 335/496/126 514/796/127 334/494/128
f 334/494/128 513/794/129 333/492/130
f 333/492/130 512/791/131 332/489/132
f 332/490/132 512/792/131 511/790/133
f 331/487/134 509/788/135 330/485/136
f 330/485/136 508/787/137 329/483/138
f 329/483/138 507/786/139 328/481/140
f 328/481/140 506/785/141 327/479/142
f 327/479/142 505/784/143 326/477/144
f 326/477/144 504/783/145 325/475/146
f 325/475/146 503/782/147 324/473/148
f 324/473/148 502/781/149 323/471/150
f 323/471/150 501/780/151 322/469/152
f 322/469/152 500/779/153 321/467/154
f 321/467/154 493/772/155 320/465/156
f 320/465/156 492/771/157 319/463/158
f 319/463/158 491/770/159 318/461/160
f 318/461/160 490/769/161 317/459/162
f 317/459/162 489/768/163 316/457/164
f 316/457/164 483/762/165 315/455/166
f 315/455/166 482/761/167 314/453/168
f 314/453/168 481/760/169 313/451/170
f 313/451/170 480/759/171 312/449/172
f 312/449/172 479/758/173 311/447/173
f 310/445/174 479/758/173 478/757/175
f 309/444/176 478/757/175 470/749/177
f 308/442/178 470/749/177 469/748/179
f 307/440/180 469/748/179 472/751/181
f 306/438/182 472/751/181 471/750/183
f 305/436/184 471/750/183 457/736/185
f 304/434/186 457/736/185 459/738/187
f 303/432/188 459/738/187 458/737/189
f 302/430/190 458/737/189 461/740/191
f 301/428/192 461/740/191 460/739/193
f 300/426/194 460/739/193 462/741/195
f 299/424/196 462/741/195 448/727/197
f 298/422/198 448/727/197 447/726/199
f 297/420/200 447/726/199 449/728/201
f 296/418/202 449/728/201 450/729/203
f 295/416/204 450/729/203 451/730/205
f 294/414/206 451/730/205 445/724/207
f 293/412/208 445/724/207 443/722/209
f 292/410/210 443/722/209 442/721/211
f 291/408/212 442/721/211 438/717/213
f 291/408/212 437/716/3 290/404/2
f 289/403/214 436/713/1 424/688/215
f 288/401/216 424/688/215 425/690/217
f 287/399/218 425/690/217 426/692/219
f 286/397/220 426/692/219 427/694/221
f 285/395/222 427/694/221 428/696/223
f 284/393/224 428/696/223 429/698/14
f 409/656/5 394/614/5 408/654/5
f 942/1490/6 572/912/6 394/616/6
f 399/627/7 396/620/7 398/624/7
f 410/659/7 416/669/7 418/673/7
f 1079/1671/4 524/818/4 1082/1677/4
f 404/642/5 420/677/5 417/670/5
f 408/655/10 402/637/10 410/658/10
f 1093/1696/4 401/633/4 1094/1698/4
f 1094/1697/9 411/660/9 409/657/9
f 1076/1666/10 406/649/10 1080/1673/10
f 1090/1691/9 403/641/9 1085/1682/9
f 396/621/10 406/649/10 398/625/10
f 397/622/9 407/653/9 405/645/9
f 397/623/4 404/644/4 396/620/4
f 409/657/9 403/641/9 395/618/9
f 1093/1695/10 410/658/10 400/630/10
f 410/659/7 401/635/7 400/631/7
f 392/612/225 1099/1707/226 413/664/227
f 1096/1702/5 412/663/5 1095/1699/5
f 408/654/6 415/666/6 409/656/6
f 408/655/10 1095/1700/10 412/662/10
f 409/657/9 1096/1703/9 1094/1697/9
f 1082/1676/10 526/820/10 1083/1678/10
f 419/675/4 1085/1681/4 403/639/4
f 450/729/4 449/728/4 1069/1657/4
f 1087/1685/9 437/716/9 1088/1687/9
f 511/790/10 422/684/10 417/671/10
f 1083/1678/4 1073/1661/4 416/668/4
f 439/718/9 419/676/9 418/672/9
f 250/358/228 249/357/229 593/955/230
f 268/376/231 562/889/232 561/887/233
f 536/831/234 226/334/235 539/839/236
f 570/905/237 274/382/238 588/944/238
f 234/342/239 541/846/240 548/861/241
f 542/848/242 232/340/243 540/843/244
f 580/928/245 244/352/246 579/926/247
f 568/901/248 283/391/249 546/856/250
f 584/936/251 279/387/252 583/934/253
f 246/354/254 591/951/255 592/953/254
f 600/970/256 260/368/257 599/968/258
f 263/371/259 597/964/260 264/372/261
f 274/382/238 586/940/262 588/944/238
f 226/334/263 567/898/264 539/840/265
f 270/378/266 565/895/267 562/889/232
f 599/968/258 262/370/268 598/966/269
f 257/365/270 553/871/271 550/865/272
f 601/972/273 261/369/274 600/970/256
f 224/332/275 564/892/276 563/890/277
f 250/358/7 251/359/7 947/1499/7
f 269/377/278 560/885/279 558/880/278
f 537/833/280 254/362/281 543/850/282
f 585/938/283 277/385/284 584/936/251
f 574/916/285 228/336/286 569/903/287
f 579/926/247 242/350/288 578/924/289
f 586/940/262 276/384/290 587/942/291
f 596/962/292 263/371/259 595/959/293
f 239/347/294 556/877/295 555/875/296
f 225/333/297 563/890/277 567/898/264
f 593/955/230 246/354/254 592/953/254
f 256/364/298 549/863/299 545/854/300
f 222/330/301 559/883/302 564/892/276
f 236/344/303 547/859/304 552/868/303
f 255/363/305 550/865/272 549/863/299
f 583/934/253 280/388/306 582/932/307
f 551/867/308 236/344/303 552/868/303
f 266/374/309 561/887/233 560/885/279
f 572/910/9 282/390/9 571/907/9
f 258/366/310 554/873/311 553/871/271
f 252/360/312 253/361/313 544/852/314
f 223/331/315 555/875/296 559/883/302
f 581/930/316 243/351/317 580/928/245
f 232/340/243 541/846/240 233/341/318
f 556/877/295 238/346/319 557/879/320
f 598/966/269 265/373/321 597/964/260
f 241/349/322 576/920/323 577/922/322
f 554/873/311 269/377/278 558/880/278
f 395/619/6 950/1502/6 951/1506/6
f 924/1458/6 536/832/6 399/629/6
f 582/932/307 259/367/324 601/972/273
f 229/337/325 575/918/326 576/920/323
f 220/328/5 936/1479/5 538/836/5
f 589/946/327 251/359/328 594/957/329
f 591/951/255 247/355/330 590/949/331
f 587/942/291 278/386/332 585/938/283
f 235/343/333 548/861/241 547/859/304
f 253/361/313 545/854/300 544/852/314
f 557/879/320 237/345/334 551/867/308
f 282/390/335 570/905/237 571/908/336
f 590/949/331 248/356/337 581/930/316
f 565/895/267 272/380/338 566/896/338
f 272/380/338 568/901/248 566/896/338
f 575/918/326 227/335/339 574/916/285
f 578/924/289 241/349/322 577/922/322
f 656/1056/340 653/1052/341 657/1058/342
f 687/1103/343 688/1105/344 689/1107/345
f 666/1071/346 665/1070/347 667/1073/348
f 675/1085/349 672/1081/350 673/1082/350
f 668/1074/351 667/1073/348 669/1076/352
f 604/977/353 607/983/354 605/979/355
f 693/1112/356 686/1102/357 687/1103/343
f 654/1053/358 639/1031/359 655/1055/360
f 652/1050/361 655/1055/360 653/1052/341
f 634/1023/362 633/1022/363 635/1025/364
f 679/1091/365 676/1087/366 677/1089/367
f 664/1068/368 663/1067/369 665/1070/347
f 681/1094/370 682/1096/371 683/1098/372
f 618/999/373 621/1004/374 619/1001/375
f 623/1006/376 628/1014/377 629/1016/378
f 636/1026/379 641/1034/380 637/1028/381
f 631/1018/382 644/1038/383 645/1040/384
f 685/1100/385 678/1090/386 679/1091/365
f 640/1032/387 643/1037/388 641/1034/380
f 610/987/389 605/979/355 611/989/390
f 609/985/391 612/990/392 613/992/393
f 341/509/4 695/1115/4 691/1109/4
f 689/1107/345 684/1099/394 685/1100/385
f 615/995/395 622/1005/396 623/1006/376
f 909/1426/6 910/1428/6 539/841/6
f 683/1098/372 674/1084/397 675/1085/349
f 632/1020/398 637/1028/381 633/1022/363
f 616/996/399 611/989/390 617/998/400
f 645/1040/384 646/1041/401 647/1043/402
f 651/1049/403 694/1114/404 695/1116/405
f 638/1029/406 635/1025/364 639/1031/359
f 662/1065/407 661/1064/408 663/1067/369
f 691/1110/409 692/1111/410 693/1112/356
f 660/1062/411 659/1061/412 661/1064/408
f 607/983/354 602/974/413 603/976/414
f 672/1081/350 671/1079/415 673/1082/350
f 658/1059/416 657/1058/342 659/1061/412
f 647/1043/402 648/1044/417 649/1046/418
f 613/992/393 614/993/419 615/995/395
f 695/1116/405 690/1108/420 691/1110/409
f 620/1002/421 617/998/400 621/1004/374
f 677/1089/367 680/1093/422 681/1094/370
f 603/976/414 608/984/423 609/985/391
f 624/1008/424 619/1001/375 625/1010/425
f 642/1035/426 625/1010/425 643/1037/388
f 627/1013/427 630/1017/428 631/1018/382
f 649/1046/418 650/1047/429 651/1049/403
f 629/1016/378 626/1011/430 627/1013/427
f 670/1077/431 669/1076/352 671/1079/415
f 1074/1662/4 420/678/4 1088/1687/4
f 534/828/4 1070/1658/4 532/826/4
f 702/1123/4 701/1122/4 700/1121/4
f 723/1162/432 142/176/433 726/1165/434
f 89/89/435 882/1372/436 881/1370/437
f 804/1274/438 68/68/439 806/1278/440
f 903/1415/441 9/9/442 904/1416/442
f 806/1278/440 67/67/443 805/1276/444
f 214/320/445 876/1365/446 873/1362/447
f 898/1404/448 93/93/449 899/1406/450
f 862/1348/451 81/81/452 792/1250/452
f 850/1331/453 195/282/454 849/1330/454
f 9/9/442 909/1427/455 904/1416/442
f 178/248/456 770/1221/457 772/1223/456
f 153/198/458 744/1188/459 742/1186/460
f 80/80/461 794/1254/462 793/1252/463
f 43/43/464 717/1152/465 718/1153/464
f 754/1200/466 52/52/467 753/1198/468
f 157/206/469 745/1189/470 747/1191/469
f 33/33/471 707/1132/472 708/1133/471
f 38/38/473 712/1142/474 713/1144/475
f 117/126/476 834/1315/477 835/1316/478
f 865/1354/479 115/122/480 868/1357/481
f 112/116/482 866/1355/483 869/1358/484
f 32/32/485 706/1130/486 707/1132/472
f 805/1276/444 66/66/487 807/1280/488
f 144/180/489 727/1166/490 728/1167/491
f 2/2/492 916/1440/493 917/1443/494
f 155/202/495 746/1190/496 741/1185/497
f 145/182/498 730/1169/499 727/1166/490
f 915/1438/500 101/101/501 905/1418/501
f 829/1310/502 121/134/503 830/1311/503
f 836/1317/504 209/310/505 880/1369/505
f 769/1220/6 676/1087/6 678/1090/6
f 134/160/506 820/1301/507 816/1296/508
f 724/1163/509 139/170/510 725/1164/511
f 3/3/512 917/1443/494 920/1448/512
f 868/1357/481 116/124/513 867/1356/513
f 722/1161/514 141/174/515 723/1162/432
f 726/1165/434 143/178/516 729/1168/516
f 895/1398/517 96/96/518 894/1396/519
f 152/196/520 742/1186/460 743/1187/521
f 63/63/522 788/1242/523 789/1244/524
f 154/200/525 741/1185/497 744/1188/459
f 125/142/526 826/1307/527 825/1306/528
f 14/14/529 901/1411/530 893/1394/531
f 833/1314/532 120/132/533 829/1310/502
f 209/310/505 877/1366/534 880/1369/505
f 857/1338/535 86/86/536 858/1340/536
f 711/1140/537 35/35/538 710/1138/539
f 897/1402/540 94/94/541 898/1404/448
f 205/302/542 840/1321/543 839/1320/542
f 81/81/452 793/1252/463 792/1250/452
f 860/1344/544 83/83/545 861/1346/545
f 831/1312/546 124/140/547 828/1309/547
f 762/1210/548 168/228/549 761/1209/550
f 864/1353/551 20/20/552 883/1374/552
f 187/266/553 781/1234/554 780/1233/555
f 203/298/556 838/1319/557 841/1322/558
f 77/77/559 797/1260/560 796/1258/561
f 169/230/562 759/1207/563 760/1208/562
f 757/1205/564 173/238/565 777/1228/566
f 876/1365/446 216/324/567 874/1363/568
f 195/282/454 846/1327/569 849/1330/454
f 31/31/570 705/1128/571 706/1130/486
f 37/37/572 711/1140/537 712/1142/474
f 162/216/573 752/1196/574 751/1195/575
f 899/1406/450 92/92/576 887/1382/577
f 852/1333/578 193/278/579 851/1332/580
f 48/48/581 732/1172/582 733/1173/581
f 807/1280/488 65/65/583 787/1240/584
f 183/258/585 784/1237/586 785/1238/587
f 736/1180/588 50/50/589 735/1178/590
f 116/124/513 835/1316/478 867/1356/513
f 886/1381/591 16/16/592 890/1389/593
f 121/134/503 832/1313/594 830/1311/503
f 182/256/595 785/1238/587 786/1239/596
f 777/1228/566 174/240/597 776/1227/597
f 779/1231/598 58/58/599 766/1214/600
f 161/214/601 751/1195/575 750/1194/601
f 794/1254/462 78/78/602 795/1256/602
f 809/1285/603 26/26/604 810/1287/605
f 838/1319/557 205/302/542 839/1320/542
f 848/1329/606 199/290/607 845/1326/608
f 184/260/609 783/1236/610 784/1237/586
f 90/90/611 881/1370/437 889/1386/611
f 134/160/506 816/1296/508 819/1299/612
f 143/178/516 728/1167/491 729/1168/516
f 734/1176/613 48/48/581 733/1173/581
f 29/29/614 808/1283/615 704/1126/616
f 781/1234/554 189/270/617 853/1334/618
f 874/1363/568 109/110/619 872/1361/620
f 767/1216/621 56/56/622 768/1218/622
f 73/73/623 801/1268/624 800/1266/625
f 42/42/626 716/1150/627 717/1152/465
f 151/194/628 743/1187/521 739/1183/628
f 6/6/629 912/1433/630 911/1431/631
f 878/1367/632 213/318/633 875/1364/633
f 759/1207/563 171/234/634 758/1206/635
f 196/284/636 847/1328/637 846/1327/569
f 773/1224/638 178/248/456 772/1223/456
f 719/1156/639 43/43/464 718/1153/464
f 54/54/640 754/1200/466 756/1203/640
f 113/118/641 865/1354/479 866/1355/483
f 788/1242/523 61/61/642 791/1248/642
f 834/1315/477 119/130/643 833/1314/532
f 175/242/644 774/1225/645 775/1226/646
f 840/1321/543 207/306/647 837/1318/648
f 88/88/649 857/1338/535 882/1372/436
f 821/1302/650 129/150/651 822/1303/652
f 166/224/653 762/1210/548 763/1211/654
f 787/1240/584 64/64/655 790/1246/655
f 737/1181/656 151/194/628 739/1183/628
f 921/1451/657 3/3/512 920/1448/512
f 815/1295/658 138/168/659 724/1163/509
f 758/1206/635 172/236/660 757/1205/564
f 738/1182/661 149/190/662 740/1184/663
f 71/71/664 803/1272/665 802/1270/666
f 8/8/667 910/1429/668 909/1427/455
f 39/39/669 713/1144/475 714/1146/670
f 877/1366/534 211/314/671 879/1368/671
f 20/20/552 884/1377/672 883/1374/552
f 851/1332/580 194/280/673 850/1331/453
f 132/156/674 818/1298/675 817/1297/674
f 46/46/676 720/1158/677 721/1159/676
f 213/318/633 873/1362/447 875/1364/633
f 18/18/678 886/1381/591 885/1379/679
f 185/262/680 782/1235/681 783/1236/610
f 86/86/536 859/1342/682 858/1340/536
f 749/1193/683 161/214/601 750/1194/601
f 83/83/545 862/1348/451 861/1346/545
f 211/314/671 878/1367/632 879/1368/671
f 40/40/684 714/1146/670 715/1148/685
f 146/184/686 731/1170/687 730/1169/499
f 766/1214/600 57/57/688 767/1216/621
f 101/101/501 906/1420/689 905/1418/501
f 808/1283/615 27/27/690 809/1285/603
f 111/114/691 869/1358/484 871/1360/691
f 181/254/692 786/1239/596 771/1222/693
f 774/1225/645 177/246/694 773/1224/638
f 740/1184/663 150/192/695 737/1181/656
f 755/1201/696 54/54/640 756/1203/640
f 710/1138/539 34/34/697 709/1136/698
f 70/70/699 804/1274/438 803/1272/665
f 124/140/547 825/1306/528 828/1309/547
f 158/208/700 748/1192/701 745/1189/470
f 842/1323/702 201/294/703 843/1324/704
f 753/1198/468 51/51/705 736/1180/588
f 863/1351/706 21/21/707 864/1353/551
f 107/107/708 922/1452/709 919/1446/708
f 872/1361/620 110/112/710 870/1359/711
f 709/1136/698 33/33/471 708/1133/471
f 923/1454/712 104/104/713 913/1434/713
f 179/250/714 769/1220/715 770/1221/457
f 748/1192/701 160/212/716 749/1193/683
f 732/1172/582 46/46/676 721/1159/676
f 186/264/717 780/1233/555 782/1235/681
f 85/85/718 860/1344/544 859/1342/682
f 61/61/642 778/1229/719 791/1248/642
f 126/144/720 827/1308/721 826/1307/527
f 202/296/722 841/1322/558 844/1325/722
f 45/45/723 719/1156/639 720/1158/677
f 870/1359/711 111/114/691 871/1360/691
f 888/1384/724 90/90/611 889/1386/611
f 100/100/725 907/1422/726 906/1420/689
f 127/146/727 821/1302/650 827/1308/721
f 74/74/728 800/1266/625 799/1264/729
f 624/1008/6 642/1035/6 830/1311/6
f 98/98/730 895/1398/517 908/1424/731
f 19/19/732 885/1379/679 884/1377/672
f 843/1324/704 202/296/722 844/1325/722
f 900/1409/733 11/11/734 902/1412/734
f 752/1196/574 164/220/735 765/1213/736
f 837/1318/648 208/308/737 836/1317/504
f 24/24/738 813/1293/739 812/1290/738
f 890/1389/593 15/15/740 891/1391/741
f 814/1294/742 137/166/743 815/1295/658
f 60/60/744 779/1231/598 778/1229/719
f 180/252/745 771/1222/693 769/1220/715
f 56/56/622 755/1201/696 768/1218/622
f 30/30/746 704/1126/616 705/1128/571
f 845/1326/608 200/292/747 842/1323/702
f 174/240/597 775/1226/646 776/1227/597
f 192/276/748 852/1333/578 856/1337/749
f 811/1289/750 24/24/738 812/1290/738
f 165/222/751 763/1211/654 764/1212/751
f 41/41/752 715/1148/685 716/1150/627
f 855/1336/753 191/274/754 854/1335/755
f 7/7/756 911/1431/631 910/1429/668
f 914/1436/757 102/102/758 915/1438/500
f 731/1170/687 148/188/759 738/1182/661
f 76/76/760 798/1262/761 797/1260/560
f 725/1164/511 140/172/762 722/1161/514
f 11/11/734 903/1415/441 902/1412/734
f 813/1293/739 22/22/763 863/1351/706
f 735/1178/590 49/49/764 734/1176/613
f 122/136/765 831/1312/546 832/1313/594
f 810/1287/605 25/25/766 811/1289/750
f 823/1304/767 132/156/674 817/1297/674
f 765/1213/736 165/222/751 764/1212/751
f 887/1382/577 91/91/768 888/1384/724
f 135/162/769 814/1294/742 820/1301/507
f 901/1411/530 12/12/770 900/1409/733
f 761/1209/550 169/230/562 760/1208/562
f 822/1303/652 130/152/771 824/1305/772
f 853/1334/618 190/272/773 855/1336/753
f 78/78/602 796/1258/561 795/1256/602
f 14/14/529 893/1394/531 892/1393/774
f 1/1/775 918/1444/776 916/1440/493
f 72/72/777 802/1270/666 801/1268/624
f 197/286/778 848/1329/606 847/1328/637
f 99/99/779 908/1424/731 907/1422/726
f 75/75/780 799/1264/729 798/1262/761
f 922/1452/709 105/105/781 923/1454/712
f 918/1444/776 107/107/708 919/1446/708
f 64/64/655 789/1244/524 790/1246/655
f 824/1305/772 131/154/782 823/1304/767
f 5/5/783 921/1451/657 912/1433/630
f 95/95/784 897/1402/540 896/1400/785
f 104/104/713 914/1436/757 913/1434/713
f 746/1190/496 157/206/469 747/1191/469
f 796/1259/6 797/1261/6 597/965/6
f 929/1466/6 927/1463/6 540/844/6
f 931/1469/786 934/1476/786 932/1470/787
f 417/671/4 482/761/4 483/762/4
f 949/1501/788 946/1497/789 948/1500/790
f 925/1460/5 221/329/5 536/830/5
f 254/362/5 934/1476/5 252/360/5
f 926/1461/791 936/1479/791 937/1481/792
f 1065/1653/793 925/1460/794 924/1456/795
f 939/1485/6 938/1483/6 595/961/6
f 1066/1654/796 943/1493/796 942/1489/797
f 948/1500/798 947/1499/798 951/1505/797
f 984/1548/4 961/1517/4 980/1544/4
f 953/1509/799 968/1527/800 983/1547/801
f 969/1528/802 975/1537/802 962/1518/802
f 954/1510/803 986/1550/804 1000/1570/805
f 1006/1578/4 993/1560/4 987/1551/4
f 955/1511/806 994/1561/800 1009/1581/801
f 995/1562/802 1001/1571/802 988/1552/802
f 1012/1584/807 956/1512/807 1027/1605/808
f 1014/1586/4 1035/1615/4 1033/1613/4
f 957/1513/809 1021/1596/810 1029/1608/811
f 1026/1604/812 1020/1595/812 1013/1585/812
f 1038/1618/807 958/1514/813 1053/1639/808
f 1059/1647/4 1045/1628/4 1061/1649/4
f 959/1515/814 1047/1630/815 1055/1642/811
f 1039/1619/812 1056/1643/812 1046/1629/812
f 960/1516/816 964/1520/817 966/1524/818
f 965/1522/819 963/1519/820 961/1517/821
f 966/1525/822 965/1523/823 962/1518/824
f 970/1529/825 973/1534/826 967/1526/827
f 968/1527/828 971/1530/829 970/1529/830
f 973/1535/831 972/1532/832 969/1528/833
f 986/1550/834 990/1554/835 992/1558/818
f 991/1556/819 989/1553/820 987/1551/821
f 992/1559/836 991/1557/837 988/1552/838
f 996/1563/825 999/1568/826 993/1560/827
f 994/1561/828 997/1564/839 996/1563/830
f 999/1569/840 998/1566/832 995/1562/841
f 1012/1584/842 1016/1590/843 1018/1593/844
f 1017/1591/845 1015/1587/846 1013/1585/847
f 1018/1593/848 1017/1592/849 1014/1586/850
f 1022/1598/851 1025/1603/852 1019/1594/853
f 1024/1601/854 1022/1597/855 1020/1595/856
f 1021/1596/857 1023/1600/858 1024/1602/859
f 1038/1618/842 1042/1624/860 1044/1627/844
f 1043/1626/861 1041/1621/862 1039/1619/863
f 1044/1627/848 1043/1625/849 1040/1620/850
f 1048/1632/851 1051/1637/852 1045/1628/853
f 1050/1635/854 1048/1631/864 1046/1629/865
f 1047/1630/857 1049/1634/866 1050/1636/859
f 974/1536/867 966/1524/818 976/1538/868
f 976/1539/869 962/1518/824 975/1537/870
f 961/1517/821 973/1534/826 965/1522/819
f 973/1535/831 962/1518/824 965/1523/823
f 978/1541/871 972/1533/872 968/1527/828
f 979/1543/873 969/1528/833 972/1532/832
f 981/1545/874 963/1519/875 960/1516/816
f 963/1519/820 980/1544/876 961/1517/821
f 983/1547/877 970/1529/830 985/1549/878
f 970/1529/825 984/1548/879 985/1549/880
f 1000/1570/867 992/1558/818 1002/1572/868
f 1002/1573/869 988/1552/838 1001/1571/870
f 987/1551/821 999/1568/826 991/1556/819
f 991/1557/837 995/1562/841 988/1552/838
f 1004/1575/881 998/1567/872 994/1561/828
f 1005/1577/882 995/1562/841 998/1566/832
f 1007/1579/883 989/1553/884 986/1550/834
f 989/1553/820 1006/1578/885 987/1551/821
f 1009/1581/886 996/1563/830 1011/1583/887
f 996/1563/825 1010/1582/879 1011/1583/880
f 1013/1585/847 1028/1607/888 1026/1604/889
f 1015/1588/890 1027/1605/891 1028/1606/892
f 1013/1585/847 1022/1597/855 1017/1591/845
f 1022/1598/851 1014/1586/850 1017/1592/849
f 1020/1595/856 1031/1610/893 1024/1601/854
f 1024/1602/859 1029/1608/894 1021/1596/857
f 1033/1613/895 1018/1593/848 1014/1586/850
f 1018/1593/844 1032/1612/896 1012/1584/842
f 1035/1615/897 1025/1603/852 1037/1617/898
f 1025/1603/899 1036/1616/900 1037/1617/901
f 1039/1619/863 1054/1641/902 1052/1638/889
f 1041/1622/890 1053/1639/891 1054/1640/892
f 1046/1629/865 1043/1626/861 1039/1619/863
f 1048/1632/851 1040/1620/850 1043/1625/849
f 1046/1629/865 1057/1644/903 1050/1635/854
f 1050/1636/859 1055/1642/904 1047/1630/857
f 1059/1647/905 1044/1627/848 1040/1620/850
f 1044/1627/844 1058/1646/906 1038/1618/842
f 1061/1649/907 1051/1637/852 1063/1651/898
f 1051/1637/899 1062/1650/908 1063/1651/901
f 952/1508/909 960/1516/803 974/1536/805
f 219/327/7 944/1495/7 573/913/7
f 945/1496/910 243/351/6 946/1497/789
f 946/1497/789 245/353/6 246/354/6
f 940/1487/11 260/368/6 261/369/6
f 218/326/7 943/1493/7 941/1488/7
f 218/326/6 278/386/6 276/384/6
f 949/1501/911 944/1495/912 945/1496/913
f 948/1500/7 950/1504/7 949/1501/7
f 927/1463/6 398/626/6 932/1471/6
f 941/1488/914 1064/1652/915 940/1487/11
f 939/1486/916 1064/1652/916 938/1482/917
f 1066/1654/7 938/1484/7 1064/1652/7
f 385/598/918 439/718/26 440/719/28
f 931/1469/919 937/1481/8 935/1478/920
f 928/1465/921 217/325/922 1065/1653/923
f 928/1465/924 929/1467/925 930/1468/926
f 1076/1665/6 538/838/6 398/626/6
f 1090/1690/6 573/915/6 395/619/6
f 926/1461/5 932/1472/5 933/1473/5
f 221/329/6 222/330/6 224/332/6
f 221/329/6 217/325/922 240/348/6
f 217/325/922 238/346/6 240/348/6
f 698/1119/927 1068/1656/927 696/1117/927
f 699/1120/928 1067/1655/928 698/1119/928
f 702/1123/929 1070/1658/929 1071/1659/929
f 701/1122/927 1070/1658/927 700/1121/927
f 703/1124/928 1072/1660/928 701/1122/928
f 702/1123/930 1073/1661/931 703/1124/931
f 697/1118/929 1068/1656/929 1074/1662/929
f 697/1118/930 1069/1657/930 699/1120/930
f 1078/1669/10 1079/1670/10 1075/1664/10
f 1075/1663/6 572/912/6 571/909/6
f 546/857/6 1078/1668/6 1077/1667/6
f 1078/1668/6 571/909/6 1077/1667/6
f 1077/1667/6 778/1230/6 779/1232/6
f 1079/1671/4 520/809/4 521/811/4
f 512/793/4 406/650/4 422/682/4
f 1080/1672/4 514/797/4 515/799/4
f 1078/1669/10 1080/1673/10 1081/1674/10
f 1075/1664/10 402/637/10 394/615/10
f 423/687/10 1083/1678/10 416/668/10
f 402/638/4 1082/1677/4 423/685/4
f 1083/1678/4 528/822/4 529/823/4
f 421/681/9 1088/1687/9 420/678/9
f 1084/1679/4 436/715/4 1087/1686/4
f 432/705/4 431/703/4 1085/1681/4
f 427/695/4 426/693/4 1084/1679/4
f 407/652/4 1087/1686/4 421/679/4
f 442/721/4 443/722/4 1088/1687/4
f 1091/1693/9 1084/1680/9 1089/1689/9
f 1089/1688/6 536/832/6 539/841/6
f 569/904/6 1091/1692/6 1092/1694/6
f 569/904/6 914/1437/6 915/1439/6
f 1091/1692/6 539/841/6 1092/1694/6
f 1091/1693/9 1085/1682/9 1086/1684/9
f 1089/1689/9 407/653/9 399/628/9
f 743/1187/6 630/1017/6 626/1011/6
f 668/1074/6 846/1327/6 666/1071/6
f 392/612/225 1094/1698/4 393/613/932
f 413/664/4 1096/1704/4 1095/1701/4
f 393/613/932 1096/1704/4 414/665/4
f 413/664/4 1093/1696/4 392/612/225
f 1098/1706/933 1099/1707/4 1097/1705/934
f 413/664/227 1100/1708/935 414/665/936
f 414/665/936 1098/1706/933 393/613/932
f 393/613/932 1097/1705/934 392/612/225
s 0
f 1626/2954/937 2104/4142/937 1627/2957/937
f 1140/1756/938 2077/4115/938 1139/1754/938
f 1139/1754/939 2076/4114/939 1138/1752/939
f 1684/3039/940 2128/4166/940 1685/3041/940
f 1138/1752/941 2075/4113/941 1137/1750/941
f 1683/3037/942 2127/4165/942 1684/3039/942
f 1682/3036/943 2126/4164/943 1683/3037/943
f 1193/1831/944 2069/4107/944 2100/4138/944
f 1137/1750/945 2074/4112/945 1136/1748/945
f 1679/3030/946 2124/4162/946 1680/3032/946
f 1193/1831/947 2089/4127/947 1151/1779/947
f 1136/1748/948 2073/4111/948 1135/1747/948
f 1593/2919/949 2084/4122/949 2099/4137/949
f 1192/1829/950 2083/4121/950 2098/4136/950
f 1134/1744/951 2071/4109/951 1133/1743/951
f 1192/1829/952 2082/4120/952 1144/1765/952
f 1182/1811/953 1101/1709/953 1153/1782/953
f 1154/1783/954 1101/1709/954 1102/1710/954
f 1155/1784/955 1102/1710/955 1103/1711/955
f 1156/1785/951 1103/1711/951 1104/1712/951
f 1157/1786/956 1104/1712/956 1105/1713/956
f 1158/1787/957 1105/1713/957 1106/1714/957
f 1159/1788/958 1106/1714/958 1107/1715/958
f 1160/1789/948 1107/1715/948 1108/1716/948
f 1161/1790/945 1108/1716/945 1109/1717/945
f 1162/1791/941 1109/1717/941 1110/1718/941
f 1162/1791/939 1111/1719/939 1163/1792/939
f 1163/1792/938 1112/1720/938 1164/1793/938
f 1165/1794/959 1112/1720/959 1113/1721/959
f 1166/1795/960 1113/1721/960 1114/1722/960
f 1167/1796/961 1114/1722/961 1115/1723/961
f 1168/1797/962 1115/1723/962 1116/1724/962
f 1168/1797/963 1117/1725/963 1169/1798/963
f 1169/1798/964 1118/1726/964 1170/1799/964
f 1170/1799/965 1119/1727/965 1171/1800/965
f 1171/1800/966 1120/1728/966 1172/1801/966
f 1173/1802/967 1120/1728/967 1121/1729/967
f 1173/1802/952 1122/1730/952 1174/1803/952
f 1174/1803/950 1123/1731/950 1175/1804/950
f 1574/2888/968 1617/2945/968 1669/3018/968
f 1176/1805/969 1125/1733/969 1177/1806/969
f 1177/1806/970 1126/1734/970 1178/1807/970
f 1178/1807/971 1127/1735/971 1179/1808/971
f 1180/1809/972 1127/1735/972 1128/1736/972
f 1181/1810/973 1128/1736/973 1129/1737/973
f 1181/1810/947 1130/1738/947 1183/1812/947
f 1183/1812/944 1131/1739/944 1182/1811/944
f 1298/2289/974 1182/1811/974 1153/1782/974
f 1297/2288/975 1153/1782/975 1154/1783/975
f 1194/1833/976 1154/1783/976 1155/1784/976
f 1195/1834/977 1155/1784/977 1156/1785/977
f 1196/1835/978 1156/1785/978 1157/1786/978
f 1296/2287/979 1157/1786/979 1158/1787/979
f 1295/2286/980 1158/1787/980 1159/1788/980
f 1295/2286/981 1160/1789/981 1197/1836/981
f 1197/1836/982 1161/1790/982 1294/2285/982
f 1294/2285/983 1162/1791/983 1198/1837/983
f 1198/1837/984 1163/1792/984 1293/2284/984
f 1293/2284/985 1164/1793/985 1292/2283/985
f 1292/2283/986 1165/1794/986 1291/2282/986
f 1291/2282/987 1166/1795/987 1290/2281/987
f 1290/2281/988 1167/1796/988 1199/1838/988
f 1199/1838/989 1168/1797/989 1200/1839/989
f 1200/1839/990 1169/1798/990 1289/2280/990
f 1289/2280/991 1170/1799/991 1201/1840/991
f 1201/1840/992 1171/1800/992 1202/1841/992
f 1202/1841/993 1172/1801/993 1288/2279/993
f 1288/2279/994 1173/1802/994 1287/2278/994
f 1287/2278/995 1174/1803/995 1203/1842/995
f 1203/1842/996 1175/1804/996 1204/1843/996
f 1204/1843/997 1574/2888/997 1578/2893/997
f 1206/1845/998 1176/1805/998 1177/1806/998
f 1286/2277/999 1177/1806/999 1178/1807/999
f 1207/1846/1000 1178/1807/1000 1179/1808/1000
f 1285/2276/1001 1179/1808/1001 1180/1809/1001
f 1208/1847/1002 1180/1809/1002 1181/1810/1002
f 1210/1849/1003 1181/1810/1003 1183/1812/1003
f 1209/1848/1004 1183/1812/1004 1182/1811/1004
f 1557/2871/1005 1152/1781/1005 1224/1863/1005
f 1211/1850/1006 1184/1813/1006 1557/2871/1006
f 1558/2872/1007 1132/1740/1007 1211/1850/1007
f 1559/2873/1008 1133/1742/1008 1558/2872/1008
f 1212/1851/1009 1134/1745/1009 1559/2873/1009
f 1560/2874/1010 1185/1815/1010 1212/1851/1010
f 1213/1852/1011 1186/1817/1011 1560/2874/1011
f 1213/1852/1012 1136/1749/1012 1135/1746/1012
f 1561/2875/1013 1137/1751/1013 1136/1749/1013
f 1562/2876/1014 1138/1753/1014 1137/1751/1014
f 1214/1853/1015 1139/1755/1015 1138/1753/1015
f 1563/2877/1016 1140/1757/1016 1139/1755/1016
f 1564/2878/1017 1187/1819/1017 1140/1757/1017
f 1215/1854/1018 1141/1758/1018 1187/1819/1018
f 1565/2879/1019 1142/1760/1019 1141/1758/1019
f 1216/1855/1020 1188/1821/1020 1142/1760/1020
f 1217/1856/1021 1189/1823/1021 1188/1821/1021
f 1566/2880/1022 1190/1825/1022 1189/1823/1022
f 1218/1857/1023 1191/1827/1023 1190/1825/1023
f 1567/2881/1024 1143/1762/1024 1191/1827/1024
f 1568/2882/1025 1144/1764/1025 1143/1762/1025
f 1569/2883/1026 1192/1830/1026 1144/1764/1026
f 1219/1858/1027 1145/1766/1027 1192/1830/1027
f 1221/1860/1028 1593/2920/1028 1581/2896/1028
f 1222/1861/1029 1146/1769/1029 1221/1860/1029
f 1570/2884/1030 1147/1770/1030 1222/1861/1030
f 1571/2885/1031 1148/1772/1031 1570/2884/1031
f 1572/2886/1032 1149/1774/1032 1571/2885/1032
f 1223/1862/1033 1150/1776/1033 1572/2886/1033
f 1573/2887/1034 1151/1778/1034 1223/1862/1034
f 1224/1863/1035 1193/1832/1035 1573/2887/1035
f 1232/1904/5 1724/3104/5 1726/3116/5
f 1419/2564/1036 1257/2061/1036 1420/2569/1036
f 1430/2615/1037 1419/2565/1037 1429/2610/1037
f 1435/2637/1038 1430/2616/1038 1420/2570/1038
f 1436/2642/945 1420/2573/945 1435/2636/945
f 1256/2052/1039 1261/2098/1039 1282/2255/1039
f 1269/2179/1040 1255/2044/1040 1268/2161/1040
f 1273/2205/970 1262/2108/970 1267/2150/970
f 1270/2186/945 1278/2232/945 1272/2199/945
f 1280/2243/1041 1257/2063/1041 1281/2248/1041
f 1284/2269/1042 1266/2142/1042 1259/2076/1042
f 1266/2143/954 1271/2195/954 1265/2128/954
f 1265/2133/1043 1259/2077/1043 1280/2241/1043
f 1257/2064/1044 1271/2197/1044 1278/2231/1044
f 1270/2187/1045 1281/2250/1045 1258/2069/1045
f 1277/2227/1046 1236/1933/1046 1261/2094/1046
f 1261/2099/1047 1272/2201/1047 1277/2225/1047
f 1282/2257/1048 1270/2189/1048 1261/2095/1048
f 1276/2221/1049 1261/2100/1049 1260/2083/1049
f 1260/2086/1050 1275/2215/1050 1269/2172/1050
f 1283/2264/1051 1260/2087/1051 1269/2173/1051
f 1268/2166/1052 1275/2216/1052 1269/2174/1052
f 1255/2045/1053 1762/3377/1053 1749/3258/1053
f 1247/1999/1054 1274/2212/1054 1262/2105/1054
f 1262/2110/1055 1279/2237/1055 1266/2139/1055
f 1262/2111/1056 1264/2122/1056 1267/2151/1056
f 1267/2153/1057 1413/2526/1057 1414/2531/1057
f 1416/2544/1058 1268/2168/1058 1269/2175/1058
f 1418/2557/1059 1260/2088/1059 1261/2096/1059
f 1421/2578/1060 1266/2145/1060 1422/2583/1060
f 1423/2591/1061 1413/2527/1061 1424/2594/1061
f 1418/2558/1062 1427/2603/1062 1428/2606/1062
f 1432/2623/1063 1421/2579/1063 1431/2618/1063
f 1433/2626/1064 1432/2624/1064 1422/2584/1064
f 1434/2633/1065 1421/2576/1065 1431/2619/1065
f 1421/2580/954 1433/2627/954 1434/2631/954
f 1436/2643/1066 1419/2562/1066 1429/2611/1066
f 1437/2648/1067 1428/2607/1067 1418/2555/1067
f 1438/2652/1068 1417/2548/1068 1427/2604/1068
f 1437/2647/1069 1417/2552/1069 1438/2651/1069
f 1415/2540/950 1439/2656/950 1440/2660/950
f 1441/2664/1070 1423/2592/1070 1414/2532/1070
f 1442/2671/1071 1413/2524/1071 1424/2595/1071
f 1441/2665/1072 1413/2528/1072 1442/2669/1072
f 1234/1919/1073 1254/2041/1073 1227/1874/1073
f 1231/1897/1074 1225/1865/1074 1236/1931/1074
f 1246/1991/1075 1228/1879/1075 1234/1918/1075
f 1246/1992/1076 1227/1876/1076 1226/1869/1076
f 1233/1912/1077 1245/1986/1077 1251/2021/1077
f 1244/1978/1078 1239/1949/1078 1251/2022/1078
f 1247/2001/1079 1235/1929/1079 1254/2039/1079
f 1236/1934/1080 1253/2035/1080 1233/1910/1080
f 1243/1970/1081 1226/1870/1081 1241/1959/1081
f 1240/1955/1069 1233/1913/1069 1250/2016/1069
f 1247/2002/1072 1230/1890/1072 1232/1902/1072
f 1249/2011/1082 1243/1971/1082 1231/1894/1082
f 1241/1960/1083 1231/1898/1083 1243/1969/1083
f 1242/1964/1084 1251/2023/1084 1245/1985/1084
f 1263/2118/1085 1732/3160/1085 1757/3331/1085
f 1251/2024/1086 1250/2018/1086 1233/1911/1086
f 1236/1936/1087 1249/2012/1087 1231/1895/1087
f 1243/1972/1088 1237/1940/1088 1246/1990/1088
f 1234/1921/1089 1248/2008/1089 1247/1998/1089
f 1729/3140/1090 1264/2123/1090 1235/1926/1090
f 1226/1871/1091 1259/2078/1091 1280/2242/1091
f 1252/2032/1092 1281/2251/1092 1258/2070/1092
f 1264/2124/1093 1232/1906/1093 1235/1927/1093
f 1283/2265/1094 1251/2025/1094 1269/2176/1094
f 1282/2258/1095 1236/1937/1095 1261/2097/1095
f 1256/2054/1096 1233/1914/1096 1260/2084/1096
f 1246/1994/1097 1280/2244/1097 1265/2129/1097
f 1275/2217/1098 1238/1946/1098 1263/2116/1098
f 1263/2119/1099 1244/1980/1099 1268/2162/1099
f 1241/1962/1100 1280/2245/1100 1281/2249/1100
f 1265/2136/1101 1243/1973/1101 1257/2058/1101
f 1284/2271/1102 1227/1878/1102 1254/2040/1102
f 1259/2080/1103 1234/1922/1103 1227/1875/1103
f 1247/2003/1104 1284/2272/1104 1262/2106/1104
f 1758/3337/1105 1267/2155/1105 1264/2121/1105
f 1255/2046/1106 1244/1981/1106 1268/2163/1106
f 1283/2266/1107 1253/2037/1107 1256/2051/1107
f 1260/2089/1108 1251/2026/1108 1269/2177/1108
f 1225/1868/1109 1258/2072/1109 1282/2256/1109
f 1270/2190/1110 1236/1938/1110 1231/1896/1110
f 1234/1923/1111 1279/2238/1111 1266/2140/1111
f 1278/2233/1112 1243/1974/1112 1257/2059/1112
f 1272/2202/1113 1231/1899/1113 1270/2183/1113
f 1251/2027/1114 1275/2218/1114 1269/2178/1114
f 1244/1982/1115 1269/2180/1115 1268/2164/1115
f 1276/2222/1116 1233/1916/1116 1250/2017/1116
f 1267/2156/1117 1247/2004/1117 1262/2107/1117
f 1273/2206/1118 1232/1908/1118 1267/2152/1118
f 1266/2147/1119 1246/1996/1119 1265/2130/1119
f 1246/1997/1120 1271/2196/1120 1265/2131/1120
f 1261/2102/1121 1233/1917/1121 1236/1932/1121
f 1277/2229/1122 1250/2019/1122 1276/2220/1122
f 1278/2234/1123 1249/2014/1123 1272/2200/1123
f 1279/2239/1124 1237/1942/1124 1271/2194/1124
f 1273/2207/1125 1248/2009/1125 1274/2210/1125
f 1258/2073/1126 1231/1900/1126 1252/2029/1126
f 1243/1975/1127 1281/2252/1127 1257/2060/1127
f 1264/2125/1128 1254/2043/1128 1235/1928/1128
f 1255/2047/1129 1245/1989/1129 1283/2262/1129
f 1282/2259/1130 1253/2038/1130 1225/1864/1130
f 1257/2066/1131 1231/1901/1131 1270/2184/1131
f 1767/3418/7 1267/2157/7 1761/3364/7
f 1262/2113/1132 1234/1925/1132 1266/2141/1132
f 1274/2213/1133 1228/1883/1133 1279/2237/1133
f 1271/2197/1134 1229/1888/1134 1278/2231/1134
f 1272/2203/1135 1240/1958/1135 1277/2226/1135
f 1276/2223/1136 1239/1953/1136 1275/2215/1136
f 1442/2671/1137 1423/2592/1137 1441/2664/1137
f 1434/2633/1138 1432/2624/1138 1433/2626/1138
f 1436/2643/1139 1430/2616/1139 1435/2637/1139
f 1427/2604/1140 1437/2648/1140 1438/2652/1140
f 1425/2599/1141 1416/2546/1141 1415/2538/1141
f 1442/2672/1142 1273/2209/1142 1274/2214/1142
f 1439/2657/1143 1263/2120/1143 1440/2661/1143
f 1437/2649/1144 1276/2224/1144 1438/2653/1144
f 1436/2644/1145 1278/2235/1145 1272/2204/1145
f 1434/2634/1146 1279/2240/1146 1271/2198/1146
f 1265/2137/1147 1431/2620/1147 1421/2577/1147
f 1271/2198/1147 1421/2581/1147 1434/2634/1147
f 1422/2588/1148 1279/2240/1148 1433/2628/1148
f 1432/2625/1148 1266/2149/1148 1422/2585/1148
f 1270/2192/1149 1429/2612/1149 1419/2563/1149
f 1272/2204/1149 1419/2567/1149 1436/2644/1149
f 1420/2574/1150 1278/2235/1150 1435/2639/1150
f 1430/2617/1150 1257/2068/1150 1420/2571/1150
f 1260/2092/1151 1427/2605/1151 1417/2549/1151
f 1276/2224/1151 1417/2553/1151 1438/2653/1151
f 1418/2560/1152 1277/2230/1152 1437/2649/1152
f 1428/2608/1152 1261/2104/1152 1418/2556/1152
f 1268/2169/1153 1425/2599/1153 1415/2538/1153
f 1263/2120/1153 1415/2541/1153 1440/2661/1153
f 1416/2547/1154 1275/2219/1154 1439/2657/1154
f 1426/2600/1154 1269/2182/1154 1416/2546/1154
f 1423/2593/1155 1267/2158/1155 1414/2533/1155
f 1414/2536/1155 1273/2209/1155 1441/2666/1155
f 1274/2214/1156 1413/2529/1156 1442/2672/1156
f 1262/2115/1156 1424/2596/1156 1413/2525/1156
f 1424/2597/1157 1264/2127/1157 1423/2590/1157
f 1255/2049/1158 1426/2601/1158 1425/2598/1158
f 1256/2057/1159 1428/2609/1159 1427/2602/1159
f 1429/2613/1160 1281/2254/1160 1430/2614/1160
f 1431/2621/1161 1259/2082/1161 1432/2622/1161
f 1422/2589/4 1328/2356/4 1421/2582/4
f 1420/2575/4 1321/2340/4 1419/2568/4
f 1315/2326/4 1417/2554/4 1418/2561/4
f 1308/2310/4 1415/2542/4 1416/2543/4
f 1414/2537/4 1304/2302/4 1413/2530/4
f 1412/2522/1162 1391/2481/1162 1411/2520/1162
f 1411/2520/1163 1390/2480/1163 1410/2518/1163
f 1390/2480/1164 1409/2516/1164 1410/2518/1164
f 1408/2514/4 1389/2479/4 1388/2477/4
f 1407/2512/1165 1386/2474/1165 1406/2510/1165
f 1406/2510/4 1385/2473/4 1405/2508/4
f 1385/2473/1166 1404/2506/1166 1405/2508/1166
f 1384/2472/1167 1403/2504/1167 1404/2506/1167
f 1402/2502/1168 1381/2467/1168 1401/2500/1168
f 1401/2500/4 1380/2466/4 1400/2498/4
f 1380/2466/1169 1399/2496/1169 1400/2498/1169
f 1398/2494/4 1379/2465/4 1378/2463/4
f 1594/2921/4 1582/2897/4 1377/2461/4
f 1397/2492/1170 1375/2458/1170 1396/2490/1170
f 1396/2490/1171 1374/2457/1171 1395/2488/1171
f 1393/2484/4 1374/2457/4 1373/2456/4
f 1394/2486/4 1373/2456/4 1372/2454/4
f 1371/2452/4 1391/2481/4 1392/2482/4
f 1370/2449/4 1390/2480/4 1391/2481/4
f 1369/2447/4 1389/2479/4 1390/2480/4
f 1388/2477/4 1368/2445/4 1367/2442/4
f 1387/2475/4 1365/2437/4 1386/2474/4
f 1386/2474/4 1364/2435/4 1385/2473/4
f 1385/2473/4 1363/2433/4 1384/2472/4
f 1384/2472/4 1362/2430/4 1383/2470/4
f 1382/2468/4 1360/2425/4 1381/2467/4
f 1381/2467/4 1359/2423/4 1380/2466/4
f 1380/2466/4 1358/2421/4 1379/2465/4
f 1379/2465/4 1357/2418/4 1378/2463/4
f 1583/2900/4 1377/2461/4 1582/2897/4
f 1355/2413/4 1375/2458/4 1376/2459/4
f 1354/2410/4 1374/2457/4 1375/2458/4
f 1373/2456/4 1353/2408/4 1351/2402/4
f 1372/2454/4 1351/2402/4 1352/2405/4
f 1350/2401/1172 1370/2450/1172 1371/2451/1172
f 1349/2398/1173 1369/2448/1173 1370/2450/1173
f 1348/2396/1174 1368/2446/1174 1369/2448/1174
f 1367/2443/1175 1347/2394/1175 1346/2393/1175
f 1366/2440/1176 1344/2388/1176 1365/2438/1176
f 1365/2438/1177 1343/2386/1177 1364/2436/1177
f 1364/2436/1178 1342/2384/1178 1363/2434/1178
f 1363/2434/1179 1341/2383/1179 1362/2431/1179
f 1361/2428/1180 1339/2378/1180 1360/2426/1180
f 1360/2426/1181 1338/2376/1181 1359/2424/1181
f 1359/2424/1182 1337/2374/1182 1358/2422/1182
f 1358/2422/1183 1336/2373/1183 1357/2419/1183
f 1584/2902/1184 1356/2417/1184 1583/2898/1184
f 1334/2369/1185 1354/2411/1185 1355/2412/1185
f 1333/2366/1186 1353/2409/1186 1354/2411/1186
f 1351/2403/1187 1332/2364/1187 1331/2361/1187
f 1352/2406/1188 1331/2362/1188 1330/2360/1188
f 1327/2354/1189 1349/2399/1189 1350/2400/1189
f 1326/2350/1190 1348/2397/1190 1349/2399/1190
f 1325/2348/1191 1347/2395/1191 1348/2397/1191
f 1346/2392/1192 1324/2346/1192 1323/2345/1192
f 1345/2390/1193 1319/2334/1193 1344/2389/1193
f 1344/2389/1194 1318/2332/1194 1343/2387/1194
f 1343/2387/1195 1317/2330/1195 1342/2385/1195
f 1342/2385/1196 1316/2327/1196 1341/2382/1196
f 1340/2380/1197 1312/2318/1197 1339/2379/1197
f 1339/2379/1198 1311/2316/1198 1338/2377/1198
f 1338/2377/1199 1310/2314/1199 1337/2375/1199
f 1337/2375/1200 1309/2313/1200 1336/2372/1200
f 1585/2905/1201 1335/2370/1201 1584/2901/1201
f 1303/2300/1202 1333/2367/1202 1334/2368/1202
f 1302/2296/1203 1332/2365/1203 1333/2367/1203
f 1331/2363/1204 1301/2294/1204 1300/2292/1204
f 1330/2359/1205 1300/2292/1205 1299/2291/1205
f 1329/2357/1206 1209/1848/1206 1298/2289/1206
f 1298/2289/1207 1328/2355/1207 1329/2357/1207
f 1297/2288/1208 1327/2352/1208 1328/2355/1208
f 1194/1833/1209 1326/2351/1209 1327/2352/1209
f 1195/1834/1210 1325/2349/1210 1326/2351/1210
f 1196/1835/1211 1324/2347/1211 1325/2349/1211
f 1323/2343/1212 1296/2287/1212 1295/2286/1212
f 1295/2286/1213 1322/2341/1213 1323/2343/1213
f 1322/2341/1214 1294/2285/1214 1321/2339/1214
f 1321/2339/1215 1198/1837/1215 1320/2336/1215
f 1320/2336/1216 1293/2284/1216 1319/2335/1216
f 1319/2335/1217 1292/2283/1217 1318/2333/1217
f 1318/2333/1218 1291/2282/1218 1317/2331/1218
f 1317/2331/1219 1290/2281/1219 1316/2328/1219
f 1316/2328/1220 1199/1838/1220 1315/2325/1220
f 1315/2325/1221 1200/1839/1221 1314/2323/1221
f 1314/2323/1222 1289/2280/1222 1313/2321/1222
f 1313/2321/1223 1201/1840/1223 1312/2319/1223
f 1312/2319/1224 1202/1841/1224 1311/2317/1224
f 1311/2317/1225 1288/2279/1225 1310/2315/1225
f 1310/2315/1226 1287/2278/1226 1309/2311/1226
f 1309/2311/1227 1203/1842/1227 1308/2309/1227
f 1308/2309/1228 1204/1843/1228 1307/2308/1228
f 1579/2894/1229 1306/2305/1229 1585/2904/1229
f 1305/2303/1230 1205/1844/1230 1206/1845/1230
f 1304/2301/1231 1206/1845/1231 1286/2277/1231
f 1286/2277/1232 1303/2298/1232 1304/2301/1232
f 1207/1846/1233 1302/2297/1233 1303/2298/1233
f 1285/2276/1234 1301/2295/1234 1302/2297/1234
f 1300/2293/1235 1208/1847/1235 1210/1849/1235
f 1299/2290/1236 1210/1849/1236 1209/1848/1236
f 1551/2861/1237 1303/2299/1237 1552/2863/1237
f 1306/2306/1238 1550/2859/1238 1549/2857/1238
f 1587/2909/1239 1307/2307/1239 1586/2906/1239
f 1546/2850/1240 1308/2310/1240 1547/2853/1240
f 1542/2844/1241 1314/2324/1241 1313/2320/1241
f 1316/2329/1242 1540/2840/1242 1539/2837/1242
f 1534/2829/1243 1320/2337/1243 1535/2831/1243
f 1532/2824/1244 1322/2342/1244 1533/2827/1244
f 1527/2816/1245 1327/2353/1245 1528/2818/1245
f 1299/2291/1246 1526/2814/1246 1556/2869/1246
f 1330/2359/1247 1556/2869/1247 1525/2811/1247
f 1552/2864/1248 1334/2368/1248 1521/2802/1248
f 1549/2857/1249 1335/2370/1249 1306/2306/1249
f 1336/2372/1250 1546/2851/1250 1519/2796/1250
f 1542/2845/1251 1340/2380/1251 1515/2786/1251
f 1539/2838/1252 1341/2382/1252 1316/2327/1252
f 1535/2832/1253 1345/2390/1253 1510/2773/1253
f 1346/2392/1254 1532/2825/1254 1509/2770/1254
f 1528/2819/1255 1350/2400/1255 1505/2760/1255
f 1503/2757/1247 1330/2360/1247 1525/2812/1247
f 1500/2751/1248 1334/2369/1248 1355/2412/1248
f 1499/2749/1249 1335/2371/1249 1520/2799/1249
f 1498/2747/1250 1336/2373/1250 1519/2797/1250
f 1494/2738/1251 1340/2381/1251 1361/2428/1251
f 1493/2735/1256 1341/2383/1256 1514/2785/1256
f 1345/2391/1253 1489/2727/1253 1510/2774/1253
f 1488/2725/1254 1346/2393/1254 1509/2771/1254
f 1484/2716/1255 1350/2401/1255 1371/2451/1255
f 1372/2455/1247 1503/2756/1247 1483/2714/1247
f 1500/2750/1248 1376/2460/1248 1479/2710/1248
f 1499/2748/1249 1377/2462/1249 1356/2415/1249
f 1477/2708/1257 1357/2420/1257 1498/2746/1257
f 1473/2704/1251 1361/2429/1251 1382/2469/1251
f 1472/2703/1252 1362/2432/1252 1493/2736/1252
f 1489/2726/1253 1387/2476/1253 1468/2699/1253
f 1388/2478/1254 1488/2724/1254 1467/2698/1254
f 1484/2715/1255 1392/2483/1255 1463/2694/1255
f 1394/2487/1258 1483/2714/1258 1461/2692/1258
f 1393/2485/1259 1461/2692/1259 1462/2693/1259
f 1395/2489/1260 1462/2693/1261 1460/2691/1262
f 1459/2690/1263 1395/2489/1264 1460/2691/1265
f 1479/2710/1266 1397/2493/1266 1458/2689/1266
f 1459/2690/1267 1397/2493/1267 1396/2491/1267
f 1398/2495/1268 1477/2708/1268 1457/2688/1268
f 1399/2497/1269 1457/2688/1270 1456/2687/1271
f 1455/2686/1272 1399/2497/1273 1456/2687/1274
f 1454/2685/1275 1400/2499/1275 1455/2686/1275
f 1473/2704/1276 1402/2503/1276 1453/2684/1276
f 1454/2685/1277 1402/2503/1277 1401/2501/1277
f 1452/2683/1278 1404/2507/1278 1403/2505/1278
f 1452/2683/1279 1383/2471/1279 1472/2703/1279
f 1450/2681/1280 1404/2507/1281 1451/2682/1282
f 1449/2680/1283 1405/2509/1283 1450/2681/1283
f 1407/2513/1284 1449/2680/1285 1448/2679/1286
f 1468/2699/1287 1407/2513/1287 1448/2679/1287
f 1447/2678/1288 1388/2478/1288 1467/2698/1288
f 1446/2677/1289 1408/2515/1289 1447/2678/1289
f 1446/2677/1290 1410/2519/1290 1409/2517/1290
f 1444/2675/1291 1410/2519/1292 1445/2676/1293
f 1463/2694/1294 1412/2523/1294 1443/2674/1294
f 1444/2675/1295 1412/2523/1295 1411/2521/1295
f 1413/2530/1156 1551/2861/1156 1442/2670/1156
f 1305/2304/1155 1441/2667/1155 1550/2859/1155
f 1439/2658/1154 1308/2310/1154 1416/2543/1154
f 1548/2855/1153 1415/2542/1153 1307/2307/1153
f 1540/2840/1152 1418/2561/1152 1437/2646/1152
f 1438/2654/1296 1314/2324/1296 1541/2842/1296
f 1533/2827/1150 1420/2575/1150 1435/2638/1150
f 1436/2645/1149 1321/2340/1149 1534/2829/1149
f 1433/2629/1148 1329/2358/1148 1422/2589/1148
f 1434/2635/1147 1328/2356/1147 1527/2816/1147
f 1527/2817/6 1433/2630/6 1434/2632/6
f 1534/2830/6 1435/2640/6 1436/2641/6
f 1540/2841/6 1438/2655/6 1541/2843/6
f 1547/2854/6 1440/2663/6 1548/2856/6
f 1441/2668/6 1551/2862/6 1550/2860/6
f 1464/2695/6 1443/2674/6 1444/2675/6
f 1465/2696/6 1444/2675/6 1445/2676/6
f 1465/2696/6 1446/2677/6 1466/2697/6
f 1466/2697/6 1447/2678/6 1467/2698/6
f 1448/2679/6 1469/2700/6 1468/2699/6
f 1470/2701/6 1449/2680/6 1450/2681/6
f 1470/2701/6 1451/2682/6 1471/2702/6
f 1471/2702/6 1452/2683/6 1472/2703/6
f 1474/2705/6 1453/2684/6 1454/2685/6
f 1475/2706/6 1454/2685/6 1455/2686/6
f 1475/2706/6 1456/2687/6 1476/2707/6
f 1476/2707/6 1457/2688/6 1477/2708/6
f 1480/2711/6 1458/2689/6 1459/2690/6
f 1481/2712/6 1459/2690/6 1460/2691/6
f 1481/2712/6 1462/2693/6 1482/2713/6
f 1482/2713/6 1461/2692/6 1483/2714/6
f 1484/2715/6 1464/2695/6 1485/2717/6
f 1485/2717/6 1465/2696/6 1486/2719/6
f 1486/2719/6 1466/2697/6 1487/2721/6
f 1487/2721/6 1467/2698/6 1488/2724/6
f 1468/2699/6 1490/2728/6 1489/2726/6
f 1491/2731/6 1469/2700/6 1470/2701/6
f 1492/2733/6 1470/2701/6 1471/2702/6
f 1493/2736/6 1471/2702/6 1472/2703/6
f 1495/2739/6 1473/2704/6 1474/2705/6
f 1496/2741/6 1474/2705/6 1475/2706/6
f 1497/2744/6 1475/2706/6 1476/2707/6
f 1476/2707/6 1498/2746/6 1497/2744/6
f 1500/2750/6 1480/2711/6 1501/2752/6
f 1501/2752/6 1481/2712/6 1502/2754/6
f 1502/2754/6 1482/2713/6 1504/2758/6
f 1504/2758/6 1483/2714/6 1503/2756/6
f 1505/2761/1297 1485/2718/1297 1506/2763/1297
f 1506/2763/1298 1486/2720/1298 1507/2765/1298
f 1507/2765/1299 1487/2722/1299 1508/2767/1299
f 1508/2768/1300 1488/2725/1300 1509/2771/1300
f 1489/2727/1301 1511/2776/1301 1510/2774/1301
f 1512/2778/1302 1490/2729/1302 1491/2730/1302
f 1513/2781/1303 1491/2732/1303 1492/2734/1303
f 1514/2785/1304 1492/2734/1304 1493/2735/1304
f 1516/2789/1305 1494/2738/1305 1495/2740/1305
f 1517/2791/1306 1495/2740/1306 1496/2742/1306
f 1518/2794/1307 1496/2742/1307 1497/2743/1307
f 1497/2745/1308 1519/2797/1308 1518/2793/1308
f 1521/2803/1309 1501/2753/1309 1522/2805/1309
f 1522/2805/1310 1502/2755/1310 1523/2807/1310
f 1523/2807/1311 1504/2759/1311 1524/2809/1311
f 1524/2809/1312 1503/2757/1312 1525/2812/1312
f 1528/2820/1313 1506/2764/1313 1529/2821/1313
f 1529/2821/1314 1507/2766/1314 1530/2822/1314
f 1530/2822/1315 1508/2769/1315 1531/2823/1315
f 1531/2823/1316 1509/2772/1316 1532/2826/1316
f 1510/2775/1317 1536/2834/1317 1535/2833/1317
f 1537/2835/1318 1511/2777/1318 1512/2780/1318
f 1538/2836/1319 1512/2780/1319 1513/2782/1319
f 1539/2839/1320 1513/2782/1320 1514/2783/1320
f 1543/2847/1321 1515/2788/1321 1516/2790/1321
f 1544/2848/1322 1516/2790/1322 1517/2792/1322
f 1545/2849/1323 1517/2792/1323 1518/2795/1323
f 1518/2795/1324 1546/2852/1324 1545/2849/1324
f 1552/2865/1325 1522/2806/1325 1553/2866/1325
f 1553/2866/1326 1523/2808/1326 1554/2867/1326
f 1554/2867/1327 1524/2810/1327 1555/2868/1327
f 1555/2868/1328 1525/2813/1328 1556/2870/1328
f 1224/1863/1329 1526/2815/1329 1557/2871/1329
f 1557/2871/1330 1527/2817/1330 1211/1850/1330
f 1211/1850/1331 1528/2820/1331 1558/2872/1331
f 1558/2872/1332 1529/2821/1332 1559/2873/1332
f 1559/2873/1333 1530/2822/1333 1212/1851/1333
f 1212/1851/1334 1531/2823/1334 1560/2874/1334
f 1560/2874/1335 1532/2826/1335 1213/1852/1335
f 1213/1852/1336 1533/2828/1336 1561/2875/1336
f 1562/2876/1337 1533/2828/1337 1534/2830/1337
f 1214/1853/1338 1534/2830/1338 1535/2833/1338
f 1535/2833/1339 1563/2877/1339 1214/1853/1339
f 1564/2878/1340 1536/2834/1340 1537/2835/1340
f 1215/1854/1341 1537/2835/1341 1538/2836/1341
f 1565/2879/1342 1538/2836/1342 1539/2839/1342
f 1539/2839/1343 1216/1855/1343 1565/2879/1343
f 1217/1856/1344 1540/2841/1344 1541/2843/1344
f 1566/2880/1345 1541/2843/1345 1542/2846/1345
f 1218/1857/1346 1542/2846/1346 1543/2847/1346
f 1567/2881/1347 1543/2847/1347 1544/2848/1347
f 1568/2882/1348 1544/2848/1348 1545/2849/1348
f 1545/2849/1349 1569/2883/1349 1568/2882/1349
f 1219/1858/1350 1546/2852/1350 1547/2854/1350
f 1220/1859/1351 1547/2854/1351 1548/2856/1351
f 1580/2895/1352 1548/2856/1352 1587/2911/1352
f 1221/1860/1353 1550/2860/1353 1222/1861/1353
f 1222/1861/1354 1551/2862/1354 1570/2884/1354
f 1570/2884/1355 1552/2865/1355 1571/2885/1355
f 1571/2885/1356 1553/2866/1356 1572/2886/1356
f 1572/2886/1357 1554/2867/1357 1223/1862/1357
f 1555/2868/1358 1223/1862/1358 1554/2867/1358
f 1573/2887/1359 1556/2870/1359 1224/1863/1359
f 1191/1828/966 2081/4119/966 2095/4133/966
f 1133/1743/955 2070/4108/955 1132/1741/955
f 1592/2918/1360 1520/2801/1360 1549/2858/1360
f 1591/2917/1361 1499/2749/1361 1520/2799/1361
f 1590/2915/6 1478/2709/6 1499/2748/6
f 1478/2709/1362 1594/2922/1362 1377/2462/1362
f 1478/2709/6 1589/2913/6 1588/2912/6
f 1767/3418/1363 1230/1893/1363 1273/2208/1363
f 1738/3191/7 1238/1948/7 1244/1977/7
f 1757/3331/5 1268/2171/5 1263/2118/5
f 1726/3120/1364 1267/2160/1364 1761/3365/1364
f 1738/3192/1365 1242/1967/1365 1736/3178/1365
f 1736/3179/1366 1255/2050/1366 1749/3259/1366
f 1762/3379/1367 1244/1984/1367 1268/2165/1367
f 1581/2896/1368 1549/2858/1368 1221/1860/1368
f 1307/2308/1369 1578/2893/1369 1586/2908/1369
f 1205/1844/1370 1577/2892/1370 1176/1805/1370
f 1687/3045/1241 2102/4140/1241 1646/2995/1241
f 1220/1859/1371 1576/2891/1371 1145/1766/1371
f 1577/2892/949 1124/1732/949 1176/1805/949
f 1145/1767/1372 2101/4139/1372 2083/4121/1372
f 1188/1822/1373 2080/4118/1373 1142/1761/1373
f 1687/3045/1277 2122/4160/1277 2132/4170/1277
f 1191/1828/965 2094/4132/965 1190/1826/965
f 1187/1820/960 2079/4117/960 2097/4135/960
f 1644/2990/1374 2122/4160/1374 1645/2992/1374
f 1593/2919/1239 2117/4155/1239 1640/2983/1239
f 1190/1826/964 2093/4131/964 1189/1824/964
f 1189/1824/963 2092/4130/963 1188/1822/963
f 1187/1820/1375 2078/4116/1375 1140/1756/1375
f 1643/2988/1376 2121/4159/1376 1644/2990/1376
f 1686/3043/1238 2116/4154/1238 1639/2981/1238
f 1186/1818/957 2090/4128/957 1185/1816/957
f 1186/1818/958 2073/4111/958 2091/4129/958
f 1642/2986/1377 2120/4158/1377 1643/2988/1377
f 1726/3121/1378 1235/1930/1378 1232/1903/1378
f 1686/3043/1072 2115/4153/1072 2131/4169/1072
f 1685/3041/1267 2114/4152/1267 1637/2977/1267
f 1185/1816/956 2072/4110/956 1134/1744/956
f 1641/2984/1240 2119/4157/1240 1642/2986/1240
f 1184/1814/954 2070/4108/954 2096/4134/954
f 1595/2923/1069 1676/3025/1069 1647/2996/1069
f 1648/2997/1242 1595/2923/1242 1647/2996/1242
f 1649/2998/937 1596/2924/937 1648/2997/937
f 1650/2999/1379 1597/2925/1379 1649/2998/1379
f 1651/3000/1380 1598/2926/1380 1650/2999/1380
f 1652/3001/946 1599/2927/946 1651/3000/946
f 1653/3002/1243 1600/2928/1243 1652/3001/1243
f 1654/3003/1082 1601/2929/1082 1653/3002/1082
f 1655/3004/1244 1602/2930/1244 1654/3003/1244
f 1656/3005/1381 1603/2931/1381 1655/3004/1381
f 1605/2933/1382 1656/3005/1382 1657/3006/1382
f 1606/2934/1383 1657/3006/1383 1658/3007/1383
f 1607/2935/1295 1658/3007/1295 1659/3008/1295
f 1608/2936/1245 1659/3008/1245 1660/3009/1245
f 1661/3010/1075 1608/2936/1075 1660/3009/1075
f 1662/3011/1246 1609/2937/1246 1661/3010/1246
f 1663/3012/943 1610/2938/943 1662/3011/943
f 1664/3013/942 1611/2939/942 1663/3012/942
f 1613/2941/940 1664/3013/940 1665/3014/940
f 1614/2942/1267 1665/3014/1267 1666/3015/1267
f 1667/3016/1237 1614/2942/1237 1666/3015/1237
f 1616/2944/1072 1667/3016/1072 1668/3017/1072
f 1617/2945/1238 1668/3017/1238 1669/3018/1238
f 1574/2888/1372 1123/1731/1372 2068/4106/1372
f 1619/2947/1052 1670/3019/1052 1671/3020/1052
f 1620/2948/1240 1671/3020/1240 1672/3021/1240
f 1621/2949/1377 1672/3021/1377 1673/3022/1377
f 1674/3023/1376 1621/2949/1376 1673/3022/1376
f 1675/3024/1275 1622/2950/1275 1674/3023/1275
f 1624/2952/1277 1675/3024/1277 1677/3026/1277
f 1625/2953/1241 1677/3026/1241 1676/3025/1241
f 1792/3501/1384 1676/3025/1384 1703/3062/1384
f 1791/3500/1385 1647/2996/1385 1792/3501/1385
f 1688/3047/1386 1648/2997/1386 1791/3500/1386
f 1689/3048/1387 1649/2998/1387 1688/3047/1387
f 1690/3049/1388 1650/2999/1388 1689/3048/1388
f 1790/3499/1389 1651/3000/1389 1690/3049/1389
f 1789/3498/1390 1652/3001/1390 1790/3499/1390
f 1654/3003/1391 1789/3498/1391 1691/3050/1391
f 1655/3004/1392 1691/3050/1392 1788/3497/1392
f 1656/3005/1393 1788/3497/1393 1692/3051/1393
f 1657/3006/1394 1692/3051/1394 1787/3496/1394
f 1658/3007/1395 1787/3496/1395 1786/3495/1395
f 1659/3008/1396 1786/3495/1396 1785/3494/1396
f 1660/3009/1397 1785/3494/1397 1784/3493/1397
f 1661/3010/1398 1784/3493/1398 1693/3052/1398
f 1662/3011/1399 1693/3052/1399 1694/3053/1399
f 1663/3012/1400 1694/3053/1400 1783/3492/1400
f 1664/3013/1401 1783/3492/1401 1695/3054/1401
f 1665/3014/1402 1695/3054/1402 1696/3055/1402
f 1666/3015/1403 1696/3055/1403 1782/3491/1403
f 1667/3016/1404 1782/3491/1404 1781/3490/1404
f 1668/3017/1405 1781/3490/1405 1697/3056/1405
f 1669/3018/1406 1697/3056/1406 1698/3057/1406
f 1574/2888/1407 1698/3057/1407 1578/2893/1407
f 1700/3059/1408 1670/3019/1408 1699/3058/1408
f 1780/3489/1409 1671/3020/1409 1700/3059/1409
f 1701/3060/1410 1672/3021/1410 1780/3489/1410
f 1779/3488/1411 1673/3022/1411 1701/3060/1411
f 1702/3061/1412 1674/3023/1412 1779/3488/1412
f 1704/3063/1413 1675/3024/1413 1702/3061/1413
f 1703/3062/1414 1677/3026/1414 1704/3063/1414
f 1646/2994/1415 2051/4089/1415 1718/3077/1415
f 1678/3027/1416 1705/3064/1416 2051/4089/1416
f 1626/2955/1417 2052/4090/1417 1705/3064/1417
f 1627/2956/1418 2053/4091/1418 2052/4090/1418
f 1628/2958/1419 1706/3065/1419 2053/4091/1419
f 1679/3029/1420 2054/4092/1420 1706/3065/1420
f 1680/3031/1421 1707/3066/1421 2054/4092/1421
f 1707/3066/1422 1630/2962/1422 2055/4093/1422
f 2055/4093/1423 1631/2964/1423 2056/4094/1423
f 2056/4094/1424 1632/2966/1424 1708/3067/1424
f 1708/3067/1425 1633/2968/1425 2057/4095/1425
f 2057/4095/1426 1634/2970/1426 2058/4096/1426
f 2058/4096/1427 1681/3033/1427 1709/3068/1427
f 1709/3068/1428 1635/2972/1428 2059/4097/1428
f 2059/4097/1429 1636/2974/1429 1710/3069/1429
f 1710/3069/1430 1682/3035/1430 1711/3070/1430
f 1711/3070/1431 1683/3038/1431 2060/4098/1431
f 2060/4098/1432 1684/3040/1432 1712/3071/1432
f 1712/3071/1433 1685/3042/1433 2061/4099/1433
f 2061/4099/1434 1637/2976/1434 2062/4100/1434
f 2062/4100/1435 1638/2979/1435 2063/4101/1435
f 2063/4101/1436 1686/3044/1436 1713/3072/1436
f 1713/3072/1437 1639/2980/1437 1714/3073/1437
f 1593/2920/1438 1715/3074/1438 1581/2896/1438
f 1640/2982/1439 1716/3075/1439 1715/3074/1439
f 1641/2985/1440 2064/4102/1440 1716/3075/1440
f 1642/2987/1441 2065/4103/1441 2064/4102/1441
f 1643/2989/1442 2066/4104/1442 2065/4103/1442
f 1644/2991/1443 1717/3076/1443 2066/4104/1443
f 1645/2993/1444 2067/4105/1444 1717/3076/1444
f 1687/3046/1445 1718/3077/1445 2067/4105/1445
f 1751/3275/1446 1913/3771/1446 1914/3775/1446
f 1924/3820/1447 1913/3772/1447 1914/3776/1447
f 1929/3845/1448 1914/3777/1448 1924/3821/1448
f 1930/3847/1244 1914/3778/1244 1913/3768/1244
f 1750/3267/1449 1755/3311/1449 1754/3297/1449
f 1763/3391/1450 1749/3260/1450 1777/3474/1450
f 1767/3419/1240 1756/3322/1240 1768/3423/1240
f 1772/3443/1244 1764/3401/1244 1766/3413/1244
f 1751/3277/1451 1774/3455/1451 1775/3460/1451
f 1778/3484/1452 1760/3356/1452 1756/3319/1452
f 1765/3409/1242 1760/3357/1242 1759/3342/1242
f 1759/3347/1453 1753/3293/1453 1760/3353/1453
f 1751/3278/1454 1765/3411/1454 1759/3343/1454
f 1764/3402/1455 1775/3463/1455 1752/3283/1455
f 1771/3438/1456 1730/3147/1456 1755/3308/1456
f 1755/3312/1457 1766/3416/1457 1764/3397/1457
f 1764/3403/1458 1776/3470/1458 1755/3309/1458
f 1770/3434/1459 1755/3313/1459 1754/3298/1459
f 1769/3431/1460 1754/3302/1460 1763/3386/1460
f 1754/3303/1461 1777/3477/1461 1763/3387/1461
f 1762/3381/969 1769/3428/969 1757/3330/969
f 1768/3425/1462 1741/3214/1462 1756/3320/1462
f 1756/3323/1463 1773/3449/1463 1768/3426/1463
f 1756/3324/1464 1758/3338/1464 1778/3481/1464
f 1907/3732/1465 1761/3370/1465 1908/3737/1465
f 1910/3749/1466 1762/3382/1466 1909/3744/1466
f 1912/3762/1467 1754/3304/1467 1911/3754/1467
f 1915/3784/1468 1760/3359/1468 1916/3789/1468
f 1907/3733/1469 1917/3796/1469 1918/3800/1469
f 1921/3809/1470 1912/3763/1470 1922/3812/1470
f 1926/3828/1471 1915/3785/1471 1916/3790/1471
f 1927/3834/1472 1916/3791/1472 1926/3829/1472
f 1928/3838/1473 1925/3824/1473 1915/3782/1473
f 1915/3786/961 1927/3833/961 1928/3837/961
f 1930/3848/1474 1923/3816/1474 1913/3769/1474
f 1931/3853/1475 1912/3761/1475 1922/3813/1475
f 1932/3858/1476 1921/3810/1476 1911/3755/1476
f 1931/3852/1246 1911/3758/1246 1932/3857/1246
f 1933/3862/1238 1909/3745/1238 1934/3866/1238
f 1935/3872/1477 1908/3738/1477 1917/3797/1477
f 1936/3877/1478 1918/3801/1478 1907/3730/1478
f 1907/3734/952 1935/3871/952 1936/3875/952
f 1748/3253/1479 1728/3134/1479 1721/3088/1479
f 1719/3079/1480 1725/3109/1480 1730/3145/1480
f 1740/3205/961 1722/3093/961 1731/3153/961
f 1740/3206/1481 1721/3089/1481 1728/3132/1481
f 1739/3200/1482 1727/3125/1482 1745/3235/1482
f 1738/3194/1483 1733/3165/1483 1732/3158/1483
f 1741/3216/1484 1729/3142/1484 1726/3117/1484
f 1747/3249/1485 1730/3148/1485 1727/3124/1485
f 1737/3183/1486 1720/3084/1486 1740/3204/1486
f 1734/3170/953 1727/3126/953 1730/3146/953
f 1724/3106/952 1741/3217/952 1726/3118/952
f 1737/3184/948 1743/3227/948 1725/3108/948
f 1735/3174/1487 1725/3110/1487 1746/3243/1487
f 1745/3237/1488 1736/3180/1488 1739/3199/1488
f 1745/3238/1489 1744/3232/1489 1733/3163/1489
f 1730/3149/1490 1743/3228/1490 1734/3168/1490
f 1737/3186/1491 1731/3155/1491 1723/3098/1491
f 1742/3222/1492 1728/3136/1492 1741/3212/1492
f 1753/3294/1493 1720/3085/1493 1774/3453/1493
f 1775/3464/1494 1746/3245/1494 1752/3284/1494
f 1758/3339/1495 1726/3122/1495 1761/3366/1495
f 1745/3239/1496 1777/3478/1496 1763/3388/1496
f 1776/3471/1497 1730/3150/1497 1719/3078/1497
f 1727/3128/1498 1750/3269/1498 1754/3299/1498
f 1774/3457/1499 1740/3208/1499 1759/3344/1499
f 1769/3429/1500 1732/3162/1500 1733/3164/1500
f 1757/3333/1501 1738/3196/1501 1732/3159/1501
f 1774/3458/1502 1735/3176/1502 1775/3461/1502
f 1759/3349/1503 1737/3187/1503 1751/3272/1503
f 1778/3485/1504 1721/3091/1504 1753/3290/1504
f 1753/3295/1505 1728/3137/1505 1760/3354/1505
f 1778/3486/1506 1741/3218/1506 1756/3321/1506
f 1738/3197/1507 1749/3261/1507 1762/3375/1507
f 1747/3251/1508 1777/3479/1508 1750/3265/1508
f 1745/3240/1509 1754/3305/1509 1763/3389/1509
f 1752/3287/1510 1719/3081/1510 1776/3467/1510
f 1764/3404/1511 1730/3151/1511 1755/3310/1511
f 1773/3450/1512 1728/3138/1512 1760/3355/1512
f 1737/3188/1513 1772/3444/1513 1751/3273/1513
f 1766/3415/1514 1725/3113/1514 1743/3225/1514
f 1769/3430/1515 1745/3241/1515 1763/3390/1515
f 1763/3394/1516 1738/3198/1516 1762/3376/1516
f 1770/3435/1517 1727/3130/1517 1754/3300/1517
f 1761/3371/1518 1741/3219/1518 1726/3119/1518
f 1767/3420/1519 1726/3123/1519 1724/3103/1519
f 1760/3360/1520 1740/3210/1520 1728/3133/1520
f 1765/3410/1521 1740/3211/1521 1759/3345/1521
f 1755/3316/1522 1727/3131/1522 1754/3301/1522
f 1744/3234/1523 1771/3440/1523 1770/3433/1523
f 1743/3229/1524 1772/3445/1524 1766/3414/1524
f 1731/3157/1525 1773/3451/1525 1765/3408/1525
f 1742/3223/1526 1767/3421/1526 1768/3424/1526
f 1752/3288/1527 1725/3114/1527 1764/3398/1527
f 1775/3465/1528 1737/3189/1528 1751/3274/1528
f 1758/3340/1529 1748/3257/1529 1778/3482/1529
f 1739/3203/1530 1749/3262/1530 1777/3475/1530
f 1776/3472/1531 1747/3252/1531 1750/3266/1531
f 1725/3115/1532 1751/3280/1532 1764/3399/1532
f 1756/3327/1533 1728/3139/1533 1741/3213/1533
f 1722/3097/1534 1768/3426/1534 1773/3449/1534
f 1765/3411/1535 1723/3102/1535 1731/3154/1535
f 1766/3416/1536 1734/3172/1536 1743/3226/1536
f 1770/3436/1537 1733/3167/1537 1744/3230/1537
f 1936/3877/1538 1917/3797/1538 1918/3801/1538
f 1928/3838/1539 1926/3829/1539 1925/3824/1539
f 1930/3848/1540 1924/3821/1540 1923/3816/1540
f 1931/3853/1541 1921/3810/1541 1932/3858/1541
f 1919/3805/1542 1910/3752/1542 1920/3806/1542
f 1936/3878/1543 1767/3422/1543 1935/3870/1543
f 1757/3334/1544 1933/3863/1544 1934/3867/1544
f 1770/3437/1545 1931/3854/1545 1932/3859/1545
f 1930/3849/1546 1772/3447/1546 1929/3842/1546
f 1928/3839/1547 1773/3452/1547 1927/3832/1547
f 1925/3826/1548 1759/3351/1548 1915/3783/1548
f 1915/3787/1548 1765/3412/1548 1928/3839/1548
f 1773/3452/1549 1916/3793/1549 1927/3832/1549
f 1926/3830/1549 1760/3363/1549 1753/3291/1549
f 1923/3818/1550 1764/3406/1550 1913/3770/1550
f 1913/3773/1550 1766/3417/1550 1930/3849/1550
f 1772/3447/1551 1914/3779/1551 1929/3842/1551
f 1924/3822/1551 1751/3282/1551 1775/3462/1551
f 1921/3811/1552 1754/3306/1552 1911/3756/1552
f 1911/3759/1552 1770/3437/1552 1932/3859/1552
f 1771/3442/1553 1912/3765/1553 1931/3854/1553
f 1922/3814/1553 1755/3318/1553 1776/3468/1553
f 1919/3805/1554 1762/3384/1554 1909/3746/1554
f 1909/3747/1554 1757/3334/1554 1934/3867/1554
f 1769/3432/1555 1910/3751/1555 1933/3863/1555
f 1920/3806/1555 1763/3396/1555 1777/3476/1555
f 1917/3798/1556 1761/3373/1556 1758/3335/1556
f 1767/3422/1556 1908/3742/1556 1935/3870/1556
f 1907/3735/1557 1768/3427/1557 1936/3878/1557
f 1918/3802/1557 1756/3329/1557 1907/3731/1557
f 1918/3803/1558 1758/3341/1558 1778/3483/1558
f 1920/3807/1559 1749/3264/1559 1919/3804/1559
f 1922/3815/1560 1750/3271/1560 1921/3808/1560
f 1923/3819/1561 1775/3466/1561 1752/3285/1561
f 1925/3827/1562 1753/3296/1562 1774/3454/1562
f 1916/3795/4 1822/3569/4 1823/3571/4
f 1914/3781/4 1815/3554/4 1816/3556/4
f 1911/3760/4 1809/3541/4 1912/3767/4
f 1909/3748/4 1802/3524/4 1910/3753/4
f 1798/3515/4 1908/3743/4 1907/3736/4
f 1906/3728/1563 1885/3692/1563 1886/3693/1563
f 1905/3726/4 1884/3691/4 1885/3692/4
f 1903/3722/1564 1884/3691/1564 1904/3724/1564
f 1902/3720/4 1883/3690/4 1903/3722/4
f 1880/3685/1565 1901/3718/1565 1900/3716/1565
f 1900/3716/4 1879/3684/4 1880/3685/4
f 1898/3712/1566 1879/3684/1566 1899/3714/1566
f 1897/3710/1567 1878/3683/1567 1898/3712/1567
f 1896/3708/1568 1875/3678/1568 1876/3680/1568
f 1895/3706/4 1874/3677/4 1875/3678/4
f 1893/3702/1569 1874/3677/1569 1894/3704/1569
f 1892/3700/1570 1873/3676/1570 1893/3702/1570
f 1594/2921/4 1871/3672/4 1582/2897/4
f 1891/3699/1571 1869/3669/1571 1870/3671/1571
f 1890/3698/4 1868/3668/4 1869/3669/4
f 1887/3695/1572 1868/3668/1572 1889/3697/1572
f 1888/3696/4 1867/3667/4 1887/3695/4
f 1885/3692/4 1865/3662/4 1886/3693/4
f 1884/3691/4 1864/3660/4 1885/3692/4
f 1883/3690/4 1863/3658/4 1884/3691/4
f 1882/3688/4 1862/3656/4 1883/3690/4
f 1859/3648/4 1881/3686/4 1880/3685/4
f 1880/3685/4 1858/3646/4 1859/3648/4
f 1879/3684/4 1857/3644/4 1858/3646/4
f 1878/3683/4 1856/3641/4 1857/3644/4
f 1876/3680/4 1854/3636/4 1855/3638/4
f 1875/3678/4 1853/3634/4 1854/3636/4
f 1874/3677/4 1852/3632/4 1853/3634/4
f 1851/3630/4 1873/3676/4 1872/3674/4
f 1871/3672/4 1583/2900/4 1582/2897/4
f 1869/3669/4 1849/3623/4 1870/3671/4
f 1868/3668/4 1848/3621/4 1869/3669/4
f 1867/3667/4 1847/3619/4 1868/3668/4
f 1866/3666/4 1845/3614/4 1867/3667/4
f 1864/3661/1573 1844/3613/1573 1865/3663/1573
f 1863/3659/1574 1843/3610/1574 1864/3661/1574
f 1862/3657/1575 1842/3608/1575 1863/3659/1575
f 1861/3654/1576 1841/3606/1576 1862/3657/1576
f 1838/3600/1577 1860/3652/1577 1859/3649/1577
f 1859/3649/1578 1837/3598/1578 1838/3600/1578
f 1858/3647/1579 1836/3596/1579 1837/3598/1579
f 1857/3645/1580 1835/3595/1580 1836/3596/1580
f 1855/3639/1581 1833/3590/1581 1834/3593/1581
f 1854/3637/1582 1832/3588/1582 1833/3590/1582
f 1853/3635/1583 1831/3586/1583 1832/3588/1583
f 1830/3585/1584 1852/3633/1584 1851/3629/1584
f 1850/3627/1585 1584/2903/1585 1583/2899/1585
f 1848/3622/1586 1828/3581/1586 1849/3624/1586
f 1847/3620/1587 1827/3578/1587 1848/3622/1587
f 1845/3615/1588 1826/3576/1588 1847/3620/1588
f 1846/3617/1589 1825/3574/1589 1845/3615/1589
f 1843/3611/1590 1821/3567/1590 1844/3612/1590
f 1842/3609/1591 1820/3564/1591 1843/3611/1591
f 1841/3607/1592 1819/3562/1592 1842/3609/1592
f 1840/3604/1593 1818/3560/1593 1841/3607/1593
f 1813/3548/1594 1839/3602/1594 1838/3601/1594
f 1838/3601/1595 1812/3546/1595 1813/3548/1595
f 1837/3599/1596 1811/3544/1596 1812/3546/1596
f 1836/3597/1597 1810/3543/1597 1811/3544/1597
f 1834/3592/1598 1806/3532/1598 1807/3535/1598
f 1833/3591/1599 1805/3530/1599 1806/3532/1599
f 1832/3589/1600 1804/3528/1600 1805/3530/1600
f 1803/3527/1601 1831/3587/1601 1830/3584/1601
f 1829/3582/1602 1585/2905/1602 1584/2901/1602
f 1827/3579/1603 1797/3512/1603 1828/3580/1603
f 1826/3577/1604 1796/3509/1604 1827/3579/1604
f 1825/3575/1605 1795/3507/1605 1826/3577/1605
f 1824/3572/1606 1794/3505/1606 1825/3575/1606
f 1823/3570/1607 1703/3062/1607 1793/3502/1607
f 1822/3568/1608 1792/3501/1608 1823/3570/1608
f 1821/3566/1609 1791/3500/1609 1822/3568/1609
f 1820/3565/1610 1688/3047/1610 1821/3566/1610
f 1819/3563/1611 1689/3048/1611 1820/3565/1611
f 1818/3561/1612 1690/3049/1612 1819/3563/1612
f 1817/3557/1613 1790/3499/1613 1818/3561/1613
f 1816/3555/1614 1789/3498/1614 1817/3557/1614
f 1816/3555/1615 1788/3497/1615 1691/3050/1615
f 1815/3553/1616 1692/3051/1616 1788/3497/1616
f 1787/3496/1617 1814/3551/1617 1813/3549/1617
f 1813/3549/1618 1786/3495/1618 1787/3496/1618
f 1812/3547/1619 1785/3494/1619 1786/3495/1619
f 1811/3545/1620 1784/3493/1620 1785/3494/1620
f 1693/3052/1621 1810/3542/1621 1809/3539/1621
f 1809/3539/1622 1694/3053/1622 1693/3052/1622
f 1808/3536/1623 1783/3492/1623 1694/3053/1623
f 1807/3534/1624 1695/3054/1624 1783/3492/1624
f 1806/3533/1625 1696/3055/1625 1695/3054/1625
f 1805/3531/1626 1782/3491/1626 1696/3055/1626
f 1781/3490/1627 1804/3529/1627 1803/3525/1627
f 1803/3525/1628 1697/3056/1628 1781/3490/1628
f 1802/3523/1629 1698/3057/1629 1697/3056/1629
f 1800/3518/1630 1579/2894/1630 1585/2904/1630
f 1799/3516/1631 1699/3058/1631 1800/3518/1631
f 1798/3513/1632 1700/3059/1632 1799/3516/1632
f 1797/3511/1633 1780/3489/1633 1798/3513/1633
f 1796/3510/1634 1701/3060/1634 1797/3511/1634
f 1795/3508/1635 1779/3488/1635 1796/3510/1635
f 1794/3506/1636 1702/3061/1636 1795/3508/1636
f 1793/3502/1637 1704/3063/1637 1794/3506/1637
f 1797/3512/967 2045/4078/967 2046/4081/967
f 2044/4076/950 1800/3519/950 2043/4073/950
f 1587/2910/949 1801/3521/949 2042/4071/949
f 1802/3524/970 2040/4066/970 2041/4069/970
f 2036/4061/944 1808/3537/944 2035/4058/944
f 2034/4056/954 1810/3543/954 2033/4053/954
f 1814/3552/958 2028/4045/958 2029/4047/958
f 1816/3556/945 2026/4040/945 2027/4043/945
f 1821/3567/960 2021/4033/960 2022/4035/960
f 2020/4031/1373 1793/3503/1373 2050/4086/1373
f 2050/4087/1638 1824/3572/1638 2019/4028/1638
f 1828/3580/1639 2046/4081/1639 2015/4018/1639
f 2043/4074/1640 1829/3582/1640 2014/4015/1640
f 2040/4067/1641 1830/3584/1641 2013/4012/1641
f 1834/3592/1642 2036/4061/1642 2009/4002/1642
f 2033/4053/1643 1835/3594/1643 2008/3999/1643
f 2029/4048/1644 1839/3602/1644 1814/3550/1644
f 2026/4041/1645 1840/3604/1645 2003/3986/1645
f 1844/3612/1646 2022/4035/1646 1999/3976/1646
f 1997/3973/1638 1824/3573/1638 1846/3617/1638
f 1994/3966/1639 1828/3581/1639 2015/4019/1639
f 1829/3583/1640 1993/3964/1640 2014/4016/1640
f 1992/3962/1641 1830/3585/1641 1851/3629/1641
f 1988/3953/1647 1834/3593/1647 2009/4003/1647
f 1835/3595/1643 1987/3951/1643 2008/4000/1643
f 1983/3942/1644 1839/3603/1644 2004/3989/1644
f 1982/3940/1645 1840/3605/1645 1861/3654/1645
f 1978/3931/1648 1844/3613/1648 1999/3977/1648
f 1997/3972/1638 1866/3665/1638 1977/3929/1638
f 1870/3670/1639 1994/3965/1639 1973/3924/1639
f 1993/3963/1640 1871/3673/1640 1972/3922/1640
f 1971/3921/1649 1851/3631/1649 1872/3675/1649
f 1967/3917/1642 1855/3640/1642 1988/3952/1642
f 1856/3643/1643 1966/3915/1643 1987/3950/1643
f 1983/3941/1644 1881/3687/1644 1860/3650/1644
f 1961/3910/1645 1861/3655/1645 1882/3689/1645
f 1886/3694/1646 1978/3930/1646 1957/3906/1646
f 1977/3928/1650 1888/3696/1650 1955/3902/1650
f 1955/3902/1651 1887/3695/1651 1956/3904/1651
f 1956/3904/1652 1889/3697/1653 1954/3900/1654
f 1889/3697/1655 1953/3898/1656 1954/3900/1657
f 1891/3699/1658 1973/3923/1658 1952/3896/1658
f 1953/3898/1659 1891/3699/1660 1952/3896/1661
f 1971/3921/1662 1892/3701/1662 1951/3895/1662
f 1951/3895/1663 1893/3703/1664 1950/3894/1665
f 1893/3703/1666 1949/3893/1667 1950/3894/1668
f 1894/3705/973 1948/3892/973 1949/3893/973
f 1896/3708/1669 1967/3916/1669 1947/3890/1669
f 1948/3892/1670 1896/3709/1671 1947/3891/1672
f 1946/3889/1673 1898/3713/1674 1945/3888/1675
f 1877/3682/1676 1946/3889/1676 1966/3915/1676
f 1898/3713/1677 1944/3887/1678 1945/3888/1679
f 1899/3715/956 1943/3886/956 1944/3887/956
f 1943/3886/1680 1901/3719/1681 1942/3885/1682
f 1962/3911/1683 1901/3719/1683 1881/3687/1683
f 1941/3884/1684 1882/3689/1684 1902/3721/1684
f 1940/3883/1685 1902/3721/1685 1903/3723/1685
f 1940/3883/1686 1904/3725/1687 1939/3882/1688
f 1904/3725/1689 1938/3881/1690 1939/3882/1691
f 1906/3729/1692 1957/3906/1692 1937/3880/1692
f 1938/3881/1693 1906/3729/1694 1937/3880/1695
f 2045/4079/1557 1907/3736/1557 1936/3876/1557
f 1935/3873/1556 1799/3517/1556 2044/4076/1556
f 1933/3864/1555 1802/3524/1555 2041/4069/1555
f 2042/4071/1554 1909/3748/1554 1934/3868/1554
f 1931/3855/1553 1809/3541/1553 2034/4055/1553
f 1808/3538/1552 1932/3860/1552 2035/4059/1552
f 1914/3781/1551 2027/4043/1551 1929/3843/1551
f 1815/3554/1550 1930/3850/1550 2028/4045/1550
f 1927/3835/1549 1823/3571/1549 2020/4031/1549
f 1822/3569/1548 1928/3840/1548 2021/4033/1548
f 2021/4034/6 1927/3836/6 2020/4032/6
f 2028/4046/6 1929/3846/6 2027/4044/6
f 1932/3861/6 2034/4057/6 2035/4060/6
f 1934/3869/6 2041/4070/6 2042/4072/6
f 2045/4080/6 1935/3874/6 2044/4077/6
f 1958/3907/6 1937/3880/6 1957/3906/6
f 1959/3908/6 1938/3881/6 1958/3907/6
f 1940/3883/6 1959/3908/6 1960/3909/6
f 1960/3909/6 1941/3884/6 1940/3883/6
f 1963/3912/6 1942/3885/6 1962/3911/6
f 1964/3913/6 1943/3886/6 1963/3912/6
f 1945/3888/6 1964/3913/6 1965/3914/6
f 1946/3889/6 1965/3914/6 1966/3915/6
f 1968/3918/6 1947/3891/6 1967/3917/6
f 1969/3919/6 1948/3892/6 1968/3918/6
f 1950/3894/6 1969/3919/6 1970/3920/6
f 1970/3920/6 1951/3895/6 1950/3894/6
f 1974/3925/6 1952/3897/6 1973/3924/6
f 1975/3926/6 1953/3899/6 1974/3925/6
f 1975/3926/6 1956/3905/6 1954/3901/6
f 1976/3927/6 1955/3903/6 1956/3905/6
f 1958/3907/6 1978/3930/6 1979/3932/6
f 1959/3908/6 1979/3932/6 1980/3934/6
f 1960/3909/6 1980/3934/6 1981/3937/6
f 1981/3937/6 1961/3910/6 1960/3909/6
f 1984/3943/6 1962/3911/6 1983/3941/6
f 1985/3945/6 1963/3912/6 1984/3943/6
f 1986/3947/6 1964/3913/6 1985/3945/6
f 1987/3950/6 1965/3914/6 1986/3947/6
f 1989/3954/6 1967/3917/6 1988/3952/6
f 1990/3956/6 1968/3918/6 1989/3954/6
f 1991/3959/6 1969/3919/6 1990/3956/6
f 1992/3961/6 1970/3920/6 1991/3959/6
f 1974/3925/6 1994/3965/6 1995/3967/6
f 1975/3926/6 1995/3967/6 1996/3970/6
f 1996/3970/6 1976/3927/6 1975/3926/6
f 1998/3974/6 1977/3929/6 1976/3927/6
f 1979/3933/1696 1999/3977/1696 2000/3979/1696
f 1980/3935/1697 2000/3979/1697 2001/3981/1697
f 1981/3938/1698 2001/3982/1698 2002/3984/1698
f 2002/3984/1699 1982/3940/1699 1981/3938/1699
f 2005/3992/1700 1983/3942/1700 2004/3989/1700
f 2006/3994/1701 1984/3944/1701 2005/3992/1701
f 2007/3997/1702 1985/3946/1702 2006/3994/1702
f 2008/4000/1703 1986/3949/1703 2007/3996/1703
f 2010/4005/1704 1988/3953/1704 2009/4003/1704
f 2011/4008/1705 1989/3955/1705 2010/4005/1705
f 2012/4010/1706 1990/3958/1706 2011/4007/1706
f 2013/4013/1707 1991/3960/1707 2012/4010/1707
f 1995/3968/1708 2015/4019/1708 2016/4021/1708
f 1996/3971/1709 2016/4021/1709 2017/4023/1709
f 2017/4024/1710 1998/3975/1710 1996/3969/1710
f 2018/4026/1711 1997/3973/1711 1998/3975/1711
f 2000/3980/1712 2022/4036/1712 2023/4037/1712
f 2001/3983/1713 2023/4037/1713 2024/4038/1713
f 2002/3985/1714 2024/4038/1714 2025/4039/1714
f 2025/4039/1715 2003/3988/1715 2002/3985/1715
f 2030/4050/1716 2004/3991/1716 2029/4049/1716
f 2031/4051/1717 2005/3993/1717 2030/4050/1717
f 2032/4052/1718 2006/3995/1718 2031/4051/1718
f 2033/4054/1719 2007/3998/1719 2032/4052/1719
f 2037/4063/1720 2009/4004/1720 2036/4062/1720
f 2038/4064/1721 2010/4006/1721 2037/4063/1721
f 2039/4065/1722 2011/4009/1722 2038/4064/1722
f 2040/4068/1723 2012/4011/1723 2039/4065/1723
f 2016/4022/1724 2046/4082/1724 2047/4083/1724
f 2017/4025/1725 2047/4083/1725 2048/4084/1725
f 2048/4084/1726 2018/4027/1726 2017/4025/1726
f 2049/4085/1727 2019/4030/1727 2018/4027/1727
f 1718/3077/1728 2020/4032/1728 2050/4088/1728
f 2021/4034/1729 2051/4089/1729 1705/3064/1729
f 2022/4036/1730 1705/3064/1730 2052/4090/1730
f 2023/4037/1731 2052/4090/1731 2053/4091/1731
f 2024/4038/1732 2053/4091/1732 1706/3065/1732
f 2025/4039/1733 1706/3065/1733 2054/4092/1733
f 2054/4092/1734 2026/4042/1734 2025/4039/1734
f 2027/4044/1735 1707/3066/1735 2055/4093/1735
f 2056/4094/1736 2027/4044/1736 2055/4093/1736
f 1708/3067/1737 2028/4046/1737 2056/4094/1737
f 2057/4095/1738 2029/4049/1738 1708/3067/1738
f 2058/4096/1739 2030/4050/1739 2057/4095/1739
f 1709/3068/1740 2031/4051/1740 2058/4096/1740
f 2059/4097/1741 2032/4052/1741 1709/3068/1741
f 1710/3069/1742 2033/4054/1742 2059/4097/1742
f 1711/3070/1743 2034/4057/1743 1710/3069/1743
f 2060/4098/1744 2035/4060/1744 1711/3070/1744
f 1712/3071/1745 2036/4062/1745 2060/4098/1745
f 2061/4099/1746 2037/4063/1746 1712/3071/1746
f 2062/4100/1747 2038/4064/1747 2061/4099/1747
f 2063/4101/1748 2039/4065/1748 2062/4100/1748
f 1713/3072/1749 2040/4068/1749 2063/4101/1749
f 1714/3073/1750 2041/4070/1750 1713/3072/1750
f 1580/2895/1751 2042/4072/1751 1714/3073/1751
f 1715/3074/1752 2044/4077/1752 2043/4075/1752
f 1716/3075/1753 2045/4080/1753 2044/4077/1753
f 2046/4082/1754 2064/4102/1754 2065/4103/1754
f 2047/4083/1755 2065/4103/1755 2066/4104/1755
f 2048/4084/1756 2066/4104/1756 1717/3076/1756
f 2049/4085/1757 1717/3076/1757 2067/4105/1757
f 2067/4105/1758 2050/4088/1758 2049/4085/1758
f 1640/2983/1052 2118/4156/1052 1641/2984/1052
f 1184/1814/953 2069/4107/953 1152/1780/953
f 2014/4017/1759 1592/2918/1759 2043/4075/1759
f 1993/3964/1760 1591/2917/1760 2014/4016/1760
f 1972/3922/6 1590/2915/6 1993/3963/6
f 1972/3922/1761 1594/2922/1761 1588/2912/1761
f 1972/3922/6 1588/2912/6 1589/2913/6
f 2043/4075/1762 1581/2896/1762 1715/3074/1762
f 1801/3522/1763 1578/2893/1763 1698/3057/1763
f 1699/3058/1764 1577/2892/1764 1579/2894/1764
f 1714/3073/1765 1576/2891/1765 1580/2895/1765
f 1618/2946/1239 1577/2892/1239 1670/3019/1239
f 1142/1761/961 2079/4117/961 1141/1759/961
f 1627/2957/1379 2105/4143/1379 1628/2959/1379
f 1143/1763/967 2082/4120/967 2081/4119/967
f 1629/2961/1082 2107/4145/1082 1630/2963/1082
f 1630/2963/1244 2108/4146/1244 1631/2965/1244
f 1147/1771/969 2084/4122/969 1146/1768/969
f 1631/2965/1381 2109/4147/1381 1632/2967/1381
f 1148/1773/970 2085/4123/970 1147/1771/970
f 1678/3028/1049 2102/4140/1049 2129/4167/1049
f 1632/2967/1766 2110/4148/1766 1633/2969/1766
f 1149/1775/971 2086/4124/971 1148/1773/971
f 1678/3028/1242 2103/4141/1242 1626/2954/1242
f 1633/2969/1383 2111/4149/1383 1634/2971/1383
f 1679/3030/1283 2105/4143/1283 2123/4161/1283
f 1150/1777/972 2087/4125/972 1149/1775/972
f 1635/2973/1075 2113/4151/1075 1636/2975/1075
f 1151/1779/1767 2088/4126/1767 1150/1777/1767
f 1680/3032/1243 2106/4144/1243 1629/2961/1243
f 1681/3034/1295 2111/4149/1295 2130/4168/1295
f 1639/2981/968 2101/4139/968 1576/2890/968
f 1637/2977/1237 2115/4153/1237 1638/2978/1237
f 1681/3034/1245 2112/4150/1245 1635/2973/1245
f 1682/3036/1246 2113/4151/1246 2125/4163/1246
f 2139/4177/1768 2135/4173/1768 2138/4176/1768
f 2138/4176/4 2140/4178/4 2139/4177/4
f 2134/4172/1769 2137/4175/1769 2133/4171/1769
f 2147/4185/1770 2143/4181/1770 2146/4184/1770
f 2146/4184/4 2148/4186/4 2147/4185/4
f 2142/4180/1769 2145/4183/1769 2141/4179/1769
f 2155/4193/1770 2151/4189/1770 2154/4192/1770
f 2154/4192/4 2156/4194/4 2155/4193/4
f 2150/4188/1769 2153/4191/1769 2149/4187/1769
f 2163/4201/1770 2159/4197/1770 2162/4200/1770
f 2162/4200/4 2164/4202/4 2163/4201/4
f 2158/4196/1769 2161/4199/1769 2157/4195/1769
f 2171/4209/1770 2167/4205/1770 2170/4208/1770
f 2170/4208/4 2172/4210/4 2171/4209/4
f 2166/4204/1769 2169/4207/1769 2165/4203/1769
f 2179/4217/1770 2175/4213/1770 2178/4216/1770
f 2178/4216/4 2180/4218/4 2179/4217/4
f 2174/4212/1769 2177/4215/1769 2173/4211/1769
f 2187/4225/1768 2183/4221/1768 2186/4224/1768
f 2186/4224/4 2188/4226/4 2187/4225/4
f 2182/4220/1769 2185/4223/1769 2181/4219/1769
f 2195/4233/1770 2191/4229/1770 2194/4232/1770
f 2194/4232/4 2196/4234/4 2195/4233/4
f 2190/4228/1769 2193/4231/1769 2189/4227/1769
f 2203/4241/1770 2199/4237/1770 2202/4240/1770
f 2202/4240/4 2204/4242/4 2203/4241/4
f 2198/4236/1769 2201/4239/1769 2197/4235/1769
f 2211/4249/1768 2207/4245/1768 2210/4248/1768
f 2210/4248/4 2212/4250/4 2211/4249/4
f 2206/4244/1769 2209/4247/1769 2205/4243/1769
f 2219/4257/1770 2215/4253/1770 2218/4256/1770
f 2218/4256/4 2220/4258/4 2219/4257/4
f 2214/4252/1769 2217/4255/1769 2213/4251/1769
f 2227/4265/1771 2223/4261/1771 2226/4264/1771
f 2226/4264/4 2228/4266/4 2227/4265/4
f 2222/4260/1769 2225/4263/1769 2221/4259/1769
f 2235/4273/1768 2231/4269/1768 2234/4272/1768
f 2234/4272/4 2236/4274/4 2235/4273/4
f 2230/4268/1769 2233/4271/1769 2229/4267/1769
f 2243/4281/1770 2239/4277/1770 2242/4280/1770
f 2242/4280/4 2244/4282/4 2243/4281/4
f 2238/4276/1769 2241/4279/1769 2237/4275/1769
f 2251/4289/1770 2247/4285/1770 2250/4288/1770
f 2250/4288/4 2252/4290/4 2251/4289/4
f 2246/4284/1772 2249/4287/1772 2245/4283/1772
f 2259/4297/1771 2255/4293/1771 2258/4296/1771
f 2258/4296/4 2260/4298/4 2259/4297/4
f 2254/4292/1773 2257/4295/1773 2253/4291/1773
f 2267/4305/1770 2263/4301/1770 2266/4304/1770
f 2266/4304/4 2268/4306/4 2267/4305/4
f 2262/4300/1769 2265/4303/1769 2261/4299/1769
f 2275/4313/1770 2271/4309/1770 2274/4312/1770
f 2274/4312/4 2276/4314/4 2275/4313/4
f 2270/4308/1772 2273/4311/1772 2269/4307/1772
f 2283/4321/1770 2279/4317/1770 2282/4320/1770
f 2282/4320/4 2284/4322/4 2283/4321/4
f 2278/4316/1769 2281/4319/1769 2277/4315/1769
f 2291/4329/1770 2287/4325/1770 2290/4328/1770
f 2290/4328/4 2292/4330/4 2291/4329/4
f 2286/4324/1773 2289/4327/1773 2285/4323/1773
s 1
f 416/668/4 1073/1661/4 1071/1659/4
f 1071/1659/4 1070/1658/4 533/827/4
f 1070/1658/4 534/828/4 533/827/4
f 440/719/4 439/718/4 418/672/4
f 441/720/4 440/719/4 418/672/4
f 1071/1659/4 533/827/4 535/829/4
f 1071/1659/4 535/829/4 494/773/4
f 444/723/4 441/720/4 418/672/4
f 446/725/4 444/723/4 418/672/4
f 1071/1659/4 494/773/4 496/775/4
f 1071/1659/4 496/775/4 495/774/4
f 452/731/4 446/725/4 418/672/4
f 453/732/4 452/731/4 418/672/4
f 1071/1659/4 495/774/4 498/777/4
f 1071/1659/4 498/777/4 497/776/4
f 454/733/4 453/732/4 418/672/4
f 455/734/4 454/733/4 418/672/4
f 416/668/4 1071/1659/4 485/764/4
f 1071/1659/4 497/776/4 499/778/4
f 1071/1659/4 499/778/4 484/763/4
f 456/735/4 455/734/4 418/672/4
f 463/742/4 456/735/4 418/672/4
f 1071/1659/4 484/763/4 485/764/4
f 464/743/4 463/742/4 418/672/4
f 465/744/4 464/743/4 418/672/4
f 416/668/4 485/764/4 488/767/4
f 416/668/4 488/767/4 486/765/4
f 466/745/4 465/744/4 418/672/4
f 467/746/4 466/745/4 418/672/4
f 416/668/4 486/765/4 487/766/4
f 418/672/4 416/668/4 487/766/4
f 468/747/4 467/746/4 418/672/4
f 473/752/4 468/747/4 418/672/4
f 418/672/4 487/766/4 477/756/4
f 418/672/4 477/756/4 476/755/4
f 474/753/4 473/752/4 418/672/4
f 418/672/4 476/755/4 475/754/4
f 1065/1653/5 924/1457/5 927/1462/5
f 110/111/6 109/109/6 1/1/6
f 110/111/6 2/2/6 3/3/6
f 112/115/6 111/113/6 3/3/6
f 113/117/6 112/115/6 4/4/6
f 113/117/6 5/5/6 6/6/6
f 114/119/6 6/6/6 7/7/6
f 115/121/6 7/7/6 8/8/6
f 117/125/6 116/123/6 8/8/6
f 118/127/6 117/125/6 9/9/6
f 118/127/6 10/10/6 11/11/6
f 120/131/6 119/129/6 11/11/6
f 120/131/6 12/12/6 13/13/6
f 122/135/6 121/133/6 13/13/6
f 122/135/6 14/14/6 15/15/6
f 123/137/6 15/15/6 16/16/6
f 125/141/6 124/139/6 16/16/6
f 125/141/6 17/17/6 18/18/6
f 126/143/6 18/18/6 19/19/6
f 128/147/6 127/145/6 19/19/6
f 128/147/6 20/20/6 21/21/6
f 130/151/6 129/149/6 21/21/6
f 130/151/6 22/22/6 23/23/6
f 132/155/6 131/153/6 23/23/6
f 132/155/6 24/24/6 25/25/6
f 134/159/6 133/157/6 25/25/6
f 135/161/6 134/159/6 26/26/6
f 135/161/6 27/27/6 28/28/6
f 137/165/6 136/163/6 28/28/6
f 137/165/6 29/29/6 30/30/6
f 138/167/6 30/30/6 31/31/6
f 140/171/6 139/169/6 31/31/6
f 140/171/6 32/32/6 33/33/6
f 142/175/6 141/173/6 33/33/6
f 142/175/6 34/34/6 35/35/6
f 144/179/6 143/177/6 35/35/6
f 145/181/6 144/179/6 36/36/6
f 145/181/6 37/37/6 38/38/6
f 146/183/6 38/38/6 39/39/6
f 147/185/6 39/39/6 40/40/6
f 149/189/6 148/187/6 40/40/6
f 149/189/6 41/41/6 42/42/6
f 151/193/6 150/191/6 42/42/6
f 151/193/6 43/43/6 44/44/6
f 152/195/6 44/44/6 45/45/6
f 154/199/6 153/197/6 45/45/6
f 154/199/6 46/46/6 47/47/6
f 155/201/6 47/47/6 48/48/6
f 157/205/6 156/203/6 48/48/6
f 157/205/6 49/49/6 50/50/6
f 158/207/6 50/50/6 51/51/6
f 159/209/6 51/51/6 52/52/6
f 160/211/6 52/52/6 53/53/6
f 162/215/6 161/213/6 53/53/6
f 162/215/6 54/54/6 55/55/6
f 164/219/6 163/217/6 55/55/6
f 164/219/6 56/56/6 57/57/6
f 166/223/6 165/221/6 57/57/6
f 167/225/6 166/223/6 58/58/6
f 168/227/6 167/225/6 59/59/6
f 168/227/6 60/60/6 61/61/6
f 169/229/6 61/61/6 62/62/6
f 170/231/6 62/62/6 63/63/6
f 172/235/6 171/233/6 63/63/6
f 172/235/6 64/64/6 65/65/6
f 174/239/6 173/237/6 65/65/6
f 175/241/6 174/239/6 66/66/6
f 176/243/6 175/241/6 67/67/6
f 176/243/6 68/68/6 69/69/6
f 178/247/6 177/245/6 69/69/6
f 178/247/6 70/70/6 71/71/6
f 180/251/6 179/249/6 71/71/6
f 180/251/6 72/72/6 73/73/6
f 181/253/6 73/73/6 74/74/6
f 183/257/6 182/255/6 74/74/6
f 184/259/6 183/257/6 75/75/6
f 185/261/6 184/259/6 76/76/6
f 185/261/6 77/77/6 78/78/6
f 186/263/6 78/78/6 79/79/6
f 187/265/6 79/79/6 80/80/6
f 189/269/6 188/267/6 80/80/6
f 189/269/6 81/81/6 82/82/6
f 191/273/6 190/271/6 82/82/6
f 191/273/6 83/83/6 84/84/6
f 193/277/6 192/275/6 84/84/6
f 193/277/6 85/85/6 86/86/6
f 195/281/6 194/279/6 86/86/6
f 195/281/6 87/87/6 88/88/6
f 196/283/6 88/88/6 89/89/6
f 198/287/6 197/285/6 89/89/6
f 198/287/6 90/90/6 91/91/6
f 199/289/6 91/91/6 92/92/6
f 201/293/6 200/291/6 92/92/6
f 201/293/6 93/93/6 94/94/6
f 203/297/6 202/295/6 94/94/6
f 203/297/6 95/95/6 96/96/6
f 204/299/6 96/96/6 97/97/6
f 206/303/6 205/301/6 97/97/6
f 206/303/6 98/98/6 99/99/6
f 208/307/6 207/305/6 99/99/6
f 208/307/6 100/100/6 101/101/6
f 209/309/6 101/101/6 102/102/6
f 210/311/6 102/102/6 103/103/6
f 212/315/6 211/313/6 103/103/6
f 213/317/6 212/315/6 104/104/6
f 213/317/6 105/105/6 106/106/6
f 215/321/6 214/319/6 106/106/6
f 215/321/6 107/107/6 108/108/6
f 216/323/6 108/108/6 1/1/6
f 733/1174/6 732/1171/6 546/857/6
f 546/857/6 1077/1667/6 736/1179/6
f 1077/1667/6 755/1202/6 756/1204/6
f 1077/1667/6 756/1204/6 754/1199/6
f 734/1175/6 733/1174/6 546/857/6
f 735/1177/6 734/1175/6 546/857/6
f 1077/1667/6 754/1199/6 753/1197/6
f 1077/1667/6 753/1197/6 736/1179/6
f 697/1118/4 699/1120/4 698/1119/4
f 542/847/6 540/844/6 813/1292/6
f 540/844/6 537/835/6 808/1282/6
f 537/835/6 543/849/6 708/1134/6
f 543/849/6 544/851/6 708/1134/6
f 537/835/6 707/1131/6 706/1129/6
f 544/851/6 545/853/6 709/1135/6
f 545/853/6 549/862/6 710/1137/6
f 549/862/6 550/864/6 711/1139/6
f 550/864/6 553/870/6 712/1141/6
f 553/870/6 554/872/6 713/1143/6
f 554/872/6 558/881/6 714/1145/6
f 558/881/6 560/884/6 715/1147/6
f 560/884/6 561/886/6 716/1149/6
f 561/886/6 562/888/6 718/1154/6
f 562/888/6 565/894/6 719/1155/6
f 720/1157/6 565/894/6 566/897/6
f 566/897/6 568/900/6 721/1160/6
f 568/900/6 546/857/6 721/1160/6
f 546/857/6 732/1171/6 721/1160/6
f 565/894/6 720/1157/6 719/1155/6
f 566/897/6 721/1160/6 720/1157/6
f 712/1141/6 553/870/6 713/1143/6
f 714/1145/6 558/881/6 715/1147/6
f 711/1139/6 550/864/6 712/1141/6
f 708/1134/6 544/851/6 709/1135/6
f 710/1137/6 549/862/6 711/1139/6
f 705/1127/6 537/835/6 706/1129/6
f 540/844/6 808/1282/6 809/1284/6
f 707/1131/6 537/835/6 708/1134/6
f 808/1282/6 537/835/6 704/1125/6
f 548/860/6 541/845/6 863/1350/6
f 541/845/6 542/847/6 813/1292/6
f 813/1292/6 540/844/6 812/1291/6
f 552/869/6 547/858/6 883/1375/6
f 547/858/6 548/860/6 864/1352/6
f 557/878/6 551/866/6 885/1378/6
f 551/866/6 552/869/6 884/1376/6
f 555/874/6 556/876/6 890/1388/6
f 556/876/6 557/878/6 886/1380/6
f 564/893/6 559/882/6 892/1392/6
f 559/882/6 555/874/6 892/1392/6
f 891/1390/6 892/1392/6 555/874/6
f 890/1388/6 891/1390/6 555/874/6
f 557/878/6 885/1378/6 886/1380/6
f 552/869/6 883/1375/6 884/1376/6
f 548/860/6 863/1350/6 864/1352/6
f 811/1288/6 540/844/6 810/1286/6
f 537/835/6 705/1127/6 704/1125/6
f 540/844/6 809/1284/6 810/1286/6
f 551/866/6 884/1376/6 885/1378/6
f 540/844/6 811/1288/6 812/1291/6
f 886/1380/6 890/1388/6 556/876/6
f 562/888/6 719/1155/6 718/1154/6
f 561/886/6 718/1154/6 717/1151/6
f 561/886/6 717/1151/6 716/1149/6
f 864/1352/6 883/1375/6 547/858/6
f 716/1149/6 715/1147/6 560/884/6
f 813/1292/6 863/1350/6 541/845/6
f 714/1145/6 713/1143/6 554/872/6
f 286/396/4 285/394/4 633/1021/4
f 285/394/4 284/392/4 635/1024/4
f 286/396/4 633/1021/4 287/398/4
f 635/1024/4 633/1021/4 285/394/4
f 633/1021/4 637/1027/4 288/400/4
f 289/402/4 288/400/4 637/1027/4
f 288/400/4 287/398/4 633/1021/4
f 637/1027/4 290/405/4 289/402/4
f 291/407/4 290/405/4 637/1027/4
f 291/407/4 641/1033/4 292/409/4
f 293/411/4 292/409/4 641/1033/4
f 293/411/4 641/1033/4 294/413/4
f 295/415/4 294/413/4 643/1036/4
f 297/419/4 625/1009/4 298/421/4
f 297/419/4 296/417/4 625/1009/4
f 296/417/4 295/415/4 643/1036/4
f 619/1000/4 298/421/4 625/1009/4
f 299/423/4 298/421/4 619/1000/4
f 619/1000/4 300/425/4 299/423/4
f 301/427/4 300/425/4 619/1000/4
f 301/427/4 621/1003/4 302/429/4
f 303/431/4 302/429/4 621/1003/4
f 303/431/4 621/1003/4 304/433/4
f 305/435/4 304/433/4 617/997/4
f 617/997/4 304/433/4 621/1003/4
f 307/439/4 306/437/4 611/988/4
f 306/437/4 305/435/4 611/988/4
f 611/988/4 305/435/4 617/997/4
f 309/443/4 308/441/4 605/978/4
f 308/441/4 307/439/4 605/978/4
f 607/982/4 310/446/4 309/443/4
f 605/978/4 607/982/4 309/443/4
f 307/439/4 611/988/4 605/978/4
f 621/1003/4 301/427/4 619/1000/4
f 641/1033/4 291/407/4 637/1027/4
f 641/1033/4 643/1036/4 294/413/4
f 264/372/7 940/1487/7 939/1486/7
f 939/1486/7 595/960/7 263/371/7
f 220/328/6 283/391/6 281/389/6
f 220/328/6 281/389/6 272/380/6
f 252/360/6 935/1478/920 253/361/6
f 935/1478/920 937/1481/8 257/365/6
f 253/361/6 935/1478/920 256/364/6
f 220/328/6 272/380/6 271/379/6
f 220/328/6 271/379/6 270/378/6
f 256/364/6 935/1478/920 255/363/6
f 937/1481/8 220/328/6 267/375/6
f 220/328/6 270/378/6 268/376/6
f 220/328/6 268/376/6 266/374/6
f 255/363/6 935/1478/920 257/365/6
f 220/328/6 266/374/6 269/377/6
f 220/328/6 269/377/6 267/375/6
f 258/366/6 257/365/6 937/1481/8
f 283/391/9 220/328/9 538/837/9
f 228/336/10 219/327/10 573/914/10
f 262/370/6 260/368/6 940/1487/11
f 940/1487/11 264/372/6 265/373/6
f 244/352/6 945/1496/910 242/350/6
f 945/1496/910 219/327/6 242/350/6
f 219/327/6 228/336/6 227/335/6
f 219/327/6 227/335/6 230/338/6
f 241/349/6 242/350/6 219/327/6
f 219/327/6 230/338/6 229/337/6
f 930/1468/12 233/341/6 231/339/6
f 930/1468/12 231/339/6 234/342/6
f 237/345/6 238/346/6 930/1468/12
f 236/344/6 237/345/6 930/1468/12
f 930/1468/12 234/342/6 235/343/6
f 232/340/5 233/341/5 929/1467/5
f 233/341/5 930/1468/5 929/1467/5
f 635/1024/4 284/392/4 391/610/4
f 391/610/4 390/608/4 639/1030/4
f 390/608/4 389/606/4 639/1030/4
f 391/610/4 639/1030/4 635/1024/4
f 389/606/4 388/604/4 655/1054/4
f 388/604/4 387/602/4 653/1051/4
f 389/606/4 655/1054/4 639/1030/4
f 387/602/4 386/600/4 653/1051/4
f 386/600/4 385/597/4 657/1057/4
f 385/597/4 384/595/4 657/1057/4
f 384/595/4 383/593/4 659/1060/4
f 653/1051/4 386/600/4 657/1057/4
f 383/593/4 382/591/4 659/1060/4
f 382/591/4 381/589/4 659/1060/4
f 381/589/4 380/587/4 661/1063/4
f 380/587/4 379/585/4 661/1063/4
f 661/1063/4 378/583/4 663/1066/4
f 379/585/4 378/583/4 661/1063/4
f 378/583/4 377/581/4 663/1066/4
f 663/1066/4 377/581/4 376/579/4
f 376/579/4 375/577/4 665/1069/4
f 375/577/4 374/575/4 665/1069/4
f 374/575/4 373/573/4 665/1069/4
f 373/573/4 372/571/4 667/1072/4
f 372/571/4 371/569/4 667/1072/4
f 373/573/4 667/1072/4 665/1069/4
f 371/569/4 370/567/4 669/1075/4
f 370/567/4 369/565/4 669/1075/4
f 369/565/4 368/563/4 669/1075/4
f 368/563/4 367/561/4 671/1078/4
f 367/561/4 366/559/4 671/1078/4
f 366/559/4 365/558/4 673/1083/4
f 673/1083/4 671/1078/4 366/559/4
f 671/1078/4 669/1075/4 368/563/4
f 667/1072/4 371/569/4 669/1075/4
f 376/579/4 665/1069/4 663/1066/4
f 388/604/4 653/1051/4 655/1054/4
f 657/1057/4 384/595/4 659/1060/4
f 391/611/13 284/393/224 429/698/14
f 390/609/16 391/611/13 430/700/15
f 389/607/18 390/609/16 431/702/17
f 388/605/20 389/607/18 432/704/19
f 387/603/22 388/605/20 433/706/21
f 387/603/22 434/708/23 435/710/24
f 384/596/27 385/598/918 440/719/28
f 383/594/30 384/596/27 441/720/29
f 382/592/32 383/594/30 444/723/31
f 381/590/34 382/592/32 446/725/33
f 380/588/36 381/590/34 452/731/35
f 379/586/38 380/588/36 453/732/37
f 378/584/40 379/586/38 454/733/39
f 377/582/42 378/584/40 455/734/41
f 376/580/44 377/582/42 456/735/43
f 375/578/46 376/580/44 463/742/45
f 374/576/48 375/578/46 464/743/47
f 373/574/50 374/576/48 465/744/49
f 372/572/52 373/574/50 466/745/51
f 371/570/54 372/572/52 467/746/53
f 370/568/56 371/570/54 468/747/55
f 369/566/58 370/568/56 473/752/57
f 368/564/60 369/566/58 474/753/59
f 367/562/62 368/564/60 475/754/61
f 366/560/64 367/562/62 476/755/63
f 365/557/66 366/560/64 477/756/65
f 365/557/66 487/766/66 486/765/67
f 364/555/68 486/765/67 488/767/69
f 363/553/70 488/767/69 485/764/71
f 362/551/72 485/764/71 484/763/73
f 361/549/74 484/763/73 499/778/75
f 360/547/76 499/778/75 497/776/77
f 359/545/78 497/776/77 498/777/79
f 358/543/80 498/777/79 495/774/81
f 357/541/82 495/774/81 496/775/83
f 356/539/84 496/775/83 494/773/85
f 355/537/86 494/773/85 535/829/87
f 354/535/88 535/829/87 533/827/89
f 353/533/90 533/827/89 534/828/91
f 352/531/92 534/828/91 532/826/93
f 351/529/94 532/826/93 531/825/95
f 350/527/96 531/825/95 530/824/97
f 349/525/98 530/824/97 529/823/99
f 348/523/100 529/823/99 528/822/101
f 347/521/102 528/822/101 527/821/103
f 346/519/104 527/821/103 525/819/105
f 524/817/109 344/514/1774 526/820/107
f 344/514/1774 345/517/106 526/820/107
f 343/512/108 344/515/1774 524/816/109
f 343/512/108 523/814/110 522/812/111
f 342/510/112 522/812/111 521/810/113
f 341/508/114 521/810/113 520/808/115
f 340/506/116 520/808/115 519/806/117
f 339/504/118 519/806/117 518/804/119
f 338/502/120 518/804/119 517/802/121
f 337/500/122 517/802/121 516/800/123
f 336/498/124 516/800/123 515/798/125
f 335/496/126 515/798/125 514/796/127
f 334/494/128 514/796/127 513/794/129
f 333/492/130 513/794/129 512/791/131
f 510/789/1775 331/487/134 511/790/133
f 331/487/134 332/490/132 511/790/133
f 331/487/134 510/789/1775 509/788/135
f 330/485/136 509/788/135 508/787/137
f 329/483/138 508/787/137 507/786/139
f 328/481/140 507/786/139 506/785/141
f 327/479/142 506/785/141 505/784/143
f 326/477/144 505/784/143 504/783/145
f 325/475/146 504/783/145 503/782/147
f 324/473/148 503/782/147 502/781/149
f 323/471/150 502/781/149 501/780/151
f 322/469/152 501/780/151 500/779/153
f 321/467/154 500/779/153 493/772/155
f 320/465/156 493/772/155 492/771/157
f 319/463/158 492/771/157 491/770/159
f 318/461/160 491/770/159 490/769/161
f 317/459/162 490/769/161 489/768/163
f 316/457/164 489/768/163 483/762/165
f 315/455/166 483/762/165 482/761/167
f 314/453/168 482/761/167 481/760/169
f 313/451/170 481/760/169 480/759/171
f 312/449/172 480/759/171 479/758/173
f 310/445/174 311/447/173 479/758/173
f 309/444/176 310/445/174 478/757/175
f 308/442/178 309/444/176 470/749/177
f 307/440/180 308/442/178 469/748/179
f 306/438/182 307/440/180 472/751/181
f 305/436/184 306/438/182 471/750/183
f 304/434/186 305/436/184 457/736/185
f 303/432/188 304/434/186 459/738/187
f 302/430/190 303/432/188 458/737/189
f 301/428/192 302/430/190 461/740/191
f 300/426/194 301/428/192 460/739/193
f 299/424/196 300/426/194 462/741/195
f 298/422/198 299/424/196 448/727/197
f 297/420/200 298/422/198 447/726/199
f 296/418/202 297/420/200 449/728/201
f 295/416/204 296/418/202 450/729/203
f 294/414/206 295/416/204 451/730/205
f 293/412/208 294/414/206 445/724/207
f 292/410/210 293/412/208 443/722/209
f 291/408/212 292/410/210 442/721/211
f 291/408/212 438/717/213 437/716/3
f 289/403/214 290/406/2 436/713/1
f 288/401/216 289/403/214 424/688/215
f 287/399/218 288/401/216 425/690/217
f 286/397/220 287/399/218 426/692/219
f 285/395/222 286/397/220 427/694/221
f 284/393/224 285/395/222 428/696/223
f 409/656/5 395/617/5 394/614/5
f 942/1490/6 943/1492/6 572/912/6
f 399/627/7 397/623/7 396/620/7
f 410/659/7 402/636/7 416/669/7
f 402/636/7 423/686/7 416/669/7
f 403/640/7 411/661/7 418/673/7
f 411/661/7 410/659/7 418/673/7
f 418/673/7 419/674/7 403/640/7
f 422/683/5 406/648/5 417/670/5
f 406/648/5 404/642/5 417/670/5
f 404/642/5 405/646/5 420/677/5
f 405/646/5 407/651/5 420/677/5
f 407/651/5 421/680/5 420/677/5
f 408/655/10 394/615/10 402/637/10
f 1093/1696/4 400/632/4 401/633/4
f 1094/1697/9 401/634/9 411/660/9
f 1076/1666/10 398/625/10 406/649/10
f 1090/1691/9 395/618/9 403/641/9
f 396/621/10 404/643/10 406/649/10
f 397/622/9 399/628/9 407/653/9
f 397/623/4 405/647/4 404/644/4
f 409/657/9 411/660/9 403/641/9
f 1093/1695/10 408/655/10 410/658/10
f 410/659/7 411/661/7 401/635/7
f 392/612/225 1097/1705/934 1099/1707/226
f 1096/1702/5 415/666/5 412/663/5
f 408/654/6 412/663/6 415/666/6
f 408/655/10 1093/1695/10 1095/1700/10
f 409/657/9 415/667/9 1096/1703/9
f 1082/1676/10 524/817/10 526/820/10
f 419/675/4 435/712/4 1085/1681/4
f 449/728/4 447/726/4 1069/1657/4
f 1069/1657/4 1074/1662/4 450/729/4
f 1074/1662/4 445/724/4 451/730/4
f 1074/1662/4 451/730/4 450/729/4
f 1087/1685/9 436/714/9 437/716/9
f 511/790/10 512/792/10 422/684/10
f 1083/1678/4 1072/1660/4 1073/1661/4
f 439/718/9 435/711/9 419/676/9
f 593/955/230 594/957/329 251/359/328
f 251/359/328 250/358/228 593/955/230
f 268/376/231 270/378/266 562/889/232
f 536/831/234 221/329/1776 226/334/235
f 570/905/237 273/381/1777 274/382/238
f 234/342/239 231/339/1778 541/846/240
f 580/928/245 243/351/317 244/352/246
f 568/901/248 281/389/1779 283/391/249
f 584/936/251 277/385/284 279/387/252
f 246/354/254 245/353/255 591/951/255
f 600/970/256 261/369/274 260/368/257
f 596/962/292 597/964/260 263/371/259
f 597/964/260 265/373/321 264/372/261
f 274/382/238 275/383/262 586/940/262
f 226/334/263 225/333/297 567/898/264
f 270/378/266 271/379/267 565/895/267
f 599/968/258 260/368/257 262/370/268
f 257/365/270 258/366/310 553/871/271
f 601/972/273 259/367/324 261/369/274
f 224/332/275 222/330/301 564/892/276
f 947/1499/7 946/1497/7 250/358/7
f 251/359/7 589/947/7 947/1499/7
f 269/377/278 266/374/309 560/885/279
f 585/938/283 278/386/332 277/385/284
f 574/916/285 227/335/339 228/336/286
f 579/926/247 244/352/246 242/350/288
f 586/940/262 275/383/262 276/384/290
f 239/347/294 240/348/295 556/877/295
f 225/333/297 224/332/275 563/890/277
f 593/955/230 249/357/229 246/354/254
f 256/364/298 255/363/305 549/863/299
f 222/330/301 223/331/315 559/883/302
f 236/344/303 235/343/333 547/859/304
f 255/363/305 257/365/270 550/865/272
f 583/934/253 279/387/252 280/388/306
f 551/867/308 237/345/334 236/344/303
f 266/374/309 268/376/231 561/887/233
f 572/910/9 218/326/9 282/390/9
f 258/366/310 267/375/311 554/873/311
f 544/852/314 543/850/282 254/362/281
f 254/362/281 252/360/312 544/852/314
f 223/331/315 239/347/294 555/875/296
f 581/930/316 248/356/337 243/351/317
f 542/848/242 541/846/240 232/340/243
f 541/846/240 231/339/1778 233/341/318
f 556/877/295 240/348/295 238/346/319
f 598/966/269 262/370/268 265/373/321
f 241/349/322 229/337/325 576/920/323
f 554/873/311 267/375/311 269/377/278
f 947/1498/6 589/948/6 951/1506/6
f 589/948/6 595/961/6 938/1483/6
f 938/1483/6 942/1490/6 394/616/6
f 589/948/6 938/1483/6 951/1506/6
f 938/1483/6 394/616/6 951/1506/6
f 394/616/6 395/619/6 951/1506/6
f 395/619/6 573/915/6 950/1502/6
f 573/915/6 944/1494/6 950/1502/6
f 924/1458/6 925/1459/6 536/832/6
f 582/932/307 280/388/306 259/367/324
f 229/337/325 230/338/326 575/918/326
f 220/328/5 937/1481/5 936/1479/5
f 591/951/255 245/353/255 247/355/330
f 587/942/291 276/384/290 278/386/332
f 235/343/333 234/342/239 548/861/241
f 253/361/313 256/364/298 545/854/300
f 557/879/320 238/346/319 237/345/334
f 282/390/335 273/381/1777 570/905/237
f 590/949/331 247/355/330 248/356/337
f 565/895/267 271/379/267 272/380/338
f 272/380/338 281/389/1779 568/901/248
f 575/918/326 230/338/326 227/335/339
f 578/924/289 242/350/288 241/349/322
f 656/1056/340 652/1050/361 653/1052/341
f 687/1103/343 686/1102/357 688/1105/344
f 666/1071/346 664/1068/368 665/1070/347
f 675/1085/349 674/1084/397 672/1081/350
f 668/1074/351 666/1071/346 667/1073/348
f 604/977/353 606/980/354 607/983/354
f 693/1112/356 692/1111/410 686/1102/357
f 654/1053/358 638/1029/406 639/1031/359
f 652/1050/361 654/1053/358 655/1055/360
f 634/1023/362 632/1020/398 633/1022/363
f 679/1091/365 678/1090/386 676/1087/366
f 664/1068/368 662/1065/407 663/1067/369
f 681/1094/370 680/1093/422 682/1096/371
f 618/999/373 620/1002/421 621/1004/374
f 623/1006/376 622/1005/396 628/1014/377
f 636/1026/379 640/1032/387 641/1034/380
f 631/1018/382 630/1017/428 644/1038/383
f 685/1100/385 684/1099/394 678/1090/386
f 640/1032/387 642/1035/426 643/1037/388
f 610/987/389 604/977/353 605/979/355
f 609/985/391 608/984/423 612/990/392
f 311/448/4 310/446/4 607/982/4
f 311/448/4 607/982/4 603/975/4
f 313/452/4 312/450/4 603/975/4
f 312/450/4 311/448/4 603/975/4
f 315/456/4 314/454/4 609/986/4
f 314/454/4 313/452/4 609/986/4
f 613/991/4 316/458/4 609/986/4
f 317/460/4 316/458/4 613/991/4
f 316/458/4 315/456/4 609/986/4
f 615/994/4 318/462/4 613/991/4
f 319/464/4 318/462/4 615/994/4
f 318/462/4 317/460/4 613/991/4
f 615/994/4 320/466/4 319/464/4
f 321/468/4 320/466/4 623/1007/4
f 321/468/4 623/1007/4 322/470/4
f 323/472/4 322/470/4 629/1015/4
f 629/1015/4 322/470/4 623/1007/4
f 325/476/4 324/474/4 629/1015/4
f 324/474/4 323/472/4 629/1015/4
f 327/480/4 326/478/4 627/1012/4
f 326/478/4 325/476/4 627/1012/4
f 627/1012/4 325/476/4 629/1015/4
f 329/484/4 328/482/4 631/1019/4
f 328/482/4 327/480/4 631/1019/4
f 331/488/4 330/486/4 645/1039/4
f 330/486/4 329/484/4 645/1039/4
f 333/493/4 332/491/4 647/1042/4
f 332/491/4 331/488/4 645/1039/4
f 645/1039/4 329/484/4 631/1019/4
f 335/497/4 334/495/4 649/1045/4
f 334/495/4 333/493/4 647/1042/4
f 337/501/4 336/499/4 651/1048/4
f 336/499/4 335/497/4 649/1045/4
f 339/505/4 338/503/4 651/1048/4
f 338/503/4 337/501/4 651/1048/4
f 341/509/4 340/507/4 695/1115/4
f 340/507/4 339/505/4 695/1115/4
f 343/513/4 342/511/4 691/1109/4
f 342/511/4 341/509/4 691/1109/4
f 345/518/4 344/516/4 693/1113/4
f 344/516/4 343/513/4 693/1113/4
f 347/522/4 346/520/4 687/1104/4
f 346/520/4 345/518/4 687/1104/4
f 689/1106/4 348/524/4 687/1104/4
f 349/526/4 348/524/4 689/1106/4
f 348/524/4 347/522/4 687/1104/4
f 685/1101/4 350/528/4 689/1106/4
f 351/530/4 350/528/4 685/1101/4
f 350/528/4 349/526/4 689/1106/4
f 679/1092/4 352/532/4 685/1101/4
f 353/534/4 352/532/4 679/1092/4
f 352/532/4 351/530/4 685/1101/4
f 679/1092/4 354/536/4 353/534/4
f 355/538/4 354/536/4 679/1092/4
f 355/538/4 677/1088/4 356/540/4
f 357/542/4 356/540/4 677/1088/4
f 357/542/4 677/1088/4 681/1095/4
f 359/546/4 358/544/4 681/1095/4
f 358/544/4 357/542/4 681/1095/4
f 361/550/4 360/548/4 683/1097/4
f 360/548/4 359/546/4 683/1097/4
f 683/1097/4 359/546/4 681/1095/4
f 363/554/4 362/552/4 675/1086/4
f 362/552/4 361/550/4 675/1086/4
f 675/1086/4 361/550/4 683/1097/4
f 365/558/4 364/556/4 673/1083/4
f 364/556/4 363/554/4 675/1086/4
f 675/1086/4 673/1083/4 364/556/4
f 677/1088/4 355/538/4 679/1092/4
f 336/499/4 649/1045/4 651/1048/4
f 334/495/4 647/1042/4 649/1045/4
f 332/491/4 645/1039/4 647/1042/4
f 327/480/4 627/1012/4 631/1019/4
f 320/466/4 615/994/4 623/1007/4
f 313/452/4 603/975/4 609/986/4
f 339/505/4 651/1048/4 695/1115/4
f 693/1113/4 687/1104/4 345/518/4
f 691/1109/4 693/1113/4 343/513/4
f 689/1107/345 688/1105/344 684/1099/394
f 615/995/395 614/993/419 622/1005/396
f 563/891/6 564/893/6 901/1410/6
f 564/893/6 892/1392/6 893/1395/6
f 564/893/6 893/1395/6 901/1410/6
f 539/841/6 567/899/6 903/1414/6
f 567/899/6 563/891/6 900/1408/6
f 916/1441/6 1092/1694/6 917/1442/6
f 1092/1694/6 539/841/6 911/1430/6
f 917/1442/6 1092/1694/6 920/1449/6
f 920/1449/6 1092/1694/6 921/1450/6
f 563/891/6 901/1410/6 900/1408/6
f 921/1450/6 1092/1694/6 912/1432/6
f 912/1432/6 1092/1694/6 911/1430/6
f 567/899/6 900/1408/6 902/1413/6
f 567/899/6 902/1413/6 903/1414/6
f 539/841/6 903/1414/6 904/1417/6
f 910/1428/6 911/1430/6 539/841/6
f 539/841/6 904/1417/6 909/1426/6
f 683/1098/372 682/1096/371 674/1084/397
f 632/1020/398 636/1026/379 637/1028/381
f 616/996/399 610/987/389 611/989/390
f 645/1040/384 644/1038/383 646/1041/401
f 651/1049/403 650/1047/429 694/1114/404
f 638/1029/406 634/1023/362 635/1025/364
f 662/1065/407 660/1062/411 661/1064/408
f 691/1110/409 690/1108/420 692/1111/410
f 660/1062/411 658/1059/416 659/1061/412
f 607/983/354 606/980/354 602/974/413
f 672/1081/350 670/1077/431 671/1079/415
f 658/1059/416 656/1056/340 657/1058/342
f 647/1043/402 646/1041/401 648/1044/417
f 613/992/393 612/990/392 614/993/419
f 695/1116/405 694/1114/404 690/1108/420
f 620/1002/421 616/996/399 617/998/400
f 677/1089/367 676/1087/366 680/1093/422
f 603/976/414 602/974/413 608/984/423
f 624/1008/424 618/999/373 619/1001/375
f 642/1035/426 624/1008/424 625/1010/425
f 627/1013/427 626/1011/430 630/1017/428
f 649/1046/418 648/1044/417 650/1047/429
f 629/1016/378 628/1014/377 626/1011/430
f 670/1077/431 668/1074/351 669/1076/352
f 1074/1662/4 1068/1656/4 420/678/4
f 702/1123/4 703/1124/4 701/1122/4
f 723/1162/432 141/174/515 142/176/433
f 89/89/435 88/88/649 882/1372/436
f 804/1274/438 69/69/438 68/68/439
f 903/1415/441 10/10/441 9/9/442
f 806/1278/440 68/68/439 67/67/443
f 214/320/445 215/322/446 876/1365/446
f 898/1404/448 94/94/541 93/93/449
f 862/1348/451 82/82/451 81/81/452
f 850/1331/453 194/280/673 195/282/454
f 9/9/442 8/8/667 909/1427/455
f 178/248/456 179/250/714 770/1221/457
f 153/198/458 154/200/525 744/1188/459
f 80/80/461 79/79/462 794/1254/462
f 43/43/464 42/42/626 717/1152/465
f 754/1200/466 53/53/466 52/52/467
f 157/206/469 158/208/700 745/1189/470
f 33/33/471 32/32/485 707/1132/472
f 38/38/473 37/37/572 712/1142/474
f 117/126/476 118/128/477 834/1315/477
f 865/1354/479 114/120/479 115/122/480
f 112/116/482 113/118/641 866/1355/483
f 32/32/485 31/31/570 706/1130/486
f 805/1276/444 67/67/443 66/66/487
f 144/180/489 145/182/498 727/1166/490
f 2/2/492 1/1/775 916/1440/493
f 155/202/495 156/204/496 746/1190/496
f 145/182/498 146/184/686 730/1169/499
f 915/1438/500 102/102/758 101/101/501
f 829/1310/502 120/132/533 121/134/503
f 836/1317/504 208/308/737 209/310/505
f 690/1108/6 694/1114/6 763/1211/6
f 694/1114/6 765/1213/6 764/1212/6
f 763/1211/6 694/1114/6 764/1212/6
f 763/1211/6 762/1210/6 690/1108/6
f 762/1210/6 761/1209/6 690/1108/6
f 761/1209/6 760/1208/6 692/1111/6
f 760/1208/6 759/1207/6 692/1111/6
f 759/1207/6 758/1206/6 686/1102/6
f 758/1206/6 757/1205/6 686/1102/6
f 757/1205/6 777/1228/6 686/1102/6
f 777/1228/6 776/1227/6 688/1105/6
f 776/1227/6 775/1226/6 688/1105/6
f 775/1226/6 774/1225/6 684/1099/6
f 688/1105/6 775/1226/6 684/1099/6
f 774/1225/6 773/1224/6 684/1099/6
f 773/1224/6 772/1223/6 678/1090/6
f 684/1099/6 773/1224/6 678/1090/6
f 772/1223/6 770/1221/6 678/1090/6
f 770/1221/6 769/1220/6 678/1090/6
f 769/1220/6 771/1222/6 676/1087/6
f 771/1222/6 786/1239/6 676/1087/6
f 786/1239/6 785/1238/6 680/1093/6
f 785/1238/6 784/1237/6 680/1093/6
f 784/1237/6 783/1236/6 682/1096/6
f 783/1236/6 782/1235/6 682/1096/6
f 782/1235/6 780/1233/6 682/1096/6
f 780/1233/6 781/1234/6 674/1084/6
f 781/1234/6 853/1334/6 674/1084/6
f 853/1334/6 855/1336/6 672/1080/6
f 855/1336/6 854/1335/6 672/1080/6
f 854/1335/6 856/1337/6 672/1080/6
f 672/1080/6 674/1084/6 853/1334/6
f 674/1084/6 682/1096/6 780/1233/6
f 676/1087/6 786/1239/6 680/1093/6
f 777/1228/6 688/1105/6 686/1102/6
f 692/1111/6 690/1108/6 761/1209/6
f 759/1207/6 686/1102/6 692/1111/6
f 784/1237/6 682/1096/6 680/1093/6
f 134/160/506 135/162/769 820/1301/507
f 724/1163/509 138/168/659 139/170/510
f 3/3/512 2/2/492 917/1443/494
f 868/1357/481 115/122/480 116/124/513
f 722/1161/514 140/172/762 141/174/515
f 726/1165/434 142/176/433 143/178/516
f 895/1398/517 97/97/517 96/96/518
f 152/196/520 153/198/458 742/1186/460
f 63/63/522 62/62/523 788/1242/523
f 154/200/525 155/202/495 741/1185/497
f 125/142/526 126/144/720 826/1307/527
f 14/14/529 13/13/1780 901/1411/530
f 833/1314/532 119/130/643 120/132/533
f 209/310/505 210/312/534 877/1366/534
f 857/1338/535 87/87/535 86/86/536
f 711/1140/537 36/36/537 35/35/538
f 897/1402/540 95/95/784 94/94/541
f 205/302/542 206/304/543 840/1321/543
f 81/81/452 80/80/461 793/1252/463
f 860/1344/544 84/84/544 83/83/545
f 831/1312/546 123/138/546 124/140/547
f 762/1210/548 167/226/548 168/228/549
f 864/1353/551 21/21/707 20/20/552
f 187/266/553 188/268/554 781/1234/554
f 203/298/556 204/300/557 838/1319/557
f 77/77/559 76/76/760 797/1260/560
f 169/230/562 170/232/563 759/1207/563
f 757/1205/564 172/236/660 173/238/565
f 876/1365/446 215/322/446 216/324/567
f 195/282/454 196/284/636 846/1327/569
f 31/31/570 30/30/746 705/1128/571
f 37/37/572 36/36/537 711/1140/537
f 162/216/573 163/218/574 752/1196/574
f 899/1406/450 93/93/449 92/92/576
f 852/1333/578 192/276/748 193/278/579
f 48/48/581 47/47/582 732/1172/582
f 807/1280/488 66/66/487 65/65/583
f 183/258/585 184/260/609 784/1237/586
f 736/1180/588 51/51/705 50/50/589
f 116/124/513 117/126/476 835/1316/478
f 886/1381/591 17/17/591 16/16/592
f 121/134/503 122/136/765 832/1313/594
f 182/256/595 183/258/585 785/1238/587
f 777/1228/566 173/238/565 174/240/597
f 779/1231/598 59/59/598 58/58/599
f 161/214/601 162/216/573 751/1195/575
f 794/1254/462 79/79/462 78/78/602
f 809/1285/603 27/27/690 26/26/604
f 838/1319/557 204/300/557 205/302/542
f 848/1329/606 198/288/606 199/290/607
f 184/260/609 185/262/680 783/1236/610
f 90/90/611 89/89/435 881/1370/437
f 819/1299/612 818/1298/675 133/158/1781
f 133/158/1781 134/160/506 819/1299/612
f 143/178/516 144/180/489 728/1167/491
f 734/1176/613 49/49/764 48/48/581
f 29/29/614 28/28/615 808/1283/615
f 781/1234/554 188/268/554 189/270/617
f 874/1363/568 216/324/567 109/110/619
f 767/1216/621 57/57/688 56/56/622
f 73/73/623 72/72/777 801/1268/624
f 42/42/626 41/41/752 716/1150/627
f 151/194/628 152/196/520 743/1187/521
f 6/6/629 5/5/783 912/1433/630
f 878/1367/632 212/316/632 213/318/633
f 759/1207/563 170/232/563 171/234/634
f 196/284/636 197/286/778 847/1328/637
f 773/1224/638 177/246/694 178/248/456
f 719/1156/639 44/44/639 43/43/464
f 54/54/640 53/53/466 754/1200/466
f 113/118/641 114/120/479 865/1354/479
f 788/1242/523 62/62/523 61/61/642
f 834/1315/477 118/128/477 119/130/643
f 175/242/644 176/244/645 774/1225/645
f 840/1321/543 206/304/543 207/306/647
f 88/88/649 87/87/535 857/1338/535
f 821/1302/650 128/148/650 129/150/651
f 166/224/653 167/226/548 762/1210/548
f 787/1240/584 65/65/583 64/64/655
f 737/1181/656 150/192/695 151/194/628
f 921/1451/657 4/4/657 3/3/512
f 815/1295/658 137/166/743 138/168/659
f 758/1206/635 171/234/634 172/236/660
f 738/1182/661 148/188/759 149/190/662
f 71/71/664 70/70/699 803/1272/665
f 8/8/667 7/7/756 910/1429/668
f 39/39/669 38/38/473 713/1144/475
f 877/1366/534 210/312/534 211/314/671
f 20/20/552 19/19/732 884/1377/672
f 851/1332/580 193/278/579 194/280/673
f 132/156/674 133/158/1781 818/1298/675
f 46/46/676 45/45/723 720/1158/677
f 213/318/633 214/320/445 873/1362/447
f 18/18/678 17/17/591 886/1381/591
f 185/262/680 186/264/717 782/1235/681
f 86/86/536 85/85/718 859/1342/682
f 749/1193/683 160/212/716 161/214/601
f 83/83/545 82/82/451 862/1348/451
f 211/314/671 212/316/632 878/1367/632
f 40/40/684 39/39/669 714/1146/670
f 146/184/686 147/186/687 731/1170/687
f 766/1214/600 58/58/599 57/57/688
f 101/101/501 100/100/725 906/1420/689
f 808/1283/615 28/28/615 27/27/690
f 111/114/691 112/116/482 869/1358/484
f 181/254/692 182/256/595 786/1239/596
f 774/1225/645 176/244/645 177/246/694
f 740/1184/663 149/190/662 150/192/695
f 755/1201/696 55/55/696 54/54/640
f 710/1138/539 35/35/538 34/34/697
f 70/70/699 69/69/438 804/1274/438
f 124/140/547 125/142/526 825/1306/528
f 158/208/700 159/210/701 748/1192/701
f 842/1323/702 200/292/747 201/294/703
f 753/1198/468 52/52/467 51/51/705
f 863/1351/706 22/22/763 21/21/707
f 107/107/708 106/106/709 922/1452/709
f 872/1361/620 109/110/619 110/112/710
f 709/1136/698 34/34/697 33/33/471
f 923/1454/712 105/105/781 104/104/713
f 179/250/714 180/252/745 769/1220/715
f 748/1192/701 159/210/701 160/212/716
f 732/1172/582 47/47/582 46/46/676
f 186/264/717 187/266/553 780/1233/555
f 85/85/718 84/84/544 860/1344/544
f 61/61/642 60/60/744 778/1229/719
f 126/144/720 127/146/727 827/1308/721
f 202/296/722 203/298/556 841/1322/558
f 45/45/723 44/44/639 719/1156/639
f 870/1359/711 110/112/710 111/114/691
f 888/1384/724 91/91/768 90/90/611
f 100/100/725 99/99/779 907/1422/726
f 127/146/727 128/148/650 821/1302/650
f 74/74/728 73/73/623 800/1266/625
f 632/1020/6 634/1023/6 870/1359/6
f 634/1023/6 872/1361/6 870/1359/6
f 870/1359/6 871/1360/6 632/1020/6
f 871/1360/6 869/1358/6 632/1020/6
f 869/1358/6 866/1355/6 632/1020/6
f 866/1355/6 865/1354/6 636/1026/6
f 865/1354/6 868/1357/6 636/1026/6
f 868/1357/6 867/1356/6 636/1026/6
f 867/1356/6 835/1316/6 640/1032/6
f 636/1026/6 867/1356/6 640/1032/6
f 835/1316/6 834/1315/6 640/1032/6
f 834/1315/6 833/1314/6 640/1032/6
f 833/1314/6 829/1310/6 642/1035/6
f 829/1310/6 830/1311/6 642/1035/6
f 830/1311/6 832/1313/6 624/1008/6
f 832/1313/6 831/1312/6 624/1008/6
f 831/1312/6 828/1309/6 624/1008/6
f 828/1309/6 825/1306/6 618/999/6
f 825/1306/6 826/1307/6 618/999/6
f 826/1307/6 827/1308/6 618/999/6
f 827/1308/6 821/1302/6 620/1002/6
f 821/1302/6 822/1303/6 620/1002/6
f 822/1303/6 824/1305/6 616/996/6
f 824/1305/6 823/1304/6 610/987/6
f 823/1304/6 817/1297/6 610/987/6
f 817/1297/6 818/1298/6 604/977/6
f 818/1298/6 819/1299/6 604/977/6
f 819/1299/6 606/980/6 604/977/6
f 824/1305/6 610/987/6 616/996/6
f 817/1297/6 604/977/6 610/987/6
f 618/999/6 827/1308/6 620/1002/6
f 828/1309/6 618/999/6 624/1008/6
f 640/1032/6 833/1314/6 642/1035/6
f 636/1026/6 632/1020/6 866/1355/6
f 822/1303/6 616/996/6 620/1002/6
f 98/98/730 97/97/517 895/1398/517
f 19/19/732 18/18/678 885/1379/679
f 843/1324/704 201/294/703 202/296/722
f 900/1409/733 12/12/770 11/11/734
f 752/1196/574 163/218/574 164/220/735
f 837/1318/648 207/306/647 208/308/737
f 24/24/738 23/23/739 813/1293/739
f 890/1389/593 16/16/592 15/15/740
f 814/1294/742 136/164/742 137/166/743
f 60/60/744 59/59/598 779/1231/598
f 180/252/745 181/254/692 771/1222/693
f 56/56/622 55/55/696 755/1201/696
f 30/30/746 29/29/614 704/1126/616
f 845/1326/608 199/290/607 200/292/747
f 174/240/597 175/242/644 775/1226/646
f 856/1337/749 854/1335/755 191/274/754
f 191/274/754 192/276/748 856/1337/749
f 811/1289/750 25/25/766 24/24/738
f 165/222/751 166/224/653 763/1211/654
f 41/41/752 40/40/684 715/1148/685
f 855/1336/753 190/272/773 191/274/754
f 7/7/756 6/6/629 911/1431/631
f 914/1436/757 103/103/757 102/102/758
f 731/1170/687 147/186/687 148/188/759
f 76/76/760 75/75/780 798/1262/761
f 725/1164/511 139/170/510 140/172/762
f 11/11/734 10/10/441 903/1415/441
f 813/1293/739 23/23/739 22/22/763
f 735/1178/590 50/50/589 49/49/764
f 122/136/765 123/138/546 831/1312/546
f 810/1287/605 26/26/604 25/25/766
f 823/1304/767 131/154/782 132/156/674
f 765/1213/736 164/220/735 165/222/751
f 887/1382/577 92/92/576 91/91/768
f 135/162/769 136/164/742 814/1294/742
f 901/1411/530 13/13/1780 12/12/770
f 761/1209/550 168/228/549 169/230/562
f 822/1303/652 129/150/651 130/152/771
f 853/1334/618 189/270/617 190/272/773
f 78/78/602 77/77/559 796/1258/561
f 892/1393/774 891/1391/741 15/15/740
f 15/15/740 14/14/529 892/1393/774
f 1/1/775 108/108/776 918/1444/776
f 72/72/777 71/71/664 802/1270/666
f 197/286/778 198/288/606 848/1329/606
f 99/99/779 98/98/730 908/1424/731
f 75/75/780 74/74/728 799/1264/729
f 922/1452/709 106/106/709 105/105/781
f 918/1444/776 108/108/776 107/107/708
f 64/64/655 63/63/522 789/1244/524
f 824/1305/772 130/152/771 131/154/782
f 5/5/783 4/4/657 921/1451/657
f 896/1400/785 894/1396/519 96/96/518
f 96/96/518 95/95/784 896/1400/785
f 104/104/713 103/103/757 914/1436/757
f 746/1190/496 156/204/496 157/206/469
f 789/1245/6 788/1243/6 571/909/6
f 571/909/6 570/906/6 790/1247/6
f 570/906/6 588/945/6 790/1247/6
f 571/909/6 790/1247/6 789/1245/6
f 588/945/6 586/941/6 787/1241/6
f 586/941/6 587/943/6 807/1281/6
f 588/945/6 787/1241/6 790/1247/6
f 587/943/6 585/939/6 805/1277/6
f 585/939/6 584/937/6 806/1279/6
f 584/937/6 583/935/6 804/1275/6
f 583/935/6 582/933/6 803/1273/6
f 582/933/6 601/973/6 802/1271/6
f 601/973/6 600/971/6 801/1269/6
f 600/971/6 599/969/6 799/1265/6
f 599/969/6 598/967/6 798/1263/6
f 797/1261/6 598/967/6 597/965/6
f 597/965/6 596/963/6 796/1259/6
f 796/1259/6 595/961/6 795/1257/6
f 596/963/6 595/961/6 796/1259/6
f 595/961/6 589/948/6 862/1349/6
f 858/1341/6 589/948/6 857/1339/6
f 589/948/6 594/958/6 857/1339/6
f 594/958/6 593/956/6 857/1339/6
f 593/956/6 592/954/6 882/1373/6
f 592/954/6 591/952/6 881/1371/6
f 593/956/6 882/1373/6 857/1339/6
f 591/952/6 590/950/6 889/1387/6
f 590/950/6 581/931/6 888/1385/6
f 581/931/6 580/929/6 887/1383/6
f 580/929/6 579/927/6 899/1407/6
f 579/927/6 578/925/6 898/1405/6
f 578/925/6 577/923/6 896/1401/6
f 577/923/6 576/921/6 896/1401/6
f 896/1401/6 897/1403/6 578/925/6
f 888/1385/6 581/931/6 887/1383/6
f 899/1407/6 579/927/6 898/1405/6
f 889/1387/6 590/950/6 888/1385/6
f 881/1371/6 591/952/6 889/1387/6
f 589/948/6 858/1341/6 859/1343/6
f 598/967/6 797/1261/6 798/1263/6
f 794/1255/6 595/961/6 793/1253/6
f 806/1279/6 584/937/6 804/1275/6
f 803/1273/6 582/933/6 802/1271/6
f 805/1277/6 585/939/6 806/1279/6
f 807/1281/6 587/943/6 805/1277/6
f 787/1241/6 586/941/6 807/1281/6
f 595/961/6 794/1255/6 795/1257/6
f 882/1373/6 592/954/6 881/1371/6
f 897/1403/6 898/1405/6 578/925/6
f 589/948/6 859/1343/6 860/1345/6
f 899/1407/6 887/1383/6 580/929/6
f 804/1275/6 583/935/6 803/1273/6
f 802/1271/6 601/973/6 801/1269/6
f 589/948/6 860/1345/6 861/1347/6
f 800/1267/6 801/1269/6 600/971/6
f 589/948/6 861/1347/6 862/1349/6
f 799/1265/6 800/1267/6 600/971/6
f 798/1263/6 799/1265/6 599/969/6
f 595/961/6 862/1349/6 792/1251/6
f 595/961/6 792/1251/6 793/1253/6
f 931/1469/786 935/1478/1782 934/1476/786
f 420/678/4 1068/1656/4 1067/1655/4
f 1067/1655/4 1069/1657/4 448/727/4
f 1069/1657/4 447/726/4 448/727/4
f 510/789/4 511/790/4 417/671/4
f 509/788/4 510/789/4 417/671/4
f 1067/1655/4 448/727/4 462/741/4
f 1067/1655/4 462/741/4 460/739/4
f 508/787/4 509/788/4 417/671/4
f 507/786/4 508/787/4 417/671/4
f 1067/1655/4 460/739/4 461/740/4
f 1067/1655/4 461/740/4 458/737/4
f 506/785/4 507/786/4 417/671/4
f 505/784/4 506/785/4 417/671/4
f 1067/1655/4 458/737/4 459/738/4
f 1067/1655/4 459/738/4 457/736/4
f 504/783/4 505/784/4 417/671/4
f 503/782/4 504/783/4 417/671/4
f 420/678/4 1067/1655/4 470/749/4
f 1067/1655/4 457/736/4 471/750/4
f 1067/1655/4 471/750/4 472/751/4
f 502/781/4 503/782/4 417/671/4
f 501/780/4 502/781/4 417/671/4
f 1067/1655/4 472/751/4 469/748/4
f 1067/1655/4 469/748/4 470/749/4
f 500/779/4 501/780/4 417/671/4
f 493/772/4 500/779/4 417/671/4
f 420/678/4 470/749/4 478/757/4
f 492/771/4 493/772/4 417/671/4
f 491/770/4 492/771/4 417/671/4
f 420/678/4 478/757/4 479/758/4
f 417/671/4 420/678/4 479/758/4
f 490/769/4 491/770/4 417/671/4
f 489/768/4 490/769/4 417/671/4
f 417/671/4 479/758/4 480/759/4
f 417/671/4 480/759/4 481/760/4
f 483/762/4 489/768/4 417/671/4
f 417/671/4 481/760/4 482/761/4
f 949/1501/788 945/1496/910 946/1497/789
f 925/1460/5 217/325/5 221/329/5
f 537/834/5 934/1476/5 254/362/5
f 934/1476/5 935/1478/5 252/360/5
f 926/1461/791 933/1474/1783 936/1479/791
f 1065/1653/793 217/325/1784 925/1460/794
f 1066/1654/796 941/1488/1785 943/1493/796
f 948/1500/798 946/1497/1786 947/1499/798
f 984/1548/4 967/1526/4 961/1517/4
f 953/1509/799 978/1541/1787 968/1527/800
f 969/1528/802 977/1540/802 975/1537/802
f 954/1510/803 1007/1579/1788 986/1550/804
f 1006/1578/4 1010/1582/4 993/1560/4
f 955/1511/806 1004/1575/1787 994/1561/800
f 995/1562/802 1003/1574/802 1001/1571/802
f 1012/1584/807 1032/1612/1789 956/1512/807
f 1014/1586/4 1019/1594/4 1035/1615/4
f 957/1513/809 1036/1616/1790 1021/1596/810
f 1026/1604/812 1030/1609/812 1020/1595/812
f 1038/1618/807 1058/1646/1789 958/1514/813
f 1059/1647/4 1040/1620/4 1045/1628/4
f 959/1515/814 1062/1650/1790 1047/1630/815
f 1039/1619/812 1052/1638/812 1056/1643/812
f 960/1516/816 963/1519/875 964/1520/817
f 965/1522/819 964/1520/1791 963/1519/820
f 966/1525/822 964/1521/1792 965/1523/823
f 970/1529/825 971/1530/1793 973/1534/826
f 968/1527/828 972/1533/872 971/1530/829
f 973/1535/831 971/1531/1794 972/1532/832
f 986/1550/834 989/1553/884 990/1554/835
f 991/1556/819 990/1554/1791 989/1553/820
f 992/1559/836 990/1555/1795 991/1557/837
f 996/1563/825 997/1564/1793 999/1568/826
f 994/1561/828 998/1567/872 997/1564/839
f 999/1569/840 997/1565/1796 998/1566/832
f 1012/1584/842 1015/1588/890 1016/1590/843
f 1017/1591/845 1016/1589/1797 1015/1587/846
f 1018/1593/848 1016/1590/1798 1017/1592/849
f 1022/1598/851 1023/1600/1799 1025/1603/852
f 1024/1601/854 1023/1599/1800 1022/1597/855
f 1021/1596/857 1025/1603/899 1023/1600/858
f 1038/1618/842 1041/1622/890 1042/1624/860
f 1043/1626/861 1042/1623/1801 1041/1621/862
f 1044/1627/848 1042/1624/1798 1043/1625/849
f 1048/1632/851 1049/1634/1799 1051/1637/852
f 1050/1635/854 1049/1633/1802 1048/1631/864
f 1047/1630/857 1051/1637/899 1049/1634/866
f 974/1536/867 960/1516/816 966/1524/818
f 976/1539/869 966/1525/822 962/1518/824
f 961/1517/821 967/1526/827 973/1534/826
f 973/1535/831 969/1528/833 962/1518/824
f 978/1541/871 979/1542/1803 972/1533/872
f 979/1543/873 977/1540/1804 969/1528/833
f 981/1545/874 982/1546/1805 963/1519/875
f 963/1519/820 982/1546/1806 980/1544/876
f 983/1547/877 968/1527/828 970/1529/830
f 970/1529/825 967/1526/827 984/1548/879
f 1000/1570/867 986/1550/834 992/1558/818
f 1002/1573/869 992/1559/836 988/1552/838
f 987/1551/821 993/1560/827 999/1568/826
f 991/1557/837 999/1569/840 995/1562/841
f 1004/1575/881 1005/1576/1807 998/1567/872
f 1005/1577/882 1003/1574/1804 995/1562/841
f 1007/1579/883 1008/1580/1808 989/1553/884
f 989/1553/820 1008/1580/1809 1006/1578/885
f 1009/1581/886 994/1561/828 996/1563/830
f 996/1563/825 993/1560/827 1010/1582/879
f 1013/1585/847 1015/1587/846 1028/1607/888
f 1015/1588/890 1012/1584/842 1027/1605/891
f 1013/1585/847 1020/1595/856 1022/1597/855
f 1022/1598/851 1019/1594/853 1014/1586/850
f 1020/1595/856 1030/1609/1810 1031/1610/893
f 1024/1602/859 1031/1611/1811 1029/1608/894
f 1033/1613/895 1034/1614/1812 1018/1593/848
f 1018/1593/844 1034/1614/1813 1032/1612/896
f 1035/1615/897 1019/1594/853 1025/1603/852
f 1025/1603/899 1021/1596/857 1036/1616/900
f 1039/1619/863 1041/1621/862 1054/1641/902
f 1041/1622/890 1038/1618/842 1053/1639/891
f 1046/1629/865 1048/1631/864 1043/1626/861
f 1048/1632/851 1045/1628/853 1040/1620/850
f 1046/1629/865 1056/1643/1810 1057/1644/903
f 1050/1636/859 1057/1645/1814 1055/1642/904
f 1059/1647/905 1060/1648/1815 1044/1627/848
f 1044/1627/844 1060/1648/1816 1058/1646/906
f 1061/1649/907 1045/1628/853 1051/1637/852
f 1051/1637/899 1047/1630/857 1062/1650/908
f 952/1508/909 981/1545/1788 960/1516/803
f 219/327/7 945/1496/7 944/1495/7
f 945/1496/910 244/352/6 243/351/6
f 249/357/6 250/358/6 946/1497/789
f 946/1497/789 243/351/6 248/356/6
f 946/1497/789 248/356/6 247/355/6
f 246/354/6 249/357/6 946/1497/789
f 946/1497/789 247/355/6 245/353/6
f 261/369/6 259/367/6 941/1488/914
f 941/1488/914 940/1487/11 261/369/6
f 218/326/7 572/911/7 943/1493/7
f 273/381/6 282/390/6 218/326/6
f 218/326/6 941/1488/914 280/388/6
f 941/1488/914 259/367/6 280/388/6
f 274/382/6 273/381/6 218/326/6
f 275/383/6 274/382/6 218/326/6
f 218/326/6 280/388/6 279/387/6
f 218/326/6 279/387/6 277/385/6
f 276/384/6 275/383/6 218/326/6
f 218/326/6 277/385/6 278/386/6
f 949/1501/911 950/1503/917 944/1495/912
f 948/1500/7 951/1507/7 950/1504/7
f 398/626/6 538/838/6 933/1475/6
f 538/838/6 936/1480/6 933/1475/6
f 924/1458/6 399/629/6 927/1463/6
f 399/629/6 398/626/6 927/1463/6
f 537/835/6 540/844/6 932/1471/6
f 540/844/6 927/1463/6 932/1471/6
f 398/626/6 933/1475/6 932/1471/6
f 932/1471/6 934/1477/6 537/835/6
f 941/1488/914 1066/1654/1817 1064/1652/915
f 939/1486/916 940/1487/1818 1064/1652/916
f 1066/1654/7 942/1491/7 938/1484/7
f 385/598/918 386/601/25 439/718/26
f 931/1469/919 926/1461/1819 937/1481/8
f 928/1465/921 930/1468/12 217/325/922
f 928/1465/924 927/1464/1820 929/1467/925
f 1076/1665/6 546/857/6 538/838/6
f 1090/1690/6 569/904/6 573/915/6
f 926/1461/5 931/1469/5 932/1472/5
f 225/333/1821 226/334/1821 221/329/6
f 221/329/6 240/348/6 239/347/6
f 221/329/6 239/347/6 223/331/6
f 224/332/6 225/333/1821 221/329/6
f 221/329/6 223/331/6 222/330/6
f 217/325/922 930/1468/12 238/346/6
f 698/1119/927 1067/1655/927 1068/1656/927
f 699/1120/928 1069/1657/928 1067/1655/928
f 702/1123/929 700/1121/929 1070/1658/929
f 701/1122/927 1072/1660/927 1070/1658/927
f 703/1124/928 1073/1661/928 1072/1660/928
f 702/1123/930 1071/1659/930 1073/1661/931
f 697/1118/929 696/1117/929 1068/1656/929
f 697/1118/930 1074/1662/930 1069/1657/930
f 1078/1669/10 1081/1674/10 1079/1670/10
f 1075/1663/6 394/616/6 572/912/6
f 546/857/6 1076/1665/6 1078/1668/6
f 1078/1668/6 1075/1663/6 571/909/6
f 768/1219/6 755/1202/6 1077/1667/6
f 1077/1667/6 571/909/6 778/1230/6
f 571/909/6 788/1243/6 791/1249/6
f 571/909/6 791/1249/6 778/1230/6
f 767/1217/6 768/1219/6 1077/1667/6
f 766/1215/6 767/1217/6 1077/1667/6
f 779/1232/6 766/1215/6 1077/1667/6
f 523/815/4 524/818/4 1079/1671/4
f 1079/1671/4 1081/1675/4 520/809/4
f 1081/1675/4 518/805/4 519/807/4
f 1081/1675/4 519/807/4 520/809/4
f 522/813/4 523/815/4 1079/1671/4
f 521/811/4 522/813/4 1079/1671/4
f 512/793/4 1080/1672/4 406/650/4
f 517/803/4 518/805/4 1081/1675/4
f 1081/1675/4 1080/1672/4 516/801/4
f 1080/1672/4 512/793/4 513/795/4
f 1080/1672/4 513/795/4 514/797/4
f 516/801/4 517/803/4 1081/1675/4
f 515/799/4 516/801/4 1080/1672/4
f 1078/1669/10 1076/1666/10 1080/1673/10
f 1075/1664/10 1079/1670/10 402/637/10
f 423/687/10 1082/1676/10 1083/1678/10
f 402/638/4 1079/1671/4 1082/1677/4
f 1083/1678/4 526/820/4 525/819/4
f 1083/1678/4 525/819/4 527/821/4
f 1070/1658/4 1072/1660/4 531/825/4
f 1072/1660/4 1083/1678/4 530/824/4
f 531/825/4 532/826/4 1070/1658/4
f 530/824/4 531/825/4 1072/1660/4
f 1083/1678/4 527/821/4 528/822/4
f 529/823/4 530/824/4 1083/1678/4
f 421/681/9 1087/1685/9 1088/1687/9
f 1086/1683/4 1085/1681/4 431/703/4
f 1085/1681/4 435/712/4 434/709/4
f 1085/1681/4 434/709/4 433/707/4
f 430/701/4 429/699/4 1086/1683/4
f 431/703/4 430/701/4 1086/1683/4
f 1085/1681/4 433/707/4 432/705/4
f 1084/1679/4 1086/1683/4 427/695/4
f 1086/1683/4 429/699/4 428/697/4
f 1086/1683/4 428/697/4 427/695/4
f 424/689/4 436/715/4 1084/1679/4
f 425/691/4 424/689/4 1084/1679/4
f 426/693/4 425/691/4 1084/1679/4
f 407/652/4 1084/1679/4 1087/1686/4
f 443/722/4 445/724/4 1088/1687/4
f 445/724/4 1074/1662/4 1088/1687/4
f 1088/1687/4 437/716/4 438/717/4
f 1088/1687/4 438/717/4 442/721/4
f 1091/1693/9 1086/1684/9 1084/1680/9
f 1089/1688/6 399/629/6 536/832/6
f 569/904/6 1090/1690/6 1091/1692/6
f 569/904/6 1092/1694/6 913/1435/6
f 1092/1694/6 916/1441/6 918/1445/6
f 1092/1694/6 918/1445/6 919/1447/6
f 575/919/6 574/917/6 907/1423/6
f 574/917/6 569/904/6 906/1421/6
f 905/1419/6 569/904/6 915/1439/6
f 896/1401/6 576/921/6 894/1397/6
f 576/921/6 575/919/6 895/1399/6
f 894/1397/6 576/921/6 895/1399/6
f 569/904/6 905/1419/6 906/1421/6
f 1092/1694/6 919/1447/6 922/1453/6
f 1092/1694/6 922/1453/6 923/1455/6
f 908/1425/6 895/1399/6 575/919/6
f 1092/1694/6 923/1455/6 913/1435/6
f 907/1423/6 908/1425/6 575/919/6
f 906/1421/6 907/1423/6 574/917/6
f 569/904/6 913/1435/6 914/1437/6
f 1091/1692/6 1089/1688/6 539/841/6
f 1091/1693/9 1090/1691/9 1085/1682/9
f 1089/1689/9 1084/1680/9 407/653/9
f 606/981/6 819/1300/6 816/1296/6
f 816/1296/6 820/1301/6 606/981/6
f 820/1301/6 814/1294/6 606/981/6
f 814/1294/6 815/1295/6 602/974/6
f 815/1295/6 724/1163/6 602/974/6
f 724/1163/6 725/1164/6 608/984/6
f 725/1164/6 722/1161/6 608/984/6
f 722/1161/6 723/1162/6 608/984/6
f 723/1162/6 726/1165/6 612/990/6
f 726/1165/6 729/1168/6 612/990/6
f 729/1168/6 728/1167/6 614/993/6
f 612/990/6 729/1168/6 614/993/6
f 728/1167/6 727/1166/6 614/993/6
f 727/1166/6 730/1169/6 622/1005/6
f 730/1169/6 731/1170/6 622/1005/6
f 731/1170/6 738/1182/6 628/1014/6
f 622/1005/6 731/1170/6 628/1014/6
f 738/1182/6 740/1184/6 628/1014/6
f 740/1184/6 737/1181/6 628/1014/6
f 737/1181/6 739/1183/6 626/1011/6
f 739/1183/6 743/1187/6 626/1011/6
f 743/1187/6 742/1186/6 630/1017/6
f 742/1186/6 744/1188/6 630/1017/6
f 744/1188/6 741/1185/6 644/1038/6
f 741/1185/6 746/1190/6 644/1038/6
f 746/1190/6 747/1191/6 644/1038/6
f 747/1191/6 745/1189/6 646/1041/6
f 745/1189/6 748/1192/6 646/1041/6
f 748/1192/6 749/1193/6 648/1044/6
f 646/1041/6 748/1192/6 648/1044/6
f 749/1193/6 750/1194/6 648/1044/6
f 750/1194/6 751/1195/6 650/1047/6
f 648/1044/6 750/1194/6 650/1047/6
f 751/1195/6 752/1196/6 650/1047/6
f 752/1196/6 765/1213/6 650/1047/6
f 765/1213/6 694/1114/6 650/1047/6
f 747/1191/6 646/1041/6 644/1038/6
f 628/1014/6 737/1181/6 626/1011/6
f 727/1166/6 622/1005/6 614/993/6
f 723/1162/6 612/990/6 608/984/6
f 602/974/6 606/981/6 814/1294/6
f 724/1163/6 608/984/6 602/974/6
f 744/1188/6 644/1038/6 630/1017/6
f 672/1081/6 856/1337/6 670/1077/6
f 856/1337/6 852/1333/6 670/1077/6
f 852/1333/6 851/1332/6 670/1077/6
f 851/1332/6 850/1331/6 668/1074/6
f 850/1331/6 849/1330/6 668/1074/6
f 849/1330/6 846/1327/6 668/1074/6
f 846/1327/6 847/1328/6 666/1071/6
f 847/1328/6 848/1329/6 666/1071/6
f 848/1329/6 845/1326/6 664/1068/6
f 845/1326/6 842/1323/6 664/1068/6
f 842/1323/6 843/1324/6 664/1068/6
f 843/1324/6 844/1325/6 662/1065/6
f 844/1325/6 841/1322/6 662/1065/6
f 841/1322/6 838/1319/6 660/1062/6
f 662/1065/6 841/1322/6 660/1062/6
f 838/1319/6 839/1320/6 660/1062/6
f 839/1320/6 840/1321/6 660/1062/6
f 840/1321/6 837/1318/6 658/1059/6
f 837/1318/6 836/1317/6 658/1059/6
f 836/1317/6 880/1369/6 658/1059/6
f 880/1369/6 877/1366/6 656/1056/6
f 877/1366/6 879/1368/6 656/1056/6
f 879/1368/6 878/1367/6 652/1050/6
f 878/1367/6 875/1364/6 652/1050/6
f 875/1364/6 873/1362/6 654/1053/6
f 873/1362/6 876/1365/6 638/1029/6
f 876/1365/6 874/1363/6 638/1029/6
f 874/1363/6 872/1361/6 634/1023/6
f 874/1363/6 634/1023/6 638/1029/6
f 875/1364/6 654/1053/6 652/1050/6
f 654/1053/6 873/1362/6 638/1029/6
f 880/1369/6 656/1056/6 658/1059/6
f 879/1368/6 652/1050/6 656/1056/6
f 660/1062/6 840/1321/6 658/1059/6
f 843/1324/6 662/1065/6 664/1068/6
f 666/1071/6 848/1329/6 664/1068/6
f 851/1332/6 668/1074/6 670/1077/6
f 392/612/225 1093/1696/4 1094/1698/4
f 413/664/4 414/665/4 1096/1704/4
f 393/613/932 1094/1698/4 1096/1704/4
f 413/664/4 1095/1701/4 1093/1696/4
f 1098/1706/933 1100/1708/4 1099/1707/4
f 413/664/227 1099/1707/226 1100/1708/935
f 414/665/936 1100/1708/935 1098/1706/933
f 393/613/932 1098/1706/933 1097/1705/934
s 0
f 1626/2954/937 2103/4141/937 2104/4142/937
f 1140/1756/938 2078/4116/938 2077/4115/938
f 1139/1754/939 2077/4115/939 2076/4114/939
f 1684/3039/940 2127/4165/940 2128/4166/940
f 1138/1752/941 2076/4114/941 2075/4113/941
f 1683/3037/942 2126/4164/942 2127/4165/942
f 1682/3036/943 2125/4163/943 2126/4164/943
f 1193/1831/944 1152/1780/944 2069/4107/944
f 1137/1750/945 2075/4113/945 2074/4112/945
f 1679/3030/946 2123/4161/946 2124/4162/946
f 1193/1831/947 2100/4138/947 2089/4127/947
f 1136/1748/948 2074/4112/948 2073/4111/948
f 1593/2919/949 1146/1768/949 2084/4122/949
f 1192/1829/950 1145/1767/950 2083/4121/950
f 1134/1744/951 2072/4110/951 2071/4109/951
f 1192/1829/952 2098/4136/952 2082/4120/952
f 1182/1811/1822 1131/1739/1822 1101/1709/1822
f 1154/1783/954 1153/1782/954 1101/1709/954
f 1155/1784/955 1154/1783/955 1102/1710/955
f 1156/1785/951 1155/1784/951 1103/1711/951
f 1157/1786/1823 1156/1785/1823 1104/1712/1823
f 1158/1787/957 1157/1786/957 1105/1713/957
f 1159/1788/958 1158/1787/958 1106/1714/958
f 1160/1789/948 1159/1788/948 1107/1715/948
f 1161/1790/945 1160/1789/945 1108/1716/945
f 1162/1791/941 1161/1790/941 1109/1717/941
f 1162/1791/939 1110/1718/939 1111/1719/939
f 1163/1792/938 1111/1719/938 1112/1720/938
f 1165/1794/1375 1164/1793/1375 1112/1720/1375
f 1166/1795/1824 1165/1794/1824 1113/1721/1824
f 1167/1796/961 1166/1795/961 1114/1722/961
f 1168/1797/962 1167/1796/962 1115/1723/962
f 1168/1797/963 1116/1724/963 1117/1725/963
f 1169/1798/964 1117/1725/964 1118/1726/964
f 1170/1799/965 1118/1726/965 1119/1727/965
f 1171/1800/966 1119/1727/966 1120/1728/966
f 1173/1802/967 1172/1801/967 1120/1728/967
f 1173/1802/952 1121/1729/952 1122/1730/952
f 1174/1803/950 1122/1730/950 1123/1731/950
f 1574/2888/968 2068/4106/968 1617/2945/968
f 1176/1805/969 1124/1732/969 1125/1733/969
f 1177/1806/970 1125/1733/970 1126/1734/970
f 1178/1807/971 1126/1734/971 1127/1735/971
f 1180/1809/972 1179/1808/972 1127/1735/972
f 1181/1810/973 1180/1809/973 1128/1736/973
f 1181/1810/947 1129/1737/947 1130/1738/947
f 1183/1812/944 1130/1738/944 1131/1739/944
f 1298/2289/974 1209/1848/974 1182/1811/974
f 1297/2288/975 1298/2289/975 1153/1782/975
f 1194/1833/1825 1297/2288/1825 1154/1783/1825
f 1195/1834/977 1194/1833/977 1155/1784/977
f 1196/1835/978 1195/1834/978 1156/1785/978
f 1296/2287/979 1196/1835/979 1157/1786/979
f 1295/2286/980 1296/2287/980 1158/1787/980
f 1295/2286/981 1159/1788/981 1160/1789/981
f 1197/1836/982 1160/1789/982 1161/1790/982
f 1294/2285/983 1161/1790/983 1162/1791/983
f 1198/1837/984 1162/1791/984 1163/1792/984
f 1293/2284/985 1163/1792/985 1164/1793/985
f 1292/2283/986 1164/1793/986 1165/1794/986
f 1291/2282/987 1165/1794/987 1166/1795/987
f 1290/2281/988 1166/1795/988 1167/1796/988
f 1199/1838/989 1167/1796/989 1168/1797/989
f 1200/1839/990 1168/1797/990 1169/1798/990
f 1289/2280/991 1169/1798/991 1170/1799/991
f 1201/1840/992 1170/1799/992 1171/1800/992
f 1202/1841/993 1171/1800/993 1172/1801/993
f 1288/2279/994 1172/1801/994 1173/1802/994
f 1287/2278/995 1173/1802/995 1174/1803/995
f 1203/1842/996 1174/1803/996 1175/1804/996
f 1204/1843/1826 1175/1804/1826 1574/2888/1826
f 1206/1845/998 1205/1844/998 1176/1805/998
f 1286/2277/1827 1206/1845/1827 1177/1806/1827
f 1207/1846/1828 1286/2277/1828 1178/1807/1828
f 1285/2276/1001 1207/1846/1001 1179/1808/1001
f 1208/1847/1829 1285/2276/1829 1180/1809/1829
f 1210/1849/1003 1208/1847/1003 1181/1810/1003
f 1209/1848/1004 1210/1849/1004 1183/1812/1004
f 1557/2871/1830 1184/1813/1830 1152/1781/1830
f 1211/1850/1831 1132/1740/1831 1184/1813/1831
f 1558/2872/1007 1133/1742/1007 1132/1740/1007
f 1559/2873/1008 1134/1745/1008 1133/1742/1008
f 1212/1851/1832 1185/1815/1832 1134/1745/1832
f 1560/2874/1010 1186/1817/1010 1185/1815/1010
f 1213/1852/1833 1135/1746/1833 1186/1817/1833
f 1213/1852/1012 1561/2875/1012 1136/1749/1012
f 1561/2875/1013 1562/2876/1013 1137/1751/1013
f 1562/2876/1014 1214/1853/1014 1138/1753/1014
f 1214/1853/1834 1563/2877/1834 1139/1755/1834
f 1563/2877/1835 1564/2878/1835 1140/1757/1835
f 1564/2878/1836 1215/1854/1836 1187/1819/1836
f 1215/1854/1837 1565/2879/1837 1141/1758/1837
f 1565/2879/1838 1216/1855/1838 1142/1760/1838
f 1216/1855/1839 1217/1856/1839 1188/1821/1839
f 1217/1856/1840 1566/2880/1840 1189/1823/1840
f 1566/2880/1022 1218/1857/1022 1190/1825/1022
f 1218/1857/1023 1567/2881/1023 1191/1827/1023
f 1567/2881/1841 1568/2882/1841 1143/1762/1841
f 1568/2882/1025 1569/2883/1025 1144/1764/1025
f 1569/2883/1842 1219/1858/1842 1192/1830/1842
f 1219/1858/1843 1220/1859/1843 1145/1766/1843
f 1221/1860/1844 1146/1769/1844 1593/2920/1844
f 1222/1861/1029 1147/1770/1029 1146/1769/1029
f 1570/2884/1030 1148/1772/1030 1147/1770/1030
f 1571/2885/1031 1149/1774/1031 1148/1772/1031
f 1572/2886/1032 1150/1776/1032 1149/1774/1032
f 1223/1862/1033 1151/1778/1033 1150/1776/1033
f 1573/2887/1845 1193/1832/1845 1151/1778/1845
f 1224/1863/1846 1152/1781/1846 1193/1832/1846
f 1232/1904/5 1230/1889/5 1724/3104/5
f 1419/2564/1036 1270/2185/1036 1257/2061/1036
f 1430/2615/1037 1420/2572/1037 1419/2565/1037
f 1436/2642/945 1419/2566/945 1420/2573/945
f 1256/2052/1039 1260/2085/1039 1261/2098/1039
f 1269/2179/1040 1283/2263/1040 1255/2044/1040
f 1273/2205/970 1274/2211/970 1262/2108/970
f 1270/2186/945 1257/2062/945 1278/2232/945
f 1280/2243/1041 1265/2132/1041 1257/2063/1041
f 1284/2269/1847 1262/2109/1847 1266/2142/1847
f 1266/2143/954 1279/2236/954 1271/2195/954
f 1265/2133/1043 1266/2144/1043 1259/2077/1043
f 1257/2064/1044 1265/2134/1044 1271/2197/1044
f 1270/2187/1045 1257/2065/1045 1281/2250/1045
f 1277/2227/1046 1240/1954/1046 1236/1933/1046
f 1261/2099/1047 1270/2188/1047 1272/2201/1047
f 1282/2257/1048 1258/2071/1048 1270/2189/1048
f 1276/2221/1049 1277/2228/1049 1261/2100/1049
f 1260/2086/1050 1276/2223/1050 1275/2215/1050
f 1283/2264/1051 1256/2053/1051 1260/2087/1051
f 1268/2166/1052 1263/2117/1052 1275/2216/1052
f 1255/2045/1053 1268/2167/1053 1762/3377/1053
f 1247/1999/1054 1248/2006/1054 1274/2212/1054
f 1262/2110/1055 1274/2213/1055 1279/2237/1055
f 1262/2111/1056 1284/2270/1056 1264/2122/1056
f 1267/2153/1057 1262/2112/1057 1413/2526/1057
f 1416/2544/1058 1415/2539/1058 1268/2168/1058
f 1418/2557/1059 1417/2550/1059 1260/2088/1059
f 1421/2578/1060 1265/2135/1060 1266/2145/1060
f 1423/2591/1061 1414/2534/1061 1413/2527/1061
f 1418/2558/1062 1417/2551/1062 1427/2603/1062
f 1432/2623/1063 1422/2586/1063 1421/2579/1063
f 1421/2580/954 1422/2587/954 1433/2627/954
f 1437/2647/1069 1418/2559/1069 1417/2552/1069
f 1415/2540/950 1416/2545/950 1439/2656/950
f 1441/2665/1072 1414/2535/1072 1413/2528/1072
f 1234/1919/1073 1247/2000/1073 1254/2041/1073
f 1231/1897/1074 1252/2030/1074 1225/1865/1074
f 1246/1991/1075 1237/1939/1075 1228/1879/1075
f 1246/1992/1076 1234/1920/1076 1227/1876/1076
f 1233/1912/1077 1253/2034/1077 1245/1986/1077
f 1244/1978/1078 1238/1944/1078 1239/1949/1078
f 1247/2001/1079 1232/1905/1079 1235/1929/1079
f 1236/1934/1848 1225/1866/1848 1253/2035/1848
f 1243/1970/1081 1246/1993/1081 1226/1870/1081
f 1240/1955/1069 1236/1935/1069 1233/1913/1069
f 1247/2002/1072 1248/2007/1072 1230/1890/1072
f 1249/2011/1082 1229/1884/1082 1243/1971/1082
f 1241/1960/1849 1252/2031/1849 1231/1898/1849
f 1242/1964/1084 1244/1979/1084 1251/2023/1084
f 1263/2118/1085 1238/1945/1085 1732/3160/1085
f 1251/2024/1086 1239/1950/1086 1250/2018/1086
f 1236/1936/1087 1240/1956/1087 1249/2012/1087
f 1243/1972/1088 1229/1885/1088 1237/1940/1088
f 1234/1921/1089 1228/1880/1089 1248/2008/1089
f 1729/3140/1090 1758/3336/1090 1264/2123/1090
f 1226/1871/1091 1227/1877/1091 1259/2078/1091
f 1252/2032/1092 1241/1961/1092 1281/2251/1092
f 1264/2124/1850 1267/2154/1850 1232/1906/1850
f 1283/2265/1851 1245/1987/1851 1251/2025/1851
f 1282/2258/1852 1225/1867/1852 1236/1937/1852
f 1256/2054/1853 1253/2036/1853 1233/1914/1853
f 1246/1994/1854 1226/1872/1854 1280/2244/1854
f 1275/2217/1855 1239/1951/1855 1238/1946/1855
f 1263/2119/1099 1238/1947/1099 1244/1980/1099
f 1241/1962/1100 1226/1873/1100 1280/2245/1100
f 1265/2136/1101 1246/1995/1101 1243/1973/1101
f 1284/2271/1102 1259/2079/1102 1227/1878/1102
f 1259/2080/1856 1266/2146/1856 1234/1922/1856
f 1247/2003/1857 1254/2042/1857 1284/2272/1857
f 1758/3337/1105 1761/3367/1105 1267/2155/1105
f 1255/2046/1858 1242/1965/1858 1244/1981/1858
f 1283/2266/1107 1245/1988/1107 1253/2037/1107
f 1260/2089/1108 1233/1915/1108 1251/2026/1108
f 1225/1868/1109 1252/2033/1109 1258/2072/1109
f 1270/2190/1110 1261/2101/1110 1236/1938/1110
f 1234/1923/1111 1228/1881/1111 1279/2238/1111
f 1278/2233/1112 1229/1886/1112 1243/1974/1112
f 1272/2202/1113 1249/2013/1113 1231/1899/1113
f 1251/2027/1114 1239/1952/1114 1275/2218/1114
f 1244/1982/1115 1251/2028/1115 1269/2180/1115
f 1276/2222/1116 1260/2090/1116 1233/1916/1116
f 1267/2156/1117 1232/1907/1117 1247/2004/1117
f 1273/2206/1118 1230/1891/1118 1232/1908/1118
f 1266/2147/1119 1234/1924/1119 1246/1996/1119
f 1246/1997/1120 1237/1941/1120 1271/2196/1120
f 1261/2102/1121 1260/2091/1121 1233/1917/1121
f 1277/2229/1122 1240/1957/1122 1250/2019/1122
f 1278/2234/1123 1229/1887/1123 1249/2014/1123
f 1279/2239/1124 1228/1882/1124 1237/1942/1124
f 1273/2207/1125 1230/1892/1125 1248/2009/1125
f 1258/2073/1859 1270/2191/1859 1231/1900/1859
f 1243/1975/1860 1241/1963/1860 1281/2252/1860
f 1264/2125/1128 1284/2273/1128 1254/2043/1128
f 1255/2047/1129 1242/1966/1129 1245/1989/1129
f 1282/2259/1130 1256/2055/1130 1253/2038/1130
f 1257/2066/1131 1243/1976/1131 1231/1901/1131
f 1767/3418/7 1273/2208/7 1267/2157/7
f 1262/2113/1132 1247/2005/1132 1234/1925/1132
f 1274/2213/1133 1248/2010/1133 1228/1883/1133
f 1271/2197/1134 1237/1943/1134 1229/1888/1134
f 1272/2203/1135 1249/2015/1135 1240/1958/1135
f 1276/2223/1136 1250/2020/1136 1239/1953/1136
f 1442/2671/1137 1424/2595/1137 1423/2592/1137
f 1434/2633/1861 1431/2619/1861 1432/2624/1861
f 1436/2643/1139 1429/2611/1139 1430/2616/1139
f 1427/2604/1140 1428/2607/1140 1437/2648/1140
f 1425/2599/1141 1426/2600/1141 1416/2546/1141
f 1442/2672/1142 1441/2666/1142 1273/2209/1142
f 1439/2657/1143 1275/2219/1143 1263/2120/1143
f 1437/2649/1144 1277/2230/1144 1276/2224/1144
f 1436/2644/1145 1435/2639/1145 1278/2235/1145
f 1434/2634/1146 1433/2628/1146 1279/2240/1146
f 1265/2137/1147 1280/2246/1147 1431/2620/1147
f 1271/2198/1147 1265/2138/1147 1421/2581/1147
f 1422/2588/1148 1266/2148/1148 1279/2240/1148
f 1432/2625/1148 1259/2081/1148 1266/2149/1148
f 1270/2192/1149 1258/2074/1149 1429/2612/1149
f 1272/2204/1149 1270/2193/1149 1419/2567/1149
f 1420/2574/1150 1257/2067/1150 1278/2235/1150
f 1430/2617/1150 1281/2253/1150 1257/2068/1150
f 1260/2092/1296 1256/2056/1296 1427/2605/1296
f 1276/2224/1151 1260/2093/1151 1417/2553/1151
f 1418/2560/1152 1261/2103/1152 1277/2230/1152
f 1428/2608/1152 1282/2260/1152 1261/2104/1152
f 1268/2169/1153 1255/2048/1153 1425/2599/1153
f 1263/2120/1153 1268/2170/1153 1415/2541/1153
f 1416/2547/1154 1269/2181/1154 1275/2219/1154
f 1426/2600/1154 1283/2267/1154 1269/2182/1154
f 1423/2593/1155 1264/2126/1155 1267/2158/1155
f 1414/2536/1155 1267/2159/1155 1273/2209/1155
f 1274/2214/1156 1262/2114/1156 1413/2529/1156
f 1262/2115/1156 1284/2274/1156 1424/2596/1156
f 1424/2597/1157 1284/2275/1157 1264/2127/1157
f 1255/2049/1158 1283/2268/1158 1426/2601/1158
f 1256/2057/1159 1282/2261/1159 1428/2609/1159
f 1429/2613/1160 1258/2075/1160 1281/2254/1160
f 1431/2621/1862 1280/2247/1862 1259/2082/1862
f 1422/2589/4 1329/2358/4 1328/2356/4
f 1420/2575/4 1322/2342/4 1321/2340/4
f 1315/2326/4 1314/2324/4 1417/2554/4
f 1308/2310/4 1307/2307/4 1415/2542/4
f 1414/2537/4 1305/2304/4 1304/2302/4
f 1412/2522/1863 1392/2482/1863 1391/2481/1863
f 1411/2520/4 1391/2481/4 1390/2480/4
f 1390/2480/4 1389/2479/4 1409/2516/4
f 1408/2514/4 1409/2516/4 1389/2479/4
f 1407/2512/1864 1387/2475/1864 1386/2474/1864
f 1406/2510/4 1386/2474/4 1385/2473/4
f 1385/2473/1865 1384/2472/1865 1404/2506/1865
f 1384/2472/4 1383/2470/4 1403/2504/4
f 1402/2502/1866 1382/2468/1866 1381/2467/1866
f 1401/2500/4 1381/2467/4 1380/2466/4
f 1380/2466/1867 1379/2465/1867 1399/2496/1867
f 1398/2494/1868 1399/2496/1868 1379/2465/1868
f 1397/2492/1869 1376/2459/1869 1375/2458/1869
f 1396/2490/4 1375/2458/4 1374/2457/4
f 1393/2484/1870 1395/2488/1870 1374/2457/1870
f 1394/2486/4 1393/2484/4 1373/2456/4
f 1371/2452/4 1370/2449/4 1391/2481/4
f 1370/2449/4 1369/2447/4 1390/2480/4
f 1369/2447/4 1368/2445/4 1389/2479/4
f 1388/2477/4 1389/2479/4 1368/2445/4
f 1387/2475/4 1366/2439/4 1365/2437/4
f 1386/2474/4 1365/2437/4 1364/2435/4
f 1385/2473/4 1364/2435/4 1363/2433/4
f 1384/2472/4 1363/2433/4 1362/2430/4
f 1382/2468/4 1361/2427/4 1360/2425/4
f 1381/2467/4 1360/2425/4 1359/2423/4
f 1380/2466/4 1359/2423/4 1358/2421/4
f 1379/2465/4 1358/2421/4 1357/2418/4
f 1583/2900/4 1356/2416/4 1377/2461/4
f 1355/2413/4 1354/2410/4 1375/2458/4
f 1354/2410/4 1353/2408/4 1374/2457/4
f 1373/2456/4 1374/2457/4 1353/2408/4
f 1372/2454/4 1373/2456/4 1351/2402/4
f 1350/2401/1172 1349/2398/1172 1370/2450/1172
f 1349/2398/1173 1348/2396/1173 1369/2448/1173
f 1348/2396/1174 1347/2394/1174 1368/2446/1174
f 1367/2443/1175 1368/2446/1175 1347/2394/1175
f 1366/2440/1176 1345/2391/1176 1344/2388/1176
f 1365/2438/1871 1344/2388/1871 1343/2386/1871
f 1364/2436/1178 1343/2386/1178 1342/2384/1178
f 1363/2434/1179 1342/2384/1179 1341/2383/1179
f 1361/2428/1180 1340/2381/1180 1339/2378/1180
f 1360/2426/1872 1339/2378/1872 1338/2376/1872
f 1359/2424/1873 1338/2376/1873 1337/2374/1873
f 1358/2422/1183 1337/2374/1183 1336/2373/1183
f 1584/2902/1184 1335/2371/1184 1356/2417/1184
f 1334/2369/1185 1333/2366/1185 1354/2411/1185
f 1333/2366/1186 1332/2364/1186 1353/2409/1186
f 1351/2403/1187 1353/2409/1187 1332/2364/1187
f 1352/2406/1188 1351/2404/1188 1331/2362/1188
f 1327/2354/1189 1326/2350/1189 1349/2399/1189
f 1326/2350/1190 1325/2348/1190 1348/2397/1190
f 1325/2348/1191 1324/2346/1191 1347/2395/1191
f 1346/2392/1192 1347/2395/1192 1324/2346/1192
f 1345/2390/1193 1320/2338/1193 1319/2334/1193
f 1344/2389/1194 1319/2334/1194 1318/2332/1194
f 1343/2387/1195 1318/2332/1195 1317/2330/1195
f 1342/2385/1196 1317/2330/1196 1316/2327/1196
f 1340/2380/1197 1313/2322/1197 1312/2318/1197
f 1339/2379/1198 1312/2318/1198 1311/2316/1198
f 1338/2377/1199 1311/2316/1199 1310/2314/1199
f 1337/2375/1200 1310/2314/1200 1309/2313/1200
f 1585/2905/1201 1306/2306/1201 1335/2370/1201
f 1303/2300/1202 1302/2296/1202 1333/2367/1202
f 1302/2296/1203 1301/2294/1203 1332/2365/1203
f 1331/2363/1204 1332/2365/1204 1301/2294/1204
f 1330/2359/1205 1331/2363/1205 1300/2292/1205
f 1329/2357/1206 1299/2290/1206 1209/1848/1206
f 1298/2289/1207 1297/2288/1207 1328/2355/1207
f 1297/2288/1208 1194/1833/1208 1327/2352/1208
f 1194/1833/1209 1195/1834/1209 1326/2351/1209
f 1195/1834/1210 1196/1835/1210 1325/2349/1210
f 1196/1835/1211 1296/2287/1211 1324/2347/1211
f 1323/2343/1874 1324/2347/1874 1296/2287/1874
f 1295/2286/1875 1197/1836/1875 1322/2341/1875
f 1322/2341/1876 1197/1836/1876 1294/2285/1876
f 1321/2339/1877 1294/2285/1877 1198/1837/1877
f 1320/2336/1216 1198/1837/1216 1293/2284/1216
f 1319/2335/1878 1293/2284/1878 1292/2283/1878
f 1318/2333/1879 1292/2283/1879 1291/2282/1879
f 1317/2331/1219 1291/2282/1219 1290/2281/1219
f 1316/2328/1220 1290/2281/1220 1199/1838/1220
f 1315/2325/1221 1199/1838/1221 1200/1839/1221
f 1314/2323/1222 1200/1839/1222 1289/2280/1222
f 1313/2321/1223 1289/2280/1223 1201/1840/1223
f 1312/2319/1880 1201/1840/1880 1202/1841/1880
f 1311/2317/1225 1202/1841/1225 1288/2279/1225
f 1310/2315/1226 1288/2279/1226 1287/2278/1226
f 1309/2311/1227 1287/2278/1227 1203/1842/1227
f 1308/2309/1228 1203/1842/1228 1204/1843/1228
f 1579/2894/1229 1205/1844/1229 1306/2305/1229
f 1305/2303/1230 1306/2305/1230 1205/1844/1230
f 1304/2301/1231 1305/2303/1231 1206/1845/1231
f 1286/2277/1232 1207/1846/1232 1303/2298/1232
f 1207/1846/1233 1285/2276/1233 1302/2297/1233
f 1285/2276/1881 1208/1847/1881 1301/2295/1881
f 1300/2293/1235 1301/2295/1235 1208/1847/1235
f 1299/2290/1236 1300/2293/1236 1210/1849/1236
f 1551/2861/1237 1304/2302/1237 1303/2299/1237
f 1306/2306/1238 1305/2304/1238 1550/2859/1238
f 1587/2909/1239 1548/2855/1239 1307/2307/1239
f 1546/2850/1240 1309/2312/1240 1308/2310/1240
f 1542/2844/1241 1541/2842/1241 1314/2324/1241
f 1316/2329/1242 1315/2326/1242 1540/2840/1242
f 1534/2829/1243 1321/2340/1243 1320/2337/1243
f 1532/2824/1244 1323/2344/1244 1322/2342/1244
f 1527/2816/1245 1328/2356/1245 1327/2353/1245
f 1299/2291/1246 1329/2358/1246 1526/2814/1246
f 1330/2359/1247 1299/2291/1247 1556/2869/1247
f 1552/2864/1248 1303/2300/1248 1334/2368/1248
f 1549/2857/1249 1520/2800/1249 1335/2370/1249
f 1336/2372/1250 1309/2313/1250 1546/2851/1250
f 1542/2845/1251 1313/2322/1251 1340/2380/1251
f 1539/2838/1252 1514/2784/1252 1341/2382/1252
f 1535/2832/1253 1320/2338/1253 1345/2390/1253
f 1346/2392/1254 1323/2345/1254 1532/2825/1254
f 1528/2819/1255 1327/2354/1255 1350/2400/1255
f 1503/2757/1247 1352/2406/1247 1330/2360/1247
f 1500/2751/1248 1521/2803/1248 1334/2369/1248
f 1499/2749/1249 1356/2417/1249 1335/2371/1249
f 1498/2747/1250 1357/2419/1250 1336/2373/1250
f 1494/2738/1251 1515/2787/1251 1340/2381/1251
f 1493/2735/1252 1362/2431/1252 1341/2383/1252
f 1345/2391/1253 1366/2440/1253 1489/2727/1253
f 1488/2725/1254 1367/2443/1254 1346/2393/1254
f 1484/2716/1882 1505/2761/1882 1350/2401/1882
f 1372/2455/1247 1352/2407/1247 1503/2756/1247
f 1500/2750/1248 1355/2414/1248 1376/2460/1248
f 1499/2748/1249 1478/2709/1249 1377/2462/1249
f 1477/2708/1257 1378/2464/1257 1357/2420/1257
f 1473/2704/1251 1494/2737/1251 1361/2429/1251
f 1472/2703/1252 1383/2471/1252 1362/2432/1252
f 1489/2726/1253 1366/2441/1253 1387/2476/1253
f 1388/2478/1254 1367/2444/1254 1488/2724/1254
f 1484/2715/1255 1371/2453/1255 1392/2483/1255
f 1394/2487/1258 1372/2455/1258 1483/2714/1258
f 1393/2485/1259 1394/2487/1259 1461/2692/1259
f 1395/2489/942 1393/2485/942 1462/2693/942
f 1459/2690/940 1396/2491/940 1395/2489/940
f 1479/2710/1266 1376/2460/1266 1397/2493/1266
f 1459/2690/1883 1458/2689/1884 1397/2493/1885
f 1398/2495/1268 1378/2464/1268 1477/2708/1268
f 1399/2497/1377 1398/2495/1377 1457/2688/1377
f 1455/2686/1376 1400/2499/1376 1399/2497/1376
f 1454/2685/1275 1401/2501/1275 1400/2499/1275
f 1473/2704/1276 1382/2469/1276 1402/2503/1276
f 1454/2685/1886 1453/2684/1887 1402/2503/1888
f 1452/2683/1889 1451/2682/1890 1404/2507/1891
f 1452/2683/1279 1403/2505/1279 1383/2471/1279
f 1450/2681/1379 1405/2509/1379 1404/2507/1379
f 1449/2680/1283 1406/2511/1283 1405/2509/1283
f 1407/2513/946 1406/2511/946 1449/2680/946
f 1468/2699/1287 1387/2476/1287 1407/2513/1287
f 1447/2678/1288 1408/2515/1288 1388/2478/1288
f 1446/2677/1289 1409/2517/1289 1408/2515/1289
f 1446/2677/1892 1445/2676/1893 1410/2519/1894
f 1444/2675/1895 1411/2521/1895 1410/2519/1895
f 1463/2694/1294 1392/2483/1294 1412/2523/1294
f 1444/2675/1896 1443/2674/1897 1412/2523/1898
f 1413/2530/1156 1304/2302/1156 1551/2861/1156
f 1305/2304/1155 1414/2537/1155 1441/2667/1155
f 1439/2658/1154 1547/2853/1154 1308/2310/1154
f 1548/2855/1153 1440/2662/1153 1415/2542/1153
f 1540/2840/1152 1315/2326/1152 1418/2561/1152
f 1438/2654/1296 1417/2554/1296 1314/2324/1296
f 1533/2827/1150 1322/2342/1150 1420/2575/1150
f 1436/2645/1149 1419/2568/1149 1321/2340/1149
f 1433/2629/1148 1526/2814/1148 1329/2358/1148
f 1434/2635/1147 1421/2582/1147 1328/2356/1147
f 1527/2817/6 1526/2815/6 1433/2630/6
f 1534/2830/6 1533/2828/6 1435/2640/6
f 1540/2841/6 1437/2650/6 1438/2655/6
f 1547/2854/6 1439/2659/6 1440/2663/6
f 1441/2668/6 1442/2673/6 1551/2862/6
f 1464/2695/6 1463/2694/6 1443/2674/6
f 1465/2696/6 1464/2695/6 1444/2675/6
f 1465/2696/6 1445/2676/6 1446/2677/6
f 1466/2697/6 1446/2677/6 1447/2678/6
f 1448/2679/6 1449/2680/6 1469/2700/6
f 1470/2701/6 1469/2700/6 1449/2680/6
f 1470/2701/6 1450/2681/6 1451/2682/6
f 1471/2702/6 1451/2682/6 1452/2683/6
f 1474/2705/6 1473/2704/6 1453/2684/6
f 1475/2706/6 1474/2705/6 1454/2685/6
f 1475/2706/6 1455/2686/6 1456/2687/6
f 1476/2707/6 1456/2687/6 1457/2688/6
f 1480/2711/6 1479/2710/6 1458/2689/6
f 1481/2712/6 1480/2711/6 1459/2690/6
f 1481/2712/6 1460/2691/6 1462/2693/6
f 1482/2713/6 1462/2693/6 1461/2692/6
f 1484/2715/6 1463/2694/6 1464/2695/6
f 1485/2717/6 1464/2695/6 1465/2696/6
f 1486/2719/6 1465/2696/6 1466/2697/6
f 1487/2721/6 1466/2697/6 1467/2698/6
f 1468/2699/6 1469/2700/6 1490/2728/6
f 1491/2731/6 1490/2728/6 1469/2700/6
f 1492/2733/6 1491/2731/6 1470/2701/6
f 1493/2736/6 1492/2733/6 1471/2702/6
f 1495/2739/6 1494/2737/6 1473/2704/6
f 1496/2741/6 1495/2739/6 1474/2705/6
f 1497/2744/6 1496/2741/6 1475/2706/6
f 1476/2707/6 1477/2708/6 1498/2746/6
f 1500/2750/6 1479/2710/6 1480/2711/6
f 1501/2752/6 1480/2711/6 1481/2712/6
f 1502/2754/6 1481/2712/6 1482/2713/6
f 1504/2758/6 1482/2713/6 1483/2714/6
f 1505/2761/1297 1484/2716/1297 1485/2718/1297
f 1506/2763/1298 1485/2718/1298 1486/2720/1298
f 1507/2765/1899 1486/2720/1899 1487/2722/1899
f 1508/2768/1300 1487/2723/1300 1488/2725/1300
f 1489/2727/1301 1490/2729/1301 1511/2776/1301
f 1512/2778/1900 1511/2776/1900 1490/2729/1900
f 1513/2781/1303 1512/2779/1303 1491/2732/1303
f 1514/2785/1304 1513/2781/1304 1492/2734/1304
f 1516/2789/1305 1515/2787/1305 1494/2738/1305
f 1517/2791/1901 1516/2789/1901 1495/2740/1901
f 1518/2794/1902 1517/2791/1902 1496/2742/1902
f 1497/2745/1308 1498/2747/1308 1519/2797/1308
f 1521/2803/1309 1500/2751/1309 1501/2753/1309
f 1522/2805/1310 1501/2753/1310 1502/2755/1310
f 1523/2807/1311 1502/2755/1311 1504/2759/1311
f 1524/2809/1312 1504/2759/1312 1503/2757/1312
f 1528/2820/1313 1505/2762/1313 1506/2764/1313
f 1529/2821/1314 1506/2764/1314 1507/2766/1314
f 1530/2822/1315 1507/2766/1315 1508/2769/1315
f 1531/2823/1316 1508/2769/1316 1509/2772/1316
f 1510/2775/1317 1511/2777/1317 1536/2834/1317
f 1537/2835/1318 1536/2834/1318 1511/2777/1318
f 1538/2836/1319 1537/2835/1319 1512/2780/1319
f 1539/2839/1320 1538/2836/1320 1513/2782/1320
f 1543/2847/1321 1542/2846/1321 1515/2788/1321
f 1544/2848/1322 1543/2847/1322 1516/2790/1322
f 1545/2849/1323 1544/2848/1323 1517/2792/1323
f 1518/2795/1324 1519/2798/1324 1546/2852/1324
f 1552/2865/1325 1521/2804/1325 1522/2806/1325
f 1553/2866/1903 1522/2806/1903 1523/2808/1903
f 1554/2867/1327 1523/2808/1327 1524/2810/1327
f 1555/2868/1328 1524/2810/1328 1525/2813/1328
f 1224/1863/1329 1556/2870/1329 1526/2815/1329
f 1557/2871/1904 1526/2815/1904 1527/2817/1904
f 1211/1850/1331 1527/2817/1331 1528/2820/1331
f 1558/2872/1332 1528/2820/1332 1529/2821/1332
f 1559/2873/1333 1529/2821/1333 1530/2822/1333
f 1212/1851/1905 1530/2822/1905 1531/2823/1905
f 1560/2874/1335 1531/2823/1335 1532/2826/1335
f 1213/1852/1336 1532/2826/1336 1533/2828/1336
f 1562/2876/1337 1561/2875/1337 1533/2828/1337
f 1214/1853/1338 1562/2876/1338 1534/2830/1338
f 1535/2833/1906 1536/2834/1906 1563/2877/1906
f 1564/2878/1907 1563/2877/1907 1536/2834/1907
f 1215/1854/1908 1564/2878/1908 1537/2835/1908
f 1565/2879/1342 1215/1854/1342 1538/2836/1342
f 1539/2839/1909 1540/2841/1909 1216/1855/1909
f 1217/1856/1344 1216/1855/1344 1540/2841/1344
f 1566/2880/1910 1217/1856/1910 1541/2843/1910
f 1218/1857/1346 1566/2880/1346 1542/2846/1346
f 1567/2881/1911 1218/1857/1911 1543/2847/1911
f 1568/2882/1348 1567/2881/1348 1544/2848/1348
f 1545/2849/1349 1546/2852/1349 1569/2883/1349
f 1219/1858/1350 1569/2883/1350 1546/2852/1350
f 1220/1859/1912 1219/1858/1912 1547/2854/1912
f 1580/2895/1352 1220/1859/1352 1548/2856/1352
f 1221/1860/1353 1549/2858/1353 1550/2860/1353
f 1222/1861/1354 1550/2860/1354 1551/2862/1354
f 1570/2884/1913 1551/2862/1913 1552/2865/1913
f 1571/2885/1356 1552/2865/1356 1553/2866/1356
f 1572/2886/1357 1553/2866/1357 1554/2867/1357
f 1555/2868/1358 1573/2887/1358 1223/1862/1358
f 1573/2887/1359 1555/2868/1359 1556/2870/1359
f 1191/1828/966 1143/1763/966 2081/4119/966
f 1133/1743/955 2071/4109/955 2070/4108/955
f 1592/2918/1360 1591/2916/1360 1520/2801/1360
f 1591/2917/1361 1590/2914/1361 1499/2749/1361
f 1590/2915/6 1589/2913/6 1478/2709/6
f 1478/2709/1914 1588/2912/1914 1594/2922/1914
f 1767/3418/1363 1724/3105/1363 1230/1893/1363
f 1738/3191/7 1732/3161/7 1238/1948/7
f 1757/3331/5 1762/3378/5 1268/2171/5
f 1726/3120/1364 1232/1909/1364 1267/2160/1364
f 1738/3192/1365 1244/1983/1365 1242/1967/1365
f 1736/3179/1366 1242/1968/1366 1255/2050/1366
f 1762/3379/1367 1738/3193/1367 1244/1984/1367
f 1581/2896/1368 1592/2918/1368 1549/2858/1368
f 1307/2308/1369 1204/1843/1369 1578/2893/1369
f 1205/1844/1370 1579/2894/1370 1577/2892/1370
f 1687/3045/1241 2132/4170/1241 2102/4140/1241
f 1220/1859/1371 1580/2895/1371 1576/2891/1371
f 1577/2892/949 1575/2889/949 1124/1732/949
f 1145/1767/1372 1576/2890/1372 2101/4139/1372
f 1188/1822/1373 2092/4130/1373 2080/4118/1373
f 1687/3045/1277 1645/2992/1277 2122/4160/1277
f 1191/1828/965 2095/4133/965 2094/4132/965
f 1187/1820/960 1141/1759/960 2079/4117/960
f 1644/2990/1374 2121/4159/1374 2122/4160/1374
f 1593/2919/1239 2099/4137/1239 2117/4155/1239
f 1190/1826/964 2094/4132/964 2093/4131/964
f 1189/1824/963 2093/4131/963 2092/4130/963
f 1187/1820/1375 2097/4135/1375 2078/4116/1375
f 1643/2988/1376 2120/4158/1376 2121/4159/1376
f 1686/3043/1238 2131/4169/1238 2116/4154/1238
f 1186/1818/957 2091/4129/957 2090/4128/957
f 1186/1818/958 1135/1747/958 2073/4111/958
f 1642/2986/1377 2119/4157/1377 2120/4158/1377
f 1726/3121/1378 1729/3141/1378 1235/1930/1378
f 1686/3043/1072 1638/2978/1072 2115/4153/1072
f 1685/3041/1267 2128/4166/1267 2114/4152/1267
f 1185/1816/956 2090/4128/956 2072/4110/956
f 1641/2984/1240 2118/4156/1240 2119/4157/1240
f 1184/1814/954 1132/1741/954 2070/4108/954
f 1595/2923/1069 1625/2953/1069 1676/3025/1069
f 1648/2997/1242 1596/2924/1242 1595/2923/1242
f 1649/2998/937 1597/2925/937 1596/2924/937
f 1650/2999/1379 1598/2926/1379 1597/2925/1379
f 1651/3000/1283 1599/2927/1283 1598/2926/1283
f 1652/3001/946 1600/2928/946 1599/2927/946
f 1653/3002/1243 1601/2929/1243 1600/2928/1243
f 1654/3003/1082 1602/2930/1082 1601/2929/1082
f 1655/3004/1244 1603/2931/1244 1602/2930/1244
f 1656/3005/1381 1604/2932/1381 1603/2931/1381
f 1605/2933/1766 1604/2932/1766 1656/3005/1766
f 1606/2934/1915 1605/2933/1915 1657/3006/1915
f 1607/2935/1295 1606/2934/1295 1658/3007/1295
f 1608/2936/1245 1607/2935/1245 1659/3008/1245
f 1661/3010/1075 1609/2937/1075 1608/2936/1075
f 1662/3011/1246 1610/2938/1246 1609/2937/1246
f 1663/3012/943 1611/2939/943 1610/2938/943
f 1664/3013/942 1612/2940/942 1611/2939/942
f 1613/2941/940 1612/2940/940 1664/3013/940
f 1614/2942/1267 1613/2941/1267 1665/3014/1267
f 1667/3016/1237 1615/2943/1237 1614/2942/1237
f 1616/2944/1072 1615/2943/1072 1667/3016/1072
f 1617/2945/1238 1616/2944/1238 1668/3017/1238
f 1574/2888/1372 1175/1804/1372 1123/1731/1372
f 1619/2947/1052 1618/2946/1052 1670/3019/1052
f 1620/2948/1240 1619/2947/1240 1671/3020/1240
f 1621/2949/1377 1620/2948/1377 1672/3021/1377
f 1674/3023/1376 1622/2950/1376 1621/2949/1376
f 1675/3024/1275 1623/2951/1275 1622/2950/1275
f 1624/2952/1277 1623/2951/1277 1675/3024/1277
f 1625/2953/1241 1624/2952/1241 1677/3026/1241
f 1792/3501/1384 1647/2996/1384 1676/3025/1384
f 1791/3500/1385 1648/2997/1385 1647/2996/1385
f 1688/3047/1916 1649/2998/1916 1648/2997/1916
f 1689/3048/1387 1650/2999/1387 1649/2998/1387
f 1690/3049/1388 1651/3000/1388 1650/2999/1388
f 1790/3499/1389 1652/3001/1389 1651/3000/1389
f 1789/3498/1390 1653/3002/1390 1652/3001/1390
f 1654/3003/1391 1653/3002/1391 1789/3498/1391
f 1655/3004/1392 1654/3003/1392 1691/3050/1392
f 1656/3005/1393 1655/3004/1393 1788/3497/1393
f 1657/3006/1394 1656/3005/1394 1692/3051/1394
f 1658/3007/1395 1657/3006/1395 1787/3496/1395
f 1659/3008/1396 1658/3007/1396 1786/3495/1396
f 1660/3009/1397 1659/3008/1397 1785/3494/1397
f 1661/3010/1398 1660/3009/1398 1784/3493/1398
f 1662/3011/1399 1661/3010/1399 1693/3052/1399
f 1663/3012/1400 1662/3011/1400 1694/3053/1400
f 1664/3013/1401 1663/3012/1401 1783/3492/1401
f 1665/3014/1402 1664/3013/1402 1695/3054/1402
f 1666/3015/1403 1665/3014/1403 1696/3055/1403
f 1667/3016/1404 1666/3015/1404 1782/3491/1404
f 1668/3017/1405 1667/3016/1405 1781/3490/1405
f 1669/3018/1406 1668/3017/1406 1697/3056/1406
f 1574/2888/1917 1669/3018/1917 1698/3057/1917
f 1700/3059/1408 1671/3020/1408 1670/3019/1408
f 1780/3489/1918 1672/3021/1918 1671/3020/1918
f 1701/3060/1919 1673/3022/1919 1672/3021/1919
f 1779/3488/1411 1674/3023/1411 1673/3022/1411
f 1702/3061/1920 1675/3024/1920 1674/3023/1920
f 1704/3063/1413 1677/3026/1413 1675/3024/1413
f 1703/3062/1414 1676/3025/1414 1677/3026/1414
f 1646/2994/1921 1678/3027/1921 2051/4089/1921
f 1678/3027/1922 1626/2955/1922 1705/3064/1922
f 1626/2955/1417 1627/2956/1417 2052/4090/1417
f 1627/2956/1418 1628/2958/1418 2053/4091/1418
f 1628/2958/1923 1679/3029/1923 1706/3065/1923
f 1679/3029/1420 1680/3031/1420 2054/4092/1420
f 1680/3031/1924 1629/2960/1924 1707/3066/1924
f 1707/3066/1422 1629/2960/1422 1630/2962/1422
f 2055/4093/1423 1630/2962/1423 1631/2964/1423
f 2056/4094/1424 1631/2964/1424 1632/2966/1424
f 1708/3067/1925 1632/2966/1925 1633/2968/1925
f 2057/4095/1926 1633/2968/1926 1634/2970/1926
f 2058/4096/1927 1634/2970/1927 1681/3033/1927
f 1709/3068/1928 1681/3033/1928 1635/2972/1928
f 2059/4097/1929 1635/2972/1929 1636/2974/1929
f 1710/3069/1930 1636/2974/1930 1682/3035/1930
f 1711/3070/1931 1682/3035/1931 1683/3038/1931
f 2060/4098/1432 1683/3038/1432 1684/3040/1432
f 1712/3071/1433 1684/3040/1433 1685/3042/1433
f 2061/4099/1932 1685/3042/1932 1637/2976/1932
f 2062/4100/1435 1637/2976/1435 1638/2979/1435
f 2063/4101/1933 1638/2979/1933 1686/3044/1933
f 1713/3072/1934 1686/3044/1934 1639/2980/1934
f 1593/2920/1935 1640/2982/1935 1715/3074/1935
f 1640/2982/1439 1641/2985/1439 1716/3075/1439
f 1641/2985/1440 1642/2987/1440 2064/4102/1440
f 1642/2987/1441 1643/2989/1441 2065/4103/1441
f 1643/2989/1442 1644/2991/1442 2066/4104/1442
f 1644/2991/1443 1645/2993/1443 1717/3076/1443
f 1645/2993/1936 1687/3046/1936 2067/4105/1936
f 1687/3046/1937 1646/2994/1937 1718/3077/1937
f 1751/3275/1446 1764/3400/1446 1913/3771/1446
f 1924/3820/1447 1923/3817/1447 1913/3772/1447
f 1930/3847/1244 1929/3844/1244 1914/3778/1244
f 1750/3267/1449 1776/3469/1449 1755/3311/1449
f 1763/3391/1450 1762/3380/1450 1749/3260/1450
f 1767/3419/1240 1761/3368/1240 1756/3322/1240
f 1772/3443/1244 1751/3276/1244 1764/3401/1244
f 1751/3277/1451 1759/3346/1451 1774/3455/1451
f 1778/3484/1938 1753/3292/1938 1760/3356/1938
f 1765/3409/1242 1773/3448/1242 1760/3357/1242
f 1759/3347/1453 1774/3456/1453 1753/3293/1453
f 1751/3278/1454 1772/3446/1454 1765/3411/1454
f 1764/3402/1455 1751/3279/1455 1775/3463/1455
f 1771/3438/1456 1734/3169/1456 1730/3147/1456
f 1755/3312/1457 1771/3441/1457 1766/3416/1457
f 1764/3403/1458 1752/3286/1458 1776/3470/1458
f 1770/3434/1459 1771/3439/1459 1755/3313/1459
f 1769/3431/1460 1770/3436/1460 1754/3302/1460
f 1754/3303/1461 1750/3268/1461 1777/3477/1461
f 1762/3381/969 1763/3392/969 1769/3428/969
f 1768/3425/1462 1742/3220/1462 1741/3214/1462
f 1756/3323/1463 1760/3358/1463 1773/3449/1463
f 1756/3324/1464 1761/3369/1464 1758/3338/1464
f 1907/3732/1465 1756/3325/1465 1761/3370/1465
f 1910/3749/1466 1763/3393/1466 1762/3382/1466
f 1912/3762/1467 1755/3314/1467 1754/3304/1467
f 1915/3784/1468 1759/3348/1468 1760/3359/1468
f 1907/3733/1469 1908/3739/1469 1917/3796/1469
f 1921/3809/1939 1911/3757/1939 1912/3763/1939
f 1926/3828/1471 1925/3825/1471 1915/3785/1471
f 1915/3786/961 1916/3792/961 1927/3833/961
f 1931/3852/1246 1912/3764/1246 1911/3758/1246
f 1933/3862/1238 1910/3750/1238 1909/3745/1238
f 1907/3734/952 1908/3740/952 1935/3871/952
f 1748/3253/1479 1741/3215/1479 1728/3134/1479
f 1719/3079/1480 1746/3244/1480 1725/3109/1480
f 1740/3205/961 1728/3135/961 1722/3093/961
f 1740/3206/1481 1720/3083/1481 1721/3089/1481
f 1739/3200/1482 1747/3248/1482 1727/3125/1482
f 1738/3194/1483 1745/3236/1483 1733/3165/1483
f 1741/3216/1484 1748/3254/1484 1729/3142/1484
f 1747/3249/1940 1719/3080/1940 1730/3148/1940
f 1737/3183/1486 1735/3173/1486 1720/3084/1486
f 1734/3170/953 1744/3231/953 1727/3126/953
f 1724/3106/952 1742/3221/952 1741/3217/952
f 1737/3184/948 1723/3099/948 1743/3227/948
f 1735/3174/1941 1737/3185/1941 1725/3110/1941
f 1745/3237/1488 1738/3195/1488 1736/3180/1488
f 1745/3238/1489 1727/3127/1489 1744/3232/1489
f 1730/3149/1490 1725/3111/1490 1743/3228/1490
f 1737/3186/1491 1740/3207/1491 1731/3155/1491
f 1742/3222/1492 1722/3094/1492 1728/3136/1492
f 1753/3294/1493 1721/3090/1493 1720/3085/1493
f 1775/3464/1494 1735/3175/1494 1746/3245/1494
f 1758/3339/1942 1729/3143/1942 1726/3122/1942
f 1745/3239/1943 1739/3201/1943 1777/3478/1943
f 1776/3471/1944 1755/3315/1944 1730/3150/1944
f 1727/3128/1945 1747/3250/1945 1750/3269/1945
f 1774/3457/1946 1720/3086/1946 1740/3208/1946
f 1769/3429/1947 1757/3332/1947 1732/3162/1947
f 1757/3333/1501 1762/3383/1501 1738/3196/1501
f 1774/3458/1502 1720/3087/1502 1735/3176/1502
f 1759/3349/1503 1740/3209/1503 1737/3187/1503
f 1778/3485/1504 1748/3255/1504 1721/3091/1504
f 1753/3295/1948 1721/3092/1948 1728/3137/1948
f 1778/3486/1949 1748/3256/1949 1741/3218/1949
f 1738/3197/1950 1736/3181/1950 1749/3261/1950
f 1747/3251/1508 1739/3202/1508 1777/3479/1508
f 1745/3240/1509 1727/3129/1509 1754/3305/1509
f 1752/3287/1510 1746/3246/1510 1719/3081/1510
f 1764/3404/1511 1725/3112/1511 1730/3151/1511
f 1773/3450/1512 1722/3095/1512 1728/3138/1512
f 1737/3188/1513 1723/3100/1513 1772/3444/1513
f 1766/3415/1514 1764/3405/1514 1725/3113/1514
f 1769/3430/1515 1733/3166/1515 1745/3241/1515
f 1763/3394/1516 1745/3242/1516 1738/3198/1516
f 1770/3435/1517 1744/3233/1517 1727/3130/1517
f 1761/3371/1518 1756/3326/1518 1741/3219/1518
f 1767/3420/1519 1761/3372/1519 1726/3123/1519
f 1760/3360/1520 1759/3350/1520 1740/3210/1520
f 1765/3410/1521 1731/3156/1521 1740/3211/1521
f 1755/3316/1522 1730/3152/1522 1727/3131/1522
f 1744/3234/1523 1734/3171/1523 1771/3440/1523
f 1743/3229/1524 1723/3101/1524 1772/3445/1524
f 1731/3157/1525 1722/3096/1525 1773/3451/1525
f 1742/3223/1526 1724/3107/1526 1767/3421/1526
f 1752/3288/1951 1746/3247/1951 1725/3114/1951
f 1775/3465/1952 1735/3177/1952 1737/3189/1952
f 1758/3340/1529 1729/3144/1529 1748/3257/1529
f 1739/3203/1530 1736/3182/1530 1749/3262/1530
f 1776/3472/1531 1719/3082/1531 1747/3252/1531
f 1725/3115/1532 1737/3190/1532 1751/3280/1532
f 1756/3327/1533 1760/3361/1533 1728/3139/1533
f 1722/3097/1534 1742/3224/1534 1768/3426/1534
f 1765/3411/1535 1772/3446/1535 1723/3102/1535
f 1766/3416/1536 1771/3441/1536 1734/3172/1536
f 1770/3436/1537 1769/3431/1537 1733/3167/1537
f 1936/3877/1538 1935/3872/1538 1917/3797/1538
f 1928/3838/1539 1927/3834/1539 1926/3829/1539
f 1930/3848/1540 1929/3845/1540 1924/3821/1540
f 1931/3853/1541 1922/3813/1541 1921/3810/1541
f 1919/3805/1542 1909/3746/1542 1910/3752/1542
f 1936/3878/1543 1768/3427/1543 1767/3422/1543
f 1757/3334/1544 1769/3432/1544 1933/3863/1544
f 1770/3437/1545 1771/3442/1545 1931/3854/1545
f 1930/3849/1546 1766/3417/1546 1772/3447/1546
f 1928/3839/1547 1765/3412/1547 1773/3452/1547
f 1925/3826/1548 1774/3459/1548 1759/3351/1548
f 1915/3787/1548 1759/3352/1548 1765/3412/1548
f 1773/3452/1549 1760/3362/1549 1916/3793/1549
f 1926/3830/1549 1916/3794/1549 1760/3363/1549
f 1923/3818/1550 1752/3289/1550 1764/3406/1550
f 1913/3773/1550 1764/3407/1550 1766/3417/1550
f 1772/3447/1551 1751/3281/1551 1914/3779/1551
f 1924/3822/1551 1914/3780/1551 1751/3282/1551
f 1921/3811/1552 1750/3270/1552 1754/3306/1552
f 1911/3759/1552 1754/3307/1552 1770/3437/1552
f 1771/3442/1553 1755/3317/1553 1912/3765/1553
f 1922/3814/1553 1912/3766/1553 1755/3318/1553
f 1919/3805/1554 1749/3263/1554 1762/3384/1554
f 1909/3747/1554 1762/3385/1554 1757/3334/1554
f 1769/3432/1555 1763/3395/1555 1910/3751/1555
f 1920/3806/1555 1910/3752/1555 1763/3396/1555
f 1917/3798/1556 1908/3741/1556 1761/3373/1556
f 1767/3422/1556 1761/3374/1556 1908/3742/1556
f 1907/3735/1557 1756/3328/1557 1768/3427/1557
f 1918/3802/1557 1778/3487/1557 1756/3329/1557
f 1918/3803/1558 1917/3799/1558 1758/3341/1558
f 1920/3807/1559 1777/3480/1559 1749/3264/1559
f 1922/3815/1560 1776/3473/1560 1750/3271/1560
f 1923/3819/1561 1924/3823/1561 1775/3466/1561
f 1925/3827/1953 1926/3831/1953 1753/3296/1953
f 1916/3795/4 1915/3788/4 1822/3569/4
f 1914/3781/4 1913/3774/4 1815/3554/4
f 1911/3760/4 1808/3538/4 1809/3541/4
f 1909/3748/4 1801/3521/4 1802/3524/4
f 1798/3515/4 1799/3517/4 1908/3743/4
f 1906/3728/1954 1905/3726/1954 1885/3692/1954
f 1905/3726/1955 1904/3724/1955 1884/3691/1955
f 1903/3722/4 1883/3690/4 1884/3691/4
f 1902/3720/4 1882/3688/4 1883/3690/4
f 1880/3685/1956 1881/3686/1956 1901/3718/1956
f 1900/3716/4 1899/3714/4 1879/3684/4
f 1898/3712/1957 1878/3683/1957 1879/3684/1957
f 1897/3710/4 1877/3681/4 1878/3683/4
f 1896/3708/1958 1895/3706/1958 1875/3678/1958
f 1895/3706/4 1894/3704/4 1874/3677/4
f 1893/3702/1959 1873/3676/1959 1874/3677/1959
f 1892/3700/4 1872/3674/4 1873/3676/4
f 1891/3699/1960 1890/3698/1960 1869/3669/1960
f 1890/3698/1961 1889/3697/1961 1868/3668/1961
f 1887/3695/4 1867/3667/4 1868/3668/4
f 1888/3696/4 1866/3666/4 1867/3667/4
f 1885/3692/4 1864/3660/4 1865/3662/4
f 1884/3691/4 1863/3658/4 1864/3660/4
f 1883/3690/4 1862/3656/4 1863/3658/4
f 1882/3688/4 1861/3653/4 1862/3656/4
f 1859/3648/4 1860/3651/4 1881/3686/4
f 1880/3685/4 1879/3684/4 1858/3646/4
f 1879/3684/4 1878/3683/4 1857/3644/4
f 1878/3683/4 1877/3681/4 1856/3641/4
f 1876/3680/4 1875/3678/4 1854/3636/4
f 1875/3678/4 1874/3677/4 1853/3634/4
f 1874/3677/4 1873/3676/4 1852/3632/4
f 1851/3630/4 1852/3632/4 1873/3676/4
f 1871/3672/4 1850/3626/4 1583/2900/4
f 1869/3669/4 1848/3621/4 1849/3623/4
f 1868/3668/4 1847/3619/4 1848/3621/4
f 1867/3667/4 1845/3614/4 1847/3619/4
f 1866/3666/4 1846/3616/4 1845/3614/4
f 1864/3661/1573 1843/3610/1573 1844/3613/1573
f 1863/3659/1574 1842/3608/1574 1843/3610/1574
f 1862/3657/1962 1841/3606/1962 1842/3608/1962
f 1861/3654/1576 1840/3605/1576 1841/3606/1576
f 1838/3600/1577 1839/3603/1577 1860/3652/1577
f 1859/3649/1578 1858/3647/1578 1837/3598/1578
f 1858/3647/1579 1857/3645/1579 1836/3596/1579
f 1857/3645/1580 1856/3642/1580 1835/3595/1580
f 1855/3639/1581 1854/3637/1581 1833/3590/1581
f 1854/3637/1963 1853/3635/1963 1832/3588/1963
f 1853/3635/1964 1852/3633/1964 1831/3586/1964
f 1830/3585/1584 1831/3586/1584 1852/3633/1584
f 1850/3627/1585 1829/3583/1585 1584/2903/1585
f 1848/3622/1586 1827/3578/1586 1828/3581/1586
f 1847/3620/1587 1826/3576/1587 1827/3578/1587
f 1845/3615/1588 1825/3574/1588 1826/3576/1588
f 1846/3617/1589 1824/3573/1589 1825/3574/1589
f 1843/3611/1590 1820/3564/1590 1821/3567/1590
f 1842/3609/1591 1819/3562/1591 1820/3564/1591
f 1841/3607/1592 1818/3560/1592 1819/3562/1592
f 1840/3604/1593 1817/3559/1593 1818/3560/1593
f 1813/3548/1594 1814/3550/1594 1839/3602/1594
f 1838/3601/1595 1837/3599/1595 1812/3546/1595
f 1837/3599/1596 1836/3597/1596 1811/3544/1596
f 1836/3597/1597 1835/3594/1597 1810/3543/1597
f 1834/3592/1598 1833/3591/1598 1806/3532/1598
f 1833/3591/1599 1832/3589/1599 1805/3530/1599
f 1832/3589/1600 1831/3587/1600 1804/3528/1600
f 1803/3527/1601 1804/3528/1601 1831/3587/1601
f 1829/3582/1602 1800/3520/1602 1585/2905/1602
f 1827/3579/1603 1796/3509/1603 1797/3512/1603
f 1826/3577/1604 1795/3507/1604 1796/3509/1604
f 1825/3575/1605 1794/3505/1605 1795/3507/1605
f 1824/3572/1606 1793/3504/1606 1794/3505/1606
f 1823/3570/1965 1792/3501/1965 1703/3062/1965
f 1822/3568/1966 1791/3500/1966 1792/3501/1966
f 1821/3566/1609 1688/3047/1609 1791/3500/1609
f 1820/3565/1610 1689/3048/1610 1688/3047/1610
f 1819/3563/1967 1690/3049/1967 1689/3048/1967
f 1818/3561/1612 1790/3499/1612 1690/3049/1612
f 1817/3557/1613 1789/3498/1613 1790/3499/1613
f 1816/3555/1614 1691/3050/1614 1789/3498/1614
f 1816/3555/1615 1815/3553/1615 1788/3497/1615
f 1815/3553/1616 1814/3551/1616 1692/3051/1616
f 1787/3496/1617 1692/3051/1617 1814/3551/1617
f 1813/3549/1618 1812/3547/1618 1786/3495/1618
f 1812/3547/1968 1811/3545/1968 1785/3494/1968
f 1811/3545/1620 1810/3542/1620 1784/3493/1620
f 1693/3052/1621 1784/3493/1621 1810/3542/1621
f 1809/3539/1622 1808/3536/1622 1694/3053/1622
f 1808/3536/1623 1807/3534/1623 1783/3492/1623
f 1807/3534/1624 1806/3533/1624 1695/3054/1624
f 1806/3533/1969 1805/3531/1969 1696/3055/1969
f 1805/3531/1626 1804/3529/1626 1782/3491/1626
f 1781/3490/1627 1782/3491/1627 1804/3529/1627
f 1803/3525/1628 1802/3523/1628 1697/3056/1628
f 1802/3523/1629 1801/3522/1629 1698/3057/1629
f 1800/3518/1630 1699/3058/1630 1579/2894/1630
f 1799/3516/1631 1700/3059/1631 1699/3058/1631
f 1798/3513/1632 1780/3489/1632 1700/3059/1632
f 1797/3511/1633 1701/3060/1633 1780/3489/1633
f 1796/3510/1634 1779/3488/1634 1701/3060/1634
f 1795/3508/1635 1702/3061/1635 1779/3488/1635
f 1794/3506/1636 1704/3063/1636 1702/3061/1636
f 1793/3502/1637 1703/3062/1637 1704/3063/1637
f 1797/3512/967 1798/3514/967 2045/4078/967
f 2044/4076/950 1799/3517/950 1800/3519/950
f 1587/2910/949 1586/2907/949 1801/3521/949
f 1802/3524/970 1803/3526/970 2040/4066/970
f 2036/4061/944 1807/3535/944 1808/3537/944
f 2034/4056/954 1809/3540/954 1810/3543/954
f 1814/3552/958 1815/3554/958 2028/4045/958
f 1816/3556/945 1817/3558/945 2026/4040/945
f 1821/3567/960 1822/3569/960 2021/4033/960
f 2020/4031/1373 1823/3571/1373 1793/3503/1373
f 2050/4087/1638 1793/3504/1638 1824/3572/1638
f 1828/3580/1639 1797/3512/1639 2046/4081/1639
f 2043/4074/1640 1800/3520/1640 1829/3582/1640
f 2040/4067/1641 1803/3527/1641 1830/3584/1641
f 1834/3592/1642 1807/3535/1642 2036/4061/1642
f 2033/4053/1643 1810/3543/1643 1835/3594/1643
f 2029/4048/1644 2004/3990/1644 1839/3602/1644
f 2026/4041/1645 1817/3559/1645 1840/3604/1645
f 1844/3612/1646 1821/3567/1646 2022/4035/1646
f 1997/3973/1970 2019/4029/1970 1824/3573/1970
f 1994/3966/1639 1849/3624/1639 1828/3581/1639
f 1829/3583/1640 1850/3627/1640 1993/3964/1640
f 1992/3962/1641 2013/4013/1641 1830/3585/1641
f 1988/3953/1647 1855/3639/1647 1834/3593/1647
f 1835/3595/1643 1856/3642/1643 1987/3951/1643
f 1983/3942/1644 1860/3652/1644 1839/3603/1644
f 1982/3940/1645 2003/3987/1645 1840/3605/1645
f 1978/3931/1648 1865/3663/1648 1844/3613/1648
f 1997/3972/1638 1846/3618/1638 1866/3665/1638
f 1870/3670/1639 1849/3625/1639 1994/3965/1639
f 1993/3963/1640 1850/3628/1640 1871/3673/1640
f 1971/3921/1649 1992/3961/1649 1851/3631/1649
f 1967/3917/1642 1876/3679/1642 1855/3640/1642
f 1856/3643/1643 1877/3682/1643 1966/3915/1643
f 1983/3941/1644 1962/3911/1644 1881/3687/1644
f 1961/3910/1645 1982/3939/1645 1861/3655/1645
f 1886/3694/1646 1865/3664/1646 1978/3930/1646
f 1977/3928/1650 1866/3666/1650 1888/3696/1650
f 1955/3902/1651 1888/3696/1651 1887/3695/1651
f 1956/3904/964 1887/3695/964 1889/3697/964
f 1889/3697/965 1890/3698/965 1953/3898/965
f 1891/3699/1658 1870/3671/1658 1973/3923/1658
f 1953/3898/966 1890/3698/966 1891/3699/966
f 1971/3921/1662 1872/3675/1662 1892/3701/1662
f 1951/3895/971 1892/3701/971 1893/3703/971
f 1893/3703/972 1894/3705/972 1949/3893/972
f 1894/3705/973 1895/3707/973 1948/3892/973
f 1896/3708/1669 1876/3680/1669 1967/3916/1669
f 1948/3892/947 1895/3707/947 1896/3709/947
f 1946/3889/955 1897/3711/955 1898/3713/955
f 1877/3682/1676 1897/3711/1676 1946/3889/1676
f 1898/3713/951 1899/3715/951 1944/3887/951
f 1899/3715/956 1900/3717/956 1943/3886/956
f 1943/3886/957 1900/3717/957 1901/3719/957
f 1962/3911/1683 1942/3885/1683 1901/3719/1683
f 1941/3884/1971 1961/3910/1971 1882/3689/1971
f 1940/3883/1685 1941/3884/1685 1902/3721/1685
f 1940/3883/1972 1903/3723/1972 1904/3725/1972
f 1904/3725/1973 1905/3727/1973 1938/3881/1973
f 1906/3729/1692 1886/3694/1692 1957/3906/1692
f 1938/3881/1974 1905/3727/1974 1906/3729/1974
f 2045/4079/1557 1798/3515/1557 1907/3736/1557
f 1935/3873/1556 1908/3743/1556 1799/3517/1556
f 1933/3864/1555 1910/3753/1555 1802/3524/1555
f 2042/4071/1554 1801/3521/1554 1909/3748/1554
f 1931/3855/1553 1912/3767/1553 1809/3541/1553
f 1808/3538/1552 1911/3760/1552 1932/3860/1552
f 1914/3781/1551 1816/3556/1551 2027/4043/1551
f 1815/3554/1550 1913/3774/1550 1930/3850/1550
f 1927/3835/1549 1916/3795/1549 1823/3571/1549
f 1822/3569/1548 1915/3788/1548 1928/3840/1548
f 2021/4034/6 1928/3841/6 1927/3836/6
f 2028/4046/6 1930/3851/6 1929/3846/6
f 1932/3861/6 1931/3856/6 2034/4057/6
f 1934/3869/6 1933/3865/6 2041/4070/6
f 2045/4080/6 1936/3879/6 1935/3874/6
f 1958/3907/6 1938/3881/6 1937/3880/6
f 1959/3908/6 1939/3882/6 1938/3881/6
f 1940/3883/6 1939/3882/6 1959/3908/6
f 1960/3909/6 1961/3910/6 1941/3884/6
f 1963/3912/6 1943/3886/6 1942/3885/6
f 1964/3913/6 1944/3887/6 1943/3886/6
f 1945/3888/6 1944/3887/6 1964/3913/6
f 1946/3889/6 1945/3888/6 1965/3914/6
f 1968/3918/6 1948/3892/6 1947/3891/6
f 1969/3919/6 1949/3893/6 1948/3892/6
f 1950/3894/6 1949/3893/6 1969/3919/6
f 1970/3920/6 1971/3921/6 1951/3895/6
f 1974/3925/6 1953/3899/6 1952/3897/6
f 1975/3926/6 1954/3901/6 1953/3899/6
f 1975/3926/6 1976/3927/6 1956/3905/6
f 1976/3927/6 1977/3929/6 1955/3903/6
f 1958/3907/6 1957/3906/6 1978/3930/6
f 1959/3908/6 1958/3907/6 1979/3932/6
f 1960/3909/6 1959/3908/6 1980/3934/6
f 1981/3937/6 1982/3939/6 1961/3910/6
f 1984/3943/6 1963/3912/6 1962/3911/6
f 1985/3945/6 1964/3913/6 1963/3912/6
f 1986/3947/6 1965/3914/6 1964/3913/6
f 1987/3950/6 1966/3915/6 1965/3914/6
f 1989/3954/6 1968/3918/6 1967/3917/6
f 1990/3956/6 1969/3919/6 1968/3918/6
f 1991/3959/6 1970/3920/6 1969/3919/6
f 1992/3961/6 1971/3921/6 1970/3920/6
f 1974/3925/6 1973/3924/6 1994/3965/6
f 1975/3926/6 1974/3925/6 1995/3967/6
f 1996/3970/6 1998/3974/6 1976/3927/6
f 1998/3974/6 1997/3972/6 1977/3929/6
f 1979/3933/1696 1978/3931/1696 1999/3977/1696
f 1980/3935/1697 1979/3933/1697 2000/3979/1697
f 1981/3938/1975 1980/3936/1975 2001/3982/1975
f 2002/3984/1699 2003/3987/1699 1982/3940/1699
f 2005/3992/1700 1984/3944/1700 1983/3942/1700
f 2006/3994/1701 1985/3946/1701 1984/3944/1701
f 2007/3997/1702 1986/3948/1702 1985/3946/1702
f 2008/4000/1703 1987/3951/1703 1986/3949/1703
f 2010/4005/1704 1989/3955/1704 1988/3953/1704
f 2011/4008/1976 1990/3957/1976 1989/3955/1976
f 2012/4010/1977 1991/3960/1977 1990/3958/1977
f 2013/4013/1707 1992/3962/1707 1991/3960/1707
f 1995/3968/1708 1994/3966/1708 2015/4019/1708
f 1996/3971/1709 1995/3968/1709 2016/4021/1709
f 2017/4024/1710 2018/4026/1710 1998/3975/1710
f 2018/4026/1711 2019/4029/1711 1997/3973/1711
f 2000/3980/1712 1999/3978/1712 2022/4036/1712
f 2001/3983/1713 2000/3980/1713 2023/4037/1713
f 2002/3985/1714 2001/3983/1714 2024/4038/1714
f 2025/4039/1715 2026/4042/1715 2003/3988/1715
f 2030/4050/1716 2005/3993/1716 2004/3991/1716
f 2031/4051/1717 2006/3995/1717 2005/3993/1717
f 2032/4052/1718 2007/3998/1718 2006/3995/1718
f 2033/4054/1719 2008/4001/1719 2007/3998/1719
f 2037/4063/1720 2010/4006/1720 2009/4004/1720
f 2038/4064/1721 2011/4009/1721 2010/4006/1721
f 2039/4065/1722 2012/4011/1722 2011/4009/1722
f 2040/4068/1723 2013/4014/1723 2012/4011/1723
f 2016/4022/1724 2015/4020/1724 2046/4082/1724
f 2017/4025/1978 2016/4022/1978 2047/4083/1978
f 2048/4084/1726 2049/4085/1726 2018/4027/1726
f 2049/4085/1727 2050/4088/1727 2019/4030/1727
f 1718/3077/1728 2051/4089/1728 2020/4032/1728
f 2021/4034/1979 2020/4032/1979 2051/4089/1979
f 2022/4036/1730 2021/4034/1730 1705/3064/1730
f 2023/4037/1731 2022/4036/1731 2052/4090/1731
f 2024/4038/1732 2023/4037/1732 2053/4091/1732
f 2025/4039/1980 2024/4038/1980 1706/3065/1980
f 2054/4092/1734 1707/3066/1734 2026/4042/1734
f 2027/4044/1735 2026/4042/1735 1707/3066/1735
f 2056/4094/1736 2028/4046/1736 2027/4044/1736
f 1708/3067/1737 2029/4049/1737 2028/4046/1737
f 2057/4095/1981 2030/4050/1981 2029/4049/1981
f 2058/4096/1982 2031/4051/1982 2030/4050/1982
f 1709/3068/1740 2032/4052/1740 2031/4051/1740
f 2059/4097/1741 2033/4054/1741 2032/4052/1741
f 1710/3069/1983 2034/4057/1983 2033/4054/1983
f 1711/3070/1743 2035/4060/1743 2034/4057/1743
f 2060/4098/1984 2036/4062/1984 2035/4060/1984
f 1712/3071/1745 2037/4063/1745 2036/4062/1745
f 2061/4099/1985 2038/4064/1985 2037/4063/1985
f 2062/4100/1747 2039/4065/1747 2038/4064/1747
f 2063/4101/1986 2040/4068/1986 2039/4065/1986
f 1713/3072/1749 2041/4070/1749 2040/4068/1749
f 1714/3073/1987 2042/4072/1987 2041/4070/1987
f 1580/2895/1751 1587/2911/1751 2042/4072/1751
f 1715/3074/1752 1716/3075/1752 2044/4077/1752
f 1716/3075/1753 2064/4102/1753 2045/4080/1753
f 2046/4082/1988 2045/4080/1988 2064/4102/1988
f 2047/4083/1755 2046/4082/1755 2065/4103/1755
f 2048/4084/1756 2047/4083/1756 2066/4104/1756
f 2049/4085/1757 2048/4084/1757 1717/3076/1757
f 2067/4105/1758 1718/3077/1758 2050/4088/1758
f 1640/2983/1052 2117/4155/1052 2118/4156/1052
f 1184/1814/1822 2096/4134/1822 2069/4107/1822
f 2014/4017/1759 1591/2916/1759 1592/2918/1759
f 1993/3964/1760 1590/2914/1760 1591/2917/1760
f 1972/3922/6 1589/2913/6 1590/2915/6
f 1972/3922/1989 1871/3673/1989 1594/2922/1989
f 2043/4075/1762 1592/2918/1762 1581/2896/1762
f 1801/3522/1763 1586/2908/1763 1578/2893/1763
f 1699/3058/1764 1670/3019/1764 1577/2892/1764
f 1714/3073/1765 1639/2980/1765 1576/2891/1765
f 1618/2946/1239 1575/2889/1239 1577/2892/1239
f 1142/1761/961 2080/4118/961 2079/4117/961
f 1627/2957/1379 2104/4142/1379 2105/4143/1379
f 1143/1763/967 1144/1765/967 2082/4120/967
f 1629/2961/1082 2106/4144/1082 2107/4145/1082
f 1630/2963/1244 2107/4145/1244 2108/4146/1244
f 1147/1771/969 2085/4123/969 2084/4122/969
f 1631/2965/1381 2108/4146/1381 2109/4147/1381
f 1148/1773/970 2086/4124/970 2085/4123/970
f 1678/3028/1069 1646/2995/1069 2102/4140/1069
f 1632/2967/1766 2109/4147/1766 2110/4148/1766
f 1149/1775/971 2087/4125/971 2086/4124/971
f 1678/3028/1242 2129/4167/1242 2103/4141/1242
f 1633/2969/1383 2110/4148/1383 2111/4149/1383
f 1679/3030/1283 1628/2959/1283 2105/4143/1283
f 1150/1777/972 2088/4126/972 2087/4125/972
f 1635/2973/1075 2112/4150/1075 2113/4151/1075
f 1151/1779/1767 2089/4127/1767 2088/4126/1767
f 1680/3032/1243 2124/4162/1243 2106/4144/1243
f 1681/3034/1295 1634/2971/1295 2111/4149/1295
f 1639/2981/968 2116/4154/968 2101/4139/968
f 1637/2977/1237 2114/4152/1237 2115/4153/1237
f 1681/3034/1245 2130/4168/1245 2112/4150/1245
f 1682/3036/1246 1636/2975/1246 2113/4151/1246
f 2139/4177/1770 2136/4174/1770 2135/4173/1770
f 2138/4176/4 2137/4175/4 2140/4178/4
f 2134/4172/1772 2140/4178/1772 2137/4175/1772
f 2147/4185/1770 2144/4182/1770 2143/4181/1770
f 2146/4184/4 2145/4183/4 2148/4186/4
f 2142/4180/1769 2148/4186/1769 2145/4183/1769
f 2155/4193/1770 2152/4190/1770 2151/4189/1770
f 2154/4192/4 2153/4191/4 2156/4194/4
f 2150/4188/1769 2156/4194/1769 2153/4191/1769
f 2163/4201/1771 2160/4198/1771 2159/4197/1771
f 2162/4200/4 2161/4199/4 2164/4202/4
f 2158/4196/1772 2164/4202/1772 2161/4199/1772
f 2171/4209/1770 2168/4206/1770 2167/4205/1770
f 2170/4208/4 2169/4207/4 2172/4210/4
f 2166/4204/1769 2172/4210/1769 2169/4207/1769
f 2179/4217/1770 2176/4214/1770 2175/4213/1770
f 2178/4216/4 2177/4215/4 2180/4218/4
f 2174/4212/1769 2180/4218/1769 2177/4215/1769
f 2187/4225/1770 2184/4222/1770 2183/4221/1770
f 2186/4224/4 2185/4223/4 2188/4226/4
f 2182/4220/1772 2188/4226/1772 2185/4223/1772
f 2195/4233/1771 2192/4230/1771 2191/4229/1771
f 2194/4232/4 2193/4231/4 2196/4234/4
f 2190/4228/1773 2196/4234/1773 2193/4231/1773
f 2203/4241/1770 2200/4238/1770 2199/4237/1770
f 2202/4240/4 2201/4239/4 2204/4242/4
f 2198/4236/1769 2204/4242/1769 2201/4239/1769
f 2211/4249/1770 2208/4246/1770 2207/4245/1770
f 2210/4248/4 2209/4247/4 2212/4250/4
f 2206/4244/1769 2212/4250/1769 2209/4247/1769
f 2219/4257/1770 2216/4254/1770 2215/4253/1770
f 2218/4256/4 2217/4255/4 2220/4258/4
f 2214/4252/1769 2220/4258/1769 2217/4255/1769
f 2227/4265/1770 2224/4262/1770 2223/4261/1770
f 2226/4264/4 2225/4263/4 2228/4266/4
f 2222/4260/1773 2228/4266/1773 2225/4263/1773
f 2235/4273/1770 2232/4270/1770 2231/4269/1770
f 2234/4272/4 2233/4271/4 2236/4274/4
f 2230/4268/1769 2236/4274/1769 2233/4271/1769
f 2243/4281/1770 2240/4278/1770 2239/4277/1770
f 2242/4280/4 2241/4279/4 2244/4282/4
f 2238/4276/1769 2244/4282/1769 2241/4279/1769
f 2251/4289/1770 2248/4286/1770 2247/4285/1770
f 2250/4288/4 2249/4287/4 2252/4290/4
f 2246/4284/1769 2252/4290/1769 2249/4287/1769
f 2259/4297/1770 2256/4294/1770 2255/4293/1770
f 2258/4296/4 2257/4295/4 2260/4298/4
f 2254/4292/1769 2260/4298/1769 2257/4295/1769
f 2267/4305/1770 2264/4302/1770 2263/4301/1770
f 2266/4304/4 2265/4303/4 2268/4306/4
f 2262/4300/1769 2268/4306/1769 2265/4303/1769
f 2275/4313/1770 2272/4310/1770 2271/4309/1770
f 2274/4312/4 2273/4311/4 2276/4314/4
f 2270/4308/1769 2276/4314/1769 2273/4311/1769
f 2283/4321/1770 2280/4318/1770 2279/4317/1770
f 2282/4320/4 2281/4319/4 2284/4322/4
f 2278/4316/1769 2284/4322/1769 2281/4319/1769
f 2291/4329/1770 2288/4326/1770 2287/4325/1770
f 2290/4328/4 2289/4327/4 2292/4330/4
f 2286/4324/1769 2292/4330/1769 2289/4327/1769
o back.01
v -0.770188 1.154937 -0.034619
v -0.770188 1.154937 -0.027489
v -0.777695 1.146687 -0.027489
v 0.663800 1.154937 -0.034619
v 0.663800 1.146687 -0.027489
v -0.777695 1.146687 -0.022473
v -0.770188 1.154937 -0.022473
v 0.655391 1.154937 -0.038226
v -0.657910 1.154937 -0.022473
v -0.669771 1.154937 -0.022473
v -0.657910 1.146687 -0.022473
v -0.669771 1.146687 -0.022473
v 0.478183 1.154937 -0.038226
v 0.360912 1.154937 -0.038226
v 0.260841 1.154937 -0.038226
v 0.223836 1.154937 -0.038226
v -0.219708 1.154937 -0.038226
v -0.247540 1.154937 -0.038226
v -0.353344 1.154937 -0.038226
v -0.470615 1.154937 -0.038226
v -0.657910 1.154937 -0.038226
v -0.669771 1.146687 -0.011006
v -0.657910 1.146687 -0.011006
v -0.669771 1.154937 -0.011006
v -0.657910 1.154937 -0.011006
v -0.770188 1.154937 -0.011006
v -0.777695 1.146687 -0.011006
v -0.777695 1.146687 0.070854
v 0.478183 1.169828 -0.034619
v 0.360912 1.169828 -0.034619
v 0.260841 1.169828 -0.034619
v 0.223836 1.169828 -0.034619
v -0.219708 1.169828 -0.034619
v -0.247540 1.169828 -0.034619
v -0.353344 1.169828 -0.034619
v -0.470615 1.169828 -0.034619
v -0.657910 1.169828 -0.034619
v 0.655391 1.169828 -0.034619
v -0.770188 1.146687 -0.027489
v 0.655391 1.146687 -0.027489
v 0.655391 1.146687 -0.034619
v -0.770188 1.146687 -0.034619
v 0.655391 1.154937 -0.027489
v -0.777695 1.154937 -0.027489
v -0.777695 1.154937 -0.034619
v -0.777695 1.146687 -0.034619
v 0.663800 1.154937 -0.027489
v 0.663800 1.146687 -0.034619
v -0.777695 1.154937 -0.022473
v -0.770188 1.146687 -0.022473
v 0.663800 1.154937 -0.038226
v 0.663800 1.146687 -0.038226
v 0.655391 1.146687 -0.038226
v -0.770188 1.146687 -0.038226
v -0.777695 1.146687 -0.038226
v -0.777695 1.154937 -0.038226
v -0.770188 1.154937 -0.038226
v -0.669771 1.146687 -0.027489
v -0.657910 1.146687 -0.027489
v -0.470615 1.146687 -0.027489
v -0.353344 1.146687 -0.027489
v -0.247540 1.146687 -0.027489
v -0.219708 1.146687 -0.027489
v 0.223836 1.146687 -0.027489
v 0.260841 1.146687 -0.027489
v 0.360912 1.146687 -0.027489
v 0.478183 1.146687 -0.027489
v 0.478183 1.146687 -0.034619
v 0.360912 1.146687 -0.034619
v 0.260841 1.146687 -0.034619
v 0.223836 1.146687 -0.034619
v -0.219708 1.146687 -0.034619
v -0.247540 1.146687 -0.034619
v -0.353344 1.146687 -0.034619
v -0.470615 1.146687 -0.034619
v -0.657910 1.146687 -0.034619
v -0.669771 1.146687 -0.034619
v -0.669771 1.154937 -0.034619
v 0.478183 1.154937 -0.027489
v 0.360912 1.154937 -0.027489
v 0.260841 1.154937 -0.027489
v 0.223836 1.154937 -0.027489
v -0.219708 1.154937 -0.027489
v -0.247540 1.154937 -0.027489
v -0.353344 1.154937 -0.027489
v -0.470615 1.154937 -0.027489
v -0.657910 1.154937 -0.027489
v -0.669771 1.154937 -0.027489
v -0.669771 1.154937 -0.038226
v 0.478183 1.146687 -0.038226
v 0.360912 1.146687 -0.038226
v 0.260841 1.146687 -0.038226
v 0.223836 1.146687 -0.038226
v -0.219708 1.146687 -0.038226
v -0.247540 1.146687 -0.038226
v -0.353344 1.146687 -0.038226
v -0.470615 1.146687 -0.038226
v -0.657910 1.146687 -0.038226
v -0.669771 1.146687 -0.038226
v -0.770188 1.146687 -0.011006
v -0.777695 1.154937 -0.011006
v -0.770188 1.154937 0.070854
v -0.777695 1.154937 0.070854
v -0.770188 1.146687 0.070854
v -0.657910 1.154937 0.070854
v -0.669771 1.154937 0.070854
v -0.657910 1.146687 0.070854
v -0.770188 1.146687 0.097544
v -0.777695 1.154937 0.097544
v -0.770188 1.154937 0.097544
v -0.777695 1.146687 0.097544
v -0.669771 1.169828 -0.038226
v -0.657910 1.169828 -0.038226
v -0.470615 1.169828 -0.038226
v -0.353344 1.169828 -0.038226
v -0.247540 1.169828 -0.038226
v -0.219708 1.169828 -0.038226
v 0.223836 1.169828 -0.038226
v 0.260841 1.169828 -0.038226
v 0.360912 1.169828 -0.038226
v 0.478183 1.169828 -0.038226
v -0.669771 1.169828 -0.027489
v -0.657910 1.169828 -0.027489
v -0.470615 1.169828 -0.027489
v -0.353344 1.169828 -0.027489
v -0.247540 1.169828 -0.027489
v -0.219708 1.169828 -0.027489
v 0.223836 1.169828 -0.027489
v 0.260841 1.169828 -0.027489
v 0.360912 1.169828 -0.027489
v 0.478183 1.169828 -0.027489
v -0.669771 1.169828 -0.034619
v 0.655391 1.169828 -0.038226
v 0.663800 1.169828 -0.038226
v 0.663800 1.169828 -0.034619
v 0.663800 1.169828 -0.027489
v 0.655391 1.169828 -0.027489
v -0.669771 1.146687 0.070854
v -0.669771 1.154937 0.097290
v -0.669771 1.146687 0.097290
v 0.663800 0.138954 -0.027489
v -0.770189 0.138954 -0.034620
v -0.770189 0.138954 -0.022473
v -0.777695 0.138954 0.070854
v 0.360912 0.138954 -0.027489
v 0.260841 0.138954 -0.027489
v -0.247540 0.138954 -0.027489
v -0.353344 0.138954 -0.027489
v -0.470615 0.138954 -0.027489
v -0.669772 0.138954 -0.027489
v -0.777695 0.138954 -0.011006
v -0.777695 0.138954 -0.022473
v -0.777695 0.138954 -0.027489
v -0.247540 0.138954 -0.034620
v -0.777695 0.138954 -0.034620
v 0.655391 0.138954 -0.027489
v 0.655391 0.138954 -0.034620
v 0.663800 0.138954 -0.034620
v 0.478182 0.138954 -0.027489
v 0.223836 0.138954 -0.027489
v -0.219708 0.138954 -0.027489
v -0.657910 0.138954 -0.027489
v -0.770189 0.138954 -0.027489
v -0.669772 0.138954 -0.034620
v -0.657910 0.138954 -0.034620
v -0.470615 0.138954 -0.034620
v -0.353344 0.138954 -0.034620
v -0.219708 0.138954 -0.034620
v 0.223836 0.138954 -0.034620
v 0.260841 0.138954 -0.034620
v 0.360912 0.138954 -0.034620
v 0.478182 0.138954 -0.034620
v -0.770189 0.138954 -0.011006
v -0.770189 0.138954 0.070854
v -0.770189 0.138954 0.097544
v -0.777695 0.138954 0.097544
v -0.657910 1.154937 0.097271
v -0.657910 1.146687 0.097271
v 0.478183 1.154937 -0.010786
v 0.360912 1.146687 -0.010786
v -0.470615 1.146687 -0.010785
v -0.470615 1.154937 -0.010785
v -0.657910 1.154937 -0.010785
v 0.360912 1.154937 -0.010786
v -0.657910 1.146687 -0.010786
v 0.478183 1.146687 -0.010786
v 0.272409 1.146687 -0.010786
v 0.260841 1.146687 -0.022516
v -0.353344 1.146687 -0.022516
v -0.364912 1.146687 -0.010786
v -0.364912 1.154937 -0.010785
v -0.353344 1.154937 -0.022516
v 0.260841 1.154937 -0.022516
v 0.272408 1.154937 -0.010786
v -0.770189 -0.864393 -0.034620
v -0.770189 -0.864393 -0.027489
v -0.777696 -0.856143 -0.027489
v 0.663799 -0.864393 -0.034620
v 0.663799 -0.856143 -0.027489
v -0.777696 -0.856143 -0.022473
v -0.770189 -0.864393 -0.022473
v 0.655391 -0.864393 -0.038227
v -0.657910 -0.864393 -0.022473
v -0.669772 -0.864393 -0.022473
v -0.657910 -0.856143 -0.022473
v -0.669772 -0.856143 -0.022473
v 0.478182 -0.864393 -0.038227
v 0.360911 -0.864393 -0.038227
v 0.260841 -0.864393 -0.038227
v 0.223835 -0.864393 -0.038227
v -0.219708 -0.864393 -0.038227
v -0.247540 -0.864393 -0.038227
v -0.353345 -0.864393 -0.038227
v -0.470615 -0.864393 -0.038227
v -0.657910 -0.864393 -0.038227
v -0.669772 -0.856143 -0.011007
v -0.657910 -0.856143 -0.011007
v -0.669772 -0.864393 -0.011007
v -0.657910 -0.864393 -0.011007
v -0.770189 -0.864393 -0.011007
v -0.777696 -0.856143 -0.011007
v -0.777696 -0.856143 0.070854
v 0.478182 -0.879284 -0.034620
v 0.360912 -0.879284 -0.034620
v 0.260841 -0.879284 -0.034620
v 0.223835 -0.879284 -0.034620
v -0.219708 -0.879284 -0.034620
v -0.247540 -0.879284 -0.034620
v -0.353345 -0.879284 -0.034620
v -0.470615 -0.879284 -0.034620
v -0.657910 -0.879284 -0.034620
v 0.655391 -0.879284 -0.034620
v -0.770189 -0.856143 -0.027489
v 0.655391 -0.856143 -0.027489
v 0.655391 -0.856143 -0.034620
v -0.770189 -0.856143 -0.034620
v 0.655391 -0.864393 -0.027489
v -0.777696 -0.864393 -0.027489
v -0.777696 -0.864393 -0.034620
v -0.777696 -0.856143 -0.034620
v 0.663799 -0.864393 -0.027489
v 0.663799 -0.856143 -0.034620
v -0.777696 -0.864393 -0.022473
v -0.770189 -0.856143 -0.022473
v 0.663799 -0.864393 -0.038227
v 0.663799 -0.856143 -0.038227
v 0.655391 -0.856143 -0.038227
v -0.770189 -0.856143 -0.038227
v -0.777696 -0.856143 -0.038227
v -0.777696 -0.864393 -0.038227
v -0.770189 -0.864393 -0.038227
v -0.669772 -0.856143 -0.027489
v -0.657910 -0.856143 -0.027489
v -0.470615 -0.856143 -0.027489
v -0.353345 -0.856143 -0.027489
v -0.247540 -0.856143 -0.027489
v -0.219708 -0.856143 -0.027489
v 0.223835 -0.856143 -0.027489
v 0.260841 -0.856143 -0.027489
v 0.360912 -0.856143 -0.027489
v 0.478182 -0.856143 -0.027489
v 0.478182 -0.856143 -0.034620
v 0.360911 -0.856143 -0.034620
v 0.260841 -0.856143 -0.034620
v 0.223835 -0.856143 -0.034620
v -0.219708 -0.856143 -0.034620
v -0.247540 -0.856143 -0.034620
v -0.353345 -0.856143 -0.034620
v -0.470615 -0.856143 -0.034620
v -0.657910 -0.856143 -0.034620
v -0.669772 -0.856143 -0.034620
v -0.669772 -0.864393 -0.034620
v 0.478182 -0.864393 -0.027489
v 0.360911 -0.864393 -0.027489
v 0.260841 -0.864393 -0.027489
v 0.223835 -0.864393 -0.027489
v -0.219708 -0.864393 -0.027489
v -0.247540 -0.864393 -0.027489
v -0.353345 -0.864393 -0.027489
v -0.470615 -0.864393 -0.027489
v -0.657910 -0.864393 -0.027489
v -0.669772 -0.864393 -0.027489
v -0.669772 -0.864393 -0.038227
v 0.478182 -0.856143 -0.038227
v 0.360911 -0.856143 -0.038227
v 0.260841 -0.856143 -0.038227
v 0.223835 -0.856143 -0.038227
v -0.219708 -0.856143 -0.038227
v -0.247540 -0.856143 -0.038227
v -0.353345 -0.856143 -0.038227
v -0.470615 -0.856143 -0.038227
v -0.657910 -0.856143 -0.038227
v -0.669772 -0.856143 -0.038227
v -0.770189 -0.856143 -0.011007
v -0.777696 -0.864393 -0.011007
v -0.770189 -0.864393 0.070854
v -0.777696 -0.864393 0.070854
v -0.770189 -0.856143 0.070854
v -0.657910 -0.864393 0.070854
v -0.669772 -0.864393 0.070854
v -0.657910 -0.856143 0.070854
v -0.770189 -0.856143 0.097544
v -0.777696 -0.864393 0.097544
v -0.770189 -0.864393 0.097544
v -0.777696 -0.856143 0.097544
v -0.669772 -0.879284 -0.038227
v -0.657910 -0.879284 -0.038227
v -0.470615 -0.879284 -0.038227
v -0.353345 -0.879284 -0.038227
v -0.247540 -0.879284 -0.038227
v -0.219708 -0.879284 -0.038227
v 0.223835 -0.879284 -0.038227
v 0.260841 -0.879284 -0.038227
v 0.360911 -0.879284 -0.038227
v 0.478182 -0.879284 -0.038227
v -0.669772 -0.879284 -0.027489
v -0.657910 -0.879284 -0.027489
v -0.470615 -0.879284 -0.027489
v -0.353345 -0.879284 -0.027489
v -0.247540 -0.879284 -0.027489
v -0.219708 -0.879284 -0.027489
v 0.223835 -0.879284 -0.027489
v 0.260841 -0.879284 -0.027489
v 0.360911 -0.879284 -0.027489
v 0.478182 -0.879284 -0.027489
v -0.669772 -0.879284 -0.034620
v 0.655391 -0.879284 -0.038227
v 0.663799 -0.879284 -0.038227
v 0.663799 -0.879284 -0.034620
v 0.663799 -0.879284 -0.027489
v 0.655391 -0.879284 -0.027489
v -0.669772 -0.856143 0.070854
v -0.669772 -0.864393 0.097289
v -0.669772 -0.856143 0.097289
v -0.657910 -0.864393 0.097270
v -0.657910 -0.856143 0.097270
v 0.478182 -0.864393 -0.010786
v 0.360912 -0.856143 -0.010786
v -0.470615 -0.856143 -0.010786
v -0.470615 -0.864393 -0.010786
v -0.657910 -0.864393 -0.010786
v 0.360911 -0.864393 -0.010786
v -0.657910 -0.856143 -0.010786
v 0.478182 -0.856143 -0.010786
v 0.272408 -0.856143 -0.010786
v 0.260841 -0.856143 -0.022517
v -0.353345 -0.856143 -0.022517
v -0.364912 -0.856143 -0.010786
v -0.364912 -0.864393 -0.010786
v -0.353345 -0.864393 -0.022517
v 0.260841 -0.864393 -0.022517
v 0.272408 -0.864393 -0.010786
v 0.635198 1.154937 -0.027489
v 0.635198 1.154937 -0.038226
v 0.635198 1.169828 -0.034619
v 0.635198 1.146687 -0.027489
v 0.635198 1.146687 -0.034619
v 0.635198 1.146687 -0.038226
v 0.635198 1.169828 -0.027489
v 0.635198 1.169828 -0.038226
v 0.635198 0.138954 -0.034620
v 0.635198 0.138954 -0.027489
v 0.635198 1.154937 -0.010786
v 0.635198 1.146687 -0.010786
v 0.635198 -0.864393 -0.027489
v 0.635198 -0.864393 -0.038227
v 0.635198 -0.879284 -0.034620
v 0.635198 -0.856143 -0.027489
v 0.635198 -0.856143 -0.034620
v 0.635198 -0.856143 -0.038227
v 0.635198 -0.879284 -0.027489
v 0.635198 -0.879284 -0.038227
v 0.635198 -0.864393 -0.010786
v 0.635198 -0.856143 -0.010786
vn -1.0000 -0.0000 -0.0000
vn -0.0000 -1.0000 -0.0000
vn -0.0000 1.0000 -0.0000
vn 1.0000 -0.0000 -0.0000
vn -0.0000 -0.0000 1.0000
vn -0.0000 -0.0000 -1.0000
vn 0.0025 -0.0000 1.0000
vn 0.0016 -0.0000 1.0000
vn 0.7120 -0.0000 0.7021
vn -0.7120 -0.0000 0.7021
vt 0.898199 0.571983
vt 0.898199 0.573386
vt 0.969334 0.885374
vt 0.973887 0.819277
vt 0.012488 0.473878
vt 0.972263 0.820680
vt 0.969334 0.884387
vt 0.898199 0.574373
vt 0.021974 0.451405
vt 0.813979 0.574198
vt 0.876108 0.574373
vt 0.878442 0.574373
vt 0.891944 0.606013
vt 0.815602 0.574198
vt 0.889610 0.606013
vt 0.056840 0.451405
vt 0.079913 0.451405
vt 0.099603 0.451405
vt 0.106884 0.451405
vt 0.194153 0.451405
vt 0.199629 0.451405
vt 0.220446 0.451405
vt 0.243519 0.451405
vt 0.280370 0.451405
vt 0.889610 0.608269
vt 0.815602 0.571942
vt 0.891944 0.608269
vt 0.878442 0.576629
vt 0.813979 0.571942
vt 0.876108 0.576629
vt 0.898199 0.576629
vt 0.969334 0.882131
vt 0.969334 0.866024
vt 0.743803 0.814005
vt 0.766877 0.814005
vt 0.786566 0.814005
vt 0.793847 0.814005
vt 0.881116 0.814005
vt 0.886592 0.814005
vt 0.907409 0.814005
vt 0.930483 0.814005
vt 0.967333 0.814005
vt 0.708937 0.814005
vt 0.869853 0.605026
vt 0.573646 0.852747
vt 0.294630 0.473878
vt 0.014142 0.473878
vt 0.021973 0.449072
vt 0.302462 0.449072
vt 0.014142 0.472255
vt 0.970957 0.885374
vt 0.899676 0.573386
vt 0.899676 0.571983
vt 0.970957 0.886777
vt 0.969334 0.886777
vt 0.303938 0.449072
vt 0.973887 0.820680
vt 0.012488 0.472255
vt 0.020319 0.449072
vt 0.972263 0.819277
vt 0.899676 0.574373
vt 0.970957 0.884387
vt 0.869853 0.606013
vt 0.573646 0.851760
vt 0.973887 0.818567
vt 0.020319 0.451405
vt 0.972263 0.818567
vt 0.020319 0.449781
vt 0.021973 0.449781
vt 0.302462 0.449781
vt 0.969334 0.887486
vt 0.303938 0.449781
vt 0.899676 0.571273
vt 0.970957 0.887486
vt 0.303938 0.451405
vt 0.898199 0.571273
vt 0.302462 0.451405
vt 0.889610 0.605026
vt 0.274873 0.473878
vt 0.891944 0.605026
vt 0.815602 0.575185
vt 0.272539 0.473878
vt 0.817851 0.553305
vt 0.235688 0.473878
vt 0.817851 0.516454
vt 0.817851 0.493381
vt 0.212615 0.473878
vt 0.886592 0.634292
vt 0.191797 0.473878
vt 0.186321 0.473878
vt 0.099052 0.473878
vt 0.091772 0.473878
vt 0.830617 0.568660
vt 0.072082 0.473878
vt 0.830617 0.588349
vt 0.049009 0.473878
vt 0.830617 0.611423
vt 0.056840 0.449072
vt 0.079913 0.449072
vt 0.099603 0.449072
vt 0.106884 0.449072
vt 0.194153 0.449072
vt 0.199629 0.449072
vt 0.220446 0.449072
vt 0.243519 0.449072
vt 0.280370 0.449072
vt 0.282704 0.449072
vt 0.878442 0.571983
vt 0.972597 0.814005
vt 0.830617 0.524274
vt 0.049009 0.472255
vt 0.072082 0.472255
vt 0.830617 0.547347
vt 0.091772 0.472255
vt 0.830617 0.567037
vt 0.099052 0.472255
vt 0.186321 0.472255
vt 0.191797 0.472255
vt 0.212615 0.472255
vt 0.888215 0.634292
vt 0.817851 0.614852
vt 0.235688 0.472255
vt 0.817851 0.591779
vt 0.272539 0.472255
vt 0.813979 0.575185
vt 0.876108 0.573386
vt 0.817851 0.554928
vt 0.972597 0.815408
vt 0.274873 0.472255
vt 0.878442 0.573386
vt 0.878442 0.571273
vt 0.972597 0.813296
vt 0.282704 0.451405
vt 0.056840 0.449781
vt 0.079913 0.449781
vt 0.099603 0.449781
vt 0.106884 0.449781
vt 0.194153 0.449781
vt 0.199629 0.449781
vt 0.220446 0.449781
vt 0.243519 0.449781
vt 0.280370 0.449781
vt 0.282704 0.449781
vt 0.573646 0.849504
vt 0.869853 0.608269
vt 0.970957 0.882131
vt 0.899676 0.576629
vt 0.898199 0.592735
vt 0.880198 0.634292
vt 0.970957 0.866024
vt 0.899676 0.592735
vt 0.869853 0.624376
vt 0.878575 0.634292
vt 0.573646 0.833398
vt 0.813979 0.555835
vt 0.876108 0.592735
vt 0.878442 0.592735
vt 0.815602 0.555835
vt 0.891944 0.624376
vt 0.815602 0.528546
vt 0.869853 0.629627
vt 0.969334 0.859296
vt 0.878575 0.639543
vt 0.573646 0.828146
vt 0.899676 0.597986
vt 0.970957 0.860773
vt 0.813979 0.528546
vt 0.898199 0.597986
vt 0.970957 0.859296
vt 0.880198 0.639543
vt 0.969334 0.860773
vt 0.282704 0.454334
vt 0.969667 0.813296
vt 0.280370 0.454334
vt 0.967333 0.813296
vt 0.930483 0.813296
vt 0.243519 0.454334
vt 0.907409 0.813296
vt 0.220446 0.454334
vt 0.886592 0.813296
vt 0.199629 0.454334
vt 0.881116 0.813296
vt 0.194153 0.454334
vt 0.793847 0.813295
vt 0.106884 0.454334
vt 0.786566 0.813295
vt 0.099603 0.454334
vt 0.766877 0.813295
vt 0.079913 0.454334
vt 0.056840 0.454334
vt 0.743803 0.813295
vt 0.274873 0.469325
vt 0.969667 0.815408
vt 0.272539 0.469325
vt 0.967333 0.815408
vt 0.235688 0.469325
vt 0.930483 0.815408
vt 0.212615 0.469325
vt 0.907409 0.815408
vt 0.191797 0.469325
vt 0.886592 0.815408
vt 0.186321 0.469325
vt 0.881116 0.815408
vt 0.099052 0.469325
vt 0.793847 0.815408
vt 0.091772 0.469325
vt 0.786566 0.815408
vt 0.072082 0.469325
vt 0.766877 0.815408
vt 0.743803 0.815408
vt 0.049009 0.469325
vt 0.969667 0.814005
vt 0.708937 0.813295
vt 0.021974 0.454334
vt 0.020319 0.454334
vt 0.976817 0.818567
vt 0.707282 0.813295
vt 0.976817 0.819277
vt 0.707282 0.814005
vt 0.976817 0.820680
vt 0.012488 0.469325
vt 0.707282 0.815408
vt 0.014142 0.469325
vt 0.708937 0.815408
vt 0.889610 0.624376
vt 0.813979 0.548304
vt 0.878442 0.597936
vt 0.815602 0.548304
vt 0.889610 0.629577
vt 0.012488 0.672153
vt 0.773988 0.820680
vt 0.302461 0.250796
vt 0.771921 0.851760
vt 0.771058 0.866024
vt 0.072082 0.672153
vt 0.091772 0.672153
vt 0.191797 0.672153
vt 0.212615 0.672153
vt 0.235688 0.672153
vt 0.274873 0.672153
vt 0.771058 0.882131
vt 0.771058 0.884387
vt 0.771058 0.885374
vt 0.199629 0.250796
vt 0.771058 0.886777
vt 0.303938 0.250796
vt 0.014142 0.672153
vt 0.021973 0.250796
vt 0.020319 0.250796
vt 0.773988 0.819277
vt 0.049009 0.672153
vt 0.099052 0.672153
vt 0.186321 0.672153
vt 0.272539 0.672153
vt 0.771921 0.852747
vt 0.294630 0.672153
vt 0.282704 0.250797
vt 0.280370 0.250797
vt 0.243519 0.250797
vt 0.220446 0.250796
vt 0.194152 0.250797
vt 0.106884 0.250797
vt 0.099603 0.250797
vt 0.079913 0.250796
vt 0.056840 0.250796
vt 0.771921 0.849504
vt 0.771921 0.833398
vt 0.771058 0.859296
vt 0.771921 0.828146
vt 0.771058 0.860773
vt 0.813979 0.550638
vt 0.876108 0.597933
vt 0.891944 0.629573
vt 0.815602 0.550638
vt 0.869037 0.524274
vt 0.827330 0.524274
vt 0.827330 0.588349
vt 0.867414 0.547347
vt 0.821138 0.516454
vt 0.904826 0.514178
vt 0.906449 0.514178
vt 0.821138 0.591779
vt 0.906449 0.551029
vt 0.821138 0.554928
vt 0.827330 0.547347
vt 0.869037 0.547347
vt 0.904826 0.551029
vt 0.821138 0.553305
vt 0.867414 0.524274
vt 0.827330 0.611423
vt 0.827330 0.570936
vt 0.894609 0.635803
vt 0.867414 0.564761
vt 0.829638 0.568660
vt 0.894609 0.639044
vt 0.818830 0.493381
vt 0.886592 0.635270
vt 0.821138 0.495657
vt 0.904826 0.493381
vt 0.886592 0.638512
vt 0.906449 0.493381
vt 0.821138 0.612576
vt 0.888215 0.638512
vt 0.818830 0.614852
vt 0.888215 0.635270
vt 0.829638 0.567037
vt 0.896232 0.639044
vt 0.827330 0.564761
vt 0.896232 0.635803
vt 0.869037 0.564761
vt 0.846293 0.574060
vt 0.846293 0.575463
vt 0.575270 0.885374
vt 0.576576 0.819277
vt 0.012488 0.867942
vt 0.578200 0.820680
vt 0.575270 0.884387
vt 0.846293 0.576450
vt 0.021973 0.052675
vt 0.838019 0.559522
vt 0.868385 0.576450
vt 0.866051 0.576450
vt 0.844093 0.607052
vt 0.839643 0.559522
vt 0.846427 0.607052
vt 0.056840 0.052675
vt 0.079913 0.052675
vt 0.099603 0.052675
vt 0.106884 0.052675
vt 0.194153 0.052675
vt 0.199629 0.052675
vt 0.220446 0.052675
vt 0.243519 0.052675
vt 0.280370 0.052675
vt 0.846427 0.609308
vt 0.839643 0.561778
vt 0.844093 0.609308
vt 0.866051 0.578706
vt 0.838019 0.561778
vt 0.868385 0.578706
vt 0.846293 0.578706
vt 0.575270 0.882131
vt 0.575270 0.866024
vt 0.931093 0.808156
vt 0.908020 0.808156
vt 0.888330 0.808156
vt 0.881050 0.808156
vt 0.793781 0.808156
vt 0.788305 0.808156
vt 0.767487 0.808156
vt 0.744414 0.808156
vt 0.707563 0.808156
vt 0.965960 0.808156
vt 0.866184 0.606065
vt 0.967710 0.852747
vt 0.294630 0.867942
vt 0.014142 0.867942
vt 0.021973 0.055008
vt 0.302462 0.055008
vt 0.014142 0.869565
vt 0.573646 0.885374
vt 0.844816 0.575463
vt 0.844816 0.574060
vt 0.573646 0.886777
vt 0.575270 0.886777
vt 0.303938 0.055008
vt 0.576576 0.820680
vt 0.012488 0.869565
vt 0.020319 0.055008
vt 0.578200 0.819277
vt 0.844816 0.576450
vt 0.573646 0.884387
vt 0.866184 0.607052
vt 0.967710 0.851760
vt 0.576576 0.818567
vt 0.020319 0.052675
vt 0.578200 0.818567
vt 0.020319 0.054298
vt 0.021973 0.054298
vt 0.302462 0.054298
vt 0.575270 0.887486
vt 0.303938 0.054298
vt 0.844816 0.573350
vt 0.573646 0.887486
vt 0.303938 0.052675
vt 0.846293 0.573350
vt 0.302462 0.052675
vt 0.846427 0.606065
vt 0.274873 0.867942
vt 0.844093 0.606065
vt 0.272539 0.867942
vt 0.894137 0.493381
vt 0.839643 0.558535
vt 0.235688 0.867942
vt 0.894137 0.530232
vt 0.894137 0.553305
vt 0.212615 0.867942
vt 0.839643 0.493381
vt 0.191797 0.867942
vt 0.186321 0.867942
vt 0.099052 0.867942
vt 0.091772 0.867942
vt 0.846508 0.637222
vt 0.856725 0.493381
vt 0.072082 0.867942
vt 0.856725 0.513070
vt 0.049009 0.867942
vt 0.856725 0.536143
vt 0.056840 0.055008
vt 0.079913 0.055008
vt 0.099603 0.055008
vt 0.106884 0.055008
vt 0.194153 0.055008
vt 0.199629 0.055008
vt 0.220446 0.055008
vt 0.243519 0.055008
vt 0.280370 0.055008
vt 0.282704 0.055008
vt 0.702299 0.808156
vt 0.866051 0.574060
vt 0.283414 0.052675
vt 0.849323 0.536143
vt 0.049009 0.869565
vt 0.072082 0.869565
vt 0.849323 0.513070
vt 0.091772 0.869565
vt 0.848131 0.637222
vt 0.849323 0.493381
vt 0.099052 0.869565
vt 0.186321 0.869565
vt 0.191797 0.869565
vt 0.212615 0.869565
vt 0.838019 0.493381
vt 0.883448 0.493381
vt 0.235688 0.869565
vt 0.883448 0.516454
vt 0.272539 0.869565
vt 0.868385 0.575463
vt 0.883448 0.553305
vt 0.838019 0.558535
vt 0.702299 0.809559
vt 0.274873 0.869565
vt 0.866051 0.575463
vt 0.866051 0.573350
vt 0.282704 0.052675
vt 0.056840 0.054298
vt 0.079913 0.054298
vt 0.099603 0.054298
vt 0.106884 0.054298
vt 0.194153 0.054298
vt 0.199629 0.054298
vt 0.220446 0.054298
vt 0.243519 0.054298
vt 0.280370 0.054298
vt 0.282704 0.054298
vt 0.967710 0.849504
vt 0.866184 0.609308
vt 0.573646 0.882131
vt 0.844816 0.578706
vt 0.846293 0.594812
vt 0.838491 0.637222
vt 0.573646 0.866024
vt 0.844816 0.594812
vt 0.866184 0.625414
vt 0.840115 0.637222
vt 0.967710 0.833398
vt 0.838019 0.577885
vt 0.868385 0.594812
vt 0.866051 0.594812
vt 0.839643 0.577885
vt 0.844093 0.625414
vt 0.839643 0.605173
vt 0.866184 0.630665
vt 0.575270 0.859296
vt 0.840115 0.642473
vt 0.967710 0.828147
vt 0.844816 0.600063
vt 0.573646 0.860773
vt 0.838019 0.605173
vt 0.846293 0.600063
vt 0.573646 0.859296
vt 0.838491 0.642473
vt 0.575270 0.860773
vt 0.282704 0.049745
vt 0.705229 0.807446
vt 0.280370 0.049745
vt 0.707563 0.807446
vt 0.744414 0.807446
vt 0.243519 0.049745
vt 0.767487 0.807446
vt 0.220446 0.049745
vt 0.788305 0.807446
vt 0.199629 0.049745
vt 0.793781 0.807446
vt 0.194153 0.049745
vt 0.881050 0.807446
vt 0.106884 0.049745
vt 0.888330 0.807446
vt 0.099603 0.049745
vt 0.908020 0.807446
vt 0.079913 0.049745
vt 0.056840 0.049745
vt 0.931093 0.807446
vt 0.274873 0.872495
vt 0.705229 0.809559
vt 0.272539 0.872495
vt 0.707563 0.809559
vt 0.235688 0.872495
vt 0.744414 0.809559
vt 0.212615 0.872495
vt 0.767487 0.809559
vt 0.191797 0.872495
vt 0.788305 0.809559
vt 0.186321 0.872495
vt 0.793781 0.809559
vt 0.099052 0.872495
vt 0.881050 0.809559
vt 0.091772 0.872495
vt 0.888330 0.809559
vt 0.072082 0.872495
vt 0.908020 0.809559
vt 0.931093 0.809559
vt 0.049009 0.872495
vt 0.283414 0.049745
vt 0.705229 0.808156
vt 0.965960 0.807446
vt 0.021973 0.049745
vt 0.020319 0.049745
vt 0.573646 0.818567
vt 0.967614 0.807446
vt 0.573646 0.819277
vt 0.967614 0.808156
vt 0.573646 0.820680
vt 0.012488 0.872495
vt 0.967614 0.809559
vt 0.014142 0.872495
vt 0.965960 0.809559
vt 0.846427 0.625414
vt 0.838019 0.585416
vt 0.866051 0.600013
vt 0.839643 0.585416
vt 0.846427 0.630615
vt 0.838019 0.583082
vt 0.868385 0.600010
vt 0.844093 0.630612
vt 0.839643 0.583082
vt 0.875431 0.524274
vt 0.846036 0.536143
vt 0.860012 0.513070
vt 0.877054 0.547347
vt 0.897423 0.530232
vt 0.839643 0.518398
vt 0.838019 0.518398
vt 0.886734 0.516454
vt 0.886734 0.553305
vt 0.838019 0.555249
vt 0.846036 0.513070
vt 0.875431 0.547347
vt 0.897423 0.493381
vt 0.839643 0.555249
vt 0.877054 0.524274
vt 0.860012 0.536143
vt 0.860012 0.495657
vt 0.846508 0.641442
vt 0.877054 0.564761
vt 0.857703 0.493381
vt 0.846508 0.638200
vt 0.895115 0.553305
vt 0.839643 0.494359
vt 0.897423 0.551029
vt 0.839643 0.497600
vt 0.886734 0.495657
vt 0.838019 0.497600
vt 0.884426 0.493381
vt 0.838019 0.494359
vt 0.848344 0.493381
vt 0.848131 0.638200
vt 0.846036 0.495657
vt 0.848131 0.641442
vt 0.875431 0.564761
vt 0.830617 0.493381
vt 0.862542 0.640508
vt 0.018115 0.472255
vt 0.025947 0.451405
vt 0.712910 0.814005
vt 0.864165 0.640508
vt 0.830617 0.642316
vt 0.018115 0.473878
vt 0.025947 0.449072
vt 0.025947 0.449781
vt 0.712910 0.815408
vt 0.018115 0.469325
vt 0.025947 0.454334
vt 0.712910 0.813295
vt 0.025947 0.250796
vt 0.018115 0.672153
vt 0.827330 0.493381
vt 0.869037 0.493381
vt 0.862542 0.637222
vt 0.867414 0.493381
vt 0.864165 0.637222
vt 0.827330 0.642316
vt 0.849323 0.567037
vt 0.854525 0.637222
vt 0.018115 0.869565
vt 0.025947 0.052675
vt 0.961987 0.808156
vt 0.856148 0.637222
vt 0.856725 0.567037
vt 0.018115 0.867942
vt 0.025947 0.055008
vt 0.025947 0.054298
vt 0.961987 0.809559
vt 0.018115 0.872495
vt 0.025947 0.049745
vt 0.961987 0.807446
vt 0.846036 0.567037
vt 0.875431 0.493381
vt 0.854525 0.640508
vt 0.877054 0.493381
vt 0.856148 0.640508
vt 0.860012 0.567037
s 0
usemtl plastic_w
f 2341/4392/1990 2336/4381/1990 2295/4333/1990 2298/4337/1990
f 2337/4384/1990 2338/4385/1990 2295/4333/1990 2336/4381/1990
f 2346/4400/1991 2334/4379/1991 2338/4386/1991 2347/4402/1991
f 2299/4338/1992 2294/4332/1992 2336/4382/1992 2341/4391/1992
f 2344/4398/1991 2340/4389/1991 2333/4378/1991 2345/4399/1991
f 2428/4550/1993 2339/4387/1993 2296/4334/1993 2427/4548/1993
f 2649/4919/1991 2360/4428/1991 2382/4464/1991 2650/4920/1991
f 2444/4572/1990 2298/4337/1990 2295/4333/1990 2445/4573/1990
f 2336/4382/1992 2294/4332/1992 2293/4331/1992 2337/4383/1992
f 2445/4573/1990 2295/4333/1990 2338/4385/1990 2447/4575/1990
f 2342/4393/1991 2331/4374/1991 2350/4408/1991 2304/4345/1991
f 2343/4395/1993 2296/4334/1993 2340/4390/1993 2344/4397/1993
f 2645/4913/1994 2335/4380/1994 2429/4553/1994 2651/4922/1994
f 2391/4473/1991 2369/4437/1991 2334/4379/1991 2346/4400/1991
f 2348/4403/1992 2337/4383/1992 2293/4331/1992 2349/4406/1992
f 2347/4401/1990 2338/4385/1990 2337/4384/1990 2348/4404/1990
f 2426/4545/1995 2343/4396/1995 2300/4339/1995 2425/4544/1995
f 2381/4463/1995 2391/4473/1995 2346/4400/1995 2349/4407/1995
f 2304/4345/1991 2350/4408/1991 2351/4410/1991 2303/4343/1991
f 2382/4464/1991 2360/4428/1991 2361/4429/1991 2383/4465/1991
f 2383/4465/1991 2361/4429/1991 2362/4430/1991 2384/4466/1991
f 2384/4466/1991 2362/4430/1991 2363/4431/1991 2385/4467/1991
f 2364/4432/1991 2386/4468/1991 2385/4467/1991 2363/4431/1991
f 2386/4468/1991 2364/4432/1991 2365/4433/1991 2387/4469/1991
f 2387/4469/1991 2365/4433/1991 2366/4434/1991 2388/4470/1991
f 2388/4470/1991 2366/4434/1991 2367/4435/1991 2389/4471/1991
f 2379/4454/1994 2378/4452/1994 2416/4526/1994 2415/4524/1994
f 2390/4472/1991 2368/4436/1991 2369/4437/1991 2391/4473/1991
f 2449/4578/1995 2333/4378/1995 2340/4389/1995 2450/4579/1995
f 2424/4542/1990 2370/4439/1990 2380/4458/1990 2414/4523/1990
f 2302/4342/1992 2380/4460/1992 2294/4332/1992 2299/4338/1992
f 2414/4522/1994 2380/4459/1994 2379/4454/1994 2415/4524/1994
f 2416/4526/1994 2378/4452/1994 2377/4449/1994 2417/4528/1994
f 2417/4528/1994 2377/4449/1994 2376/4448/1994 2418/4530/1994
f 2418/4530/1994 2376/4448/1994 2375/4447/1994 2419/4532/1994
f 2375/4447/1994 2374/4446/1994 2420/4534/1994 2419/4532/1994
f 2420/4534/1994 2374/4446/1994 2373/4444/1994 2421/4536/1994
f 2421/4536/1994 2373/4444/1994 2372/4442/1994 2422/4538/1994
f 2422/4538/1994 2372/4442/1994 2371/4441/1994 2423/4541/1994
f 2451/4581/1994 2359/4426/1994 2358/4424/1994 2437/4565/1994
f 2437/4565/1994 2358/4424/1994 2357/4422/1994 2438/4566/1994
f 2438/4566/1994 2357/4422/1994 2356/4421/1994 2452/4582/1994
f 2439/4567/1994 2354/4419/1994 2353/4417/1994 2440/4568/1994
f 2440/4568/1994 2353/4417/1994 2352/4414/1994 2441/4569/1994
f 2349/4406/1992 2293/4331/1992 2370/4438/1992 2381/4461/1992
f 2312/4353/1995 2389/4471/1995 2390/4472/1995 2313/4354/1995
f 2446/4574/1995 2365/4433/1995 2364/4432/1995 2460/4591/1995
f 2308/4349/1995 2385/4467/1995 2386/4468/1995 2309/4350/1995
f 2463/4594/1995 2361/4429/1995 2360/4428/1995 2464/4595/1995
f 2654/4926/1994 2648/4918/1994 2359/4426/1994 2451/4581/1994
f 2348/4405/1995 2349/4407/1995 2346/4400/1995 2347/4402/1995
f 2405/4504/1995 2313/4354/1995 2381/4463/1995 2404/4502/1995
f 2646/4914/1995 2650/4920/1995 2382/4464/1995 2305/4346/1995
f 2311/4352/1995 2388/4470/1995 2389/4471/1995 2312/4353/1995
f 2310/4351/1995 2387/4469/1995 2388/4470/1995 2311/4352/1995
f 2309/4350/1995 2386/4468/1995 2387/4469/1995 2310/4351/1995
f 2307/4348/1995 2384/4466/1995 2385/4467/1995 2308/4349/1995
f 2306/4347/1995 2383/4465/1995 2384/4466/1995 2307/4348/1995
f 2305/4346/1995 2382/4464/1995 2383/4465/1995 2306/4347/1995
f 2314/4355/1991 2304/4345/1991 2303/4343/1991 2315/4357/1991
f 2435/4563/1993 2342/4394/1993 2392/4474/1993 2465/4596/1993
f 2316/4358/1992 2302/4342/1992 2299/4338/1992 2318/4361/1992
f 2317/4360/1992 2301/4341/1992 2302/4342/1992 2316/4358/1992
f 2351/4411/1993 2379/4455/1993 2301/4340/1993 2303/4344/1993
f 2392/4475/1991 2342/4393/1991 2304/4345/1991 2314/4355/1991
f 2318/4361/1992 2299/4338/1992 2341/4391/1992 2393/4477/1992
f 2393/4476/1990 2341/4392/1990 2298/4337/1990 2319/4362/1990
f 2443/4571/1990 2319/4362/1990 2298/4337/1990 2444/4572/1990
f 2436/4564/1990 2320/4363/1990 2319/4362/1990 2443/4571/1990
f 2395/4480/1990 2393/4476/1990 2319/4362/1990 2320/4363/1990
f 2394/4478/1992 2318/4361/1992 2393/4477/1992 2395/4481/1992
f 2430/4555/1991 2399/4489/1991 2470/4603/1991 2432/4559/1991
f 2315/4356/1993 2317/4359/1993 2397/4485/1993 2399/4488/1993
f 2352/4415/1991 2353/4416/1991 2481/4626/1991 2482/4628/1991 2473/4609/1991
f 2303/4344/1993 2301/4340/1993 2317/4359/1993 2315/4356/1993
f 2465/4596/1993 2392/4474/1993 2396/4484/1993 2466/4597/1993
f 2397/4485/1993 2469/4601/1993 2470/4604/1993 2399/4488/1993
f 2401/4496/1990 2395/4480/1990 2320/4363/1990 2403/4501/1990
f 2468/4600/1990 2403/4501/1990 2320/4363/1990 2436/4564/1990
f 2467/4598/1994 2400/4492/1994 2403/4501/1994 2468/4600/1994
f 2400/4490/1996 2432/4558/1996 2431/4556/1996 2402/4497/1996
f 2293/4331/1992 2294/4332/1992 2380/4460/1992 2370/4438/1992
f 2404/4503/1990 2381/4462/1990 2370/4439/1990 2424/4542/1990
f 2313/4354/1995 2390/4472/1995 2391/4473/1995 2381/4463/1995
f 2329/4372/1992 2328/4371/1992 2406/4506/1992 2405/4505/1992
f 2406/4506/1992 2328/4371/1992 2327/4370/1992 2407/4508/1992
f 2407/4508/1992 2327/4370/1992 2326/4369/1992 2408/4510/1992
f 2408/4510/1992 2326/4369/1992 2325/4368/1992 2409/4512/1992
f 2325/4368/1992 2324/4367/1992 2410/4514/1992 2409/4512/1992
f 2410/4514/1992 2324/4367/1992 2323/4366/1992 2411/4516/1992
f 2411/4516/1992 2323/4366/1992 2322/4365/1992 2412/4518/1992
f 2412/4518/1992 2322/4365/1992 2321/4364/1992 2413/4521/1992
f 2647/4915/1992 2330/4373/1992 2425/4543/1992 2652/4924/1992
f 2647/4915/1992 2651/4921/1992 2429/4554/1992 2330/4373/1992
f 2301/4341/1992 2379/4456/1992 2380/4460/1992 2302/4342/1992
f 2329/4372/1992 2415/4525/1992 2416/4527/1992 2328/4371/1992
f 2378/4453/1992 2379/4457/1992 2475/4614/1992 2474/4612/1992
f 2355/4420/1994 2375/4447/1994 2376/4448/1994 2354/4419/1994
f 2354/4419/1994 2376/4448/1994 2377/4449/1994 2353/4417/1994
f 2374/4446/1994 2375/4447/1994 2355/4420/1994 2356/4421/1994
f 2357/4422/1994 2373/4444/1994 2374/4446/1994 2356/4421/1994
f 2645/4911/1992 2371/4440/1992 2471/4606/1992 2655/4927/1992
f 2429/4553/1994 2335/4380/1994 2339/4388/1994 2428/4551/1994
f 2427/4548/1993 2296/4334/1993 2343/4395/1993 2426/4546/1993
f 2344/4398/1995 2345/4399/1995 2300/4339/1995 2343/4396/1995
f 2358/4425/1991 2359/4427/1991 2478/4620/1991 2472/4607/1991
f 2339/4387/1993 2297/4336/1993 2340/4390/1993 2296/4334/1993
f 2427/4549/1992 2330/4373/1992 2429/4554/1992 2428/4552/1992
f 2392/4475/1991 2314/4355/1991 2430/4555/1991 2396/4482/1991
f 2425/4543/1992 2330/4373/1992 2427/4549/1992 2426/4547/1992
f 2646/4914/1995 2652/4923/1995 2425/4544/1995 2300/4339/1995
f 2322/4365/1992 2422/4539/1992 2423/4540/1992 2321/4364/1992
f 2323/4366/1992 2421/4537/1992 2422/4539/1992 2322/4365/1992
f 2324/4367/1992 2420/4535/1992 2421/4537/1992 2323/4366/1992
f 2420/4535/1992 2324/4367/1992 2325/4368/1992 2419/4533/1992
f 2326/4369/1992 2418/4531/1992 2419/4533/1992 2325/4368/1992
f 2327/4370/1992 2417/4529/1992 2418/4531/1992 2326/4369/1992
f 2328/4371/1992 2416/4527/1992 2417/4529/1992 2327/4370/1992
f 2313/4354/1995 2405/4504/1995 2406/4507/1995 2312/4353/1995
f 2424/4542/1992 2414/4523/1992 2415/4525/1992 2329/4372/1992
f 2335/4380/1994 2332/4377/1994 2297/4335/1994 2339/4388/1994
f 2413/4520/1995 2305/4346/1995 2306/4347/1995 2412/4519/1995
f 2412/4519/1995 2306/4347/1995 2307/4348/1995 2411/4517/1995
f 2411/4517/1995 2307/4348/1995 2308/4349/1995 2410/4515/1995
f 2309/4350/1995 2409/4513/1995 2410/4515/1995 2308/4349/1995
f 2409/4513/1995 2309/4350/1995 2310/4351/1995 2408/4511/1995
f 2408/4511/1995 2310/4351/1995 2311/4352/1995 2407/4509/1995
f 2407/4509/1995 2311/4352/1995 2312/4353/1995 2406/4507/1995
f 2404/4503/1992 2424/4542/1992 2329/4372/1992 2405/4505/1992
f 2453/4583/1994 2452/4582/1994 2356/4421/1994 2355/4420/1994
f 2461/4592/1995 2460/4591/1995 2364/4432/1995 2363/4431/1995
f 2455/4585/1993 2331/4375/1993 2342/4394/1993 2435/4563/1993
f 2455/4586/1994 2442/4570/1994 2350/4409/1994 2331/4376/1994
f 2433/4560/1994 2297/4335/1994 2332/4377/1994 2448/4577/1994
f 2394/4478/1992 2402/4498/1992 2431/4557/1992 2398/4487/1992
f 2398/4487/1992 2316/4358/1992 2318/4361/1992 2394/4478/1992
f 2367/4435/1991 2368/4436/1991 2390/4472/1991 2389/4471/1991
f 2402/4498/1992 2394/4478/1992 2395/4481/1992 2401/4495/1992
f 2469/4601/1997 2431/4556/1997 2432/4558/1997 2470/4604/1997
f 2430/4555/1991 2432/4559/1991 2400/4491/1991 2396/4482/1991
f 2403/4501/1994 2400/4492/1994 2402/4499/1994 2401/4496/1994
f 2400/4493/1993 2396/4483/1993 2394/4479/1993 2402/4500/1993
f 2397/4486/1992 2398/4487/1992 2431/4557/1992 2469/4602/1992
f 2397/4486/1992 2317/4360/1992 2316/4358/1992 2398/4487/1992
f 2430/4555/1991 2314/4355/1991 2315/4357/1991 2399/4489/1991
f 2396/4484/1993 2400/4494/1993 2467/4599/1993 2466/4597/1993
f 2362/4430/1995 2361/4429/1995 2463/4594/1995 2462/4593/1995
f 2363/4431/1995 2362/4430/1995 2462/4593/1995 2461/4592/1995
f 2367/4435/1995 2366/4434/1995 2459/4590/1995 2458/4589/1995
f 2367/4435/1995 2458/4589/1995 2457/4588/1995 2368/4436/1995
f 2369/4437/1995 2368/4436/1995 2457/4588/1995 2456/4587/1995
f 2649/4919/1995 2653/4925/1995 2464/4595/1995 2360/4428/1995
f 2366/4434/1995 2365/4433/1995 2446/4574/1995 2459/4590/1995
f 2351/4412/1994 2350/4409/1994 2442/4570/1994 2454/4584/1994
f 2352/4414/1994 2351/4412/1994 2454/4584/1994 2441/4569/1994
f 2355/4420/1994 2354/4419/1994 2439/4567/1994 2453/4583/1994
f 2334/4379/1995 2434/4562/1995 2447/4576/1995 2338/4386/1995
f 2334/4379/1995 2369/4437/1995 2456/4587/1995 2434/4562/1995
f 2340/4390/1993 2297/4336/1993 2433/4561/1993 2450/4580/1993
f 2474/4611/1994 2475/4613/1994 2477/4617/1994 2473/4610/1994
f 2353/4418/1993 2377/4450/1993 2484/4635/1993 2481/4627/1993
f 2373/4445/1990 2357/4423/1990 2480/4624/1990 2485/4636/1990
f 2478/4619/1994 2471/4605/1994 2476/4616/1994 2472/4608/1994
f 2655/4928/1994 2471/4605/1994 2478/4619/1994 2656/4930/1994
f 2357/4423/1991 2358/4425/1991 2472/4607/1991 2479/4621/1991 2480/4624/1991
f 2372/4443/1992 2373/4445/1992 2485/4636/1992 2486/4638/1992 2476/4615/1992
f 2351/4413/1991 2352/4415/1991 2473/4609/1991 2477/4618/1991
f 2371/4440/1992 2372/4443/1992 2476/4615/1992 2471/4606/1992
f 2379/4457/1990 2351/4413/1990 2477/4618/1990 2475/4614/1990
f 2473/4610/1994 2482/4629/1994 2483/4631/1994 2474/4611/1994
f 2377/4451/1992 2378/4453/1992 2474/4612/1992 2483/4632/1992 2484/4634/1992
f 2481/4627/1998 2484/4635/1998 2483/4633/1998 2482/4630/1998
f 2479/4622/1999 2486/4639/1999 2485/4637/1999 2480/4625/1999
f 2479/4623/1994 2472/4608/1994 2476/4616/1994 2486/4640/1994
f 2535/4702/1990 2492/4647/1990 2489/4643/1990 2530/4691/1990
f 2531/4694/1990 2530/4691/1990 2489/4643/1990 2532/4695/1990
f 2540/4710/1992 2541/4712/1992 2532/4696/1992 2528/4689/1992
f 2493/4648/1991 2535/4701/1991 2530/4692/1991 2488/4642/1991
f 2538/4708/1992 2539/4709/1992 2527/4688/1992 2534/4699/1992
f 2622/4863/1993 2621/4861/1993 2490/4644/1993 2533/4697/1993
f 2661/4941/1992 2662/4942/1992 2576/4776/1992 2554/4739/1992
f 2444/4572/1990 2445/4573/1990 2489/4643/1990 2492/4647/1990
f 2530/4692/1991 2531/4693/1991 2487/4641/1991 2488/4642/1991
f 2445/4573/1990 2447/4575/1990 2532/4695/1990 2489/4643/1990
f 2536/4703/1992 2498/4655/1992 2544/4718/1992 2525/4684/1992
f 2537/4705/1993 2538/4707/1993 2534/4700/1993 2490/4644/1993
f 2657/4935/1994 2663/4944/1994 2623/4866/1994 2529/4690/1994
f 2585/4785/1992 2540/4710/1992 2528/4689/1992 2563/4748/1992
f 2542/4713/1991 2543/4716/1991 2487/4641/1991 2531/4693/1991
f 2541/4711/1990 2542/4714/1990 2531/4694/1990 2532/4695/1990
f 2620/4858/1995 2619/4857/1995 2494/4649/1995 2537/4706/1995
f 2575/4775/1995 2543/4717/1995 2540/4710/1995 2585/4785/1995
f 2498/4655/1992 2497/4653/1992 2545/4720/1992 2544/4718/1992
f 2576/4776/1992 2577/4777/1992 2555/4740/1992 2554/4739/1992
f 2577/4777/1992 2578/4778/1992 2556/4741/1992 2555/4740/1992
f 2578/4778/1992 2579/4779/1992 2557/4742/1992 2556/4741/1992
f 2558/4743/1992 2557/4742/1992 2579/4779/1992 2580/4780/1992
f 2580/4780/1992 2581/4781/1992 2559/4744/1992 2558/4743/1992
f 2581/4781/1992 2582/4782/1992 2560/4745/1992 2559/4744/1992
f 2582/4782/1992 2583/4783/1992 2561/4746/1992 2560/4745/1992
f 2573/4767/1994 2609/4836/1994 2610/4838/1994 2572/4765/1994
f 2584/4784/1992 2585/4785/1992 2563/4748/1992 2562/4747/1992
f 2449/4578/1995 2450/4579/1995 2534/4699/1995 2527/4688/1995
f 2618/4855/1990 2608/4835/1990 2574/4771/1990 2564/4749/1990
f 2496/4652/1991 2493/4648/1991 2488/4642/1991 2574/4773/1991
f 2608/4834/1994 2609/4836/1994 2573/4767/1994 2574/4772/1994
f 2610/4838/1994 2611/4840/1994 2571/4762/1994 2572/4765/1994
f 2611/4840/1994 2612/4842/1994 2570/4761/1994 2571/4762/1994
f 2612/4842/1994 2613/4844/1994 2569/4760/1994 2570/4761/1994
f 2569/4760/1994 2613/4844/1994 2614/4846/1994 2568/4759/1994
f 2614/4846/1994 2615/4848/1994 2567/4756/1994 2568/4759/1994
f 2615/4848/1994 2616/4850/1994 2566/4754/1994 2567/4756/1994
f 2616/4850/1994 2617/4853/1994 2565/4753/1994 2566/4754/1994
f 2451/4581/1994 2437/4565/1994 2552/4735/1994 2553/4737/1994
f 2437/4565/1994 2438/4566/1994 2551/4732/1994 2552/4735/1994
f 2438/4566/1994 2452/4582/1994 2550/4731/1994 2551/4732/1994
f 2439/4567/1994 2440/4568/1994 2547/4727/1994 2548/4729/1994
f 2440/4568/1994 2441/4569/1994 2546/4724/1994 2547/4727/1994
f 2543/4716/1991 2575/4774/1991 2564/4750/1991 2487/4641/1991
f 2506/4663/1995 2507/4664/1995 2584/4784/1995 2583/4783/1995
f 2446/4574/1995 2460/4591/1995 2558/4743/1995 2559/4744/1995
f 2502/4659/1995 2503/4660/1995 2580/4780/1995 2579/4779/1995
f 2463/4594/1995 2464/4595/1995 2554/4739/1995 2555/4740/1995
f 2654/4926/1994 2451/4581/1994 2553/4737/1994 2660/4940/1994
f 2542/4715/1995 2541/4712/1995 2540/4710/1995 2543/4717/1995
f 2599/4816/1995 2598/4814/1995 2575/4775/1995 2507/4664/1995
f 2658/4936/1995 2499/4656/1995 2576/4776/1995 2662/4942/1995
f 2505/4662/1995 2506/4663/1995 2583/4783/1995 2582/4782/1995
f 2504/4661/1995 2505/4662/1995 2582/4782/1995 2581/4781/1995
f 2503/4660/1995 2504/4661/1995 2581/4781/1995 2580/4780/1995
f 2501/4658/1995 2502/4659/1995 2579/4779/1995 2578/4778/1995
f 2500/4657/1995 2501/4658/1995 2578/4778/1995 2577/4777/1995
f 2499/4656/1995 2500/4657/1995 2577/4777/1995 2576/4776/1995
f 2508/4665/1992 2509/4667/1992 2497/4653/1992 2498/4655/1992
f 2435/4563/1993 2465/4596/1993 2586/4786/1993 2536/4704/1993
f 2510/4668/1991 2512/4671/1991 2493/4648/1991 2496/4652/1991
f 2511/4670/1991 2510/4668/1991 2496/4652/1991 2495/4651/1991
f 2545/4723/1993 2497/4654/1993 2495/4650/1993 2573/4770/1993
f 2586/4787/1992 2508/4665/1992 2498/4655/1992 2536/4703/1992
f 2512/4671/1991 2587/4789/1991 2535/4701/1991 2493/4648/1991
f 2587/4788/1990 2513/4672/1990 2492/4647/1990 2535/4702/1990
f 2443/4571/1990 2444/4572/1990 2492/4647/1990 2513/4672/1990
f 2436/4564/1990 2443/4571/1990 2513/4672/1990 2514/4673/1990
f 2589/4792/1990 2514/4673/1990 2513/4672/1990 2587/4788/1990
f 2588/4790/1991 2589/4793/1991 2587/4789/1991 2512/4671/1991
f 2624/4868/1992 2626/4872/1992 2628/4875/1992 2593/4801/1992
f 2509/4666/1993 2593/4800/1993 2591/4797/1993 2511/4669/1993
f 2546/4725/1992 2631/4881/1992 2640/4900/1992 2639/4898/1992 2547/4726/1992
f 2497/4654/1993 2509/4666/1993 2511/4669/1993 2495/4650/1993
f 2465/4596/1993 2466/4597/1993 2590/4796/1993 2586/4786/1993
f 2591/4797/1993 2593/4800/1993 2628/4876/1993 2627/4873/1993
f 2595/4808/1990 2597/4813/1990 2514/4673/1990 2589/4792/1990
f 2468/4600/1990 2436/4564/1990 2514/4673/1990 2597/4813/1990
f 2467/4598/1994 2468/4600/1994 2597/4813/1994 2594/4804/1994
f 2594/4802/1996 2596/4809/1996 2625/4869/1996 2626/4871/1996
f 2487/4641/1991 2564/4750/1991 2574/4773/1991 2488/4642/1991
f 2598/4814/1990 2618/4854/1990 2564/4751/1990 2575/4775/1990
f 2507/4664/1995 2575/4775/1995 2585/4785/1995 2584/4784/1995
f 2523/4682/1991 2599/4817/1991 2600/4818/1991 2522/4681/1991
f 2600/4818/1991 2601/4820/1991 2521/4680/1991 2522/4681/1991
f 2601/4820/1991 2602/4822/1991 2520/4679/1991 2521/4680/1991
f 2602/4822/1991 2603/4824/1991 2519/4678/1991 2520/4679/1991
f 2519/4678/1991 2603/4824/1991 2604/4826/1991 2518/4677/1991
f 2604/4826/1991 2605/4828/1991 2517/4676/1991 2518/4677/1991
f 2605/4828/1991 2606/4830/1991 2516/4675/1991 2517/4676/1991
f 2606/4830/1991 2607/4833/1991 2515/4674/1991 2516/4675/1991
f 2659/4937/1991 2664/4946/1991 2619/4856/1991 2524/4683/1991
f 2659/4937/1991 2524/4683/1991 2623/4867/1991 2663/4943/1991
f 2495/4651/1991 2496/4652/1991 2574/4773/1991 2573/4768/1991
f 2523/4682/1991 2522/4681/1991 2610/4839/1991 2609/4837/1991
f 2572/4766/1991 2632/4884/1991 2633/4885/1991 2573/4769/1991
f 2549/4730/1994 2548/4729/1994 2570/4761/1994 2569/4760/1994
f 2548/4729/1994 2547/4727/1994 2571/4762/1994 2570/4761/1994
f 2568/4759/1994 2550/4731/1994 2549/4730/1994 2569/4760/1994
f 2551/4732/1994 2550/4731/1994 2568/4759/1994 2567/4756/1994
f 2657/4933/1991 2665/4947/1991 2629/4878/1991 2565/4752/1991
f 2623/4866/1994 2622/4864/1994 2533/4698/1994 2529/4690/1994
f 2621/4861/1993 2620/4859/1993 2537/4705/1993 2490/4644/1993
f 2538/4708/1995 2537/4706/1995 2494/4649/1995 2539/4709/1995
f 2552/4736/1992 2630/4879/1992 2636/4892/1992 2553/4738/1992
f 2533/4697/1993 2490/4644/1993 2534/4700/1993 2491/4646/1993
f 2621/4862/1991 2622/4865/1991 2623/4867/1991 2524/4683/1991
f 2586/4787/1992 2590/4794/1992 2624/4868/1992 2508/4665/1992
f 2619/4856/1991 2620/4860/1991 2621/4862/1991 2524/4683/1991
f 2658/4936/1995 2494/4649/1995 2619/4857/1995 2664/4945/1995
f 2516/4675/1991 2515/4674/1991 2617/4852/1991 2616/4851/1991
f 2517/4676/1991 2516/4675/1991 2616/4851/1991 2615/4849/1991
f 2518/4677/1991 2517/4676/1991 2615/4849/1991 2614/4847/1991
f 2614/4847/1991 2613/4845/1991 2519/4678/1991 2518/4677/1991
f 2520/4679/1991 2519/4678/1991 2613/4845/1991 2612/4843/1991
f 2521/4680/1991 2520/4679/1991 2612/4843/1991 2611/4841/1991
f 2522/4681/1991 2521/4680/1991 2611/4841/1991 2610/4839/1991
f 2507/4664/1995 2506/4663/1995 2600/4819/1995 2599/4816/1995
f 2618/4855/1991 2523/4682/1991 2609/4837/1991 2608/4835/1991
f 2529/4690/1994 2533/4698/1994 2491/4645/1994 2526/4687/1994
f 2607/4832/1995 2606/4831/1995 2500/4657/1995 2499/4656/1995
f 2606/4831/1995 2605/4829/1995 2501/4658/1995 2500/4657/1995
f 2605/4829/1995 2604/4827/1995 2502/4659/1995 2501/4658/1995
f 2503/4660/1995 2502/4659/1995 2604/4827/1995 2603/4825/1995
f 2603/4825/1995 2602/4823/1995 2504/4661/1995 2503/4660/1995
f 2602/4823/1995 2601/4821/1995 2505/4662/1995 2504/4661/1995
f 2601/4821/1995 2600/4819/1995 2506/4663/1995 2505/4662/1995
f 2598/4815/1991 2599/4817/1991 2523/4682/1991 2618/4855/1991
f 2453/4583/1994 2549/4730/1994 2550/4731/1994 2452/4582/1994
f 2461/4592/1995 2557/4742/1995 2558/4743/1995 2460/4591/1995
f 2455/4585/1993 2435/4563/1993 2536/4704/1993 2525/4685/1993
f 2455/4586/1994 2525/4686/1994 2544/4719/1994 2442/4570/1994
f 2433/4560/1994 2448/4577/1994 2526/4687/1994 2491/4645/1994
f 2588/4790/1991 2592/4799/1991 2625/4870/1991 2596/4810/1991
f 2592/4799/1991 2588/4790/1991 2512/4671/1991 2510/4668/1991
f 2561/4746/1992 2583/4783/1992 2584/4784/1992 2562/4747/1992
f 2596/4810/1991 2595/4807/1991 2589/4793/1991 2588/4790/1991
f 2627/4873/1997 2628/4876/1997 2626/4871/1997 2625/4869/1997
f 2624/4868/1992 2590/4794/1992 2594/4803/1992 2626/4872/1992
f 2597/4813/1994 2595/4808/1994 2596/4811/1994 2594/4804/1994
f 2594/4805/1993 2596/4812/1993 2588/4791/1993 2590/4795/1993
f 2591/4798/1991 2627/4874/1991 2625/4870/1991 2592/4799/1991
f 2591/4798/1991 2592/4799/1991 2510/4668/1991 2511/4670/1991
f 2624/4868/1992 2593/4801/1992 2509/4667/1992 2508/4665/1992
f 2590/4796/1993 2466/4597/1993 2467/4599/1993 2594/4806/1993
f 2556/4741/1995 2462/4593/1995 2463/4594/1995 2555/4740/1995
f 2557/4742/1995 2461/4592/1995 2462/4593/1995 2556/4741/1995
f 2561/4746/1995 2458/4589/1995 2459/4590/1995 2560/4745/1995
f 2561/4746/1995 2562/4747/1995 2457/4588/1995 2458/4589/1995
f 2563/4748/1995 2456/4587/1995 2457/4588/1995 2562/4747/1995
f 2661/4941/1995 2554/4739/1995 2464/4595/1995 2653/4925/1995
f 2560/4745/1995 2459/4590/1995 2446/4574/1995 2559/4744/1995
f 2545/4721/1994 2454/4584/1994 2442/4570/1994 2544/4719/1994
f 2546/4724/1994 2441/4569/1994 2454/4584/1994 2545/4721/1994
f 2549/4730/1994 2453/4583/1994 2439/4567/1994 2548/4729/1994
f 2528/4689/1995 2532/4696/1995 2447/4576/1995 2434/4562/1995
f 2528/4689/1995 2434/4562/1995 2456/4587/1995 2563/4748/1995
f 2534/4700/1993 2450/4580/1993 2433/4561/1993 2491/4646/1993
f 2632/4883/1994 2631/4882/1994 2635/4890/1994 2633/4886/1994
f 2547/4728/1993 2639/4899/1993 2642/4905/1993 2571/4763/1993
f 2567/4757/1990 2643/4907/1990 2638/4897/1990 2551/4733/1990
f 2636/4891/1994 2630/4880/1994 2634/4888/1994 2629/4877/1994
f 2665/4948/1994 2666/4950/1994 2636/4891/1994 2629/4877/1994
f 2551/4734/1992 2638/4896/1992 2637/4893/1992 2630/4879/1992 2552/4736/1992
f 2566/4755/1991 2634/4887/1991 2644/4908/1991 2643/4906/1991 2567/4758/1991
f 2545/4722/1992 2635/4889/1992 2631/4881/1992 2546/4725/1992
f 2565/4752/1991 2629/4878/1991 2634/4887/1991 2566/4755/1991
f 2573/4770/1990 2633/4886/1990 2635/4890/1990 2545/4723/1990
f 2631/4882/1994 2632/4883/1994 2641/4903/1994 2640/4901/1994
f 2571/4764/1991 2642/4904/1991 2641/4902/1991 2632/4884/1991 2572/4766/1991
f 2639/4899/1998 2640/4901/1998 2641/4903/1998 2642/4905/1998
f 2637/4894/1999 2638/4897/1999 2643/4907/1999 2644/4909/1999
f 2637/4895/1994 2644/4910/1994 2634/4888/1994 2630/4880/1994
f 2657/4934/1993 2660/4938/1993 2666/4951/1993 2665/4949/1993
f 2527/4688/1995 2661/4941/1995 2653/4925/1995 2449/4578/1995
f 2499/4656/1995 2658/4936/1995 2664/4945/1995 2607/4832/1995
f 2553/4738/1992 2636/4892/1992 2666/4952/1992 2660/4939/1992
f 2529/4690/1994 2526/4687/1994 2660/4940/1994 2657/4935/1994
f 2515/4674/1991 2659/4937/1991 2663/4943/1991 2617/4852/1991
f 2515/4674/1991 2607/4833/1991 2664/4946/1991 2659/4937/1991
f 2494/4649/1995 2658/4936/1995 2662/4942/1995 2539/4709/1995
f 2448/4577/1994 2654/4926/1994 2660/4940/1994 2526/4687/1994
f 2565/4753/1994 2617/4853/1994 2663/4944/1994 2657/4935/1994
f 2527/4688/1992 2539/4709/1992 2662/4942/1992 2661/4941/1992
f 2648/4916/1993 2645/4912/1993 2655/4929/1993 2656/4931/1993
f 2333/4378/1995 2449/4578/1995 2653/4925/1995 2649/4919/1995
f 2305/4346/1995 2413/4520/1995 2652/4923/1995 2646/4914/1995
f 2359/4427/1991 2648/4917/1991 2656/4932/1991 2478/4620/1991
f 2335/4380/1994 2645/4913/1994 2648/4918/1994 2332/4377/1994
f 2321/4364/1992 2423/4540/1992 2651/4921/1992 2647/4915/1992
f 2321/4364/1992 2647/4915/1992 2652/4924/1992 2413/4521/1992
f 2300/4339/1995 2345/4399/1995 2650/4920/1995 2646/4914/1995
f 2448/4577/1994 2332/4377/1994 2648/4918/1994 2654/4926/1994
f 2371/4441/1994 2645/4913/1994 2651/4922/1994 2423/4541/1994
f 2333/4378/1991 2649/4919/1991 2650/4920/1991 2345/4399/1991
o top_01
v 0.660744 1.169608 0.093043
v 0.664733 1.156422 0.093042
v -0.655374 1.169608 0.100304
v 0.655154 1.169608 0.104047
v -0.633850 1.169608 0.100300
v 0.655150 1.169608 0.085932
v 0.655150 1.156422 0.085933
v -0.633854 1.156422 0.077762
v 0.655143 1.156422 0.074441
v 0.655143 1.169608 0.074441
v -0.652592 1.169608 -0.023515
v -0.695836 1.169608 -0.023507
v -0.694863 1.156422 0.077773
v -0.694861 1.156422 0.086186
v -0.694859 1.169608 0.100311
v -0.694860 1.156422 0.093297
v -0.717466 1.156422 0.093302
v -0.717464 1.169608 0.100315
v -0.717467 1.156422 0.086190
v -0.717469 1.156422 0.077777
v -0.717476 1.156422 -0.027493
v -0.773538 1.169608 0.093310
v -0.773539 1.169608 0.086199
v -0.773540 1.169608 0.077786
v -0.773547 1.169608 -0.027483
v -0.718444 1.169608 -0.035138
v -0.633856 1.156422 0.070827
v -0.652587 1.156422 0.070831
v 0.655142 1.169608 0.067506
v 0.655142 1.156422 0.067506
v -0.694864 1.156422 0.070838
v -0.717470 1.156422 0.070843
v -0.773542 1.169608 0.070852
v 0.478894 1.169608 0.104081
v 0.361880 1.169608 0.104103
v -0.352602 1.169608 0.100250
v -0.467847 1.169608 0.100272
v 0.478882 1.169608 0.067540
v 0.361868 1.169608 0.067562
v -0.352613 1.169608 0.067698
v -0.467858 1.169608 0.067721
v -0.710060 1.145415 0.032476
v -0.633850 1.156422 0.101451
v 0.655154 1.156422 0.101209
v -0.653862 1.156422 0.093290
v 0.655152 1.169608 0.093044
v -0.633851 1.169608 0.093286
v 0.655152 1.156422 0.093044
v -0.633851 1.156422 0.093286
v 0.660745 1.169608 0.100057
v 0.664735 1.156422 0.104046
v -0.655373 1.156422 0.104294
v 0.655154 1.156422 0.104047
v -0.633849 1.156422 0.104290
v 0.655152 1.156422 0.091757
v 0.664733 1.156422 0.091755
v 0.660742 1.169608 0.085932
v 0.664732 1.156422 0.085931
v -0.652584 1.156422 0.086178
v -0.633853 1.169608 0.086175
v -0.644266 1.156422 0.086177
v -0.633854 1.169608 0.077762
v -0.649774 1.156422 0.084535
v 0.664725 1.156422 0.074439
v 0.664725 1.169608 0.074439
v -0.633861 1.156422 -0.027508
v -0.652593 1.156422 -0.027504
v 0.655142 1.169608 -0.023761
v 0.660734 1.169608 -0.023762
v 0.655142 1.156422 -0.027750
v 0.664723 1.156422 -0.027752
v -0.633861 1.169608 -0.023519
v -0.694870 1.156422 -0.027497
v -0.694858 1.156422 0.104301
v -0.717463 1.156422 0.104305
v -0.777527 1.156422 0.093311
v -0.773536 1.169608 0.100325
v -0.777525 1.156422 0.104315
v -0.777528 1.156422 0.086200
v -0.777530 1.156422 0.077787
v -0.777537 1.156422 -0.027483
v -0.773549 1.169608 -0.035129
v -0.777539 1.156422 -0.039118
v -0.717478 1.156422 -0.039128
v 0.664724 1.169608 0.067504
v 0.664724 1.156422 0.067504
v -0.633856 1.169608 0.070827
v -0.777531 1.156422 0.070852
v -0.467847 1.156422 0.101423
v -0.352602 1.156422 0.101401
v 0.361879 1.156422 0.101265
v 0.478893 1.156422 0.101243
v 0.478891 1.169608 0.093077
v 0.361878 1.169608 0.093100
v -0.348613 1.169608 0.097225
v -0.467848 1.169608 0.093258
v 0.478891 1.156422 0.093078
v 0.361878 1.156422 0.093100
v -0.352603 1.156422 0.093236
v -0.467848 1.156422 0.093258
v 0.478894 1.156422 0.104081
v 0.361880 1.156422 0.104103
v -0.352601 1.156422 0.104240
v -0.467846 1.156422 0.104262
v 0.478890 1.169608 0.085966
v 0.357887 1.169608 0.085990
v -0.348615 1.169608 0.086123
v -0.471839 1.169608 0.086148
v 0.478932 1.156422 0.085966
v 0.361961 1.156422 0.085988
v -0.352629 1.156422 0.086125
v -0.467840 1.156422 0.086147
v -0.467856 1.156328 0.074655
v -0.352611 1.156328 0.074633
v 0.361870 1.156328 0.074497
v 0.478883 1.156328 0.074475
v 0.482870 1.169608 0.070484
v 0.357878 1.169608 0.070508
v -0.348624 1.169608 0.070643
v -0.471848 1.169608 0.070666
v 0.478882 1.169608 -0.023727
v 0.361868 1.169608 -0.023705
v -0.352613 1.169608 -0.023569
v -0.467858 1.169608 -0.023547
v -0.467858 1.156422 -0.027536
v -0.352613 1.156422 -0.027558
v 0.361868 1.156423 -0.027694
v 0.478881 1.156422 -0.027717
v -0.467858 1.156328 0.067721
v -0.352613 1.156328 0.067699
v 0.361868 1.156328 0.067562
v 0.478882 1.156328 0.067540
v -0.699529 1.158628 0.025414
v -0.698354 1.158628 0.027604
v -0.697628 1.158628 0.029981
v -0.697380 1.158628 0.032455
v -0.697620 1.158628 0.034928
v -0.698338 1.158628 0.037308
v -0.699505 1.158628 0.039502
v -0.701079 1.158628 0.041426
v -0.702998 1.158628 0.043006
v -0.705188 1.158628 0.044182
v -0.707565 1.158628 0.044907
v -0.710038 1.158628 0.045155
v -0.712512 1.158628 0.044916
v -0.714892 1.158628 0.044198
v -0.717086 1.158628 0.043030
v -0.719010 1.158628 0.041456
v -0.720591 1.158628 0.039538
v -0.721766 1.158628 0.037348
v -0.722491 1.158628 0.034970
v -0.722739 1.158628 0.032497
v -0.722500 1.158628 0.030023
v -0.721782 1.158628 0.027644
v -0.720614 1.158628 0.025449
v -0.719041 1.158628 0.023525
v -0.717122 1.158628 0.021945
v -0.714932 1.158628 0.020770
v -0.712554 1.158628 0.020044
v -0.710081 1.158628 0.019796
v -0.707607 1.158628 0.020036
v -0.705227 1.158628 0.020753
v -0.703033 1.158628 0.021921
v -0.701109 1.158628 0.023495
v -0.699529 1.145415 0.025414
v -0.698354 1.145415 0.027604
v -0.697628 1.145415 0.029981
v -0.697380 1.145415 0.032454
v -0.697620 1.145415 0.034928
v -0.698337 1.145415 0.037308
v -0.699505 1.145415 0.039502
v -0.701079 1.145415 0.041426
v -0.702998 1.145415 0.043006
v -0.705188 1.145415 0.044182
v -0.707565 1.145415 0.044907
v -0.710038 1.145415 0.045155
v -0.712512 1.145415 0.044916
v -0.714892 1.145415 0.044198
v -0.717086 1.145415 0.043030
v -0.719010 1.145415 0.041456
v -0.720591 1.145415 0.039538
v -0.721766 1.145415 0.037348
v -0.722492 1.145415 0.034970
v -0.722739 1.145415 0.032497
v -0.722500 1.145415 0.030023
v -0.721782 1.145415 0.027643
v -0.720614 1.145415 0.025449
v -0.719041 1.145415 0.023525
v -0.717122 1.145415 0.021945
v -0.714932 1.145415 0.020770
v -0.712554 1.145415 0.020044
v -0.710081 1.145415 0.019796
v -0.707607 1.145415 0.020036
v -0.705227 1.145415 0.020753
v -0.703033 1.145415 0.021921
v -0.701109 1.145415 0.023495
v -0.654895 1.169608 0.093290
v -0.694860 1.169608 0.093297
v -0.717466 1.169608 0.093302
v -0.654587 1.169608 0.086179
v -0.694861 1.169608 0.086186
v -0.717467 1.169608 0.086190
v -0.654222 1.169608 0.077766
v -0.694863 1.169608 0.077773
v -0.717469 1.169608 0.077777
v -0.653921 1.169608 0.070831
v -0.694864 1.169608 0.070838
v -0.717470 1.169608 0.070843
v -0.717476 1.169608 -0.027493
v 0.655142 1.169608 -0.009633
v -0.652592 1.156422 -0.008802
v -0.467858 1.169608 -0.009419
v -0.717474 1.156422 -0.008790
v -0.773546 1.169608 -0.008780
v -0.352613 1.169608 -0.009441
v 0.361868 1.169608 -0.009577
v 0.478881 1.169608 -0.009599
v -0.633860 1.169608 -0.008805
v -0.633860 1.156422 -0.008805
v -0.694869 1.156422 -0.008794
v 0.660734 1.169608 -0.009635
v 0.655142 1.156422 -0.009633
v 0.664723 1.156422 -0.009635
v -0.777536 1.156422 -0.008780
v -0.352613 1.156404 -0.009441
v 0.478882 1.156404 -0.009599
v 0.361868 1.156404 -0.009577
v -0.467858 1.156404 -0.009419
v -0.652845 1.169608 -0.008802
v -0.694869 1.169608 -0.008794
v -0.717474 1.169608 -0.008790
v -0.652591 1.156422 0.007083
v -0.471848 1.169608 0.009959
v -0.717474 1.156422 0.007095
v -0.773546 1.169608 0.007105
v -0.348624 1.169608 0.009935
v 0.357878 1.169608 0.009801
v 0.482871 1.169608 0.009777
v -0.633859 1.169608 0.007080
v -0.633859 1.156422 0.007080
v -0.694868 1.156422 0.007091
v 0.660734 1.169608 0.005753
v 0.478881 1.156389 0.005788
v 0.655142 1.169608 0.005754
v 0.655142 1.156422 0.005754
v 0.664723 1.156422 0.005753
v -0.777535 1.156422 0.007105
v -0.352613 1.156389 0.005947
v 0.361868 1.156389 0.005811
v -0.467858 1.156389 0.005968
v -0.653060 1.169608 0.007083
v -0.694868 1.169608 0.007091
v -0.717474 1.169608 0.007095
v -0.652590 1.156422 0.015188
v -0.467858 1.169608 0.013819
v -0.717473 1.156422 0.015200
v -0.773545 1.169608 0.015209
v -0.352613 1.169608 0.013798
v 0.361868 1.169608 0.013661
v 0.478881 1.169608 0.013639
v -0.633859 1.169608 0.015184
v -0.633859 1.156422 0.015184
v -0.694867 1.156422 0.015195
v 0.660734 1.169608 0.013603
v 0.478881 1.156381 0.013639
v 0.655142 1.169608 0.013605
v 0.655142 1.156422 0.013605
v 0.664723 1.156422 0.013604
v -0.777535 1.156422 0.015209
v -0.352613 1.156382 0.013798
v 0.361868 1.156382 0.013661
v -0.467858 1.156382 0.013819
v -0.653169 1.169608 0.015188
v -0.694867 1.169608 0.015195
v -0.717473 1.169608 0.015200
v -0.467856 1.156328 0.074655
v -0.352611 1.156328 0.074633
v -0.467858 1.156328 0.067720
v -0.352613 1.156328 0.067698
v -0.464362 1.145590 0.074444
v -0.464363 1.145590 0.067930
v -0.356106 1.145590 0.074424
v -0.356107 1.145590 0.067909
v -0.458205 1.133747 0.074072
v -0.362263 1.133747 0.074054
v -0.362264 1.133747 0.068281
v -0.458206 1.133747 0.068299
v -0.448986 1.122504 0.073516
v -0.448987 1.122504 0.068852
v -0.371483 1.122504 0.068837
v -0.371482 1.122504 0.073501
v -0.383763 1.113223 0.072764
v -0.436705 1.113223 0.072775
v -0.383764 1.113223 0.069579
v -0.436706 1.113223 0.069589
v -0.421362 1.107203 0.071848
v -0.421362 1.107203 0.070509
v -0.399107 1.107203 0.070505
v -0.399107 1.107203 0.071844
v -0.467857 1.156328 0.012715
v -0.352612 1.156328 0.012693
v -0.467858 1.156328 0.005780
v -0.352613 1.156328 0.005759
v -0.464362 1.145590 0.012504
v -0.464364 1.145590 0.005990
v -0.356106 1.145590 0.012483
v -0.356107 1.145590 0.005969
v -0.458205 1.133747 0.012132
v -0.362263 1.133747 0.012114
v -0.362264 1.133747 0.006341
v -0.458207 1.133747 0.006359
v -0.448986 1.122504 0.011576
v -0.448987 1.122504 0.006912
v -0.371483 1.122504 0.006897
v -0.371482 1.122504 0.011561
v -0.383763 1.113223 0.010824
v -0.436705 1.113223 0.010835
v -0.383764 1.113223 0.007639
v -0.436706 1.113223 0.007649
v -0.421362 1.107204 0.009908
v -0.421362 1.107204 0.008569
v -0.399107 1.107204 0.008565
v -0.399107 1.107204 0.009904
v 0.362562 1.156328 0.074655
v 0.477807 1.156328 0.074633
v 0.362561 1.156328 0.067720
v 0.477806 1.156328 0.067698
v 0.366056 1.145590 0.074444
v 0.366055 1.145590 0.067930
v 0.474313 1.145590 0.074423
v 0.474312 1.145590 0.067909
v 0.372213 1.133747 0.074072
v 0.468156 1.133747 0.074054
v 0.468155 1.133747 0.068281
v 0.372212 1.133747 0.068299
v 0.381432 1.122504 0.073516
v 0.381432 1.122504 0.068852
v 0.458936 1.122504 0.068837
v 0.458937 1.122504 0.073501
v 0.446655 1.113223 0.072764
v 0.393713 1.113223 0.072775
v 0.446655 1.113223 0.069579
v 0.393713 1.113223 0.069589
v 0.409057 1.107204 0.071848
v 0.409057 1.107204 0.070509
v 0.431312 1.107204 0.070505
v 0.431312 1.107204 0.071844
v 0.362562 1.156329 0.012715
v 0.477807 1.156328 0.012693
v 0.362561 1.156329 0.005781
v 0.477806 1.156328 0.005759
v 0.366056 1.145590 0.012504
v 0.366055 1.145591 0.005990
v 0.474313 1.145590 0.012483
v 0.474312 1.145590 0.005969
v 0.372213 1.133747 0.012133
v 0.468156 1.133747 0.012114
v 0.468155 1.133747 0.006341
v 0.372212 1.133747 0.006359
v 0.381432 1.122504 0.011576
v 0.381431 1.122504 0.006912
v 0.458936 1.122504 0.006898
v 0.458937 1.122504 0.011561
v 0.446655 1.113223 0.010824
v 0.393713 1.113223 0.010835
v 0.446655 1.113223 0.007639
v 0.393713 1.113223 0.007649
v 0.409056 1.107204 0.009909
v 0.409056 1.107204 0.008569
v 0.431311 1.107204 0.008565
v 0.431312 1.107204 0.009904
v 0.664733 0.145299 0.093042
v -0.467848 0.145299 0.093258
v 0.478893 0.145299 0.101242
v -0.467847 0.145299 0.101423
v -0.644266 0.145299 0.086177
v -0.352603 0.145299 0.093236
v 0.361878 0.145299 0.093100
v -0.352602 0.145299 0.101401
v 0.655154 0.145299 0.104047
v 0.664735 0.145299 0.104046
v -0.655373 0.145299 0.104294
v -0.653862 0.145299 0.093290
v 0.664733 0.145299 0.091755
v -0.649774 0.145299 0.084535
v -0.633849 0.145299 0.104290
v 0.478891 0.145299 0.093077
v 0.655154 0.145299 0.101209
v -0.633851 0.145299 0.093286
v 0.655152 0.145299 0.091757
v 0.361879 0.145299 0.101265
v 0.655152 0.145299 0.093044
v -0.652584 0.145299 0.086178
v -0.633850 0.145299 0.101451
v 0.661073 -0.877777 0.093043
v 0.664733 -0.865825 0.093042
v -0.655374 -0.877777 0.100633
v 0.655154 -0.877777 0.104047
v -0.633850 -0.877777 0.100629
v 0.655150 -0.865825 0.085932
v -0.633854 -0.865825 0.077762
v 0.655144 -0.865825 0.074441
v -0.652592 -0.877777 -0.023844
v -0.695756 -0.877777 -0.023837
v -0.694863 -0.865825 0.077773
v -0.694861 -0.865825 0.086186
v -0.694859 -0.877777 0.100640
v -0.694860 -0.865825 0.093297
v -0.717466 -0.865825 0.093301
v -0.717464 -0.877777 0.100645
v -0.717467 -0.865825 0.086190
v -0.717469 -0.865825 0.077777
v -0.717476 -0.865825 -0.027493
v -0.773867 -0.877777 0.093310
v -0.773868 -0.877777 0.086199
v -0.773870 -0.877777 0.077786
v -0.773877 -0.877777 -0.027484
v -0.718364 -0.877777 -0.035468
v -0.633856 -0.865825 0.070827
v -0.652587 -0.865825 0.070831
v 0.655142 -0.865825 0.067506
v -0.694864 -0.865825 0.070838
v -0.717470 -0.865825 0.070842
v -0.773871 -0.877777 0.070852
v 0.478894 -0.877777 0.104081
v 0.361880 -0.877777 0.104103
v -0.352602 -0.877777 0.100579
v -0.467847 -0.877777 0.100601
v -0.710060 -0.853769 0.032476
v -0.633850 -0.865825 0.101451
v 0.655154 -0.865825 0.101209
v -0.653862 -0.865825 0.093290
v 0.655152 -0.865825 0.093044
v -0.633851 -0.865825 0.093286
v 0.661074 -0.877777 0.100386
v 0.664735 -0.865825 0.104046
v -0.655373 -0.865825 0.104294
v 0.655154 -0.865825 0.104047
v -0.633849 -0.865825 0.104290
v 0.655152 -0.865825 0.091757
v 0.664733 -0.865825 0.091755
v 0.661072 -0.877777 0.085932
v 0.664732 -0.865825 0.085931
v -0.652584 -0.865825 0.086178
v -0.644266 -0.865825 0.086177
v -0.649774 -0.865825 0.084535
v 0.664725 -0.865825 0.074439
v 0.664725 -0.877777 0.074439
v -0.633861 -0.865825 -0.027508
v -0.652593 -0.865825 -0.027504
v 0.655142 -0.877777 -0.024090
v 0.661063 -0.877777 -0.024091
v 0.655142 -0.865825 -0.027751
v 0.664723 -0.865825 -0.027752
v -0.633861 -0.877777 -0.023848
v -0.694870 -0.865825 -0.027497
v -0.694858 -0.865825 0.104301
v -0.717463 -0.865825 0.104305
v -0.777527 -0.865825 0.093311
v -0.773865 -0.877777 0.100654
v -0.777525 -0.865825 0.104315
v -0.777528 -0.865825 0.086200
v -0.777530 -0.865825 0.077787
v -0.777537 -0.865825 -0.027483
v -0.773878 -0.877777 -0.035459
v -0.777539 -0.865825 -0.039118
v -0.717478 -0.865825 -0.039128
v 0.664724 -0.877777 0.067504
v 0.664724 -0.865825 0.067504
v -0.777531 -0.865825 0.070852
v -0.467847 -0.865825 0.101423
v -0.352602 -0.865825 0.101401
v 0.361880 -0.865825 0.101265
v 0.478893 -0.865825 0.101242
v 0.478891 -0.877777 0.093077
v 0.361878 -0.877777 0.093100
v -0.348942 -0.877777 0.096895
v -0.467848 -0.877777 0.093258
v 0.478891 -0.865825 0.093077
v 0.361878 -0.865825 0.093100
v -0.352603 -0.865825 0.093236
v -0.467848 -0.865825 0.093258
v 0.478894 -0.865825 0.104081
v 0.361880 -0.865825 0.104103
v -0.352601 -0.865825 0.104239
v -0.467846 -0.865825 0.104261
v 0.478890 -0.877777 0.085966
v 0.358216 -0.877777 0.085990
v -0.348944 -0.877777 0.086123
v -0.471510 -0.877777 0.086148
v 0.478932 -0.865825 0.085966
v 0.361961 -0.865825 0.085988
v -0.352630 -0.865825 0.086124
v -0.467840 -0.865825 0.086147
v -0.467856 -0.865731 0.074655
v -0.352611 -0.865731 0.074633
v 0.361870 -0.865731 0.074497
v 0.478883 -0.865731 0.074474
v 0.482541 -0.877777 0.070813
v 0.358207 -0.877777 0.070837
v -0.348953 -0.877777 0.070972
v -0.471519 -0.877777 0.070995
v 0.478882 -0.877777 -0.024057
v 0.361869 -0.877777 -0.024034
v -0.352613 -0.877777 -0.023898
v -0.467858 -0.877777 -0.023876
v -0.467858 -0.865825 -0.027536
v -0.352613 -0.865825 -0.027558
v 0.361868 -0.865825 -0.027695
v 0.478881 -0.865825 -0.027717
v -0.467858 -0.865731 0.067720
v -0.352613 -0.865731 0.067698
v 0.361868 -0.865731 0.067562
v 0.478882 -0.865731 0.067540
v -0.699529 -0.866982 0.025414
v -0.698354 -0.866982 0.027604
v -0.697628 -0.866982 0.029981
v -0.697380 -0.866982 0.032454
v -0.697620 -0.866982 0.034928
v -0.698338 -0.866982 0.037308
v -0.699505 -0.866982 0.039502
v -0.701079 -0.866982 0.041426
v -0.702998 -0.866982 0.043006
v -0.705188 -0.866982 0.044182
v -0.707565 -0.866982 0.044907
v -0.710038 -0.866982 0.045155
v -0.712513 -0.866982 0.044916
v -0.714892 -0.866982 0.044198
v -0.717086 -0.866982 0.043030
v -0.719010 -0.866982 0.041456
v -0.720591 -0.866982 0.039538
v -0.721766 -0.866982 0.037348
v -0.722491 -0.866982 0.034970
v -0.722739 -0.866982 0.032497
v -0.722500 -0.866982 0.030023
v -0.721782 -0.866982 0.027643
v -0.720614 -0.866982 0.025449
v -0.719041 -0.866982 0.023525
v -0.717122 -0.866982 0.021945
v -0.714932 -0.866982 0.020770
v -0.712554 -0.866982 0.020044
v -0.710081 -0.866982 0.019796
v -0.707607 -0.866982 0.020036
v -0.705228 -0.866982 0.020753
v -0.703033 -0.866982 0.021921
v -0.701109 -0.866982 0.023495
v -0.699529 -0.853769 0.025413
v -0.698354 -0.853769 0.027604
v -0.697628 -0.853769 0.029981
v -0.697380 -0.853769 0.032454
v -0.697620 -0.853769 0.034928
v -0.698337 -0.853769 0.037308
v -0.699505 -0.853769 0.039502
v -0.701079 -0.853769 0.041426
v -0.702998 -0.853769 0.043006
v -0.705188 -0.853769 0.044182
v -0.707565 -0.853769 0.044907
v -0.710038 -0.853769 0.045155
v -0.712512 -0.853769 0.044916
v -0.714892 -0.853769 0.044198
v -0.717086 -0.853769 0.043030
v -0.719010 -0.853769 0.041456
v -0.720591 -0.853769 0.039538
v -0.721766 -0.853769 0.037348
v -0.722492 -0.853769 0.034970
v -0.722739 -0.853769 0.032497
v -0.722500 -0.853769 0.030023
v -0.721782 -0.853769 0.027643
v -0.720614 -0.853769 0.025449
v -0.719041 -0.853769 0.023525
v -0.717122 -0.853769 0.021945
v -0.714932 -0.853769 0.020770
v -0.712554 -0.853769 0.020044
v -0.710081 -0.853769 0.019796
v -0.707607 -0.853769 0.020036
v -0.705228 -0.853769 0.020753
v -0.703033 -0.853769 0.021921
v -0.701109 -0.853769 0.023495
v -0.652592 -0.865825 -0.008802
v -0.467858 -0.877777 -0.009419
v -0.717474 -0.865825 -0.008790
v -0.773876 -0.877777 -0.008780
v -0.352613 -0.877777 -0.009441
v 0.361868 -0.877777 -0.009577
v 0.478882 -0.877777 -0.009599
v -0.633860 -0.865825 -0.008805
v -0.694869 -0.865825 -0.008794
v 0.661063 -0.877777 -0.009635
v 0.655142 -0.865825 -0.009633
v 0.664724 -0.865825 -0.009635
v -0.777536 -0.865825 -0.008780
v -0.352613 -0.865807 -0.009441
v 0.478882 -0.865807 -0.009599
v 0.361868 -0.865807 -0.009577
v -0.467858 -0.865807 -0.009419
v -0.652591 -0.865825 0.007083
v -0.471519 -0.877777 0.009629
v -0.717474 -0.865825 0.007095
v -0.773875 -0.877777 0.007105
v -0.348953 -0.877777 0.009606
v 0.358208 -0.877777 0.009471
v 0.482542 -0.877777 0.009448
v -0.633859 -0.865825 0.007080
v -0.694868 -0.865825 0.007090
v 0.661063 -0.877777 0.005753
v 0.478882 -0.865792 0.005788
v 0.655142 -0.865825 0.005754
v 0.664723 -0.865825 0.005753
v -0.777535 -0.865825 0.007105
v -0.352613 -0.865792 0.005947
v 0.361868 -0.865792 0.005810
v -0.467858 -0.865792 0.005968
v -0.652590 -0.865825 0.015188
v -0.717473 -0.865825 0.015199
v -0.773874 -0.877777 0.015209
v -0.633859 -0.865825 0.015184
v -0.694868 -0.865825 0.015195
v 0.661063 -0.877777 0.013603
v 0.478882 -0.865784 0.013639
v 0.655142 -0.865825 0.013605
v 0.664723 -0.865825 0.013603
v -0.777535 -0.865825 0.015209
v -0.352613 -0.865784 0.013797
v 0.361868 -0.865784 0.013661
v -0.467858 -0.865784 0.013819
v -0.467856 -0.865731 0.074655
v -0.352611 -0.865731 0.074633
v -0.467858 -0.865731 0.067720
v -0.352613 -0.865731 0.067698
v -0.464362 -0.854993 0.074444
v -0.464363 -0.854993 0.067930
v -0.356106 -0.854993 0.074423
v -0.356107 -0.854993 0.067909
v -0.458205 -0.843150 0.074072
v -0.362263 -0.843150 0.074054
v -0.362264 -0.843150 0.068281
v -0.458206 -0.843150 0.068299
v -0.448986 -0.831907 0.073516
v -0.448987 -0.831907 0.068852
v -0.371483 -0.831907 0.068837
v -0.371482 -0.831907 0.073501
v -0.383763 -0.822626 0.072764
v -0.436705 -0.822626 0.072774
v -0.383764 -0.822626 0.069579
v -0.436706 -0.822626 0.069589
v -0.421362 -0.816606 0.071848
v -0.421362 -0.816606 0.070509
v -0.399107 -0.816606 0.070505
v -0.399107 -0.816606 0.071844
v -0.467857 -0.865731 0.012715
v -0.352612 -0.865731 0.012693
v -0.467858 -0.865731 0.005780
v -0.352613 -0.865731 0.005758
v -0.464362 -0.854993 0.012504
v -0.464364 -0.854993 0.005990
v -0.356106 -0.854993 0.012483
v -0.356107 -0.854993 0.005969
v -0.458205 -0.843150 0.012132
v -0.362263 -0.843150 0.012114
v -0.362264 -0.843150 0.006341
v -0.458207 -0.843150 0.006359
v -0.448986 -0.831907 0.011576
v -0.448987 -0.831907 0.006912
v -0.371483 -0.831907 0.006897
v -0.371482 -0.831907 0.011561
v -0.383763 -0.822626 0.010824
v -0.436705 -0.822626 0.010835
v -0.383764 -0.822626 0.007639
v -0.436706 -0.822626 0.007649
v -0.421362 -0.816606 0.009908
v -0.421362 -0.816606 0.008569
v -0.399107 -0.816606 0.008565
v -0.399107 -0.816606 0.009904
v 0.362562 -0.865731 0.074655
v 0.477807 -0.865731 0.074633
v 0.362561 -0.865731 0.067720
v 0.477806 -0.865731 0.067698
v 0.366056 -0.854993 0.074444
v 0.366055 -0.854993 0.067930
v 0.474313 -0.854993 0.074423
v 0.474312 -0.854993 0.067909
v 0.372213 -0.843150 0.074072
v 0.468156 -0.843150 0.074054
v 0.468155 -0.843150 0.068281
v 0.372212 -0.843150 0.068299
v 0.381432 -0.831907 0.073516
v 0.381432 -0.831907 0.068852
v 0.458936 -0.831907 0.068837
v 0.458937 -0.831907 0.073501
v 0.446655 -0.822626 0.072764
v 0.393713 -0.822626 0.072774
v 0.446655 -0.822626 0.069579
v 0.393713 -0.822626 0.069589
v 0.409057 -0.816606 0.071848
v 0.409057 -0.816606 0.070509
v 0.431312 -0.816606 0.070505
v 0.431312 -0.816606 0.071844
v 0.362562 -0.865731 0.012715
v 0.477807 -0.865732 0.012693
v 0.362561 -0.865731 0.005780
v 0.477806 -0.865732 0.005758
v 0.366056 -0.854993 0.012504
v 0.366055 -0.854993 0.005990
v 0.474313 -0.854993 0.012483
v 0.474312 -0.854993 0.005969
v 0.372213 -0.843150 0.012132
v 0.468156 -0.843150 0.012114
v 0.468155 -0.843150 0.006341
v 0.372212 -0.843150 0.006359
v 0.381432 -0.831907 0.011576
v 0.381431 -0.831907 0.006912
v 0.458936 -0.831907 0.006897
v 0.458937 -0.831907 0.011561
v 0.446655 -0.822626 0.010824
v 0.393713 -0.822626 0.010835
v 0.446655 -0.822626 0.007639
v 0.393713 -0.822626 0.007649
v 0.409056 -0.816607 0.009908
v 0.409056 -0.816607 0.008569
v 0.431312 -0.816607 0.008565
v 0.431312 -0.816607 0.009904
v 0.664735 1.169608 0.104046
v 0.664733 1.169608 0.093042
v -0.633849 1.169608 0.104290
v -0.655373 1.169608 0.104294
v -0.467846 1.169608 0.104261
v -0.694858 1.169608 0.104301
v 0.478881 1.169608 -0.027717
v 0.655142 1.169608 -0.027751
v 0.478893 1.169608 0.100092
v 0.655153 1.169608 0.100058
v -0.717463 1.169608 0.104305
v -0.777525 1.169608 0.104315
v -0.777527 1.169608 0.093311
v -0.777528 1.169608 0.086200
v -0.777530 1.169608 0.077787
v -0.717478 1.169608 -0.039128
v -0.694870 1.169608 -0.027497
v 0.660734 1.169608 0.067505
v 0.660735 1.169608 0.074441
v -0.777531 1.169608 0.070852
v -0.652593 1.169608 -0.027504
v -0.777535 1.169608 0.015209
v -0.777537 1.169608 -0.027483
v -0.777539 1.169608 -0.039118
v -0.352601 1.169608 0.104240
v 0.361879 1.169608 0.100114
v -0.467858 1.169608 -0.027536
v -0.352613 1.169608 -0.027558
v 0.361868 1.169608 -0.027694
v -0.467856 1.169608 0.074655
v -0.352611 1.169608 0.074633
v 0.664732 1.169608 0.085931
v -0.467850 1.169608 0.086147
v 0.664723 1.169608 0.013603
v -0.633861 1.169608 -0.027508
v 0.664723 1.169608 -0.027752
v 0.357889 1.169608 0.097090
v 0.482882 1.169608 0.097066
v -0.471837 1.169608 0.097248
v -0.352603 1.169608 0.093236
v 0.482879 1.169608 0.085964
v -0.352605 1.169608 0.086125
v 0.478883 1.169608 0.074475
v 0.361876 1.169608 0.085988
v 0.361870 1.169608 0.074497
v -0.777536 1.169608 -0.008780
v 0.664723 1.169608 -0.009635
v 0.357878 1.169608 -0.013566
v 0.482871 1.169608 -0.013590
v -0.348624 1.169608 -0.013431
v -0.471848 1.169608 -0.013408
v -0.467858 1.169608 0.005968
v -0.777535 1.169608 0.007105
v -0.352613 1.169608 0.005947
v 0.361868 1.169608 0.005811
v 0.478881 1.169608 0.005788
v 0.664723 1.169608 0.005753
v 0.664735 1.171758 0.104046
v 0.664733 1.171758 0.093042
v -0.633849 1.171758 0.104290
v -0.655373 1.171758 0.104294
v -0.467846 1.171758 0.104261
v -0.694858 1.171758 0.104301
v 0.478881 1.171758 -0.027717
v 0.655142 1.171758 -0.027751
v 0.478894 1.171758 0.104081
v 0.655154 1.171758 0.104047
v -0.717463 1.171758 0.104305
v -0.777525 1.171758 0.104315
v -0.777527 1.171758 0.093311
v -0.777528 1.171758 0.086200
v -0.777530 1.171758 0.077787
v -0.717478 1.171758 -0.039128
v -0.694870 1.171758 -0.027497
v 0.664724 1.171758 0.067504
v 0.664725 1.171758 0.074439
v -0.777531 1.171758 0.070852
v -0.652593 1.171758 -0.027504
v -0.777535 1.171758 0.015209
v -0.777537 1.171758 -0.027483
v -0.777539 1.171758 -0.039118
v -0.352601 1.171758 0.104240
v 0.361880 1.171758 0.104103
v -0.467858 1.171758 -0.027536
v -0.352613 1.171758 -0.027558
v 0.361868 1.171758 -0.027694
v 0.664732 1.171758 0.085931
v 0.664723 1.171758 0.013603
v -0.633861 1.171758 -0.027508
v 0.664723 1.171758 -0.027752
v -0.777536 1.171758 -0.008780
v 0.664723 1.171758 -0.009635
v -0.777535 1.171758 0.007105
v 0.664723 1.171758 0.005753
v 0.660745 1.171758 0.100057
v 0.660744 1.171758 0.093043
v -0.633850 1.171758 0.100300
v -0.655374 1.171758 0.100304
v -0.467847 1.171758 0.100272
v -0.694859 1.171758 0.100311
v 0.478882 1.171758 -0.023727
v 0.655142 1.171758 -0.023761
v 0.478893 1.171758 0.100092
v 0.655153 1.171758 0.100058
v -0.717464 1.171758 0.100315
v -0.773536 1.171758 0.100325
v -0.773538 1.171758 0.093310
v -0.773539 1.171758 0.086199
v -0.773540 1.171758 0.077786
v -0.718444 1.171758 -0.035138
v -0.695836 1.171758 -0.023507
v 0.660734 1.171758 0.067505
v 0.660735 1.171758 0.074441
v -0.773542 1.171758 0.070852
v -0.652592 1.171758 -0.023515
v -0.773545 1.171758 0.015209
v -0.773547 1.171758 -0.027483
v -0.773549 1.171758 -0.035129
v -0.352602 1.171758 0.100250
v 0.361879 1.171758 0.100114
v -0.467858 1.171758 -0.023547
v -0.352613 1.171758 -0.023569
v 0.361868 1.171758 -0.023705
v 0.660742 1.171758 0.085932
v 0.660734 1.171758 0.013603
v -0.633861 1.171758 -0.023519
v 0.660734 1.171758 -0.023762
v -0.773546 1.171758 -0.008780
v 0.660734 1.171758 -0.009635
v -0.773546 1.171758 0.007105
v 0.660734 1.171758 0.005753
v 0.664735 -0.877777 0.104046
v 0.664733 -0.877777 0.093042
v -0.633849 -0.877777 0.104290
v -0.655373 -0.877777 0.104294
v -0.467846 -0.877777 0.104261
v -0.694858 -0.877777 0.104301
v 0.478881 -0.877777 -0.027717
v 0.655142 -0.877777 -0.027751
v 0.478893 -0.877777 0.100421
v 0.655153 -0.877777 0.100387
v -0.717463 -0.877777 0.104305
v -0.777525 -0.877777 0.104315
v -0.777527 -0.877777 0.093311
v -0.777528 -0.877777 0.086200
v -0.777530 -0.877777 0.077787
v -0.717478 -0.877777 -0.039128
v -0.694870 -0.877777 -0.027497
v 0.661064 -0.877777 0.067505
v 0.661065 -0.877777 0.074441
v -0.777531 -0.877777 0.070852
v -0.652593 -0.877777 -0.027504
v -0.777535 -0.877777 0.015209
v -0.777537 -0.877777 -0.027483
v -0.777539 -0.877777 -0.039118
v -0.352601 -0.877777 0.104239
v 0.361879 -0.877777 0.100443
v -0.467858 -0.877777 -0.027536
v -0.352613 -0.877777 -0.027558
v 0.361868 -0.877777 -0.027695
v -0.467856 -0.877777 0.074655
v -0.352611 -0.877777 0.074633
v 0.664732 -0.877777 0.085931
v -0.467850 -0.877777 0.086146
v 0.664723 -0.877777 0.013603
v -0.633861 -0.877777 -0.027508
v 0.664723 -0.877777 -0.027752
v 0.358218 -0.877777 0.096761
v 0.482552 -0.877777 0.096737
v -0.471508 -0.877777 0.096919
v -0.352603 -0.877777 0.093236
v 0.482550 -0.877777 0.085965
v -0.352605 -0.877777 0.086125
v 0.478883 -0.877777 0.074474
v 0.361876 -0.877777 0.085988
v 0.361870 -0.877777 0.074497
v -0.777536 -0.877777 -0.008780
v 0.664724 -0.877777 -0.009635
v 0.358207 -0.877777 -0.013237
v 0.482542 -0.877777 -0.013260
v -0.348953 -0.877777 -0.013102
v -0.471519 -0.877777 -0.013078
v -0.467858 -0.877777 0.005968
v -0.777535 -0.877777 0.007105
v -0.352613 -0.877777 0.005947
v 0.361868 -0.877777 0.005810
v 0.478882 -0.877777 0.005788
v 0.664723 -0.877777 0.005753
v 0.478893 -0.875017 0.100421
v 0.482552 -0.875017 0.096737
v 0.655153 -0.875017 0.100387
v 0.655152 -0.875017 0.093044
v 0.482550 -0.875017 0.085965
v 0.655150 -0.875017 0.085932
v -0.633854 -0.875016 0.077762
v -0.633853 -0.875016 0.086175
v 0.655144 -0.875017 0.074441
v 0.661065 -0.875017 0.074441
v 0.361879 -0.875016 0.100443
v 0.358218 -0.875016 0.096761
v 0.655142 -0.875017 -0.009633
v 0.655142 -0.875017 -0.024090
v 0.661064 -0.875017 0.067505
v 0.655142 -0.875017 0.067506
v -0.633856 -0.875016 0.070827
v -0.467858 -0.875016 0.067720
v -0.467858 -0.875016 0.013819
v -0.352613 -0.875016 0.067698
v 0.361868 -0.875016 0.067562
v 0.478882 -0.875017 0.067540
v -0.352613 -0.875016 0.013797
v 0.361868 -0.875016 0.013661
v 0.478882 -0.875017 0.013639
v -0.633851 -0.875016 0.093286
v -0.471508 -0.875016 0.096919
v 0.661072 -0.875017 0.085932
v -0.471510 -0.875016 0.086148
v -0.633859 -0.875016 0.015184
v -0.471519 -0.875016 0.070995
v 0.661073 -0.875017 0.093043
v -0.348942 -0.875016 0.096895
v 0.482541 -0.875017 0.070813
v -0.348953 -0.875016 0.070972
v 0.358207 -0.875016 0.070837
v -0.348944 -0.875016 0.086123
v 0.358216 -0.875016 0.085990
v -0.467847 -0.875016 0.100601
v -0.352602 -0.875016 0.100579
v -0.633850 -0.875016 0.100629
v -0.717476 -0.875016 -0.027493
v -0.718364 -0.875016 -0.035468
v -0.655374 -0.875016 0.100633
v -0.654895 -0.875016 0.093290
v -0.694859 -0.875016 0.100640
v -0.694860 -0.875016 0.093297
v -0.717464 -0.875016 0.100645
v -0.717466 -0.875016 0.093301
v -0.773867 -0.875016 0.093310
v -0.654587 -0.875016 0.086179
v -0.694861 -0.875016 0.086186
v -0.717467 -0.875016 0.086190
v -0.773868 -0.875016 0.086199
v -0.654222 -0.875016 0.077766
v -0.694863 -0.875016 0.077773
v -0.717469 -0.875016 0.077777
v -0.773870 -0.875016 0.077786
v -0.653921 -0.875016 0.070831
v -0.694864 -0.875016 0.070838
v -0.717470 -0.875016 0.070842
v -0.773871 -0.875016 0.070852
v -0.652845 -0.875016 -0.008802
v -0.652592 -0.875016 -0.023844
v -0.694869 -0.875016 -0.008794
v -0.695756 -0.875016 -0.023837
v -0.717474 -0.875016 -0.008790
v -0.773877 -0.875016 -0.027484
v 0.655142 -0.875017 0.005754
v -0.467858 -0.875016 -0.023876
v -0.471519 -0.875016 -0.013078
v -0.352613 -0.875016 -0.023898
v -0.348953 -0.875016 -0.013102
v 0.361869 -0.875016 -0.024034
v 0.358207 -0.875016 -0.013237
v 0.478882 -0.875017 -0.024057
v 0.482542 -0.875017 -0.013260
v -0.633861 -0.875016 -0.023848
v -0.633860 -0.875016 -0.008805
v -0.653060 -0.875016 0.007083
v -0.694868 -0.875016 0.007090
v -0.717474 -0.875016 0.007095
v -0.773876 -0.875016 -0.008780
v 0.661063 -0.875017 -0.009635
v -0.633859 -0.875016 0.007080
v 0.655142 -0.875017 0.013605
v -0.653169 -0.875016 0.015188
v -0.694868 -0.875016 0.015195
v -0.717473 -0.875016 0.015199
v 0.358208 -0.875016 0.009471
v -0.348953 -0.875016 0.009606
v 0.482542 -0.875017 0.009448
v -0.773875 -0.875016 0.007105
v -0.471519 -0.875016 0.009629
v 0.661063 -0.875017 0.005753
v -0.773874 -0.875016 0.015209
v 0.661063 -0.875017 0.013603
v 0.661074 -0.875017 0.100386
v -0.773865 -0.875016 0.100654
v -0.773878 -0.875016 -0.035459
v 0.661063 -0.875017 -0.024091
v -0.767031 1.169509 0.102037
v -0.767031 1.169509 -0.035646
v -0.772431 1.169509 0.102037
v -0.772431 1.169509 -0.035646
v -0.769109 1.171633 0.102037
v -0.770354 1.171633 0.102037
v -0.770354 1.171633 -0.035646
v -0.769109 1.171633 -0.035646
v -0.756089 1.169509 0.102037
v -0.756089 1.169509 -0.035646
v -0.761488 1.169509 0.102037
v -0.761488 1.169509 -0.035646
v -0.758166 1.171633 0.102037
v -0.759411 1.171633 0.102037
v -0.759411 1.171633 -0.035646
v -0.758166 1.171633 -0.035646
v -0.745146 1.169509 0.102037
v -0.745146 1.169509 -0.035646
v -0.750546 1.169509 0.102037
v -0.750546 1.169509 -0.035646
v -0.747223 1.171633 0.102037
v -0.748469 1.171633 0.102037
v -0.748469 1.171633 -0.035646
v -0.747223 1.171633 -0.035646
v -0.734203 1.169509 0.102037
v -0.734203 1.169509 -0.035646
v -0.739603 1.169509 0.102037
v -0.739603 1.169509 -0.035646
v -0.736281 1.171633 0.102037
v -0.737526 1.171633 0.102037
v -0.737526 1.171633 -0.035646
v -0.736281 1.171633 -0.035646
v -0.723261 1.169509 0.102037
v -0.723261 1.169509 -0.035646
v -0.728660 1.169509 0.102037
v -0.728660 1.169509 -0.035646
v -0.725338 1.171633 0.102037
v -0.726583 1.171633 0.102037
v -0.726583 1.171633 -0.035646
v -0.725338 1.171633 -0.035646
v -0.712318 1.169509 0.102037
v -0.717718 1.169509 0.102037
v -0.714395 1.171633 0.102037
v -0.715641 1.171633 0.102037
v -0.701375 1.169509 0.102037
v -0.706775 1.169509 0.102037
v -0.703453 1.171633 0.102037
v -0.704698 1.171633 0.102037
v -0.690433 1.169509 0.102037
v -0.695832 1.169509 0.102037
v -0.692510 1.171633 0.102037
v -0.693755 1.171633 0.102037
v -0.679490 1.169509 0.102037
v -0.684890 1.169509 0.102037
v -0.681567 1.171633 0.102037
v -0.682813 1.171633 0.102037
v -0.668547 1.169509 0.102037
v -0.673947 1.169509 0.102037
v -0.670625 1.171633 0.102037
v -0.671870 1.171633 0.102037
v -0.657605 1.169509 0.102037
v -0.663005 1.169509 0.102037
v -0.659682 1.171633 0.102037
v -0.660927 1.171633 0.102037
v -0.646662 1.169509 0.102037
v -0.652062 1.169509 0.102037
v -0.648739 1.171633 0.102037
v -0.649985 1.171633 0.102037
v -0.635719 1.169509 0.102037
v -0.641119 1.169509 0.102037
v -0.637797 1.171633 0.102037
v -0.639042 1.171633 0.102037
v -0.624777 1.169509 0.102037
v -0.630177 1.169509 0.102037
v -0.626854 1.171633 0.102037
v -0.628099 1.171633 0.102037
v -0.613834 1.169509 0.102037
v -0.619234 1.169509 0.102037
v -0.615911 1.171633 0.102037
v -0.617157 1.171633 0.102037
v -0.602892 1.169509 0.102037
v -0.608291 1.169509 0.102037
v -0.604969 1.171633 0.102037
v -0.606214 1.171633 0.102037
v -0.591949 1.169509 0.102037
v -0.597349 1.169509 0.102037
v -0.594026 1.171633 0.102037
v -0.595271 1.171633 0.102037
v -0.581006 1.169509 0.102037
v -0.586406 1.169509 0.102037
v -0.583083 1.171633 0.102037
v -0.584329 1.171633 0.102037
v -0.570064 1.169509 0.102037
v -0.575463 1.169509 0.102037
v -0.572141 1.171633 0.102037
v -0.573386 1.171633 0.102037
v -0.559121 1.169509 0.102037
v -0.564521 1.169509 0.102037
v -0.561198 1.171633 0.102037
v -0.562443 1.171633 0.102037
v -0.548178 1.169509 0.102037
v -0.553578 1.169509 0.102037
v -0.550255 1.171633 0.102037
v -0.551501 1.171633 0.102037
v -0.537236 1.169509 0.102037
v -0.542635 1.169509 0.102037
v -0.539313 1.171633 0.102037
v -0.540558 1.171633 0.102037
v -0.526293 1.169509 0.102037
v -0.531693 1.169509 0.102037
v -0.528370 1.171633 0.102037
v -0.529616 1.171633 0.102037
v -0.515350 1.169509 0.102037
v -0.520750 1.169509 0.102037
v -0.517428 1.171633 0.102037
v -0.518673 1.171633 0.102037
v -0.504408 1.169509 0.102037
v -0.509807 1.169509 0.102037
v -0.506485 1.171633 0.102037
v -0.507730 1.171633 0.102037
v -0.493465 1.169509 0.102037
v -0.498865 1.169509 0.102037
v -0.495542 1.171633 0.102037
v -0.496788 1.171633 0.102037
v -0.482522 1.169509 0.102037
v -0.487922 1.169509 0.102037
v -0.484600 1.171633 0.102037
v -0.485845 1.171633 0.102037
v -0.471580 1.169509 0.102037
v -0.476979 1.169509 0.102037
v -0.473657 1.171633 0.102037
v -0.474902 1.171633 0.102037
v -0.460637 1.169509 0.102037
v -0.466037 1.169509 0.102037
v -0.462714 1.171633 0.102037
v -0.463960 1.171633 0.102037
v -0.449694 1.169509 0.102037
v -0.455094 1.169509 0.102037
v -0.451772 1.171633 0.102037
v -0.453017 1.171633 0.102037
v -0.438752 1.169509 0.102037
v -0.444152 1.169509 0.102037
v -0.440829 1.171633 0.102037
v -0.442074 1.171633 0.102037
v -0.427809 1.169509 0.102037
v -0.433209 1.169509 0.102037
v -0.429886 1.171633 0.102037
v -0.431132 1.171633 0.102037
v -0.416866 1.169509 0.102037
v -0.422266 1.169509 0.102037
v -0.418944 1.171633 0.102037
v -0.420189 1.171633 0.102037
v -0.405924 1.169509 0.102037
v -0.411324 1.169509 0.102037
v -0.408001 1.171633 0.102037
v -0.409246 1.171633 0.102037
v -0.394981 1.169509 0.102037
v -0.400381 1.169509 0.102037
v -0.397058 1.171633 0.102037
v -0.398304 1.171633 0.102037
v -0.384038 1.169509 0.102037
v -0.389438 1.169509 0.102037
v -0.386116 1.171633 0.102037
v -0.387361 1.171633 0.102037
v -0.373096 1.169509 0.102037
v -0.378496 1.169509 0.102037
v -0.375173 1.171633 0.102037
v -0.376418 1.171633 0.102037
v -0.362153 1.169509 0.102037
v -0.367553 1.169509 0.102037
v -0.364230 1.171633 0.102037
v -0.365476 1.171633 0.102037
v -0.351211 1.169509 0.102037
v -0.356610 1.169509 0.102037
v -0.353288 1.171633 0.102037
v -0.354533 1.171633 0.102037
v -0.340268 1.169509 0.102037
v -0.345668 1.169509 0.102037
v -0.342345 1.171633 0.102037
v -0.343590 1.171633 0.102037
v -0.329325 1.169509 0.102037
v -0.334725 1.169509 0.102037
v -0.331402 1.171633 0.102037
v -0.332648 1.171633 0.102037
v -0.318383 1.169509 0.102037
v -0.323782 1.169509 0.102037
v -0.320460 1.171633 0.102037
v -0.321705 1.171633 0.102037
v -0.307440 1.169509 0.102037
v -0.312840 1.169509 0.102037
v -0.309517 1.171633 0.102037
v -0.310762 1.171633 0.102037
v -0.296497 1.169509 0.102037
v -0.301897 1.169509 0.102037
v -0.298575 1.171633 0.102037
v -0.299820 1.171633 0.102037
v -0.285555 1.169509 0.102037
v -0.290954 1.169509 0.102037
v -0.287632 1.171633 0.102037
v -0.288877 1.171633 0.102037
v -0.274612 1.169509 0.102037
v -0.280012 1.169509 0.102037
v -0.276689 1.171633 0.102037
v -0.277934 1.171633 0.102037
v -0.263669 1.169509 0.102037
v -0.269069 1.169509 0.102037
v -0.265747 1.171633 0.102037
v -0.266992 1.171633 0.102037
v -0.252727 1.169509 0.102037
v -0.258126 1.169509 0.102037
v -0.254804 1.171633 0.102037
v -0.256049 1.171633 0.102037
v -0.241784 1.169509 0.102037
v -0.247184 1.169509 0.102037
v -0.243861 1.171633 0.102037
v -0.245107 1.171633 0.102037
v -0.230841 1.169509 0.102037
v -0.236241 1.169509 0.102037
v -0.232919 1.171633 0.102037
v -0.234164 1.171633 0.102037
v -0.219899 1.169509 0.102037
v -0.225298 1.169509 0.102037
v -0.221976 1.171633 0.102037
v -0.223221 1.171633 0.102037
v -0.208956 1.169509 0.102037
v -0.214356 1.169509 0.102037
v -0.211033 1.171633 0.102037
v -0.212279 1.171633 0.102037
v -0.198013 1.169509 0.102037
v -0.203413 1.169509 0.102037
v -0.200091 1.171633 0.102037
v -0.201336 1.171633 0.102037
v -0.187071 1.169509 0.102037
v -0.192471 1.169509 0.102037
v -0.189148 1.171633 0.102037
v -0.190393 1.171633 0.102037
v -0.176128 1.169509 0.102037
v -0.181528 1.169509 0.102037
v -0.178205 1.171633 0.102037
v -0.179451 1.171633 0.102037
v -0.165185 1.169509 0.102037
v -0.170585 1.169509 0.102037
v -0.167263 1.171633 0.102037
v -0.168508 1.171633 0.102037
v -0.154243 1.169509 0.102037
v -0.159643 1.169509 0.102037
v -0.156320 1.171633 0.102037
v -0.157565 1.171633 0.102037
v -0.143300 1.169509 0.102037
v -0.148700 1.169509 0.102037
v -0.145377 1.171633 0.102037
v -0.146623 1.171633 0.102037
v -0.132357 1.169509 0.102037
v -0.137757 1.169509 0.102037
v -0.134435 1.171633 0.102037
v -0.135680 1.171633 0.102037
v -0.121415 1.169509 0.102037
v -0.126815 1.169509 0.102037
v -0.123492 1.171633 0.102037
v -0.124737 1.171633 0.102037
v -0.110472 1.169509 0.102037
v -0.115872 1.169509 0.102037
v -0.112549 1.171633 0.102037
v -0.113795 1.171633 0.102037
v -0.099530 1.169509 0.102037
v -0.104929 1.169509 0.102037
v -0.101607 1.171633 0.102037
v -0.102852 1.171633 0.102037
v -0.088587 1.169509 0.102037
v -0.093987 1.169509 0.102037
v -0.090664 1.171633 0.102037
v -0.091909 1.171633 0.102037
v -0.077644 1.169509 0.102037
v -0.083044 1.169509 0.102037
v -0.079721 1.171633 0.102037
v -0.080967 1.171633 0.102037
v -0.066702 1.169509 0.102037
v -0.072101 1.169509 0.102037
v -0.068779 1.171633 0.102037
v -0.070024 1.171633 0.102037
v -0.055759 1.169509 0.102037
v -0.061159 1.169509 0.102037
v -0.057836 1.171633 0.102037
v -0.059081 1.171633 0.102037
v -0.044816 1.169509 0.102037
v -0.050216 1.169509 0.102037
v -0.046894 1.171633 0.102037
v -0.048139 1.171633 0.102037
v -0.033874 1.169509 0.102037
v -0.039273 1.169509 0.102037
v -0.035951 1.171633 0.102037
v -0.037196 1.171633 0.102037
v -0.022931 1.169509 0.102037
v -0.028331 1.169509 0.102037
v -0.025008 1.171633 0.102037
v -0.026254 1.171633 0.102037
v -0.011988 1.169509 0.102037
v -0.017388 1.169509 0.102037
v -0.014066 1.171633 0.102037
v -0.015311 1.171633 0.102037
v -0.001046 1.169509 0.102037
v -0.006445 1.169509 0.102037
v -0.003123 1.171633 0.102037
v -0.004368 1.171633 0.102037
v 0.009897 1.169509 0.102037
v 0.004497 1.169509 0.102037
v 0.007820 1.171633 0.102037
v 0.006574 1.171633 0.102037
v 0.020840 1.169509 0.102037
v 0.015440 1.169509 0.102037
v 0.018762 1.171633 0.102037
v 0.017517 1.171633 0.102037
v 0.031782 1.169509 0.102037
v 0.026383 1.169509 0.102037
v 0.029705 1.171633 0.102037
v 0.028460 1.171633 0.102037
v 0.042725 1.169509 0.102037
v 0.037325 1.169509 0.102037
v 0.040648 1.171633 0.102037
v 0.039402 1.171633 0.102037
v 0.053668 1.169509 0.102037
v 0.048268 1.169509 0.102037
v 0.051590 1.171633 0.102037
v 0.050345 1.171633 0.102037
v 0.064610 1.169509 0.102037
v 0.059211 1.169509 0.102037
v 0.062533 1.171633 0.102037
v 0.061288 1.171633 0.102037
v 0.075553 1.169509 0.102037
v 0.070153 1.169509 0.102037
v 0.073476 1.171633 0.102037
v 0.072230 1.171633 0.102037
v 0.086496 1.169509 0.102037
v 0.081096 1.169509 0.102037
v 0.084418 1.171633 0.102037
v 0.083173 1.171633 0.102037
v 0.097438 1.169509 0.102037
v 0.092038 1.169509 0.102037
v 0.095361 1.171633 0.102037
v 0.094116 1.171633 0.102037
v 0.108381 1.169509 0.102037
v 0.102981 1.169509 0.102037
v 0.106304 1.171633 0.102037
v 0.105058 1.171633 0.102037
v 0.119324 1.169509 0.102037
v 0.113924 1.169509 0.102037
v 0.117246 1.171633 0.102037
v 0.116001 1.171633 0.102037
v 0.130266 1.169509 0.102037
v 0.124866 1.169509 0.102037
v 0.128189 1.171633 0.102037
v 0.126944 1.171633 0.102037
v 0.141209 1.169509 0.102037
v 0.135809 1.169509 0.102037
v 0.139132 1.171633 0.102037
v 0.137886 1.171633 0.102037
v 0.152152 1.169509 0.102037
v 0.146752 1.169509 0.102037
v 0.150074 1.171633 0.102037
v 0.148829 1.171633 0.102037
v 0.163094 1.169509 0.102037
v 0.157694 1.169509 0.102037
v 0.161017 1.171633 0.102037
v 0.159772 1.171633 0.102037
v 0.174037 1.169509 0.102037
v 0.168637 1.169509 0.102037
v 0.171960 1.171633 0.102037
v 0.170714 1.171633 0.102037
v 0.184979 1.169509 0.102037
v 0.179580 1.169509 0.102037
v 0.182902 1.171633 0.102037
v 0.181657 1.171633 0.102037
v 0.195922 1.169509 0.102037
v 0.190522 1.169509 0.102037
v 0.193845 1.171633 0.102037
v 0.192600 1.171633 0.102037
v 0.206865 1.169509 0.102037
v 0.201465 1.169509 0.102037
v 0.204788 1.171633 0.102037
v 0.203542 1.171633 0.102037
v 0.217807 1.169509 0.102037
v 0.212408 1.169509 0.102037
v 0.215730 1.171633 0.102037
v 0.214485 1.171633 0.102037
v 0.228750 1.169509 0.102037
v 0.223350 1.169509 0.102037
v 0.226673 1.171633 0.102037
v 0.225428 1.171633 0.102037
v 0.239693 1.169509 0.102037
v 0.234293 1.169509 0.102037
v 0.237616 1.171633 0.102037
v 0.236370 1.171633 0.102037
v 0.250635 1.169509 0.102037
v 0.245236 1.169509 0.102037
v 0.248558 1.171633 0.102037
v 0.247313 1.171633 0.102037
v 0.261578 1.169509 0.102037
v 0.256178 1.169509 0.102037
v 0.259501 1.171633 0.102037
v 0.258255 1.171633 0.102037
v 0.272521 1.169509 0.102037
v 0.267121 1.169509 0.102037
v 0.270443 1.171633 0.102037
v 0.269198 1.171633 0.102037
v 0.283463 1.169509 0.102037
v 0.278064 1.169509 0.102037
v 0.281386 1.171633 0.102037
v 0.280141 1.171633 0.102037
v 0.294406 1.169509 0.102037
v 0.289006 1.169509 0.102037
v 0.292329 1.171633 0.102037
v 0.291083 1.171633 0.102037
v 0.305349 1.169509 0.102037
v 0.299949 1.169509 0.102037
v 0.303272 1.171633 0.102037
v 0.302026 1.171633 0.102037
v 0.316291 1.169509 0.102037
v 0.310891 1.169509 0.102037
v 0.314214 1.171633 0.102037
v 0.312969 1.171633 0.102037
v 0.327234 1.169509 0.102037
v 0.321834 1.169509 0.102037
v 0.325157 1.171633 0.102037
v 0.323911 1.171633 0.102037
v 0.338176 1.169509 0.102037
v 0.332777 1.169509 0.102037
v 0.336099 1.171633 0.102037
v 0.334854 1.171633 0.102037
v 0.349119 1.169509 0.102037
v 0.343719 1.169509 0.102037
v 0.347042 1.171633 0.102037
v 0.345797 1.171633 0.102037
v 0.360062 1.169509 0.102037
v 0.354662 1.169509 0.102037
v 0.357985 1.171633 0.102037
v 0.356739 1.171633 0.102037
v 0.371005 1.169509 0.102037
v 0.365605 1.169509 0.102037
v 0.368927 1.171633 0.102037
v 0.367682 1.171633 0.102037
v 0.381947 1.169509 0.102037
v 0.376547 1.169509 0.102037
v 0.379870 1.171633 0.102037
v 0.378625 1.171633 0.102037
v 0.392890 1.169509 0.102037
v 0.387490 1.169509 0.102037
v 0.390813 1.171633 0.102037
v 0.389567 1.171633 0.102037
v 0.403832 1.169509 0.102037
v 0.398433 1.169509 0.102037
v 0.401755 1.171633 0.102037
v 0.400510 1.171633 0.102037
v 0.414775 1.169509 0.102037
v 0.409375 1.169509 0.102037
v 0.412698 1.171633 0.102037
v 0.411453 1.171633 0.102037
v 0.425718 1.169509 0.102037
v 0.420318 1.169509 0.102037
v 0.423640 1.171633 0.102037
v 0.422395 1.171633 0.102037
v 0.436661 1.169509 0.102037
v 0.431261 1.169509 0.102037
v 0.434583 1.171633 0.102037
v 0.433338 1.171633 0.102037
v 0.447603 1.169509 0.102037
v 0.442203 1.169509 0.102037
v 0.445526 1.171633 0.102037
v 0.444281 1.171633 0.102037
v 0.458546 1.169509 0.102037
v 0.453146 1.169509 0.102037
v 0.456469 1.171633 0.102037
v 0.455223 1.171633 0.102037
v 0.469488 1.169509 0.102037
v 0.464089 1.169509 0.102037
v 0.467411 1.171633 0.102037
v 0.466166 1.171633 0.102037
v 0.480431 1.169509 0.102037
v 0.475031 1.169509 0.102037
v 0.478354 1.171633 0.102037
v 0.477108 1.171633 0.102037
v 0.491374 1.169509 0.102037
v 0.485974 1.169509 0.102037
v 0.489296 1.171633 0.102037
v 0.488051 1.171633 0.102037
v 0.502316 1.169509 0.102037
v 0.496917 1.169509 0.102037
v 0.500239 1.171633 0.102037
v 0.498994 1.171633 0.102037
v 0.513259 1.169509 0.102037
v 0.507859 1.169509 0.102037
v 0.511182 1.171633 0.102037
v 0.509936 1.171633 0.102037
v 0.524202 1.169509 0.102037
v 0.518802 1.169509 0.102037
v 0.522125 1.171633 0.102037
v 0.520879 1.171633 0.102037
v 0.535144 1.169509 0.102037
v 0.529745 1.169509 0.102037
v 0.533067 1.171633 0.102037
v 0.531822 1.171633 0.102037
v 0.546087 1.169509 0.102037
v 0.540687 1.169509 0.102037
v 0.544010 1.171633 0.102037
v 0.542764 1.171633 0.102037
v 0.557030 1.169509 0.102037
v 0.551630 1.169509 0.102037
v 0.554952 1.171633 0.102037
v 0.553707 1.171633 0.102037
v 0.567972 1.169509 0.102037
v 0.562572 1.169509 0.102037
v 0.565895 1.171633 0.102037
v 0.564650 1.171633 0.102037
v 0.578915 1.169509 0.102037
v 0.573515 1.169509 0.102037
v 0.576838 1.171633 0.102037
v 0.575592 1.171633 0.102037
v 0.589858 1.169509 0.102037
v 0.584458 1.169509 0.102037
v 0.587780 1.171633 0.102037
v 0.586535 1.171633 0.102037
v 0.600800 1.169509 0.102037
v 0.595401 1.169509 0.102037
v 0.598723 1.171633 0.102037
v 0.597478 1.171633 0.102037
v 0.611743 1.169509 0.102037
v 0.606343 1.169509 0.102037
v 0.609666 1.171633 0.102037
v 0.608420 1.171633 0.102037
v 0.622685 1.169509 0.102037
v 0.617286 1.169509 0.102037
v 0.620608 1.171633 0.102037
v 0.619363 1.171633 0.102037
v 0.633628 1.169509 0.102037
v 0.628228 1.169509 0.102037
v 0.631551 1.171633 0.102037
v 0.630306 1.171633 0.102037
v 0.644571 1.169509 0.102037
v 0.639171 1.169509 0.102037
v 0.642494 1.171633 0.102037
v 0.641248 1.171633 0.102037
v 0.655514 1.169509 0.102037
v 0.650114 1.169509 0.102037
v 0.653436 1.171633 0.102037
v 0.652191 1.171633 0.102037
v 0.445526 1.171633 0.093084
v 0.444280 1.171633 0.093084
v 0.478354 1.171633 0.093078
v 0.478891 1.171083 0.093077
v 0.447603 1.169509 0.093083
v 0.477108 1.171633 0.093078
v 0.469488 1.169509 0.093079
v 0.467411 1.171633 0.093080
v 0.464088 1.169509 0.093080
v 0.466166 1.171633 0.093080
v 0.436661 1.169509 0.093086
v 0.431261 1.169509 0.093087
v 0.442203 1.169509 0.093084
v 0.425718 1.169509 0.093088
v 0.455223 1.171633 0.093082
v 0.456469 1.171633 0.093082
v 0.475031 1.169509 0.093078
v 0.453146 1.169509 0.093082
v 0.458546 1.169509 0.093081
v 0.420312 1.169560 0.093089
v 0.433338 1.171633 0.093086
v 0.434583 1.171633 0.093086
v 0.423640 1.171633 0.093088
v 0.365605 1.169509 0.093099
v 0.367682 1.171633 0.093099
v 0.420453 1.169647 0.093089
v 0.422395 1.171633 0.093088
v 0.398433 1.169509 0.093093
v 0.400510 1.171633 0.093092
v 0.412698 1.171633 0.093090
v 0.414775 1.169509 0.093090
v 0.401755 1.171633 0.093092
v 0.368927 1.171633 0.093098
v 0.379870 1.171633 0.093096
v 0.378625 1.171633 0.093097
v 0.371005 1.169509 0.093098
v 0.376547 1.169509 0.093097
v 0.411453 1.171633 0.093090
v 0.409375 1.169509 0.093091
v 0.403832 1.169509 0.093092
v 0.390813 1.171633 0.093094
v 0.389567 1.171633 0.093094
v 0.381947 1.169509 0.093096
v 0.392890 1.169509 0.093094
v 0.387490 1.169509 0.093095
v 0.478883 1.171092 0.074475
v 0.445526 1.171633 0.074481
v 0.444281 1.171633 0.074481
v 0.478354 1.171633 0.074475
v 0.447603 1.169509 0.074481
v 0.477108 1.171633 0.074475
v 0.469488 1.169509 0.074476
v 0.467411 1.171633 0.074477
v 0.464089 1.169509 0.074477
v 0.466166 1.171633 0.074477
v 0.436661 1.169509 0.074483
v 0.431261 1.169509 0.074484
v 0.442203 1.169509 0.074482
v 0.425718 1.169509 0.074485
v 0.455223 1.171633 0.074479
v 0.456469 1.171633 0.074479
v 0.475031 1.169509 0.074475
v 0.453146 1.169509 0.074480
v 0.458546 1.169509 0.074478
v 0.420317 1.169515 0.074486
v 0.433338 1.171633 0.074483
v 0.434583 1.171633 0.074483
v 0.423640 1.171633 0.074485
v 0.365605 1.169509 0.074496
v 0.367682 1.171633 0.074496
v 0.422395 1.171633 0.074485
v 0.398433 1.169509 0.074490
v 0.400510 1.171633 0.074490
v 0.412698 1.171633 0.074487
v 0.414775 1.169509 0.074487
v 0.401755 1.171633 0.074489
v 0.368927 1.171633 0.074496
v 0.379870 1.171633 0.074493
v 0.378625 1.171633 0.074494
v 0.371005 1.169509 0.074495
v 0.376547 1.169509 0.074494
v 0.411453 1.171633 0.074487
v 0.409375 1.169509 0.074488
v 0.403832 1.169509 0.074489
v 0.390813 1.171633 0.074491
v 0.389567 1.171633 0.074492
v 0.381947 1.169509 0.074493
v 0.392890 1.169509 0.074491
v 0.387490 1.169509 0.074492
v 0.478881 1.171093 0.005788
v 0.478881 1.171093 -0.009599
v 0.445526 1.171633 -0.009593
v 0.444281 1.171633 -0.009593
v 0.478354 1.171633 -0.009599
v 0.447603 1.169509 -0.009593
v 0.477108 1.171633 -0.009599
v 0.469488 1.169509 -0.009597
v 0.467411 1.171633 -0.009597
v 0.464089 1.169509 -0.009596
v 0.466166 1.171633 -0.009597
v 0.436661 1.169509 -0.009591
v 0.431261 1.169509 -0.009590
v 0.442203 1.169509 -0.009592
v 0.425718 1.169509 -0.009589
v 0.455223 1.171633 -0.009595
v 0.456469 1.171633 -0.009595
v 0.475031 1.169509 -0.009598
v 0.453146 1.169509 -0.009594
v 0.458546 1.169509 -0.009595
v 0.420313 1.169553 -0.009588
v 0.445526 1.171633 0.005795
v 0.444281 1.171633 0.005795
v 0.478354 1.171633 0.005788
v 0.447603 1.169509 0.005794
v 0.477108 1.171633 0.005789
v 0.469488 1.169509 0.005790
v 0.467411 1.171633 0.005790
v 0.464089 1.169509 0.005791
v 0.466166 1.171633 0.005791
v 0.436661 1.169509 0.005796
v 0.431261 1.169509 0.005797
v 0.442203 1.169509 0.005795
v 0.425718 1.169509 0.005798
v 0.455223 1.171633 0.005793
v 0.456469 1.171633 0.005792
v 0.475031 1.169509 0.005789
v 0.453146 1.169509 0.005793
v 0.458546 1.169509 0.005792
v 0.420314 1.169545 0.005799
v 0.433338 1.171633 0.005797
v 0.434583 1.171633 0.005797
v 0.423640 1.171633 0.005799
v 0.365605 1.169509 0.005810
v 0.367682 1.171633 0.005809
v 0.422395 1.171633 0.005799
v 0.398433 1.169509 0.005804
v 0.400510 1.171633 0.005803
v 0.412698 1.171633 0.005801
v 0.414775 1.169509 0.005800
v 0.401755 1.171633 0.005803
v 0.368927 1.171633 0.005809
v 0.379870 1.171633 0.005807
v 0.378625 1.171633 0.005807
v 0.371005 1.169509 0.005809
v 0.376547 1.169509 0.005808
v 0.411453 1.171633 0.005801
v 0.409375 1.169509 0.005801
v 0.403832 1.169509 0.005803
v 0.390813 1.171633 0.005805
v 0.389567 1.171633 0.005805
v 0.381947 1.169509 0.005807
v 0.392890 1.169509 0.005805
v 0.387490 1.169509 0.005806
v 0.433338 1.171633 -0.009591
v 0.434583 1.171633 -0.009591
v 0.423640 1.171633 -0.009589
v 0.365605 1.169509 -0.009578
v 0.367682 1.171633 -0.009578
v 0.422395 1.171633 -0.009588
v 0.398433 1.169509 -0.009584
v 0.400510 1.171633 -0.009584
v 0.412698 1.171633 -0.009587
v 0.414775 1.169509 -0.009587
v 0.401755 1.171633 -0.009585
v 0.368927 1.171633 -0.009578
v 0.379870 1.171633 -0.009580
v 0.378625 1.171633 -0.009580
v 0.371005 1.169509 -0.009579
v 0.376547 1.169509 -0.009580
v 0.411453 1.171633 -0.009586
v 0.409375 1.169509 -0.009586
v 0.403832 1.169509 -0.009585
v 0.390813 1.171633 -0.009582
v 0.389567 1.171633 -0.009582
v 0.381947 1.169509 -0.009581
v 0.392890 1.169509 -0.009583
v 0.387490 1.169509 -0.009582
v -0.405924 1.169509 0.093246
v -0.367553 1.169509 0.093239
v -0.365476 1.171633 0.093238
v -0.375173 1.171633 0.093240
v -0.400381 1.169509 0.093245
v -0.373096 1.169509 0.093240
v -0.376418 1.171633 0.093240
v -0.386116 1.171633 0.093242
v -0.378496 1.169509 0.093241
v -0.384038 1.169509 0.093242
v -0.364230 1.171633 0.093238
v -0.353288 1.171633 0.093236
v -0.354533 1.171633 0.093236
v -0.362153 1.169509 0.093238
v -0.356610 1.169509 0.093237
v -0.394981 1.169509 0.093244
v -0.387361 1.171633 0.093243
v -0.389438 1.169509 0.093243
v -0.352603 1.170933 0.093236
v -0.352611 1.170941 0.074633
v -0.408001 1.171633 0.093247
v -0.398304 1.171633 0.093245
v -0.418944 1.171633 0.093249
v -0.420189 1.171633 0.093249
v -0.411324 1.169509 0.093247
v -0.409246 1.171633 0.093247
v -0.422266 1.169509 0.093249
v -0.416866 1.169509 0.093248
v -0.397058 1.171633 0.093244
v -0.429886 1.171633 0.093251
v -0.431132 1.171633 0.093251
v -0.453017 1.171633 0.093255
v -0.451772 1.171633 0.093255
v -0.433209 1.169509 0.093251
v -0.449694 1.169509 0.093255
v -0.442074 1.171633 0.093253
v -0.440829 1.171633 0.093253
v -0.427809 1.169509 0.093250
v -0.444152 1.169509 0.093253
v -0.438752 1.169509 0.093252
v -0.462714 1.171633 0.093257
v -0.460637 1.169509 0.093257
v -0.466037 1.169509 0.093258
v -0.463960 1.171633 0.093257
v -0.455094 1.169509 0.093256
v -0.405924 1.169509 0.074643
v -0.367553 1.169509 0.074636
v -0.365476 1.171633 0.074636
v -0.375173 1.171633 0.074637
v -0.400381 1.169509 0.074642
v -0.373096 1.169509 0.074637
v -0.376418 1.171633 0.074638
v -0.386116 1.171633 0.074640
v -0.378496 1.169509 0.074638
v -0.384038 1.169509 0.074639
v -0.364230 1.171633 0.074635
v -0.353288 1.171633 0.074633
v -0.354533 1.171633 0.074634
v -0.362153 1.169509 0.074635
v -0.356610 1.169509 0.074634
v -0.394981 1.169509 0.074641
v -0.387361 1.171633 0.074640
v -0.389438 1.169509 0.074640
v -0.408001 1.171633 0.074644
v -0.398304 1.171633 0.074642
v -0.418944 1.171633 0.074646
v -0.420189 1.171633 0.074646
v -0.411324 1.169509 0.074644
v -0.409246 1.171633 0.074644
v -0.422266 1.169509 0.074646
v -0.416866 1.169509 0.074645
v -0.397058 1.171633 0.074642
v -0.429886 1.171633 0.074648
v -0.431132 1.171633 0.074648
v -0.453017 1.171633 0.074652
v -0.451772 1.171633 0.074652
v -0.433209 1.169509 0.074649
v -0.449694 1.169509 0.074652
v -0.442074 1.171633 0.074650
v -0.440829 1.171633 0.074650
v -0.427809 1.169509 0.074647
v -0.444152 1.169509 0.074651
v -0.438752 1.169509 0.074650
v -0.462714 1.171633 0.074654
v -0.460637 1.169509 0.074654
v -0.466037 1.169509 0.074655
v -0.463960 1.171633 0.074654
v -0.455094 1.169509 0.074653
v -0.352613 1.170943 0.005947
v -0.352613 1.170943 -0.009441
v -0.408001 1.171633 0.005957
v -0.398304 1.171633 0.005955
v -0.418944 1.171633 0.005959
v -0.420189 1.171633 0.005959
v -0.411324 1.169509 0.005958
v -0.409246 1.171633 0.005957
v -0.422266 1.169509 0.005960
v -0.416866 1.169509 0.005959
v -0.397058 1.171633 0.005955
v -0.429886 1.171633 0.005961
v -0.431132 1.171633 0.005961
v -0.453017 1.171633 0.005966
v -0.451772 1.171633 0.005965
v -0.433209 1.169509 0.005962
v -0.449694 1.169509 0.005965
v -0.442074 1.171633 0.005964
v -0.440829 1.171633 0.005963
v -0.427809 1.169509 0.005961
v -0.444152 1.169509 0.005964
v -0.438752 1.169509 0.005963
v -0.462714 1.171633 0.005967
v -0.460637 1.169509 0.005967
v -0.466037 1.169509 0.005968
v -0.463960 1.171633 0.005968
v -0.455094 1.169509 0.005966
v -0.405924 1.169509 0.005957
v -0.367553 1.169509 0.005949
v -0.365476 1.171633 0.005949
v -0.375173 1.171633 0.005951
v -0.400381 1.169509 0.005956
v -0.373096 1.169509 0.005951
v -0.376418 1.171633 0.005951
v -0.386116 1.171633 0.005953
v -0.378496 1.169509 0.005952
v -0.384038 1.169509 0.005953
v -0.364230 1.171633 0.005949
v -0.353288 1.171633 0.005947
v -0.354533 1.171633 0.005947
v -0.362153 1.169509 0.005948
v -0.356610 1.169509 0.005947
v -0.394981 1.169509 0.005955
v -0.387361 1.171633 0.005953
v -0.389438 1.169509 0.005954
v -0.405924 1.169509 -0.009431
v -0.367553 1.169509 -0.009438
v -0.365476 1.171633 -0.009438
v -0.375173 1.171633 -0.009436
v -0.400381 1.169509 -0.009432
v -0.373096 1.169509 -0.009437
v -0.376418 1.171633 -0.009436
v -0.386116 1.171633 -0.009434
v -0.378496 1.169509 -0.009436
v -0.384038 1.169509 -0.009435
v -0.364230 1.171633 -0.009439
v -0.353288 1.171633 -0.009441
v -0.354533 1.171633 -0.009440
v -0.362153 1.169509 -0.009439
v -0.356610 1.169509 -0.009440
v -0.394981 1.169509 -0.009433
v -0.387361 1.171633 -0.009434
v -0.389438 1.169509 -0.009434
v -0.408001 1.171633 -0.009430
v -0.398304 1.171633 -0.009432
v -0.418944 1.171633 -0.009428
v -0.420189 1.171633 -0.009428
v -0.411324 1.169509 -0.009430
v -0.409246 1.171633 -0.009430
v -0.422266 1.169509 -0.009427
v -0.416866 1.169509 -0.009429
v -0.397058 1.171633 -0.009432
v -0.429886 1.171633 -0.009426
v -0.431132 1.171633 -0.009426
v -0.453017 1.171633 -0.009422
v -0.451772 1.171633 -0.009422
v -0.433209 1.169509 -0.009425
v -0.449694 1.169509 -0.009422
v -0.442074 1.171633 -0.009424
v -0.440829 1.171633 -0.009424
v -0.427809 1.169509 -0.009426
v -0.444152 1.169509 -0.009423
v -0.438752 1.169509 -0.009424
v -0.462714 1.171633 -0.009420
v -0.460637 1.169509 -0.009420
v -0.466037 1.169509 -0.009419
v -0.463960 1.171633 -0.009420
v -0.455094 1.169509 -0.009421
v 0.655514 1.169509 -0.023761
v 0.655142 1.169889 -0.023761
v 0.575592 1.171633 -0.023746
v 0.584458 1.169509 -0.023747
v 0.586535 1.171633 -0.023748
v 0.576838 1.171633 -0.023746
v 0.578735 1.169693 -0.023746
v 0.578924 1.169565 -0.023746
v 0.609666 1.171633 -0.023752
v 0.611743 1.169509 -0.023753
v 0.611563 1.169693 -0.023753
v 0.642494 1.171633 -0.023759
v 0.644571 1.169509 -0.023759
v 0.608420 1.171633 -0.023752
v 0.606343 1.169509 -0.023752
v 0.652191 1.171633 -0.023760
v 0.630306 1.171633 -0.023756
v 0.622685 1.169509 -0.023755
v 0.622506 1.169693 -0.023755
v 0.628228 1.169509 -0.023756
v 0.619363 1.171633 -0.023754
v 0.620608 1.171633 -0.023754
v 0.587780 1.171633 -0.023748
v 0.598723 1.171633 -0.023750
v 0.597478 1.171633 -0.023750
v 0.589858 1.169509 -0.023748
v 0.589678 1.169693 -0.023748
v 0.595401 1.169509 -0.023750
v 0.653436 1.171633 -0.023761
v 0.650114 1.169509 -0.023760
v 0.617286 1.169509 -0.023754
v 0.641248 1.171633 -0.023758
v 0.631551 1.171633 -0.023756
v 0.633449 1.169693 -0.023757
v 0.600800 1.169509 -0.023751
v 0.600621 1.169693 -0.023751
v 0.639171 1.169509 -0.023758
v 0.633628 1.169509 -0.023757
v 0.573515 1.169509 -0.023745
v 0.557030 1.169509 -0.023742
v 0.556850 1.169693 -0.023742
v 0.554952 1.171633 -0.023742
v 0.551630 1.169509 -0.023741
v 0.546087 1.169509 -0.023740
v 0.545907 1.169693 -0.023740
v 0.553707 1.171633 -0.023742
v 0.544010 1.171633 -0.023740
v 0.542764 1.171633 -0.023739
v 0.565895 1.171633 -0.023744
v 0.567793 1.169693 -0.023744
v 0.567972 1.169509 -0.023744
v 0.562572 1.169509 -0.023743
v 0.564650 1.171633 -0.023744
v 0.522125 1.171633 -0.023736
v 0.524022 1.169693 -0.023736
v 0.524202 1.169509 -0.023736
v 0.500239 1.171633 -0.023731
v 0.502137 1.169693 -0.023732
v 0.502316 1.169509 -0.023732
v 0.507859 1.169509 -0.023733
v 0.509936 1.171633 -0.023733
v 0.520879 1.171633 -0.023735
v 0.511182 1.171633 -0.023733
v 0.513079 1.169693 -0.023734
v 0.513259 1.169509 -0.023734
v 0.478882 1.171093 -0.023727
v 0.489296 1.171633 -0.023729
v 0.491194 1.169693 -0.023730
v 0.498994 1.171633 -0.023731
v 0.480431 1.169509 -0.023728
v 0.529745 1.169509 -0.023737
v 0.531822 1.171633 -0.023737
v 0.533067 1.171633 -0.023738
v 0.534965 1.169693 -0.023738
v 0.535144 1.169509 -0.023738
v 0.540687 1.169509 -0.023739
v 0.488051 1.171633 -0.023729
v 0.496917 1.169509 -0.023731
v 0.485974 1.169509 -0.023729
v 0.491374 1.169509 -0.023730
v 0.518802 1.169509 -0.023735
v 0.425718 1.169509 -0.023717
v 0.420316 1.169529 -0.023716
v 0.414775 1.169509 -0.023715
v 0.411453 1.171633 -0.023714
v 0.403832 1.169509 -0.023713
v 0.401755 1.171633 -0.023713
v 0.400510 1.171633 -0.023712
v 0.390813 1.171633 -0.023710
v 0.389567 1.171633 -0.023710
v 0.409375 1.169509 -0.023714
v 0.398433 1.169509 -0.023712
v 0.392890 1.169509 -0.023711
v 0.412698 1.171633 -0.023715
v 0.381947 1.169509 -0.023709
v 0.371005 1.169509 -0.023707
v 0.379870 1.171633 -0.023708
v 0.365605 1.169509 -0.023706
v 0.367682 1.171633 -0.023706
v 0.376547 1.169509 -0.023708
v 0.387490 1.169509 -0.023710
v 0.368927 1.171633 -0.023706
v 0.378625 1.171633 -0.023708
v 0.469488 1.169509 -0.023725
v 0.467411 1.171633 -0.023725
v 0.475031 1.169509 -0.023726
v 0.478354 1.171633 -0.023727
v 0.477108 1.171633 -0.023727
v 0.466166 1.171633 -0.023725
v 0.458546 1.169509 -0.023723
v 0.447603 1.169509 -0.023721
v 0.445526 1.171633 -0.023721
v 0.433338 1.171633 -0.023719
v 0.431261 1.169509 -0.023718
v 0.456469 1.171633 -0.023723
v 0.455223 1.171633 -0.023723
v 0.453146 1.169509 -0.023722
v 0.444281 1.171633 -0.023721
v 0.442203 1.169509 -0.023720
v 0.436661 1.169509 -0.023719
v 0.423640 1.171633 -0.023717
v 0.434583 1.171633 -0.023719
v 0.464089 1.169509 -0.023724
v 0.422395 1.171633 -0.023716
v 0.042544 1.169694 -0.023644
v 0.042725 1.169509 -0.023644
v 0.031601 1.169694 -0.023642
v 0.031782 1.169509 -0.023642
v 0.037325 1.169509 -0.023643
v 0.053669 1.169534 -0.023646
v 0.048268 1.169509 -0.023645
v -0.070024 1.171633 -0.023623
v -0.068779 1.171633 -0.023623
v -0.035951 1.171633 -0.023629
v -0.034055 1.169695 -0.023629
v -0.033874 1.169509 -0.023630
v -0.066702 1.169509 -0.023623
v -0.066883 1.169695 -0.023623
v -0.037196 1.171633 -0.023629
v 0.020658 1.169694 -0.023640
v 0.020840 1.169509 -0.023640
v -0.003123 1.171633 -0.023635
v -0.001227 1.169694 -0.023636
v -0.001046 1.169509 -0.023636
v 0.004497 1.169509 -0.023637
v -0.044816 1.169509 -0.023627
v -0.044998 1.169695 -0.023627
v -0.046894 1.171633 -0.023627
v -0.079721 1.171633 -0.023621
v -0.083044 1.169509 -0.023620
v -0.050216 1.169509 -0.023626
v -0.048139 1.171633 -0.023627
v -0.028331 1.169509 -0.023631
v -0.026254 1.171633 -0.023631
v -0.017388 1.169509 -0.023633
v -0.015311 1.171633 -0.023633
v -0.025008 1.171633 -0.023631
v -0.023112 1.169694 -0.023632
v -0.022931 1.169509 -0.023632
v -0.077826 1.169695 -0.023621
v -0.077644 1.169509 -0.023621
v -0.080967 1.171633 -0.023621
v -0.088587 1.169509 -0.023619
v -0.088768 1.169695 -0.023619
v -0.090664 1.171633 -0.023619
v -0.072101 1.169509 -0.023622
v 0.009897 1.169509 -0.023638
v 0.009716 1.169694 -0.023638
v 0.026383 1.169509 -0.023641
v 0.015440 1.169509 -0.023639
v -0.059081 1.171633 -0.023625
v -0.057836 1.171633 -0.023625
v -0.039273 1.169509 -0.023628
v -0.061159 1.169509 -0.023624
v -0.055940 1.169695 -0.023625
v -0.055759 1.169509 -0.023625
v -0.006445 1.169509 -0.023635
v -0.004368 1.171633 -0.023635
v -0.014066 1.171633 -0.023633
v -0.011988 1.169509 -0.023634
v -0.012170 1.169694 -0.023634
v -0.189148 1.171633 -0.023600
v -0.187252 1.169695 -0.023600
v -0.187071 1.169509 -0.023600
v -0.146623 1.171633 -0.023608
v -0.148700 1.169509 -0.023608
v -0.179451 1.171633 -0.023602
v -0.156320 1.171633 -0.023606
v -0.154424 1.169695 -0.023607
v -0.181528 1.169509 -0.023601
v -0.154243 1.169509 -0.023607
v -0.093987 1.169509 -0.023618
v -0.091909 1.171633 -0.023618
v -0.113795 1.171633 -0.023614
v -0.115872 1.169509 -0.023614
v -0.101607 1.171633 -0.023617
v -0.099711 1.169695 -0.023617
v -0.099530 1.169509 -0.023617
v -0.112549 1.171633 -0.023615
v -0.157565 1.171633 -0.023606
v -0.167263 1.171633 -0.023604
v -0.165367 1.169695 -0.023604
v -0.198013 1.169509 -0.023598
v -0.198195 1.169695 -0.023598
v -0.200091 1.171633 -0.023598
v -0.159643 1.169509 -0.023606
v -0.165185 1.169509 -0.023604
v -0.145377 1.171633 -0.023608
v -0.134435 1.171633 -0.023610
v -0.135680 1.171633 -0.023610
v -0.143300 1.169509 -0.023609
v -0.143482 1.169695 -0.023609
v -0.137757 1.169509 -0.023610
v -0.192470 1.169509 -0.023599
v -0.190393 1.171633 -0.023600
v -0.201336 1.171633 -0.023598
v -0.203413 1.169509 -0.023597
v -0.102852 1.171633 -0.023616
v -0.104929 1.169509 -0.023616
v -0.110654 1.169695 -0.023615
v -0.110472 1.169509 -0.023615
v -0.176128 1.169509 -0.023602
v -0.176310 1.169695 -0.023602
v -0.178205 1.171633 -0.023602
v -0.168508 1.171633 -0.023604
v -0.170585 1.169509 -0.023603
v -0.123492 1.171633 -0.023612
v -0.124737 1.171633 -0.023612
v -0.132358 1.169509 -0.023611
v -0.132539 1.169695 -0.023611
v -0.121415 1.169509 -0.023613
v -0.121596 1.169695 -0.023613
v -0.126815 1.169509 -0.023612
v -0.301897 1.169509 -0.023578
v -0.299820 1.171633 -0.023579
v -0.265747 1.171633 -0.023585
v -0.266992 1.171633 -0.023585
v -0.298575 1.171633 -0.023579
v -0.296679 1.169695 -0.023579
v -0.269069 1.169509 -0.023585
v -0.296497 1.169509 -0.023579
v -0.211033 1.171633 -0.023596
v -0.212279 1.171633 -0.023596
v -0.232919 1.171633 -0.023592
v -0.234164 1.171633 -0.023591
v -0.214356 1.169509 -0.023595
v -0.230841 1.169509 -0.023592
v -0.231023 1.169695 -0.023592
v -0.277934 1.171633 -0.023583
v -0.280012 1.169509 -0.023583
v -0.310762 1.171633 -0.023577
v -0.318383 1.169509 -0.023575
v -0.318565 1.169695 -0.023575
v -0.276689 1.171633 -0.023583
v -0.287632 1.171633 -0.023581
v -0.285737 1.169695 -0.023582
v -0.274612 1.169509 -0.023584
v -0.274794 1.169695 -0.023584
v -0.263851 1.169695 -0.023586
v -0.263669 1.169509 -0.023586
v -0.254804 1.171633 -0.023587
v -0.252909 1.169695 -0.023588
v -0.252727 1.169509 -0.023588
v -0.256049 1.171633 -0.023587
v -0.258126 1.169509 -0.023587
v -0.309517 1.171633 -0.023577
v -0.320460 1.171633 -0.023575
v -0.307440 1.169509 -0.023577
v -0.307622 1.169695 -0.023577
v -0.321705 1.171633 -0.023575
v -0.312840 1.169509 -0.023576
v -0.223221 1.171633 -0.023593
v -0.221976 1.171633 -0.023594
v -0.209138 1.169695 -0.023596
v -0.208956 1.169509 -0.023596
v -0.225298 1.169509 -0.023593
v -0.219899 1.169509 -0.023594
v -0.220080 1.169695 -0.023594
v -0.288877 1.171633 -0.023581
v -0.290954 1.169509 -0.023581
v -0.285555 1.169509 -0.023582
v -0.243861 1.171633 -0.023589
v -0.241966 1.169695 -0.023590
v -0.241784 1.169509 -0.023590
v -0.245107 1.171633 -0.023589
v -0.247184 1.169509 -0.023589
v -0.236241 1.169509 -0.023591
v -0.331402 1.171633 -0.023573
v -0.334725 1.169509 -0.023572
v -0.351211 1.169509 -0.023569
v -0.329507 1.169695 -0.023573
v -0.342345 1.171633 -0.023571
v -0.340450 1.169695 -0.023571
v -0.340268 1.169509 -0.023571
v -0.352613 1.170943 -0.023569
v -0.343590 1.171633 -0.023570
v -0.332648 1.171633 -0.023573
v -0.329325 1.169509 -0.023573
v -0.345668 1.169509 -0.023570
v -0.323782 1.169509 -0.023574
v 0.347042 1.171633 -0.023702
v 0.348939 1.169693 -0.023702
v 0.349119 1.169509 -0.023702
v 0.325157 1.171633 -0.023698
v 0.354662 1.169509 -0.023704
v 0.356739 1.171633 -0.023704
v 0.357985 1.171633 -0.023704
v 0.343719 1.169509 -0.023701
v 0.345797 1.171633 -0.023702
v 0.360062 1.169509 -0.023705
v 0.338176 1.169509 -0.023700
v 0.337996 1.169693 -0.023700
v 0.334854 1.171633 -0.023700
v 0.336099 1.171633 -0.023700
v 0.327054 1.169693 -0.023698
v 0.332777 1.169509 -0.023699
v 0.327234 1.169509 -0.023698
v 0.228750 1.169509 -0.023680
v 0.228570 1.169694 -0.023680
v 0.226673 1.171633 -0.023679
v 0.269198 1.171633 -0.023687
v 0.259501 1.171633 -0.023685
v 0.261398 1.169694 -0.023686
v 0.261578 1.169509 -0.023686
v 0.236370 1.171633 -0.023681
v 0.323911 1.171633 -0.023698
v 0.316291 1.169509 -0.023696
v 0.316111 1.169693 -0.023696
v 0.291083 1.171633 -0.023691
v 0.281386 1.171633 -0.023690
v 0.283283 1.169694 -0.023690
v 0.321834 1.169509 -0.023697
v 0.283463 1.169509 -0.023690
v 0.312969 1.171633 -0.023696
v 0.250635 1.169509 -0.023684
v 0.250455 1.169694 -0.023684
v 0.248558 1.171633 -0.023683
v 0.214485 1.171633 -0.023677
v 0.215730 1.171633 -0.023677
v 0.256178 1.169509 -0.023685
v 0.258255 1.171633 -0.023685
v 0.247313 1.171633 -0.023683
v 0.303272 1.171633 -0.023694
v 0.305168 1.169693 -0.023694
v 0.267121 1.169509 -0.023687
v 0.292329 1.171633 -0.023692
v 0.294226 1.169694 -0.023692
v 0.302026 1.171633 -0.023694
v 0.305349 1.169509 -0.023694
v 0.299949 1.169509 -0.023693
v 0.225428 1.171633 -0.023679
v 0.217627 1.169694 -0.023677
v 0.212408 1.169509 -0.023676
v 0.223350 1.169509 -0.023679
v 0.206865 1.169509 -0.023675
v 0.206684 1.169694 -0.023675
v 0.217807 1.169509 -0.023677
v 0.280141 1.171633 -0.023689
v 0.314214 1.171633 -0.023696
v 0.278064 1.169509 -0.023689
v 0.310891 1.169509 -0.023695
v 0.237616 1.171633 -0.023681
v 0.239693 1.169509 -0.023682
v 0.239512 1.169694 -0.023682
v 0.245236 1.169509 -0.023683
v 0.234293 1.169509 -0.023681
v 0.270443 1.171633 -0.023688
v 0.294406 1.169509 -0.023692
v 0.272521 1.169509 -0.023688
v 0.272340 1.169694 -0.023688
v 0.289006 1.169509 -0.023691
v 0.195922 1.169509 -0.023673
v 0.195741 1.169694 -0.023673
v 0.201465 1.169509 -0.023674
v 0.204788 1.171633 -0.023675
v 0.193845 1.171633 -0.023673
v 0.203542 1.171633 -0.023675
v 0.192600 1.171633 -0.023673
v 0.181657 1.171633 -0.023671
v 0.184979 1.169509 -0.023671
v 0.184799 1.169694 -0.023671
v 0.190522 1.169509 -0.023672
v 0.182902 1.171633 -0.023671
v 0.170714 1.171633 -0.023668
v 0.179580 1.169509 -0.023670
v 0.174037 1.169509 -0.023669
v 0.173856 1.169694 -0.023669
v 0.168637 1.169509 -0.023668
v 0.171960 1.171633 -0.023669
v 0.163094 1.169509 -0.023667
v 0.162913 1.169694 -0.023667
v 0.152152 1.169509 -0.023665
v 0.151971 1.169694 -0.023665
v 0.159772 1.171633 -0.023666
v 0.161017 1.171633 -0.023667
v 0.150074 1.171633 -0.023665
v 0.148829 1.171633 -0.023664
v 0.157694 1.169509 -0.023666
v 0.137886 1.171633 -0.023662
v 0.141209 1.169509 -0.023663
v 0.141028 1.169694 -0.023663
v 0.139132 1.171633 -0.023662
v 0.146752 1.169509 -0.023664
v 0.126944 1.171633 -0.023660
v 0.135809 1.169509 -0.023662
v 0.128189 1.171633 -0.023660
v 0.130085 1.169694 -0.023661
v 0.124866 1.169509 -0.023660
v 0.130266 1.169509 -0.023661
v 0.119324 1.169509 -0.023659
v 0.119143 1.169694 -0.023659
v 0.083173 1.171633 -0.023652
v 0.081096 1.169509 -0.023651
v 0.040648 1.171633 -0.023644
v 0.073476 1.171633 -0.023650
v 0.075372 1.169694 -0.023650
v 0.075553 1.169509 -0.023650
v 0.097438 1.169509 -0.023655
v 0.097257 1.169694 -0.023654
v 0.050345 1.171633 -0.023646
v 0.039402 1.171633 -0.023643
v 0.105058 1.171633 -0.023656
v 0.095361 1.171633 -0.023654
v 0.070153 1.169509 -0.023649
v 0.072230 1.171633 -0.023650
v 0.102981 1.169509 -0.023656
v 0.062533 1.171633 -0.023648
v 0.064610 1.169509 -0.023648
v 0.029705 1.171633 -0.023642
v 0.061288 1.171633 -0.023648
v 0.059211 1.169509 -0.023647
v 0.028460 1.171633 -0.023641
v 0.117246 1.171633 -0.023658
v 0.113924 1.169509 -0.023658
v 0.106304 1.171633 -0.023656
v 0.108381 1.169509 -0.023657
v 0.108200 1.169694 -0.023657
v 0.116001 1.171633 -0.023658
v 0.051590 1.171633 -0.023646
v 0.084418 1.171633 -0.023652
v 0.086315 1.169694 -0.023652
v 0.086496 1.169509 -0.023652
v 0.092038 1.169509 -0.023653
v 0.094116 1.171633 -0.023654
v 0.018762 1.171633 -0.023640
v 0.006574 1.171633 -0.023637
v 0.017517 1.171633 -0.023639
v 0.007820 1.171633 -0.023637
v -0.405924 1.169509 -0.023559
v -0.411324 1.169509 -0.023558
v -0.418944 1.171633 -0.023556
v -0.416866 1.169509 -0.023557
v -0.431132 1.171633 -0.023554
v -0.433209 1.169509 -0.023553
v -0.449694 1.169509 -0.023550
v -0.451772 1.171633 -0.023550
v -0.453017 1.171633 -0.023550
v -0.440829 1.171633 -0.023552
v -0.438752 1.169509 -0.023552
v -0.429886 1.171633 -0.023554
v -0.427809 1.169509 -0.023554
v -0.442074 1.171633 -0.023552
v -0.444152 1.169509 -0.023551
v -0.420189 1.171633 -0.023556
v -0.422266 1.169509 -0.023556
v -0.466037 1.169509 -0.023547
v -0.463960 1.171633 -0.023548
v -0.462714 1.171633 -0.023548
v -0.455094 1.169509 -0.023549
v -0.460637 1.169509 -0.023548
v -0.353288 1.171633 -0.023569
v -0.354533 1.171633 -0.023568
v -0.356610 1.169509 -0.023568
v -0.364230 1.171633 -0.023567
v -0.365476 1.171633 -0.023566
v -0.375173 1.171633 -0.023564
v -0.373096 1.169509 -0.023565
v -0.362153 1.169509 -0.023567
v -0.376418 1.171633 -0.023564
v -0.367553 1.169509 -0.023566
v -0.397058 1.171633 -0.023560
v -0.386116 1.171633 -0.023562
v -0.387361 1.171633 -0.023562
v -0.408001 1.171633 -0.023558
v -0.389438 1.169509 -0.023562
v -0.398304 1.171633 -0.023560
v -0.400381 1.169509 -0.023560
v -0.378496 1.169509 -0.023564
v -0.384038 1.169509 -0.023563
v -0.409246 1.171633 -0.023558
v -0.394981 1.169509 -0.023561
v -0.604969 1.171633 -0.023523
v -0.603074 1.169696 -0.023524
v -0.602892 1.169509 -0.023524
v -0.606214 1.171633 -0.023523
v -0.550263 1.171672 -0.023533
v -0.570064 1.169509 -0.023529
v -0.570246 1.169696 -0.023529
v -0.572141 1.171633 -0.023529
v -0.562443 1.171633 -0.023531
v -0.551501 1.171633 -0.023533
v -0.564521 1.169509 -0.023530
v -0.613834 1.169509 -0.023522
v -0.614017 1.169696 -0.023522
v -0.615911 1.171633 -0.023522
v -0.619234 1.169509 -0.023521
v -0.608291 1.169509 -0.023523
v -0.617157 1.171633 -0.023521
v -0.597349 1.169509 -0.023525
v -0.595271 1.171633 -0.023525
v -0.586406 1.169509 -0.023527
v -0.584329 1.171633 -0.023527
v -0.594026 1.171633 -0.023525
v -0.592132 1.169696 -0.023526
v -0.591949 1.169509 -0.023526
v -0.559607 1.170006 -0.023531
v -0.561198 1.171633 -0.023531
v -0.628099 1.171633 -0.023520
v -0.626854 1.171633 -0.023520
v -0.630177 1.169509 -0.023519
v -0.624960 1.169696 -0.023520
v -0.624777 1.169509 -0.023520
v -0.575463 1.169509 -0.023529
v -0.573386 1.171633 -0.023529
v -0.583083 1.171633 -0.023527
v -0.581006 1.169509 -0.023528
v -0.581189 1.169696 -0.023528
v -0.504408 1.169509 -0.023541
v -0.504590 1.169696 -0.023541
v -0.506485 1.171633 -0.023540
v -0.539313 1.171633 -0.023535
v -0.540558 1.171633 -0.023534
v -0.537236 1.169509 -0.023535
v -0.537418 1.169696 -0.023535
v -0.507730 1.171633 -0.023540
v -0.493465 1.169509 -0.023542
v -0.493648 1.169696 -0.023542
v -0.495542 1.171633 -0.023542
v -0.485845 1.171633 -0.023544
v -0.487922 1.169509 -0.023543
v -0.509807 1.169509 -0.023540
v -0.515350 1.169509 -0.023539
v -0.515533 1.169696 -0.023539
v -0.526293 1.169509 -0.023537
v -0.526476 1.169696 -0.023537
v -0.528370 1.171633 -0.023537
v -0.517428 1.171633 -0.023538
v -0.518673 1.171633 -0.023538
v -0.474902 1.171633 -0.023546
v -0.473657 1.171633 -0.023546
v -0.482522 1.169509 -0.023544
v -0.482705 1.169696 -0.023544
v -0.484600 1.171633 -0.023544
v -0.471580 1.169509 -0.023546
v -0.476979 1.169509 -0.023545
v -0.520750 1.169509 -0.023538
v -0.529616 1.171633 -0.023536
v -0.498865 1.169509 -0.023542
v -0.531693 1.169509 -0.023536
v -0.496788 1.171633 -0.023542
v -0.548361 1.169696 -0.023533
v -0.548178 1.169509 -0.023533
v -0.559121 1.169509 -0.023531
v -0.542635 1.169509 -0.023534
v -0.553578 1.169509 -0.023532
v -0.648739 1.171633 -0.023516
v -0.649985 1.171633 -0.023515
v -0.646662 1.169509 -0.023516
v -0.652062 1.169509 -0.023515
v -0.637797 1.171633 -0.023518
v -0.639042 1.171633 -0.023518
v -0.635719 1.169509 -0.023518
v -0.641119 1.169509 -0.023517
v -0.657605 1.169509 -0.023514
v -0.659682 1.171633 -0.023514
v -0.660927 1.171633 -0.023513
v -0.663005 1.169509 -0.023513
v -0.670625 1.171633 -0.023512
v -0.668730 1.169696 -0.023512
v -0.668547 1.169509 -0.023512
v -0.671870 1.171633 -0.023511
v -0.673947 1.169509 -0.023511
v -0.682813 1.171633 -0.023510
v -0.684890 1.169509 -0.023509
v -0.681567 1.171633 -0.023510
v -0.679673 1.169696 -0.023510
v -0.679490 1.169509 -0.023510
v -0.693755 1.171633 -0.023508
v -0.692510 1.171633 -0.023508
v -0.690433 1.169509 -0.023508
v -0.695836 1.169509 -0.023507
v -0.717718 1.169509 -0.034765
v -0.715641 1.171633 -0.033696
v -0.714395 1.171633 -0.033056
v -0.712318 1.169509 -0.031987
v -0.703453 1.171633 -0.027426
v -0.704698 1.171633 -0.028067
v -0.706775 1.169509 -0.029135
v -0.701375 1.169509 -0.026357
v -0.767031 -0.874789 0.102037
v -0.767031 -0.874789 -0.035646
v -0.772431 -0.874789 0.102037
v -0.772431 -0.874789 -0.035646
v -0.769109 -0.876913 0.102037
v -0.770354 -0.876913 0.102037
v -0.770354 -0.876913 -0.035646
v -0.769109 -0.876913 -0.035646
v -0.756089 -0.874789 0.102037
v -0.756089 -0.874789 -0.035646
v -0.761488 -0.874789 0.102037
v -0.761488 -0.874789 -0.035646
v -0.758166 -0.876913 0.102037
v -0.759411 -0.876913 0.102037
v -0.759411 -0.876913 -0.035646
v -0.758166 -0.876913 -0.035646
v -0.745146 -0.874789 0.102037
v -0.745146 -0.874789 -0.035646
v -0.750546 -0.874789 0.102037
v -0.750546 -0.874789 -0.035646
v -0.747223 -0.876913 0.102037
v -0.748469 -0.876913 0.102037
v -0.748469 -0.876913 -0.035646
v -0.747223 -0.876913 -0.035646
v -0.734203 -0.874789 0.102037
v -0.734203 -0.874789 -0.035646
v -0.739603 -0.874789 0.102037
v -0.739603 -0.874789 -0.035646
v -0.736281 -0.876913 0.102037
v -0.737526 -0.876913 0.102037
v -0.737526 -0.876913 -0.035646
v -0.736281 -0.876913 -0.035646
v -0.723261 -0.874789 0.102037
v -0.723261 -0.874789 -0.035646
v -0.728660 -0.874789 0.102037
v -0.728660 -0.874789 -0.035646
v -0.725338 -0.876913 0.102037
v -0.726583 -0.876913 0.102037
v -0.726583 -0.876913 -0.035646
v -0.725338 -0.876913 -0.035646
v -0.712318 -0.874789 0.102037
v -0.717718 -0.874789 0.102037
v -0.714395 -0.876913 0.102037
v -0.715641 -0.876913 0.102037
v -0.701375 -0.874789 0.102037
v -0.706775 -0.874789 0.102037
v -0.703453 -0.876913 0.102037
v -0.704698 -0.876913 0.102037
v -0.690433 -0.874789 0.102037
v -0.695832 -0.874789 0.102037
v -0.692510 -0.876913 0.102037
v -0.693755 -0.876913 0.102037
v -0.679490 -0.874789 0.102037
v -0.684890 -0.874789 0.102037
v -0.681567 -0.876913 0.102037
v -0.682813 -0.876913 0.102037
v -0.668547 -0.874789 0.102037
v -0.673947 -0.874789 0.102037
v -0.670625 -0.876913 0.102037
v -0.671870 -0.876913 0.102037
v -0.657605 -0.874789 0.102037
v -0.663005 -0.874789 0.102037
v -0.659682 -0.876913 0.102037
v -0.660927 -0.876913 0.102037
v -0.646662 -0.874789 0.102037
v -0.652062 -0.874789 0.102037
v -0.648739 -0.876913 0.102037
v -0.649985 -0.876913 0.102037
v -0.635719 -0.874789 0.102037
v -0.641119 -0.874789 0.102037
v -0.637797 -0.876913 0.102037
v -0.639042 -0.876913 0.102037
v -0.624777 -0.874789 0.102037
v -0.630177 -0.874789 0.102037
v -0.626854 -0.876913 0.102037
v -0.628099 -0.876913 0.102037
v -0.613834 -0.874789 0.102037
v -0.619234 -0.874789 0.102037
v -0.615911 -0.876913 0.102037
v -0.617157 -0.876913 0.102037
v -0.602892 -0.874789 0.102037
v -0.608291 -0.874789 0.102037
v -0.604969 -0.876913 0.102037
v -0.606214 -0.876913 0.102037
v -0.591949 -0.874789 0.102037
v -0.597349 -0.874789 0.102037
v -0.594026 -0.876913 0.102037
v -0.595271 -0.876913 0.102037
v -0.581006 -0.874789 0.102037
v -0.586406 -0.874789 0.102037
v -0.583083 -0.876913 0.102037
v -0.584329 -0.876913 0.102037
v -0.570064 -0.874789 0.102037
v -0.575463 -0.874789 0.102037
v -0.572141 -0.876913 0.102037
v -0.573386 -0.876913 0.102037
v -0.559121 -0.874789 0.102037
v -0.564521 -0.874789 0.102037
v -0.561198 -0.876913 0.102037
v -0.562443 -0.876913 0.102037
v -0.548178 -0.874789 0.102037
v -0.553578 -0.874789 0.102037
v -0.550255 -0.876913 0.102037
v -0.551501 -0.876913 0.102037
v -0.537236 -0.874789 0.102037
v -0.542635 -0.874789 0.102037
v -0.539313 -0.876913 0.102037
v -0.540558 -0.876913 0.102037
v -0.526293 -0.874789 0.102037
v -0.531693 -0.874789 0.102037
v -0.528370 -0.876913 0.102037
v -0.529616 -0.876913 0.102037
v -0.515350 -0.874789 0.102037
v -0.520750 -0.874789 0.102037
v -0.517428 -0.876913 0.102037
v -0.518673 -0.876913 0.102037
v -0.504408 -0.874789 0.102037
v -0.509807 -0.874789 0.102037
v -0.506485 -0.876913 0.102037
v -0.507730 -0.876913 0.102037
v -0.493465 -0.874789 0.102037
v -0.498865 -0.874789 0.102037
v -0.495542 -0.876913 0.102037
v -0.496788 -0.876913 0.102037
v -0.482522 -0.874789 0.102037
v -0.487922 -0.874789 0.102037
v -0.484600 -0.876913 0.102037
v -0.485845 -0.876913 0.102037
v -0.471580 -0.874789 0.102037
v -0.476979 -0.874789 0.102037
v -0.473657 -0.876913 0.102037
v -0.474902 -0.876913 0.102037
v -0.460637 -0.874789 0.102037
v -0.466037 -0.874789 0.102037
v -0.462714 -0.876913 0.102037
v -0.463960 -0.876913 0.102037
v -0.449694 -0.874789 0.102037
v -0.455094 -0.874789 0.102037
v -0.451772 -0.876913 0.102037
v -0.453017 -0.876913 0.102037
v -0.438752 -0.874789 0.102037
v -0.444152 -0.874789 0.102037
v -0.440829 -0.876913 0.102037
v -0.442074 -0.876913 0.102037
v -0.427809 -0.874789 0.102037
v -0.433209 -0.874789 0.102037
v -0.429886 -0.876913 0.102037
v -0.431132 -0.876913 0.102037
v -0.416866 -0.874789 0.102037
v -0.422266 -0.874789 0.102037
v -0.418944 -0.876913 0.102037
v -0.420189 -0.876913 0.102037
v -0.405924 -0.874789 0.102037
v -0.411324 -0.874789 0.102037
v -0.408001 -0.876913 0.102037
v -0.409246 -0.876913 0.102037
v -0.394981 -0.874789 0.102037
v -0.400381 -0.874789 0.102037
v -0.397058 -0.876913 0.102037
v -0.398304 -0.876913 0.102037
v -0.384038 -0.874789 0.102037
v -0.389438 -0.874789 0.102037
v -0.386116 -0.876913 0.102037
v -0.387361 -0.876913 0.102037
v -0.373096 -0.874789 0.102037
v -0.378496 -0.874789 0.102037
v -0.375173 -0.876913 0.102037
v -0.376418 -0.876913 0.102037
v -0.362153 -0.874789 0.102037
v -0.367553 -0.874789 0.102037
v -0.364230 -0.876913 0.102037
v -0.365476 -0.876913 0.102037
v -0.351211 -0.874789 0.102037
v -0.356610 -0.874789 0.102037
v -0.353288 -0.876913 0.102037
v -0.354533 -0.876913 0.102037
v -0.340268 -0.874789 0.102037
v -0.345668 -0.874789 0.102037
v -0.342345 -0.876913 0.102037
v -0.343590 -0.876913 0.102037
v -0.329325 -0.874789 0.102037
v -0.334725 -0.874789 0.102037
v -0.331402 -0.876913 0.102037
v -0.332648 -0.876913 0.102037
v -0.318383 -0.874789 0.102037
v -0.323782 -0.874789 0.102037
v -0.320460 -0.876913 0.102037
v -0.321705 -0.876913 0.102037
v -0.307440 -0.874789 0.102037
v -0.312840 -0.874789 0.102037
v -0.309517 -0.876913 0.102037
v -0.310762 -0.876913 0.102037
v -0.296497 -0.874789 0.102037
v -0.301897 -0.874789 0.102037
v -0.298575 -0.876913 0.102037
v -0.299820 -0.876913 0.102037
v -0.285555 -0.874789 0.102037
v -0.290954 -0.874789 0.102037
v -0.287632 -0.876913 0.102037
v -0.288877 -0.876913 0.102037
v -0.274612 -0.874789 0.102037
v -0.280012 -0.874789 0.102037
v -0.276689 -0.876913 0.102037
v -0.277934 -0.876913 0.102037
v -0.263669 -0.874789 0.102037
v -0.269069 -0.874789 0.102037
v -0.265747 -0.876913 0.102037
v -0.266992 -0.876913 0.102037
v -0.252727 -0.874789 0.102037
v -0.258126 -0.874789 0.102037
v -0.254804 -0.876913 0.102037
v -0.256049 -0.876913 0.102037
v -0.241784 -0.874789 0.102037
v -0.247184 -0.874789 0.102037
v -0.243861 -0.876913 0.102037
v -0.245107 -0.876913 0.102037
v -0.230841 -0.874789 0.102037
v -0.236241 -0.874789 0.102037
v -0.232919 -0.876913 0.102037
v -0.234164 -0.876913 0.102037
v -0.219899 -0.874789 0.102037
v -0.225298 -0.874789 0.102037
v -0.221976 -0.876913 0.102037
v -0.223221 -0.876913 0.102037
v -0.208956 -0.874789 0.102037
v -0.214356 -0.874789 0.102037
v -0.211033 -0.876913 0.102037
v -0.212279 -0.876913 0.102037
v -0.198013 -0.874789 0.102037
v -0.203413 -0.874789 0.102037
v -0.200091 -0.876913 0.102037
v -0.201336 -0.876913 0.102037
v -0.187071 -0.874789 0.102037
v -0.192471 -0.874789 0.102037
v -0.189148 -0.876913 0.102037
v -0.190393 -0.876913 0.102037
v -0.176128 -0.874789 0.102037
v -0.181528 -0.874789 0.102037
v -0.178205 -0.876913 0.102037
v -0.179451 -0.876913 0.102037
v -0.165185 -0.874789 0.102037
v -0.170585 -0.874789 0.102037
v -0.167263 -0.876913 0.102037
v -0.168508 -0.876913 0.102037
v -0.154243 -0.874789 0.102037
v -0.159643 -0.874789 0.102037
v -0.156320 -0.876913 0.102037
v -0.157565 -0.876913 0.102037
v -0.143300 -0.874789 0.102037
v -0.148700 -0.874789 0.102037
v -0.145377 -0.876913 0.102037
v -0.146623 -0.876913 0.102037
v -0.132357 -0.874789 0.102037
v -0.137757 -0.874789 0.102037
v -0.134435 -0.876913 0.102037
v -0.135680 -0.876913 0.102037
v -0.121415 -0.874789 0.102037
v -0.126815 -0.874789 0.102037
v -0.123492 -0.876913 0.102037
v -0.124737 -0.876913 0.102037
v -0.110472 -0.874789 0.102037
v -0.115872 -0.874789 0.102037
v -0.112549 -0.876913 0.102037
v -0.113795 -0.876913 0.102037
v -0.099530 -0.874789 0.102037
v -0.104929 -0.874789 0.102037
v -0.101607 -0.876913 0.102037
v -0.102852 -0.876913 0.102037
v -0.088587 -0.874789 0.102037
v -0.093987 -0.874789 0.102037
v -0.090664 -0.876913 0.102037
v -0.091909 -0.876913 0.102037
v -0.077644 -0.874789 0.102037
v -0.083044 -0.874789 0.102037
v -0.079721 -0.876913 0.102037
v -0.080967 -0.876913 0.102037
v -0.066702 -0.874789 0.102037
v -0.072101 -0.874789 0.102037
v -0.068779 -0.876913 0.102037
v -0.070024 -0.876913 0.102037
v -0.055759 -0.874789 0.102037
v -0.061159 -0.874789 0.102037
v -0.057836 -0.876913 0.102037
v -0.059081 -0.876913 0.102037
v -0.044816 -0.874789 0.102037
v -0.050216 -0.874789 0.102037
v -0.046894 -0.876913 0.102037
v -0.048139 -0.876913 0.102037
v -0.033874 -0.874789 0.102037
v -0.039273 -0.874789 0.102037
v -0.035951 -0.876913 0.102037
v -0.037196 -0.876913 0.102037
v -0.022931 -0.874789 0.102037
v -0.028331 -0.874789 0.102037
v -0.025008 -0.876913 0.102037
v -0.026254 -0.876913 0.102037
v -0.011988 -0.874789 0.102037
v -0.017388 -0.874789 0.102037
v -0.014066 -0.876913 0.102037
v -0.015311 -0.876913 0.102037
v -0.001046 -0.874789 0.102037
v -0.006445 -0.874789 0.102037
v -0.003123 -0.876913 0.102037
v -0.004368 -0.876913 0.102037
v 0.009897 -0.874789 0.102037
v 0.004497 -0.874789 0.102037
v 0.007820 -0.876913 0.102037
v 0.006574 -0.876913 0.102037
v 0.020840 -0.874789 0.102037
v 0.015440 -0.874789 0.102037
v 0.018762 -0.876913 0.102037
v 0.017517 -0.876913 0.102037
v 0.031782 -0.874789 0.102037
v 0.026383 -0.874789 0.102037
v 0.029705 -0.876913 0.102037
v 0.028460 -0.876913 0.102037
v 0.042725 -0.874789 0.102037
v 0.037325 -0.874789 0.102037
v 0.040648 -0.876913 0.102037
v 0.039402 -0.876913 0.102037
v 0.053668 -0.874789 0.102037
v 0.048268 -0.874789 0.102037
v 0.051590 -0.876913 0.102037
v 0.050345 -0.876913 0.102037
v 0.064610 -0.874789 0.102037
v 0.059211 -0.874789 0.102037
v 0.062533 -0.876913 0.102037
v 0.061288 -0.876913 0.102037
v 0.075553 -0.874789 0.102037
v 0.070153 -0.874789 0.102037
v 0.073476 -0.876913 0.102037
v 0.072230 -0.876913 0.102037
v 0.086496 -0.874789 0.102037
v 0.081096 -0.874789 0.102037
v 0.084418 -0.876913 0.102037
v 0.083173 -0.876913 0.102037
v 0.097438 -0.874789 0.102037
v 0.092038 -0.874789 0.102037
v 0.095361 -0.876913 0.102037
v 0.094116 -0.876913 0.102037
v 0.108381 -0.874789 0.102037
v 0.102981 -0.874789 0.102037
v 0.106304 -0.876913 0.102037
v 0.105058 -0.876913 0.102037
v 0.119324 -0.874789 0.102037
v 0.113924 -0.874789 0.102037
v 0.117246 -0.876913 0.102037
v 0.116001 -0.876913 0.102037
v 0.130266 -0.874789 0.102037
v 0.124866 -0.874789 0.102037
v 0.128189 -0.876913 0.102037
v 0.126944 -0.876913 0.102037
v 0.141209 -0.874789 0.102037
v 0.135809 -0.874789 0.102037
v 0.139132 -0.876913 0.102037
v 0.137886 -0.876913 0.102037
v 0.152152 -0.874789 0.102037
v 0.146752 -0.874789 0.102037
v 0.150074 -0.876913 0.102037
v 0.148829 -0.876913 0.102037
v 0.163094 -0.874789 0.102037
v 0.157694 -0.874789 0.102037
v 0.161017 -0.876913 0.102037
v 0.159772 -0.876913 0.102037
v 0.174037 -0.874789 0.102037
v 0.168637 -0.874789 0.102037
v 0.171960 -0.876913 0.102037
v 0.170714 -0.876913 0.102037
v 0.184979 -0.874789 0.102037
v 0.179580 -0.874789 0.102037
v 0.182902 -0.876913 0.102037
v 0.181657 -0.876913 0.102037
v 0.195922 -0.874789 0.102037
v 0.190522 -0.874789 0.102037
v 0.193845 -0.876913 0.102037
v 0.192600 -0.876913 0.102037
v 0.206865 -0.874789 0.102037
v 0.201465 -0.874789 0.102037
v 0.204788 -0.876913 0.102037
v 0.203542 -0.876913 0.102037
v 0.217807 -0.874789 0.102037
v 0.212408 -0.874789 0.102037
v 0.215730 -0.876913 0.102037
v 0.214485 -0.876913 0.102037
v 0.228750 -0.874789 0.102037
v 0.223350 -0.874789 0.102037
v 0.226673 -0.876913 0.102037
v 0.225428 -0.876913 0.102037
v 0.239693 -0.874789 0.102037
v 0.234293 -0.874789 0.102037
v 0.237616 -0.876913 0.102037
v 0.236370 -0.876913 0.102037
v 0.250635 -0.874789 0.102037
v 0.245236 -0.874789 0.102037
v 0.248558 -0.876913 0.102037
v 0.247313 -0.876913 0.102037
v 0.261578 -0.874789 0.102037
v 0.256178 -0.874789 0.102037
v 0.259501 -0.876913 0.102037
v 0.258255 -0.876913 0.102037
v 0.272521 -0.874789 0.102037
v 0.267121 -0.874789 0.102037
v 0.270443 -0.876913 0.102037
v 0.269198 -0.876913 0.102037
v 0.283463 -0.874789 0.102037
v 0.278064 -0.874789 0.102037
v 0.281386 -0.876913 0.102037
v 0.280141 -0.876913 0.102037
v 0.294406 -0.874789 0.102037
v 0.289006 -0.874789 0.102037
v 0.292329 -0.876913 0.102037
v 0.291083 -0.876913 0.102037
v 0.305349 -0.874789 0.102037
v 0.299949 -0.874789 0.102037
v 0.303272 -0.876913 0.102037
v 0.302026 -0.876913 0.102037
v 0.316291 -0.874789 0.102037
v 0.310891 -0.874789 0.102037
v 0.314214 -0.876913 0.102037
v 0.312969 -0.876913 0.102037
v 0.327234 -0.874789 0.102037
v 0.321834 -0.874789 0.102037
v 0.325157 -0.876913 0.102037
v 0.323911 -0.876913 0.102037
v 0.338176 -0.874789 0.102037
v 0.332777 -0.874789 0.102037
v 0.336099 -0.876913 0.102037
v 0.334854 -0.876913 0.102037
v 0.349119 -0.874789 0.102037
v 0.343719 -0.874789 0.102037
v 0.347042 -0.876913 0.102037
v 0.345797 -0.876913 0.102037
v 0.360062 -0.874789 0.102037
v 0.354662 -0.874789 0.102037
v 0.357985 -0.876913 0.102037
v 0.356739 -0.876913 0.102037
v 0.371005 -0.874789 0.102037
v 0.365605 -0.874789 0.102037
v 0.368927 -0.876913 0.102037
v 0.367682 -0.876913 0.102037
v 0.381947 -0.874789 0.102037
v 0.376547 -0.874789 0.102037
v 0.379870 -0.876913 0.102037
v 0.378625 -0.876913 0.102037
v 0.392890 -0.874789 0.102037
v 0.387490 -0.874789 0.102037
v 0.390813 -0.876913 0.102037
v 0.389567 -0.876913 0.102037
v 0.403832 -0.874789 0.102037
v 0.398433 -0.874789 0.102037
v 0.401755 -0.876913 0.102037
v 0.400510 -0.876913 0.102037
v 0.414775 -0.874789 0.102037
v 0.409375 -0.874789 0.102037
v 0.412698 -0.876913 0.102037
v 0.411453 -0.876913 0.102037
v 0.425718 -0.874789 0.102037
v 0.420318 -0.874789 0.102037
v 0.423640 -0.876913 0.102037
v 0.422395 -0.876913 0.102037
v 0.436661 -0.874789 0.102037
v 0.431261 -0.874789 0.102037
v 0.434583 -0.876913 0.102037
v 0.433338 -0.876913 0.102037
v 0.447603 -0.874789 0.102037
v 0.442203 -0.874789 0.102037
v 0.445526 -0.876913 0.102037
v 0.444281 -0.876913 0.102037
v 0.458546 -0.874789 0.102037
v 0.453146 -0.874789 0.102037
v 0.456469 -0.876913 0.102037
v 0.455223 -0.876913 0.102037
v 0.469488 -0.874789 0.102037
v 0.464089 -0.874789 0.102037
v 0.467411 -0.876913 0.102037
v 0.466166 -0.876913 0.102037
v 0.480431 -0.874789 0.102037
v 0.475031 -0.874789 0.102037
v 0.478354 -0.876913 0.102037
v 0.477108 -0.876913 0.102037
v 0.491374 -0.874789 0.102037
v 0.485974 -0.874789 0.102037
v 0.489296 -0.876913 0.102037
v 0.488051 -0.876913 0.102037
v 0.502316 -0.874789 0.102037
v 0.496917 -0.874789 0.102037
v 0.500239 -0.876913 0.102037
v 0.498994 -0.876913 0.102037
v 0.513259 -0.874789 0.102037
v 0.507859 -0.874789 0.102037
v 0.511182 -0.876913 0.102037
v 0.509936 -0.876913 0.102037
v 0.524202 -0.874789 0.102037
v 0.518802 -0.874789 0.102037
v 0.522125 -0.876913 0.102037
v 0.520879 -0.876913 0.102037
v 0.535144 -0.874789 0.102037
v 0.529745 -0.874789 0.102037
v 0.533067 -0.876913 0.102037
v 0.531822 -0.876913 0.102037
v 0.546087 -0.874789 0.102037
v 0.540687 -0.874789 0.102037
v 0.544010 -0.876913 0.102037
v 0.542764 -0.876913 0.102037
v 0.557030 -0.874789 0.102037
v 0.551630 -0.874789 0.102037
v 0.554952 -0.876913 0.102037
v 0.553707 -0.876913 0.102037
v 0.567972 -0.874789 0.102037
v 0.562572 -0.874789 0.102037
v 0.565895 -0.876913 0.102037
v 0.564650 -0.876913 0.102037
v 0.578915 -0.874789 0.102037
v 0.573515 -0.874789 0.102037
v 0.576838 -0.876913 0.102037
v 0.575592 -0.876913 0.102037
v 0.589858 -0.874789 0.102037
v 0.584458 -0.874789 0.102037
v 0.587780 -0.876913 0.102037
v 0.586535 -0.876913 0.102037
v 0.600800 -0.874789 0.102037
v 0.595401 -0.874789 0.102037
v 0.598723 -0.876913 0.102037
v 0.597478 -0.876913 0.102037
v 0.611743 -0.874789 0.102037
v 0.606343 -0.874789 0.102037
v 0.609666 -0.876913 0.102037
v 0.608420 -0.876913 0.102037
v 0.622685 -0.874789 0.102037
v 0.617286 -0.874789 0.102037
v 0.620608 -0.876913 0.102037
v 0.619363 -0.876913 0.102037
v 0.633628 -0.874789 0.102037
v 0.628228 -0.874789 0.102037
v 0.631551 -0.876913 0.102037
v 0.630306 -0.876913 0.102037
v 0.644571 -0.874789 0.102037
v 0.639171 -0.874789 0.102037
v 0.642494 -0.876913 0.102037
v 0.641248 -0.876913 0.102037
v 0.655514 -0.874789 0.102037
v 0.650114 -0.874789 0.102037
v 0.653436 -0.876913 0.102037
v 0.652191 -0.876913 0.102037
v 0.445526 -0.876913 0.093084
v 0.444280 -0.876913 0.093084
v 0.478354 -0.876913 0.093078
v 0.478891 -0.876363 0.093077
v 0.447603 -0.874789 0.093083
v 0.477108 -0.876913 0.093078
v 0.469488 -0.874789 0.093079
v 0.467411 -0.876913 0.093080
v 0.464088 -0.874789 0.093080
v 0.466166 -0.876913 0.093080
v 0.436661 -0.874789 0.093086
v 0.431261 -0.874789 0.093087
v 0.442203 -0.874789 0.093084
v 0.425718 -0.874789 0.093088
v 0.455223 -0.876913 0.093082
v 0.456469 -0.876913 0.093082
v 0.475031 -0.874789 0.093078
v 0.453146 -0.874789 0.093082
v 0.458546 -0.874789 0.093081
v 0.420312 -0.874840 0.093089
v 0.433338 -0.876913 0.093086
v 0.434583 -0.876913 0.093086
v 0.423640 -0.876913 0.093088
v 0.365605 -0.874789 0.093099
v 0.367682 -0.876913 0.093099
v 0.420453 -0.874927 0.093089
v 0.422395 -0.876913 0.093088
v 0.398433 -0.874789 0.093093
v 0.400510 -0.876913 0.093092
v 0.412698 -0.876913 0.093090
v 0.414775 -0.874789 0.093090
v 0.401755 -0.876913 0.093092
v 0.368927 -0.876913 0.093098
v 0.379870 -0.876913 0.093096
v 0.378625 -0.876913 0.093097
v 0.371005 -0.874789 0.093098
v 0.376547 -0.874789 0.093097
v 0.411453 -0.876913 0.093090
v 0.409375 -0.874789 0.093091
v 0.403832 -0.874789 0.093092
v 0.390813 -0.876913 0.093094
v 0.389567 -0.876913 0.093094
v 0.381947 -0.874789 0.093096
v 0.392890 -0.874789 0.093094
v 0.387490 -0.874789 0.093095
v 0.478883 -0.876372 0.074475
v 0.445526 -0.876913 0.074481
v 0.444281 -0.876913 0.074481
v 0.478354 -0.876913 0.074475
v 0.447603 -0.874789 0.074481
v 0.477108 -0.876913 0.074475
v 0.469488 -0.874789 0.074476
v 0.467411 -0.876913 0.074477
v 0.464089 -0.874789 0.074477
v 0.466166 -0.876913 0.074477
v 0.436661 -0.874789 0.074483
v 0.431261 -0.874789 0.074484
v 0.442203 -0.874789 0.074482
v 0.425718 -0.874789 0.074485
v 0.455223 -0.876913 0.074479
v 0.456469 -0.876913 0.074479
v 0.475031 -0.874789 0.074475
v 0.453146 -0.874789 0.074480
v 0.458546 -0.874789 0.074478
v 0.420317 -0.874795 0.074486
v 0.433338 -0.876913 0.074483
v 0.434583 -0.876913 0.074483
v 0.423640 -0.876913 0.074485
v 0.365605 -0.874789 0.074496
v 0.367682 -0.876913 0.074496
v 0.422395 -0.876913 0.074485
v 0.398433 -0.874789 0.074490
v 0.400510 -0.876913 0.074490
v 0.412698 -0.876913 0.074487
v 0.414775 -0.874789 0.074487
v 0.401755 -0.876913 0.074489
v 0.368927 -0.876913 0.074496
v 0.379870 -0.876913 0.074493
v 0.378625 -0.876913 0.074494
v 0.371005 -0.874789 0.074495
v 0.376547 -0.874789 0.074494
v 0.411453 -0.876913 0.074487
v 0.409375 -0.874789 0.074488
v 0.403832 -0.874789 0.074489
v 0.390813 -0.876913 0.074491
v 0.389567 -0.876913 0.074492
v 0.381947 -0.874789 0.074493
v 0.392890 -0.874789 0.074491
v 0.387490 -0.874789 0.074492
v 0.478881 -0.876373 0.005788
v 0.478881 -0.876373 -0.009599
v 0.445526 -0.876913 -0.009593
v 0.444281 -0.876913 -0.009593
v 0.478354 -0.876913 -0.009599
v 0.447603 -0.874789 -0.009593
v 0.477108 -0.876913 -0.009599
v 0.469488 -0.874789 -0.009597
v 0.467411 -0.876913 -0.009597
v 0.464089 -0.874789 -0.009596
v 0.466166 -0.876913 -0.009597
v 0.436661 -0.874789 -0.009591
v 0.431261 -0.874789 -0.009590
v 0.442203 -0.874789 -0.009592
v 0.425718 -0.874789 -0.009589
v 0.455223 -0.876913 -0.009595
v 0.456469 -0.876913 -0.009595
v 0.475031 -0.874789 -0.009598
v 0.453146 -0.874789 -0.009594
v 0.458546 -0.874789 -0.009595
v 0.420313 -0.874832 -0.009588
v 0.445526 -0.876913 0.005795
v 0.444281 -0.876913 0.005795
v 0.478354 -0.876913 0.005788
v 0.447603 -0.874789 0.005794
v 0.477108 -0.876913 0.005789
v 0.469488 -0.874789 0.005790
v 0.467411 -0.876913 0.005790
v 0.464089 -0.874789 0.005791
v 0.466166 -0.876913 0.005791
v 0.436661 -0.874789 0.005796
v 0.431261 -0.874789 0.005797
v 0.442203 -0.874789 0.005795
v 0.425718 -0.874789 0.005798
v 0.455223 -0.876913 0.005793
v 0.456469 -0.876913 0.005792
v 0.475031 -0.874789 0.005789
v 0.453146 -0.874789 0.005793
v 0.458546 -0.874789 0.005792
v 0.420314 -0.874825 0.005799
v 0.433338 -0.876913 0.005797
v 0.434583 -0.876913 0.005797
v 0.423640 -0.876913 0.005799
v 0.365605 -0.874789 0.005810
v 0.367682 -0.876913 0.005809
v 0.422395 -0.876913 0.005799
v 0.398433 -0.874789 0.005804
v 0.400510 -0.876913 0.005803
v 0.412698 -0.876913 0.005801
v 0.414775 -0.874789 0.005800
v 0.401755 -0.876913 0.005803
v 0.368927 -0.876913 0.005809
v 0.379870 -0.876913 0.005807
v 0.378625 -0.876913 0.005807
v 0.371005 -0.874789 0.005809
v 0.376547 -0.874789 0.005808
v 0.411453 -0.876913 0.005801
v 0.409375 -0.874789 0.005801
v 0.403832 -0.874789 0.005803
v 0.390813 -0.876913 0.005805
v 0.389567 -0.876913 0.005805
v 0.381947 -0.874789 0.005807
v 0.392890 -0.874789 0.005805
v 0.387490 -0.874789 0.005806
v 0.433338 -0.876913 -0.009591
v 0.434583 -0.876913 -0.009591
v 0.423640 -0.876913 -0.009589
v 0.365605 -0.874789 -0.009578
v 0.367682 -0.876913 -0.009578
v 0.422395 -0.876913 -0.009588
v 0.398433 -0.874789 -0.009584
v 0.400510 -0.876913 -0.009584
v 0.412698 -0.876913 -0.009587
v 0.414775 -0.874789 -0.009587
v 0.401755 -0.876913 -0.009585
v 0.368927 -0.876913 -0.009578
v 0.379870 -0.876913 -0.009580
v 0.378625 -0.876913 -0.009580
v 0.371005 -0.874789 -0.009579
v 0.376547 -0.874789 -0.009580
v 0.411453 -0.876913 -0.009586
v 0.409375 -0.874789 -0.009586
v 0.403832 -0.874789 -0.009585
v 0.390813 -0.876913 -0.009582
v 0.389567 -0.876913 -0.009582
v 0.381947 -0.874789 -0.009581
v 0.392890 -0.874789 -0.009583
v 0.387490 -0.874789 -0.009582
v -0.405924 -0.874789 0.093246
v -0.367553 -0.874789 0.093239
v -0.365476 -0.876913 0.093238
v -0.375173 -0.876913 0.093240
v -0.400381 -0.874789 0.093245
v -0.373096 -0.874789 0.093240
v -0.376418 -0.876913 0.093240
v -0.386116 -0.876913 0.093242
v -0.378496 -0.874789 0.093241
v -0.384038 -0.874789 0.093242
v -0.364230 -0.876913 0.093238
v -0.353288 -0.876913 0.093236
v -0.354533 -0.876913 0.093236
v -0.362153 -0.874789 0.093238
v -0.356610 -0.874789 0.093237
v -0.394981 -0.874789 0.093244
v -0.387361 -0.876913 0.093243
v -0.389438 -0.874789 0.093243
v -0.352603 -0.876213 0.093236
v -0.352611 -0.876221 0.074633
v -0.408001 -0.876913 0.093247
v -0.398304 -0.876913 0.093245
v -0.418944 -0.876913 0.093249
v -0.420189 -0.876913 0.093249
v -0.411324 -0.874789 0.093247
v -0.409246 -0.876913 0.093247
v -0.422266 -0.874789 0.093249
v -0.416866 -0.874789 0.093248
v -0.397058 -0.876913 0.093244
v -0.429886 -0.876913 0.093251
v -0.431132 -0.876913 0.093251
v -0.453017 -0.876913 0.093255
v -0.451772 -0.876913 0.093255
v -0.433209 -0.874789 0.093251
v -0.449694 -0.874789 0.093255
v -0.442074 -0.876913 0.093253
v -0.440829 -0.876913 0.093253
v -0.427809 -0.874789 0.093250
v -0.444152 -0.874789 0.093253
v -0.438752 -0.874789 0.093252
v -0.462714 -0.876913 0.093257
v -0.460637 -0.874789 0.093257
v -0.466037 -0.874789 0.093258
v -0.463960 -0.876913 0.093257
v -0.455094 -0.874789 0.093256
v -0.405924 -0.874789 0.074643
v -0.367553 -0.874789 0.074636
v -0.365476 -0.876913 0.074636
v -0.375173 -0.876913 0.074637
v -0.400381 -0.874789 0.074642
v -0.373096 -0.874789 0.074637
v -0.376418 -0.876913 0.074638
v -0.386116 -0.876913 0.074640
v -0.378496 -0.874789 0.074638
v -0.384038 -0.874789 0.074639
v -0.364230 -0.876913 0.074635
v -0.353288 -0.876913 0.074633
v -0.354533 -0.876913 0.074634
v -0.362153 -0.874789 0.074635
v -0.356610 -0.874789 0.074634
v -0.394981 -0.874789 0.074641
v -0.387361 -0.876913 0.074640
v -0.389438 -0.874789 0.074640
v -0.408001 -0.876913 0.074644
v -0.398304 -0.876913 0.074642
v -0.418944 -0.876913 0.074646
v -0.420189 -0.876913 0.074646
v -0.411324 -0.874789 0.074644
v -0.409246 -0.876913 0.074644
v -0.422266 -0.874789 0.074646
v -0.416866 -0.874789 0.074645
v -0.397058 -0.876913 0.074642
v -0.429886 -0.876913 0.074648
v -0.431132 -0.876913 0.074648
v -0.453017 -0.876913 0.074652
v -0.451772 -0.876913 0.074652
v -0.433209 -0.874789 0.074649
v -0.449694 -0.874789 0.074652
v -0.442074 -0.876913 0.074650
v -0.440829 -0.876913 0.074650
v -0.427809 -0.874789 0.074647
v -0.444152 -0.874789 0.074651
v -0.438752 -0.874789 0.074650
v -0.462714 -0.876913 0.074654
v -0.460637 -0.874789 0.074654
v -0.466037 -0.874789 0.074655
v -0.463960 -0.876913 0.074654
v -0.455094 -0.874789 0.074653
v -0.352613 -0.876223 0.005947
v -0.352613 -0.876223 -0.009441
v -0.408001 -0.876913 0.005957
v -0.398304 -0.876913 0.005955
v -0.418944 -0.876913 0.005959
v -0.420189 -0.876913 0.005959
v -0.411324 -0.874789 0.005958
v -0.409246 -0.876913 0.005957
v -0.422266 -0.874789 0.005960
v -0.416866 -0.874789 0.005959
v -0.397058 -0.876913 0.005955
v -0.429886 -0.876913 0.005961
v -0.431132 -0.876913 0.005961
v -0.453017 -0.876913 0.005966
v -0.451772 -0.876913 0.005965
v -0.433209 -0.874789 0.005962
v -0.449694 -0.874789 0.005965
v -0.442074 -0.876913 0.005964
v -0.440829 -0.876913 0.005963
v -0.427809 -0.874789 0.005961
v -0.444152 -0.874789 0.005964
v -0.438752 -0.874789 0.005963
v -0.462714 -0.876913 0.005967
v -0.460637 -0.874789 0.005967
v -0.466037 -0.874789 0.005968
v -0.463960 -0.876913 0.005968
v -0.455094 -0.874789 0.005966
v -0.405924 -0.874789 0.005957
v -0.367553 -0.874789 0.005949
v -0.365476 -0.876913 0.005949
v -0.375173 -0.876913 0.005951
v -0.400381 -0.874789 0.005956
v -0.373096 -0.874789 0.005951
v -0.376418 -0.876913 0.005951
v -0.386116 -0.876913 0.005953
v -0.378496 -0.874789 0.005952
v -0.384038 -0.874789 0.005953
v -0.364230 -0.876913 0.005949
v -0.353288 -0.876913 0.005947
v -0.354533 -0.876913 0.005947
v -0.362153 -0.874789 0.005948
v -0.356610 -0.874789 0.005947
v -0.394981 -0.874789 0.005955
v -0.387361 -0.876913 0.005953
v -0.389438 -0.874789 0.005954
v -0.405924 -0.874789 -0.009431
v -0.367553 -0.874789 -0.009438
v -0.365476 -0.876913 -0.009438
v -0.375173 -0.876913 -0.009436
v -0.400381 -0.874789 -0.009432
v -0.373096 -0.874789 -0.009437
v -0.376418 -0.876913 -0.009436
v -0.386116 -0.876913 -0.009434
v -0.378496 -0.874789 -0.009436
v -0.384038 -0.874789 -0.009435
v -0.364230 -0.876913 -0.009439
v -0.353288 -0.876913 -0.009441
v -0.354533 -0.876913 -0.009440
v -0.362153 -0.874789 -0.009439
v -0.356610 -0.874789 -0.009440
v -0.394981 -0.874789 -0.009433
v -0.387361 -0.876913 -0.009434
v -0.389438 -0.874789 -0.009434
v -0.408001 -0.876913 -0.009430
v -0.398304 -0.876913 -0.009432
v -0.418944 -0.876913 -0.009428
v -0.420189 -0.876913 -0.009428
v -0.411324 -0.874789 -0.009430
v -0.409246 -0.876913 -0.009430
v -0.422266 -0.874789 -0.009427
v -0.416866 -0.874789 -0.009429
v -0.397058 -0.876913 -0.009432
v -0.429886 -0.876913 -0.009426
v -0.431132 -0.876913 -0.009426
v -0.453017 -0.876913 -0.009422
v -0.451772 -0.876913 -0.009422
v -0.433209 -0.874789 -0.009425
v -0.449694 -0.874789 -0.009422
v -0.442074 -0.876913 -0.009424
v -0.440829 -0.876913 -0.009424
v -0.427809 -0.874789 -0.009426
v -0.444152 -0.874789 -0.009423
v -0.438752 -0.874789 -0.009424
v -0.462714 -0.876913 -0.009420
v -0.460637 -0.874789 -0.009420
v -0.466037 -0.874789 -0.009419
v -0.463960 -0.876913 -0.009420
v -0.455094 -0.874789 -0.009421
v 0.655514 -0.874789 -0.023761
v 0.655142 -0.875169 -0.023761
v 0.575592 -0.876913 -0.023746
v 0.584458 -0.874789 -0.023747
v 0.586535 -0.876913 -0.023748
v 0.576838 -0.876913 -0.023746
v 0.578735 -0.874973 -0.023746
v 0.578924 -0.874845 -0.023746
v 0.609666 -0.876913 -0.023752
v 0.611743 -0.874789 -0.023753
v 0.611563 -0.874973 -0.023753
v 0.642494 -0.876913 -0.023759
v 0.644571 -0.874789 -0.023759
v 0.608420 -0.876913 -0.023752
v 0.606343 -0.874789 -0.023752
v 0.652191 -0.876913 -0.023760
v 0.630306 -0.876913 -0.023756
v 0.622685 -0.874789 -0.023755
v 0.622506 -0.874973 -0.023755
v 0.628228 -0.874789 -0.023756
v 0.619363 -0.876913 -0.023754
v 0.620608 -0.876913 -0.023754
v 0.587780 -0.876913 -0.023748
v 0.598723 -0.876913 -0.023750
v 0.597478 -0.876913 -0.023750
v 0.589858 -0.874789 -0.023748
v 0.589678 -0.874973 -0.023748
v 0.595401 -0.874789 -0.023750
v 0.653436 -0.876913 -0.023761
v 0.650114 -0.874789 -0.023760
v 0.617286 -0.874789 -0.023754
v 0.641248 -0.876913 -0.023758
v 0.631551 -0.876913 -0.023756
v 0.633449 -0.874973 -0.023757
v 0.600800 -0.874789 -0.023751
v 0.600621 -0.874973 -0.023751
v 0.639171 -0.874789 -0.023758
v 0.633628 -0.874789 -0.023757
v 0.573515 -0.874789 -0.023745
v 0.557030 -0.874789 -0.023742
v 0.556850 -0.874973 -0.023742
v 0.554952 -0.876913 -0.023742
v 0.551630 -0.874789 -0.023741
v 0.546087 -0.874789 -0.023740
v 0.545907 -0.874973 -0.023740
v 0.553707 -0.876913 -0.023742
v 0.544010 -0.876913 -0.023740
v 0.542764 -0.876913 -0.023739
v 0.565895 -0.876913 -0.023744
v 0.567793 -0.874973 -0.023744
v 0.567972 -0.874789 -0.023744
v 0.562572 -0.874789 -0.023743
v 0.564650 -0.876913 -0.023744
v 0.522125 -0.876913 -0.023736
v 0.524022 -0.874973 -0.023736
v 0.524202 -0.874789 -0.023736
v 0.500239 -0.876913 -0.023731
v 0.502137 -0.874973 -0.023732
v 0.502316 -0.874789 -0.023732
v 0.507859 -0.874789 -0.023733
v 0.509936 -0.876913 -0.023733
v 0.520879 -0.876913 -0.023735
v 0.511182 -0.876913 -0.023733
v 0.513079 -0.874973 -0.023734
v 0.513259 -0.874789 -0.023734
v 0.478882 -0.876373 -0.023727
v 0.489296 -0.876913 -0.023729
v 0.491194 -0.874973 -0.023730
v 0.498994 -0.876913 -0.023731
v 0.480431 -0.874789 -0.023728
v 0.529745 -0.874789 -0.023737
v 0.531822 -0.876913 -0.023737
v 0.533067 -0.876913 -0.023738
v 0.534965 -0.874973 -0.023738
v 0.535144 -0.874789 -0.023738
v 0.540687 -0.874789 -0.023739
v 0.488051 -0.876913 -0.023729
v 0.496917 -0.874789 -0.023731
v 0.485974 -0.874789 -0.023729
v 0.491374 -0.874789 -0.023730
v 0.518802 -0.874789 -0.023735
v 0.425718 -0.874789 -0.023717
v 0.420316 -0.874809 -0.023716
v 0.414775 -0.874789 -0.023715
v 0.411453 -0.876913 -0.023714
v 0.403832 -0.874789 -0.023713
v 0.401755 -0.876913 -0.023713
v 0.400510 -0.876913 -0.023712
v 0.390813 -0.876913 -0.023710
v 0.389567 -0.876913 -0.023710
v 0.409375 -0.874789 -0.023714
v 0.398433 -0.874789 -0.023712
v 0.392890 -0.874789 -0.023711
v 0.412698 -0.876913 -0.023715
v 0.381947 -0.874789 -0.023709
v 0.371005 -0.874789 -0.023707
v 0.379870 -0.876913 -0.023708
v 0.365605 -0.874789 -0.023706
v 0.367682 -0.876913 -0.023706
v 0.376547 -0.874789 -0.023708
v 0.387490 -0.874789 -0.023710
v 0.368927 -0.876913 -0.023706
v 0.378625 -0.876913 -0.023708
v 0.469488 -0.874789 -0.023725
v 0.467411 -0.876913 -0.023725
v 0.475031 -0.874789 -0.023726
v 0.478354 -0.876913 -0.023727
v 0.477108 -0.876913 -0.023727
v 0.466166 -0.876913 -0.023725
v 0.458546 -0.874789 -0.023723
v 0.447603 -0.874789 -0.023721
v 0.445526 -0.876913 -0.023721
v 0.433338 -0.876913 -0.023719
v 0.431261 -0.874789 -0.023718
v 0.456469 -0.876913 -0.023723
v 0.455223 -0.876913 -0.023723
v 0.453146 -0.874789 -0.023722
v 0.444281 -0.876913 -0.023721
v 0.442203 -0.874789 -0.023720
v 0.436661 -0.874789 -0.023719
v 0.423640 -0.876913 -0.023717
v 0.434583 -0.876913 -0.023719
v 0.464089 -0.874789 -0.023724
v 0.422395 -0.876913 -0.023716
v 0.042544 -0.874974 -0.023644
v 0.042725 -0.874789 -0.023644
v 0.031601 -0.874974 -0.023642
v 0.031782 -0.874789 -0.023642
v 0.037325 -0.874789 -0.023643
v 0.053669 -0.874814 -0.023646
v 0.048268 -0.874789 -0.023645
v -0.070024 -0.876913 -0.023623
v -0.068779 -0.876913 -0.023623
v -0.035951 -0.876913 -0.023629
v -0.034055 -0.874975 -0.023629
v -0.033874 -0.874789 -0.023630
v -0.066702 -0.874789 -0.023623
v -0.066883 -0.874975 -0.023623
v -0.037196 -0.876913 -0.023629
v 0.020658 -0.874974 -0.023640
v 0.020840 -0.874789 -0.023640
v -0.003123 -0.876913 -0.023635
v -0.001227 -0.874974 -0.023636
v -0.001046 -0.874789 -0.023636
v 0.004497 -0.874789 -0.023637
v -0.044816 -0.874789 -0.023627
v -0.044998 -0.874975 -0.023627
v -0.046894 -0.876913 -0.023627
v -0.079721 -0.876913 -0.023621
v -0.083044 -0.874789 -0.023620
v -0.050216 -0.874789 -0.023626
v -0.048139 -0.876913 -0.023627
v -0.028331 -0.874789 -0.023631
v -0.026254 -0.876913 -0.023631
v -0.017388 -0.874789 -0.023633
v -0.015311 -0.876913 -0.023633
v -0.025008 -0.876913 -0.023631
v -0.023112 -0.874974 -0.023632
v -0.022931 -0.874789 -0.023632
v -0.077826 -0.874975 -0.023621
v -0.077644 -0.874789 -0.023621
v -0.080967 -0.876913 -0.023621
v -0.088587 -0.874789 -0.023619
v -0.088768 -0.874975 -0.023619
v -0.090664 -0.876913 -0.023619
v -0.072101 -0.874789 -0.023622
v 0.009897 -0.874789 -0.023638
v 0.009716 -0.874974 -0.023638
v 0.026383 -0.874789 -0.023641
v 0.015440 -0.874789 -0.023639
v -0.059081 -0.876913 -0.023625
v -0.057836 -0.876913 -0.023625
v -0.039273 -0.874789 -0.023628
v -0.061159 -0.874789 -0.023624
v -0.055940 -0.874975 -0.023625
v -0.055759 -0.874789 -0.023625
v -0.006445 -0.874789 -0.023635
v -0.004368 -0.876913 -0.023635
v -0.014066 -0.876913 -0.023633
v -0.011988 -0.874789 -0.023634
v -0.012170 -0.874974 -0.023634
v -0.189148 -0.876913 -0.023600
v -0.187252 -0.874975 -0.023600
v -0.187071 -0.874789 -0.023600
v -0.146623 -0.876913 -0.023608
v -0.148700 -0.874789 -0.023608
v -0.179451 -0.876913 -0.023602
v -0.156320 -0.876913 -0.023606
v -0.154424 -0.874975 -0.023607
v -0.181528 -0.874789 -0.023601
v -0.154243 -0.874789 -0.023607
v -0.093987 -0.874789 -0.023618
v -0.091909 -0.876913 -0.023618
v -0.113795 -0.876913 -0.023614
v -0.115872 -0.874789 -0.023614
v -0.101607 -0.876913 -0.023617
v -0.099711 -0.874975 -0.023617
v -0.099530 -0.874789 -0.023617
v -0.112549 -0.876913 -0.023615
v -0.157565 -0.876913 -0.023606
v -0.167263 -0.876913 -0.023604
v -0.165367 -0.874975 -0.023604
v -0.198013 -0.874789 -0.023598
v -0.198195 -0.874975 -0.023598
v -0.200091 -0.876913 -0.023598
v -0.159643 -0.874789 -0.023606
v -0.165185 -0.874789 -0.023604
v -0.145377 -0.876913 -0.023608
v -0.134435 -0.876913 -0.023610
v -0.135680 -0.876913 -0.023610
v -0.143300 -0.874789 -0.023609
v -0.143482 -0.874975 -0.023609
v -0.137757 -0.874789 -0.023610
v -0.192470 -0.874789 -0.023599
v -0.190393 -0.876913 -0.023600
v -0.201336 -0.876913 -0.023598
v -0.203413 -0.874789 -0.023597
v -0.102852 -0.876913 -0.023616
v -0.104929 -0.874789 -0.023616
v -0.110654 -0.874975 -0.023615
v -0.110472 -0.874789 -0.023615
v -0.176128 -0.874789 -0.023602
v -0.176310 -0.874975 -0.023602
v -0.178205 -0.876913 -0.023602
v -0.168508 -0.876913 -0.023604
v -0.170585 -0.874789 -0.023603
v -0.123492 -0.876913 -0.023612
v -0.124737 -0.876913 -0.023612
v -0.132358 -0.874789 -0.023611
v -0.132539 -0.874975 -0.023611
v -0.121415 -0.874789 -0.023613
v -0.121596 -0.874975 -0.023613
v -0.126815 -0.874789 -0.023612
v -0.301897 -0.874789 -0.023578
v -0.299820 -0.876913 -0.023579
v -0.265747 -0.876913 -0.023585
v -0.266992 -0.876913 -0.023585
v -0.298575 -0.876913 -0.023579
v -0.296679 -0.874975 -0.023579
v -0.269069 -0.874789 -0.023585
v -0.296497 -0.874789 -0.023579
v -0.211033 -0.876913 -0.023596
v -0.212279 -0.876913 -0.023596
v -0.232919 -0.876913 -0.023592
v -0.234164 -0.876913 -0.023591
v -0.214356 -0.874789 -0.023595
v -0.230841 -0.874789 -0.023592
v -0.231023 -0.874975 -0.023592
v -0.277934 -0.876913 -0.023583
v -0.280012 -0.874789 -0.023583
v -0.310762 -0.876913 -0.023577
v -0.318383 -0.874789 -0.023575
v -0.318565 -0.874975 -0.023575
v -0.276689 -0.876913 -0.023583
v -0.287632 -0.876913 -0.023581
v -0.285737 -0.874975 -0.023582
v -0.274612 -0.874789 -0.023584
v -0.274794 -0.874975 -0.023584
v -0.263851 -0.874975 -0.023586
v -0.263669 -0.874789 -0.023586
v -0.254804 -0.876913 -0.023587
v -0.252909 -0.874975 -0.023588
v -0.252727 -0.874789 -0.023588
v -0.256049 -0.876913 -0.023587
v -0.258126 -0.874789 -0.023587
v -0.309517 -0.876913 -0.023577
v -0.320460 -0.876913 -0.023575
v -0.307440 -0.874789 -0.023577
v -0.307622 -0.874975 -0.023577
v -0.321705 -0.876913 -0.023575
v -0.312840 -0.874789 -0.023576
v -0.223221 -0.876913 -0.023593
v -0.221976 -0.876913 -0.023594
v -0.209138 -0.874975 -0.023596
v -0.208956 -0.874789 -0.023596
v -0.225298 -0.874789 -0.023593
v -0.219899 -0.874789 -0.023594
v -0.220080 -0.874975 -0.023594
v -0.288877 -0.876913 -0.023581
v -0.290954 -0.874789 -0.023581
v -0.285555 -0.874789 -0.023582
v -0.243861 -0.876913 -0.023589
v -0.241966 -0.874975 -0.023590
v -0.241784 -0.874789 -0.023590
v -0.245107 -0.876913 -0.023589
v -0.247184 -0.874789 -0.023589
v -0.236241 -0.874789 -0.023591
v -0.331402 -0.876913 -0.023573
v -0.334725 -0.874789 -0.023572
v -0.351211 -0.874789 -0.023569
v -0.329507 -0.874975 -0.023573
v -0.342345 -0.876913 -0.023571
v -0.340450 -0.874975 -0.023571
v -0.340268 -0.874789 -0.023571
v -0.352613 -0.876223 -0.023569
v -0.343590 -0.876913 -0.023570
v -0.332648 -0.876913 -0.023573
v -0.329325 -0.874789 -0.023573
v -0.345668 -0.874789 -0.023570
v -0.323782 -0.874789 -0.023574
v 0.347042 -0.876913 -0.023702
v 0.348939 -0.874973 -0.023702
v 0.349119 -0.874789 -0.023702
v 0.325157 -0.876913 -0.023698
v 0.354662 -0.874789 -0.023704
v 0.356739 -0.876913 -0.023704
v 0.357985 -0.876913 -0.023704
v 0.343719 -0.874789 -0.023701
v 0.345797 -0.876913 -0.023702
v 0.360062 -0.874789 -0.023705
v 0.338176 -0.874789 -0.023700
v 0.337996 -0.874973 -0.023700
v 0.334854 -0.876913 -0.023700
v 0.336099 -0.876913 -0.023700
v 0.327054 -0.874973 -0.023698
v 0.332777 -0.874789 -0.023699
v 0.327234 -0.874789 -0.023698
v 0.228750 -0.874789 -0.023680
v 0.228570 -0.874974 -0.023680
v 0.226673 -0.876913 -0.023679
v 0.269198 -0.876913 -0.023687
v 0.259501 -0.876913 -0.023685
v 0.261398 -0.874974 -0.023686
v 0.261578 -0.874789 -0.023686
v 0.236370 -0.876913 -0.023681
v 0.323911 -0.876913 -0.023698
v 0.316291 -0.874789 -0.023696
v 0.316111 -0.874973 -0.023696
v 0.291083 -0.876913 -0.023691
v 0.281386 -0.876913 -0.023690
v 0.283283 -0.874974 -0.023690
v 0.321834 -0.874789 -0.023697
v 0.283463 -0.874789 -0.023690
v 0.312969 -0.876913 -0.023696
v 0.250635 -0.874789 -0.023684
v 0.250455 -0.874974 -0.023684
v 0.248558 -0.876913 -0.023683
v 0.214485 -0.876913 -0.023677
v 0.215730 -0.876913 -0.023677
v 0.256178 -0.874789 -0.023685
v 0.258255 -0.876913 -0.023685
v 0.247313 -0.876913 -0.023683
v 0.303272 -0.876913 -0.023694
v 0.305168 -0.874973 -0.023694
v 0.267121 -0.874789 -0.023687
v 0.292329 -0.876913 -0.023692
v 0.294226 -0.874974 -0.023692
v 0.302026 -0.876913 -0.023694
v 0.305349 -0.874789 -0.023694
v 0.299949 -0.874789 -0.023693
v 0.225428 -0.876913 -0.023679
v 0.217627 -0.874974 -0.023677
v 0.212408 -0.874789 -0.023676
v 0.223350 -0.874789 -0.023679
v 0.206865 -0.874789 -0.023675
v 0.206684 -0.874974 -0.023675
v 0.217807 -0.874789 -0.023677
v 0.280141 -0.876913 -0.023689
v 0.314214 -0.876913 -0.023696
v 0.278064 -0.874789 -0.023689
v 0.310891 -0.874789 -0.023695
v 0.237616 -0.876913 -0.023681
v 0.239693 -0.874789 -0.023682
v 0.239512 -0.874974 -0.023682
v 0.245236 -0.874789 -0.023683
v 0.234293 -0.874789 -0.023681
v 0.270443 -0.876913 -0.023688
v 0.294406 -0.874789 -0.023692
v 0.272521 -0.874789 -0.023688
v 0.272340 -0.874974 -0.023688
v 0.289006 -0.874789 -0.023691
v 0.195922 -0.874789 -0.023673
v 0.195741 -0.874974 -0.023673
v 0.201465 -0.874789 -0.023674
v 0.204788 -0.876913 -0.023675
v 0.193845 -0.876913 -0.023673
v 0.203542 -0.876913 -0.023675
v 0.192600 -0.876913 -0.023673
v 0.181657 -0.876913 -0.023671
v 0.184979 -0.874789 -0.023671
v 0.184799 -0.874974 -0.023671
v 0.190522 -0.874789 -0.023672
v 0.182902 -0.876913 -0.023671
v 0.170714 -0.876913 -0.023668
v 0.179580 -0.874789 -0.023670
v 0.174037 -0.874789 -0.023669
v 0.173856 -0.874974 -0.023669
v 0.168637 -0.874789 -0.023668
v 0.171960 -0.876913 -0.023669
v 0.163094 -0.874789 -0.023667
v 0.162913 -0.874974 -0.023667
v 0.152152 -0.874789 -0.023665
v 0.151971 -0.874974 -0.023665
v 0.159772 -0.876913 -0.023666
v 0.161017 -0.876913 -0.023667
v 0.150074 -0.876913 -0.023665
v 0.148829 -0.876913 -0.023664
v 0.157694 -0.874789 -0.023666
v 0.137886 -0.876913 -0.023662
v 0.141209 -0.874789 -0.023663
v 0.141028 -0.874974 -0.023663
v 0.139132 -0.876913 -0.023662
v 0.146752 -0.874789 -0.023664
v 0.126944 -0.876913 -0.023660
v 0.135809 -0.874789 -0.023662
v 0.128189 -0.876913 -0.023660
v 0.130085 -0.874974 -0.023661
v 0.124866 -0.874789 -0.023660
v 0.130266 -0.874789 -0.023661
v 0.119324 -0.874789 -0.023659
v 0.119143 -0.874974 -0.023659
v 0.083173 -0.876913 -0.023652
v 0.081096 -0.874789 -0.023651
v 0.040648 -0.876913 -0.023644
v 0.073476 -0.876913 -0.023650
v 0.075372 -0.874974 -0.023650
v 0.075553 -0.874789 -0.023650
v 0.097438 -0.874789 -0.023655
v 0.097257 -0.874974 -0.023654
v 0.050345 -0.876913 -0.023646
v 0.039402 -0.876913 -0.023643
v 0.105058 -0.876913 -0.023656
v 0.095361 -0.876913 -0.023654
v 0.070153 -0.874789 -0.023649
v 0.072230 -0.876913 -0.023650
v 0.102981 -0.874789 -0.023656
v 0.062533 -0.876913 -0.023648
v 0.064610 -0.874789 -0.023648
v 0.029705 -0.876913 -0.023642
v 0.061288 -0.876913 -0.023648
v 0.059211 -0.874789 -0.023647
v 0.028460 -0.876913 -0.023641
v 0.117246 -0.876913 -0.023658
v 0.113924 -0.874789 -0.023658
v 0.106304 -0.876913 -0.023656
v 0.108381 -0.874789 -0.023657
v 0.108200 -0.874974 -0.023657
v 0.116001 -0.876913 -0.023658
v 0.051590 -0.876913 -0.023646
v 0.084418 -0.876913 -0.023652
v 0.086315 -0.874974 -0.023652
v 0.086496 -0.874789 -0.023652
v 0.092038 -0.874789 -0.023653
v 0.094116 -0.876913 -0.023654
v 0.018762 -0.876913 -0.023640
v 0.006574 -0.876913 -0.023637
v 0.017517 -0.876913 -0.023639
v 0.007820 -0.876913 -0.023637
v -0.405924 -0.874789 -0.023559
v -0.411324 -0.874789 -0.023558
v -0.418944 -0.876913 -0.023556
v -0.416866 -0.874789 -0.023557
v -0.431132 -0.876913 -0.023554
v -0.433209 -0.874789 -0.023553
v -0.449694 -0.874789 -0.023550
v -0.451772 -0.876913 -0.023550
v -0.453017 -0.876913 -0.023550
v -0.440829 -0.876913 -0.023552
v -0.438752 -0.874789 -0.023552
v -0.429886 -0.876913 -0.023554
v -0.427809 -0.874789 -0.023554
v -0.442074 -0.876913 -0.023552
v -0.444152 -0.874789 -0.023551
v -0.420189 -0.876913 -0.023556
v -0.422266 -0.874789 -0.023556
v -0.466037 -0.874789 -0.023547
v -0.463960 -0.876913 -0.023548
v -0.462714 -0.876913 -0.023548
v -0.455094 -0.874789 -0.023549
v -0.460637 -0.874789 -0.023548
v -0.353288 -0.876913 -0.023569
v -0.354533 -0.876913 -0.023568
v -0.356610 -0.874789 -0.023568
v -0.364230 -0.876913 -0.023567
v -0.365476 -0.876913 -0.023566
v -0.375173 -0.876913 -0.023564
v -0.373096 -0.874789 -0.023565
v -0.362153 -0.874789 -0.023567
v -0.376418 -0.876913 -0.023564
v -0.367553 -0.874789 -0.023566
v -0.397058 -0.876913 -0.023560
v -0.386116 -0.876913 -0.023562
v -0.387361 -0.876913 -0.023562
v -0.408001 -0.876913 -0.023558
v -0.389438 -0.874789 -0.023562
v -0.398304 -0.876913 -0.023560
v -0.400381 -0.874789 -0.023560
v -0.378496 -0.874789 -0.023564
v -0.384038 -0.874789 -0.023563
v -0.409246 -0.876913 -0.023558
v -0.394981 -0.874789 -0.023561
v -0.604969 -0.876913 -0.023523
v -0.603074 -0.874976 -0.023524
v -0.602892 -0.874789 -0.023524
v -0.606214 -0.876913 -0.023523
v -0.550263 -0.876952 -0.023533
v -0.570064 -0.874789 -0.023529
v -0.570246 -0.874976 -0.023529
v -0.572141 -0.876913 -0.023529
v -0.562443 -0.876913 -0.023531
v -0.551501 -0.876913 -0.023533
v -0.564521 -0.874789 -0.023530
v -0.613834 -0.874789 -0.023522
v -0.614017 -0.874976 -0.023522
v -0.615911 -0.876913 -0.023522
v -0.619234 -0.874789 -0.023521
v -0.608291 -0.874789 -0.023523
v -0.617157 -0.876913 -0.023521
v -0.597349 -0.874789 -0.023525
v -0.595271 -0.876913 -0.023525
v -0.586406 -0.874789 -0.023527
v -0.584329 -0.876913 -0.023527
v -0.594026 -0.876913 -0.023525
v -0.592132 -0.874976 -0.023526
v -0.591949 -0.874789 -0.023526
v -0.559607 -0.875286 -0.023531
v -0.561198 -0.876913 -0.023531
v -0.628099 -0.876913 -0.023520
v -0.626854 -0.876913 -0.023520
v -0.630177 -0.874789 -0.023519
v -0.624960 -0.874976 -0.023520
v -0.624777 -0.874789 -0.023520
v -0.575463 -0.874789 -0.023529
v -0.573386 -0.876913 -0.023529
v -0.583083 -0.876913 -0.023527
v -0.581006 -0.874789 -0.023528
v -0.581189 -0.874976 -0.023528
v -0.504408 -0.874789 -0.023541
v -0.504590 -0.874976 -0.023541
v -0.506485 -0.876913 -0.023540
v -0.539313 -0.876913 -0.023535
v -0.540558 -0.876913 -0.023534
v -0.537236 -0.874789 -0.023535
v -0.537418 -0.874976 -0.023535
v -0.507730 -0.876913 -0.023540
v -0.493465 -0.874789 -0.023542
v -0.493648 -0.874976 -0.023542
v -0.495542 -0.876913 -0.023542
v -0.485845 -0.876913 -0.023544
v -0.487922 -0.874789 -0.023543
v -0.509807 -0.874789 -0.023540
v -0.515350 -0.874789 -0.023539
v -0.515533 -0.874976 -0.023539
v -0.526293 -0.874789 -0.023537
v -0.526476 -0.874976 -0.023537
v -0.528370 -0.876913 -0.023537
v -0.517428 -0.876913 -0.023538
v -0.518673 -0.876913 -0.023538
v -0.474902 -0.876913 -0.023546
v -0.473657 -0.876913 -0.023546
v -0.482522 -0.874789 -0.023544
v -0.482705 -0.874976 -0.023544
v -0.484600 -0.876913 -0.023544
v -0.471580 -0.874789 -0.023546
v -0.476979 -0.874789 -0.023545
v -0.520750 -0.874789 -0.023538
v -0.529616 -0.876913 -0.023536
v -0.498865 -0.874789 -0.023542
v -0.531693 -0.874789 -0.023536
v -0.496788 -0.876913 -0.023542
v -0.548361 -0.874976 -0.023533
v -0.548178 -0.874789 -0.023533
v -0.559121 -0.874789 -0.023531
v -0.542635 -0.874789 -0.023534
v -0.553578 -0.874789 -0.023532
v -0.648739 -0.876913 -0.023516
v -0.649985 -0.876913 -0.023515
v -0.646662 -0.874789 -0.023516
v -0.652062 -0.874789 -0.023515
v -0.637797 -0.876913 -0.023518
v -0.639042 -0.876913 -0.023518
v -0.635719 -0.874789 -0.023518
v -0.641119 -0.874789 -0.023517
v -0.657605 -0.874789 -0.023514
v -0.659682 -0.876913 -0.023514
v -0.660927 -0.876913 -0.023513
v -0.663005 -0.874789 -0.023513
v -0.670625 -0.876913 -0.023512
v -0.668730 -0.874976 -0.023512
v -0.668547 -0.874789 -0.023512
v -0.671870 -0.876913 -0.023511
v -0.673947 -0.874789 -0.023511
v -0.682813 -0.876913 -0.023510
v -0.684890 -0.874789 -0.023509
v -0.681567 -0.876913 -0.023510
v -0.679673 -0.874976 -0.023510
v -0.679490 -0.874789 -0.023510
v -0.693755 -0.876913 -0.023508
v -0.692510 -0.876913 -0.023508
v -0.690433 -0.874789 -0.023508
v -0.695836 -0.874789 -0.023507
v -0.717718 -0.874789 -0.034765
v -0.715641 -0.876913 -0.033696
v -0.714395 -0.876913 -0.033056
v -0.712318 -0.874789 -0.031987
v -0.703453 -0.876913 -0.027426
v -0.704698 -0.876913 -0.028067
v -0.706775 -0.874789 -0.029135
v -0.701375 -0.874789 -0.026357
vn -0.0000 -1.0000 -0.0000
vn 1.0000 -0.0000 -0.0002
vn -0.9907 -0.0000 -0.1360
vn 0.0002 -0.0000 1.0000
vn -1.0000 -0.0000 0.0002
vn -0.0000 1.0000 -0.0000
vn -1.0000 -0.0016 -0.0028
vn -0.0002 -0.0000 -1.0000
vn 1.0000 -0.0000 -0.0006
vn -0.0004 -1.0000 -0.0005
vn -0.0002 -1.0000 0.0046
vn 1.0000 -0.0000 -0.0000
vn 0.4575 -0.0000 -0.8892
vn 0.0001 -1.0000 -0.0005
vn 1.0000 0.0004 0.0005
vn 0.2856 -0.0000 -0.9583
vn -1.0000 0.0009 0.0019
vn -0.0000 -1.0000 0.0082
vn -0.0006 -1.0000 -0.0000
vn -1.0000 -0.0016 0.0024
vn 1.0000 0.0032 -0.0043
vn 1.0000 -0.0000 -0.0001
vn -0.0000 -1.0000 -0.0010
vn -1.0000 -0.0000 0.0001
vn 0.0003 -1.0000 0.0041
vn 1.0000 0.0004 -0.0010
vn -1.0000 0.0009 -0.0005
vn 0.0005 -1.0000 -0.0000
vn 0.8811 -0.0000 -0.4729
vn 0.7719 -0.0000 -0.6357
vn 0.9564 -0.0000 -0.2919
vn 0.9950 -0.0000 -0.0998
vn 0.9953 -0.0000 0.0964
vn 0.9574 -0.0000 0.2886
vn 0.8827 -0.0000 0.4699
vn 0.7741 -0.0000 0.6331
vn 0.6357 -0.0000 0.7719
vn 0.4729 -0.0000 0.8811
vn 0.2920 -0.0000 0.9564
vn 0.0996 -0.0000 0.9950
vn -0.0963 -0.0000 0.9954
vn -0.2886 -0.0000 0.9574
vn -0.4699 -0.0000 0.8827
vn -0.6331 -0.0000 0.7740
vn -0.7719 -0.0000 0.6357
vn -0.8811 -0.0000 0.4729
vn -0.9564 -0.0000 0.2919
vn -0.9950 -0.0000 0.0997
vn -0.9953 -0.0000 -0.0964
vn -0.9574 -0.0000 -0.2887
vn -0.8828 -0.0000 -0.4698
vn -0.7741 -0.0000 -0.6331
vn -0.6357 -0.0000 -0.7719
vn -0.4728 -0.0000 -0.8812
vn -0.2919 -0.0000 -0.9564
vn -0.0997 -0.0000 -0.9950
vn 0.0963 -0.0000 -0.9954
vn 0.0001 -1.0000 -0.0000
vn 0.2888 -0.0000 -0.9574
vn 0.4699 -0.0000 -0.8827
vn 0.6331 -0.0000 -0.7741
vn 1.0000 0.0032 0.0058
vn -0.9842 -0.0000 -0.1769
vn 1.0000 -0.0000 -0.0004
vn -0.5048 -0.0000 -0.8632
vn -0.0001 -1.0000 -0.0005
vn 0.0002 -1.0000 -0.0005
vn -1.0000 -0.0000 -0.0000
vn -0.0002 -1.0000 -0.0005
vn 0.0004 -1.0000 -0.0005
vn 0.9509 -0.3094 -0.0002
vn -0.0002 -0.0196 -0.9998
vn -0.9509 -0.3094 0.0002
vn -0.8873 -0.4613 0.0002
vn 0.0002 -0.0196 0.9998
vn -0.0002 -0.0313 -0.9995
vn 0.8873 -0.4613 -0.0002
vn 0.0002 -0.0493 0.9988
vn 0.0002 -0.0313 0.9995
vn 0.7733 -0.6341 -0.0002
vn -0.0002 -0.0493 -0.9988
vn -0.6029 -0.7978 0.0001
vn -0.7733 -0.6341 0.0001
vn -0.0002 -0.0794 -0.9968
vn 0.6029 -0.7978 -0.0001
vn 0.0002 -0.1516 0.9884
vn 0.0002 -0.0794 0.9968
vn -0.3652 -0.9309 0.0001
vn -0.0002 -0.1516 -0.9884
vn 0.3652 -0.9309 -0.0001
vn 0.7733 -0.6341 -0.0001
vn -0.7733 -0.6341 0.0002
vn -0.3652 -0.9309 -0.0000
vn -1.0000 -0.0000 0.0003
vn 0.5638 -0.0000 -0.8259
vn -1.0000 0.0018 -0.0028
vn -0.0004 1.0000 -0.0005
vn -0.0002 1.0000 0.0046
vn 0.0001 1.0000 -0.0005
vn 1.0000 -0.0004 0.0005
vn -1.0000 -0.0010 0.0019
vn -0.0000 1.0000 0.0082
vn -0.0006 1.0000 -0.0000
vn -1.0000 0.0018 0.0024
vn 1.0000 -0.0035 -0.0043
vn -0.0000 1.0000 -0.0010
vn 0.0003 1.0000 0.0041
vn 1.0000 -0.0004 -0.0010
vn -1.0000 -0.0010 -0.0005
vn 0.0005 1.0000 -0.0000
vn 0.9565 -0.0000 -0.2919
vn 0.2919 -0.0000 0.9564
vn -0.9565 -0.0000 0.2919
vn -1.0000 -0.0000 0.0006
vn 1.0000 -0.0036 0.0058
vn -0.4575 -0.0000 0.8892
vn -0.0001 1.0000 -0.0005
vn 0.0002 1.0000 -0.0005
vn -0.0002 1.0000 -0.0005
vn 0.0004 1.0000 -0.0005
vn 0.9509 0.3094 -0.0002
vn -0.0002 0.0196 -0.9998
vn -0.9509 0.3094 0.0002
vn -0.8873 0.4613 0.0002
vn 0.0002 0.0196 0.9998
vn -0.0002 0.0313 -0.9995
vn 0.8873 0.4613 -0.0002
vn 0.0002 0.0493 0.9988
vn 0.0002 0.0313 0.9995
vn 0.7733 0.6341 -0.0001
vn -0.0002 0.0493 -0.9988
vn -0.6029 0.7978 0.0001
vn -0.7733 0.6341 0.0001
vn -0.0002 0.0794 -0.9968
vn 0.6029 0.7978 -0.0001
vn 0.0002 0.1516 0.9884
vn 0.0002 0.0794 0.9968
vn -0.3652 0.9309 0.0001
vn -0.0002 0.1516 -0.9884
vn 0.3652 0.9309 -0.0001
vn 0.7733 0.6341 -0.0002
vn -0.7733 0.6341 0.0002
vn -0.3652 0.9309 -0.0000
vn -0.7149 0.6993 -0.0000
vn 0.7149 0.6993 -0.0000
vn -0.7146 0.6995 -0.0000
vn 0.7149 0.6992 -0.0000
vn -0.7148 0.6993 -0.0000
vn -0.7149 0.6992 -0.0000
vn 0.7148 0.6993 -0.0000
vn 0.7175 0.6966 0.0001
vn 0.7128 0.7014 0.0001
vn -0.7102 0.7040 0.0001
vn 0.7094 0.7048 -0.0000
vn 0.0001 1.0000 -0.0000
vn -0.7110 0.7032 0.0002
vn -0.7090 0.7052 -0.0007
vn -0.0001 1.0000 -0.0000
vn -0.0158 0.9999 0.0002
vn -0.7149 -0.6993 -0.0000
vn 0.7149 -0.6993 -0.0000
vn -0.7149 -0.6992 -0.0000
vn -0.7146 -0.6995 -0.0000
vn 0.7148 -0.6993 -0.0000
vn 0.7175 -0.6966 0.0001
vn 0.7149 -0.6992 -0.0000
vn -0.7148 -0.6993 -0.0000
vn 0.7127 -0.7014 0.0001
vn -0.7101 -0.7041 0.0001
vn 0.7094 -0.7048 -0.0000
vn -0.0001 -1.0000 -0.0000
vn -0.7111 -0.7031 0.0002
vn -0.7090 -0.7052 -0.0007
vn -0.0158 -0.9999 0.0002
vt 0.978488 0.349255
vt 0.895483 0.049003
vt 0.598212 0.049462
vt 0.979969 0.072385
vt 0.608480 0.047911
vt 0.979969 0.076913
vt 0.976992 0.348078
vt 0.954452 0.656753
vt 0.956216 0.385587
vt 0.956870 0.656752
vt 0.974574 0.348077
vt 0.953922 0.072974
vt 0.953922 0.063877
vt 0.956216 0.372753
vt 0.954446 0.372753
vt 0.979969 0.064078
vt 0.952950 0.372753
vt 0.952950 0.367997
vt 0.979970 0.059323
vt 0.954446 0.367997
vt 0.956216 0.367997
vt 0.978361 0.367999
vt 0.978494 0.047527
vt 0.976998 0.047527
vt 0.975228 0.047527
vt 0.953083 0.047529
vt 0.951474 0.059122
vt 0.957675 0.385587
vt 0.957675 0.381646
vt 0.973115 0.348077
vt 0.958329 0.656752
vt 0.957675 0.372753
vt 0.957675 0.367997
vt 0.973769 0.047527
vt 0.646082 0.047275
vt 0.670749 0.047245
vt 0.979968 0.136079
vt 0.979969 0.111835
vt 0.973116 0.310998
vt 0.973117 0.286382
vt 0.973121 0.136077
vt 0.973121 0.111833
vt 0.742133 0.711196
vt 0.880257 0.050611
vt 0.609084 0.050810
vt 0.952950 0.381377
vt 0.318422 0.049462
vt 0.978488 0.348078
vt 0.978494 0.076913
vt 0.952956 0.656753
vt 0.595654 0.049462
vt 0.952950 0.385587
vt 0.324489 0.049462
vt 0.979963 0.349255
vt 0.895483 0.046688
vt 0.606508 0.050688
vt 0.600526 0.049462
vt 0.950635 0.381059
vt 0.316086 0.049462
vt 0.700173 0.723362
vt 0.885348 0.050493
vt 0.608524 0.050686
vt 0.880819 0.050494
vt 0.953227 0.656753
vt 0.595925 0.049462
vt 0.895483 0.049273
vt 0.953227 0.658768
vt 0.597941 0.049462
vt 0.976992 0.349255
vt 0.895483 0.050499
vt 0.954452 0.658768
vt 0.954446 0.381647
vt 0.319942 0.049462
vt 0.976998 0.076913
vt 0.954446 0.383396
vt 0.321836 0.049462
vt 0.975228 0.076913
vt 0.954792 0.382238
vt 0.320627 0.049462
vt 0.956870 0.658767
vt 0.895483 0.052916
vt 0.892709 0.052916
vt 0.895483 0.347595
vt 0.978361 0.385589
vt 0.978361 0.381649
vt 0.895483 0.351536
vt 0.953915 0.348081
vt 0.953915 0.349257
vt 0.978368 0.656755
vt 0.895483 0.076430
vt 0.895483 0.074414
vt 0.978368 0.658770
vt 0.953922 0.076915
vt 0.978361 0.372755
vt 0.895483 0.360430
vt 0.950635 0.372753
vt 0.700194 0.715070
vt 0.950635 0.367997
vt 0.700195 0.710309
vt 0.952950 0.355362
vt 0.672873 0.673809
vt 0.979970 0.047527
vt 0.950635 0.355362
vt 0.672873 0.671494
vt 0.700194 0.697663
vt 0.954446 0.355362
vt 0.672873 0.675305
vt 0.956216 0.355362
vt 0.672873 0.677075
vt 0.672873 0.699221
vt 0.978361 0.355364
vt 0.951474 0.047529
vt 0.895483 0.378413
vt 0.980809 0.355364
vt 0.672873 0.701668
vt 0.895483 0.365778
vt 0.980809 0.367999
vt 0.892709 0.054375
vt 0.958329 0.658767
vt 0.895483 0.054375
vt 0.973769 0.076913
vt 0.957675 0.355362
vt 0.672873 0.678534
vt 0.845360 0.050516
vt 0.821110 0.050526
vt 0.670751 0.050617
vt 0.646127 0.050646
vt 0.614947 0.672634
vt 0.978489 0.310999
vt 0.614948 0.697250
vt 0.978489 0.286383
vt 0.979332 0.136918
vt 0.359411 0.046688
vt 0.978494 0.111835
vt 0.952955 0.619673
vt 0.617721 0.672634
vt 0.558575 0.049462
vt 0.952955 0.595057
vt 0.617722 0.697250
vt 0.533959 0.049462
vt 0.952951 0.444753
vt 0.383655 0.049462
vt 0.952950 0.420509
vt 0.359411 0.049462
vt 0.646118 0.050049
vt 0.670751 0.050020
vt 0.821110 0.049928
vt 0.845366 0.049915
vt 0.614947 0.671138
vt 0.976993 0.310999
vt 0.976993 0.285543
vt 0.976997 0.136918
vt 0.976998 0.110995
vt 0.617721 0.671138
vt 0.954451 0.619682
vt 0.954451 0.595075
vt 0.617722 0.698746
vt 0.954447 0.444748
vt 0.385151 0.049462
vt 0.954446 0.420511
vt 0.357915 0.049462
vt 0.355497 0.049482
vt 0.956864 0.420508
vt 0.331253 0.049481
vt 0.387568 0.049482
vt 0.956864 0.444752
vt 0.617741 0.701163
vt 0.956868 0.595056
vt 0.617741 0.668720
vt 0.617741 0.725779
vt 0.956869 0.619672
vt 0.973736 0.311837
vt 0.973736 0.285542
vt 0.973740 0.136916
vt 0.973741 0.110994
vt 0.953917 0.311001
vt 0.953917 0.286385
vt 0.953921 0.136080
vt 0.953922 0.111837
vt 0.895483 0.312673
vt 0.978362 0.420511
vt 0.895483 0.288429
vt 0.978362 0.444755
vt 0.895483 0.138125
vt 0.978366 0.595059
vt 0.895483 0.113509
vt 0.978367 0.619675
vt 0.958323 0.420508
vt 0.958323 0.444752
vt 0.958327 0.595056
vt 0.958328 0.619672
vt 0.672873 0.722621
vt 0.672873 0.722098
vt 0.672873 0.721575
vt 0.672873 0.721052
vt 0.672873 0.720529
vt 0.672873 0.720006
vt 0.672873 0.719484
vt 0.672873 0.718961
vt 0.672873 0.718438
vt 0.672873 0.717915
vt 0.672873 0.717392
vt 0.672873 0.716869
vt 0.672873 0.716346
vt 0.672873 0.715823
vt 0.672873 0.715300
vt 0.672873 0.714777
vt 0.672873 0.714255
vt 0.672873 0.713732
vt 0.672873 0.713209
vt 0.672873 0.712686
vt 0.672873 0.712163
vt 0.672873 0.711640
vt 0.672873 0.711117
vt 0.672873 0.710594
vt 0.672873 0.710071
vt 0.672873 0.709549
vt 0.672873 0.709026
vt 0.672873 0.708503
vt 0.672873 0.707980
vt 0.672873 0.707457
vt 0.672873 0.706934
vt 0.672873 0.723667
vt 0.672873 0.723144
vt 0.675652 0.722621
vt 0.739479 0.710934
vt 0.675652 0.722098
vt 0.739581 0.710421
vt 0.675652 0.721575
vt 0.739781 0.709938
vt 0.675652 0.721052
vt 0.740071 0.709503
vt 0.675652 0.720529
vt 0.740441 0.709134
vt 0.675652 0.720006
vt 0.740876 0.708843
vt 0.675652 0.719484
vt 0.741359 0.708643
vt 0.675652 0.718961
vt 0.741872 0.708541
vt 0.675652 0.718438
vt 0.742395 0.708541
vt 0.675652 0.717915
vt 0.742907 0.708643
vt 0.675652 0.717392
vt 0.743391 0.708843
vt 0.675652 0.716869
vt 0.743825 0.709134
vt 0.675652 0.716346
vt 0.744195 0.709503
vt 0.675652 0.715823
vt 0.744485 0.709938
vt 0.675652 0.715300
vt 0.744686 0.710421
vt 0.675652 0.714777
vt 0.744787 0.710934
vt 0.675652 0.714255
vt 0.744787 0.711457
vt 0.675652 0.713732
vt 0.744686 0.711970
vt 0.675652 0.713209
vt 0.744485 0.712453
vt 0.675652 0.712686
vt 0.744195 0.712888
vt 0.675652 0.712163
vt 0.743825 0.713258
vt 0.675652 0.711640
vt 0.743390 0.713548
vt 0.675652 0.711117
vt 0.742907 0.713748
vt 0.675652 0.710594
vt 0.742394 0.713850
vt 0.675652 0.710071
vt 0.741872 0.713850
vt 0.675652 0.709549
vt 0.741359 0.713748
vt 0.675652 0.709026
vt 0.740876 0.713548
vt 0.675652 0.708503
vt 0.740441 0.713257
vt 0.675652 0.707980
vt 0.740071 0.712888
vt 0.675652 0.707457
vt 0.739781 0.712453
vt 0.675652 0.706934
vt 0.675652 0.723667
vt 0.739581 0.711970
vt 0.675652 0.723144
vt 0.739479 0.711457
vt 0.978494 0.072486
vt 0.978494 0.064078
vt 0.978494 0.059323
vt 0.976998 0.072551
vt 0.976998 0.064078
vt 0.976998 0.059323
vt 0.975228 0.072628
vt 0.975228 0.064078
vt 0.975228 0.059323
vt 0.973769 0.072692
vt 0.973769 0.064078
vt 0.973769 0.059323
vt 0.953083 0.059325
vt 0.956888 0.348080
vt 0.974427 0.381648
vt 0.638792 0.692964
vt 0.956894 0.111836
vt 0.974427 0.367999
vt 0.957017 0.047529
vt 0.638792 0.668720
vt 0.638792 0.723682
vt 0.956893 0.136080
vt 0.628260 0.693336
vt 0.956889 0.286384
vt 0.628260 0.724427
vt 0.628259 0.668720
vt 0.956889 0.311000
vt 0.957017 0.076914
vt 0.974427 0.385589
vt 0.974427 0.372754
vt 0.956888 0.349256
vt 0.974556 0.656754
vt 0.974556 0.658770
vt 0.895483 0.070603
vt 0.672873 0.695286
vt 0.974427 0.355364
vt 0.974551 0.444754
vt 0.636014 0.668720
vt 0.636014 0.723682
vt 0.974555 0.619675
vt 0.625482 0.724427
vt 0.625482 0.668720
vt 0.974555 0.595059
vt 0.625482 0.693336
vt 0.636014 0.692964
vt 0.974550 0.420510
vt 0.957017 0.072921
vt 0.957017 0.064080
vt 0.957017 0.059325
vt 0.971085 0.381648
vt 0.960970 0.110996
vt 0.971085 0.367999
vt 0.960359 0.047529
vt 0.960969 0.136919
vt 0.960966 0.285544
vt 0.960965 0.311839
vt 0.960359 0.076914
vt 0.971085 0.385588
vt 0.971085 0.372754
vt 0.960124 0.349256
vt 0.625479 0.721189
vt 0.971318 0.619674
vt 0.960125 0.348079
vt 0.971319 0.656754
vt 0.895483 0.067366
vt 0.971320 0.658769
vt 0.672873 0.691944
vt 0.971085 0.355363
vt 0.971314 0.444754
vt 0.636011 0.720445
vt 0.971318 0.595058
vt 0.625479 0.696573
vt 0.971313 0.420510
vt 0.636011 0.696201
vt 0.960359 0.072875
vt 0.960359 0.064080
vt 0.960359 0.059324
vt 0.969380 0.381648
vt 0.961782 0.111835
vt 0.969380 0.367998
vt 0.962064 0.047528
vt 0.961782 0.136079
vt 0.961778 0.286384
vt 0.961777 0.310999
vt 0.962064 0.076914
vt 0.969380 0.385588
vt 0.969380 0.372754
vt 0.961776 0.349255
vt 0.969667 0.619674
vt 0.961776 0.348079
vt 0.969668 0.656753
vt 0.969668 0.658769
vt 0.895483 0.065714
vt 0.672873 0.690239
vt 0.969380 0.355363
vt 0.969662 0.444753
vt 0.969666 0.595058
vt 0.969662 0.420510
vt 0.962064 0.072852
vt 0.962064 0.064080
vt 0.962064 0.059324
vt 0.900608 0.423522
vt 0.769805 0.752391
vt 0.900608 0.458100
vt 0.769805 0.728147
vt 0.691980 0.697638
vt 0.902067 0.423522
vt 0.902067 0.458100
vt 0.691980 0.721882
vt 0.900652 0.425898
vt 0.767546 0.751655
vt 0.902023 0.425898
vt 0.689721 0.698373
vt 0.900653 0.455724
vt 0.767546 0.728882
vt 0.689721 0.721147
vt 0.902023 0.455724
vt 0.765053 0.750360
vt 0.900730 0.428706
vt 0.765053 0.730177
vt 0.900730 0.452916
vt 0.901945 0.452916
vt 0.687228 0.719852
vt 0.687228 0.699669
vt 0.901945 0.428706
vt 0.900847 0.431765
vt 0.762685 0.748421
vt 0.901828 0.431765
vt 0.684860 0.701608
vt 0.684860 0.717912
vt 0.901828 0.449858
vt 0.900847 0.449858
vt 0.762685 0.732116
vt 0.760726 0.734700
vt 0.901003 0.446619
vt 0.760726 0.745837
vt 0.901003 0.435003
vt 0.682901 0.715329
vt 0.901673 0.446619
vt 0.901673 0.435003
vt 0.682901 0.704192
vt 0.759445 0.742609
vt 0.901197 0.438470
vt 0.681620 0.707419
vt 0.901479 0.438470
vt 0.681620 0.712101
vt 0.901479 0.443152
vt 0.759445 0.737928
vt 0.901197 0.443152
vt 0.894168 0.458100
vt 0.811509 0.725041
vt 0.894168 0.423523
vt 0.811509 0.700797
vt 0.802565 0.668177
vt 0.892709 0.458100
vt 0.892709 0.423523
vt 0.802565 0.692421
vt 0.894124 0.455724
vt 0.809249 0.724306
vt 0.892754 0.455724
vt 0.800306 0.668912
vt 0.894124 0.425898
vt 0.809249 0.701532
vt 0.800306 0.691686
vt 0.892754 0.425898
vt 0.806756 0.723010
vt 0.894046 0.452916
vt 0.806756 0.702827
vt 0.894046 0.428706
vt 0.892831 0.428706
vt 0.797813 0.690390
vt 0.797813 0.670207
vt 0.892831 0.452916
vt 0.893929 0.449858
vt 0.804388 0.721071
vt 0.892948 0.449858
vt 0.795445 0.672147
vt 0.795445 0.688451
vt 0.892948 0.431765
vt 0.893929 0.431765
vt 0.804388 0.704767
vt 0.802430 0.707350
vt 0.893774 0.435003
vt 0.802430 0.718487
vt 0.893774 0.446619
vt 0.793487 0.685868
vt 0.893104 0.435003
vt 0.893104 0.446619
vt 0.793487 0.674730
vt 0.801149 0.715260
vt 0.893580 0.443152
vt 0.792206 0.677958
vt 0.893298 0.443152
vt 0.792206 0.682640
vt 0.893298 0.438470
vt 0.801149 0.710578
vt 0.893580 0.438470
vt 0.830954 0.702993
vt 0.739374 0.692421
vt 0.830954 0.737571
vt 0.739374 0.668177
vt 0.738209 0.726249
vt 0.832413 0.702993
vt 0.832413 0.737571
vt 0.738209 0.750493
vt 0.830998 0.705369
vt 0.737114 0.691686
vt 0.832369 0.705369
vt 0.735950 0.726984
vt 0.830998 0.735195
vt 0.737114 0.668912
vt 0.735950 0.749757
vt 0.832369 0.735195
vt 0.734622 0.690390
vt 0.831076 0.708177
vt 0.734622 0.670207
vt 0.831076 0.732387
vt 0.832291 0.732387
vt 0.733457 0.748462
vt 0.733457 0.728279
vt 0.832291 0.708177
vt 0.831193 0.711235
vt 0.732254 0.688451
vt 0.832174 0.711235
vt 0.731089 0.730218
vt 0.731089 0.746523
vt 0.832174 0.729328
vt 0.831193 0.729328
vt 0.732254 0.672147
vt 0.730295 0.674730
vt 0.831348 0.726090
vt 0.730295 0.685868
vt 0.831348 0.714474
vt 0.729131 0.743939
vt 0.832018 0.726090
vt 0.832018 0.714474
vt 0.729131 0.732802
vt 0.729014 0.682640
vt 0.831542 0.717941
vt 0.727849 0.736030
vt 0.831824 0.717941
vt 0.727849 0.740712
vt 0.831824 0.722623
vt 0.729014 0.677958
vt 0.831543 0.722623
vt 0.654442 0.671494
vt 0.834161 0.695195
vt 0.654442 0.706072
vt 0.834161 0.670951
vt 0.827306 0.700797
vt 0.655901 0.671494
vt 0.655901 0.706072
vt 0.827306 0.725041
vt 0.654486 0.673870
vt 0.831902 0.694460
vt 0.655856 0.673870
vt 0.825047 0.701532
vt 0.654486 0.703696
vt 0.831902 0.671686
vt 0.825047 0.724306
vt 0.655856 0.703696
vt 0.829409 0.693164
vt 0.654564 0.676678
vt 0.829409 0.672981
vt 0.654564 0.700888
vt 0.655778 0.700888
vt 0.822554 0.723010
vt 0.822554 0.702827
vt 0.655778 0.676678
vt 0.654681 0.679737
vt 0.827041 0.691225
vt 0.655662 0.679737
vt 0.820186 0.704767
vt 0.820186 0.721071
vt 0.655662 0.697830
vt 0.654681 0.697830
vt 0.827041 0.674921
vt 0.825082 0.677504
vt 0.654836 0.694591
vt 0.825082 0.688641
vt 0.654836 0.682975
vt 0.818228 0.718488
vt 0.655506 0.694591
vt 0.655506 0.682975
vt 0.818228 0.707350
vt 0.823801 0.685414
vt 0.655030 0.686442
vt 0.816947 0.710578
vt 0.655312 0.686442
vt 0.816947 0.715260
vt 0.655312 0.691124
vt 0.823801 0.680732
vt 0.655030 0.691124
vt 0.598212 0.262170
vt 0.359411 0.262170
vt 0.646298 0.263424
vt 0.845494 0.263282
vt 0.321836 0.262170
vt 0.383655 0.262170
vt 0.533959 0.262170
vt 0.821244 0.263299
vt 0.608601 0.263451
vt 0.606585 0.263453
vt 0.600526 0.262170
vt 0.316086 0.262170
vt 0.885549 0.263254
vt 0.318422 0.262170
vt 0.597941 0.262170
vt 0.320627 0.262170
vt 0.881020 0.263257
vt 0.558575 0.262170
vt 0.609198 0.263451
vt 0.324489 0.262170
vt 0.595925 0.262170
vt 0.670917 0.263407
vt 0.595654 0.262170
vt 0.319942 0.262170
vt 0.880423 0.263257
vt 0.916095 0.349324
vt 0.903241 0.049003
vt 0.598212 0.474879
vt 0.914543 0.072385
vt 0.608788 0.478992
vt 0.913780 0.348079
vt 0.914544 0.076913
vt 0.940130 0.656753
vt 0.938366 0.385587
vt 0.937712 0.656752
vt 0.940729 0.072974
vt 0.940729 0.063894
vt 0.938366 0.372753
vt 0.940136 0.372753
vt 0.914543 0.064078
vt 0.941632 0.372753
vt 0.941632 0.367997
vt 0.914543 0.059323
vt 0.940136 0.367997
vt 0.938366 0.367997
vt 0.916221 0.367999
vt 0.916088 0.047458
vt 0.917584 0.047458
vt 0.919354 0.047458
vt 0.941499 0.047460
vt 0.943177 0.059138
vt 0.936907 0.385587
vt 0.936907 0.381646
vt 0.936253 0.656752
vt 0.936908 0.372753
vt 0.936908 0.367997
vt 0.920813 0.047458
vt 0.646390 0.479574
vt 0.913779 0.310999
vt 0.671057 0.479569
vt 0.913778 0.286383
vt 0.914544 0.136079
vt 0.914544 0.111835
vt 0.742200 0.700317
vt 0.880560 0.475903
vt 0.609388 0.476092
vt 0.941632 0.381377
vt 0.318422 0.474879
vt 0.941626 0.656753
vt 0.595654 0.474879
vt 0.941632 0.385587
vt 0.324489 0.474879
vt 0.914550 0.349324
vt 0.903241 0.046688
vt 0.606812 0.476217
vt 0.600526 0.474879
vt 0.943947 0.381059
vt 0.316086 0.474879
vt 0.775265 0.754182
vt 0.885652 0.476014
vt 0.608828 0.476216
vt 0.881123 0.476020
vt 0.941355 0.656753
vt 0.595925 0.474879
vt 0.903241 0.049273
vt 0.941355 0.658768
vt 0.597941 0.474879
vt 0.917590 0.349324
vt 0.903241 0.050499
vt 0.940130 0.658768
vt 0.940136 0.381647
vt 0.319942 0.474879
vt 0.940136 0.383396
vt 0.321836 0.474879
vt 0.939790 0.382238
vt 0.320627 0.474879
vt 0.937712 0.658767
vt 0.903241 0.052916
vt 0.906015 0.052916
vt 0.920008 0.350093
vt 0.903241 0.347595
vt 0.916221 0.385589
vt 0.916221 0.381649
vt 0.903241 0.351536
vt 0.940736 0.348081
vt 0.940736 0.349326
vt 0.916214 0.656755
vt 0.903241 0.076430
vt 0.903241 0.074414
vt 0.916214 0.658770
vt 0.940730 0.076915
vt 0.916221 0.372755
vt 0.903241 0.360430
vt 0.943947 0.372753
vt 0.775244 0.745889
vt 0.943947 0.367997
vt 0.775243 0.741128
vt 0.941632 0.355362
vt 0.665115 0.673809
vt 0.914543 0.047458
vt 0.943947 0.355362
vt 0.665115 0.671494
vt 0.775244 0.728482
vt 0.940136 0.355362
vt 0.665115 0.675305
vt 0.938366 0.355362
vt 0.665115 0.677075
vt 0.665115 0.699221
vt 0.916221 0.355364
vt 0.943177 0.047460
vt 0.903241 0.378413
vt 0.913773 0.355364
vt 0.665115 0.701668
vt 0.903241 0.365778
vt 0.913773 0.367999
vt 0.906015 0.054375
vt 0.921467 0.350093
vt 0.936253 0.658767
vt 0.903241 0.054375
vt 0.936908 0.355362
vt 0.665115 0.678534
vt 0.845664 0.476049
vt 0.821414 0.476073
vt 0.671055 0.476197
vt 0.646430 0.476203
vt 0.773848 0.712409
vt 0.558575 0.477653
vt 0.916094 0.310999
vt 0.533959 0.477653
vt 0.760630 0.701590
vt 0.916093 0.286383
vt 0.915319 0.136849
vt 0.760562 0.712428
vt 0.359411 0.477653
vt 0.916088 0.111835
vt 0.941627 0.619673
vt 0.771074 0.712395
vt 0.558575 0.474879
vt 0.941627 0.595057
vt 0.763403 0.701576
vt 0.533959 0.474879
vt 0.771142 0.701576
vt 0.941631 0.444753
vt 0.383655 0.474879
vt 0.941632 0.420509
vt 0.763336 0.712414
vt 0.359411 0.474879
vt 0.646423 0.476800
vt 0.671055 0.476794
vt 0.821414 0.476671
vt 0.845671 0.476649
vt 0.773856 0.710913
vt 0.917590 0.310999
vt 0.917589 0.285613
vt 0.917585 0.136848
vt 0.917584 0.111065
vt 0.771082 0.710899
vt 0.940131 0.619682
vt 0.940131 0.595075
vt 0.763396 0.700080
vt 0.940135 0.444748
vt 0.771149 0.700080
vt 0.940136 0.420511
vt 0.763328 0.710918
vt 0.799101 0.753054
vt 0.763336 0.708501
vt 0.937718 0.420508
vt 0.799101 0.728810
vt 0.771142 0.697662
vt 0.937718 0.444752
vt 0.763403 0.697662
vt 0.788569 0.753298
vt 0.937714 0.595056
vt 0.771074 0.708482
vt 0.788569 0.728682
vt 0.937713 0.619672
vt 0.920777 0.311767
vt 0.920776 0.285611
vt 0.920772 0.136847
vt 0.920772 0.111063
vt 0.940735 0.311001
vt 0.940734 0.286385
vt 0.940730 0.136080
vt 0.940730 0.111837
vt 0.903241 0.312673
vt 0.916220 0.420511
vt 0.903241 0.288429
vt 0.916220 0.444755
vt 0.903241 0.138125
vt 0.916216 0.595059
vt 0.903241 0.113509
vt 0.916215 0.619675
vt 0.936260 0.420508
vt 0.936259 0.444752
vt 0.936255 0.595056
vt 0.936254 0.619672
vt 0.729014 0.698708
vt 0.729014 0.699231
vt 0.729014 0.699754
vt 0.729014 0.700277
vt 0.729014 0.700800
vt 0.729014 0.701323
vt 0.729014 0.701846
vt 0.729014 0.702369
vt 0.729014 0.702891
vt 0.729014 0.703414
vt 0.729014 0.703937
vt 0.729014 0.704460
vt 0.729014 0.704983
vt 0.729014 0.705506
vt 0.729014 0.706029
vt 0.729014 0.706552
vt 0.729014 0.707075
vt 0.729014 0.707597
vt 0.729014 0.708120
vt 0.729014 0.708643
vt 0.729014 0.709166
vt 0.729014 0.709689
vt 0.729014 0.710212
vt 0.729014 0.710735
vt 0.729014 0.711258
vt 0.729014 0.711781
vt 0.729014 0.712304
vt 0.729014 0.712826
vt 0.729014 0.713349
vt 0.729014 0.713872
vt 0.729014 0.714395
vt 0.729014 0.697663
vt 0.729014 0.698185
vt 0.731793 0.698708
vt 0.744855 0.700056
vt 0.731793 0.699231
vt 0.744753 0.699543
vt 0.731793 0.699754
vt 0.744553 0.699060
vt 0.731793 0.700277
vt 0.744262 0.698625
vt 0.731793 0.700800
vt 0.743892 0.698255
vt 0.731793 0.701323
vt 0.743458 0.697964
vt 0.731793 0.701846
vt 0.742975 0.697765
vt 0.731793 0.702369
vt 0.742462 0.697663
vt 0.731793 0.702891
vt 0.741939 0.697663
vt 0.731794 0.703414
vt 0.741426 0.697765
vt 0.731794 0.703937
vt 0.740943 0.697965
vt 0.731794 0.704460
vt 0.740508 0.698255
vt 0.731794 0.704983
vt 0.740138 0.698625
vt 0.731794 0.705506
vt 0.739848 0.699060
vt 0.731794 0.706029
vt 0.739648 0.699543
vt 0.731794 0.706552
vt 0.739546 0.700056
vt 0.731794 0.707075
vt 0.739546 0.700579
vt 0.731794 0.707597
vt 0.739648 0.701091
vt 0.731794 0.708120
vt 0.739848 0.701575
vt 0.731794 0.708643
vt 0.740138 0.702009
vt 0.731793 0.709166
vt 0.740508 0.702379
vt 0.731793 0.709689
vt 0.740943 0.702669
vt 0.731793 0.710212
vt 0.741426 0.702870
vt 0.731793 0.710735
vt 0.741939 0.702972
vt 0.731793 0.711258
vt 0.742462 0.702972
vt 0.731793 0.711781
vt 0.742975 0.702870
vt 0.731793 0.712304
vt 0.743458 0.702669
vt 0.731793 0.712826
vt 0.743893 0.702379
vt 0.731793 0.713349
vt 0.744262 0.702009
vt 0.731793 0.713872
vt 0.744553 0.701574
vt 0.731793 0.714395
vt 0.731793 0.697663
vt 0.744753 0.701091
vt 0.731793 0.698185
vt 0.744855 0.700578
vt 0.920155 0.381648
vt 0.794983 0.700900
vt 0.662341 0.731178
vt 0.937688 0.111836
vt 0.920155 0.367999
vt 0.937565 0.047460
vt 0.662341 0.706934
vt 0.781677 0.700902
vt 0.937689 0.136080
vt 0.718482 0.722278
vt 0.792141 0.708443
vt 0.937693 0.286384
vt 0.781609 0.711702
vt 0.718482 0.697663
vt 0.937693 0.311000
vt 0.920155 0.385589
vt 0.920155 0.372754
vt 0.937695 0.349326
vt 0.920026 0.656754
vt 0.920026 0.658770
vt 0.903241 0.070603
vt 0.665115 0.695286
vt 0.920155 0.355364
vt 0.920031 0.444754
vt 0.665118 0.706934
vt 0.784454 0.700899
vt 0.920027 0.619675
vt 0.784387 0.711700
vt 0.721260 0.697663
vt 0.920027 0.595059
vt 0.721260 0.722278
vt 0.794919 0.708446
vt 0.792206 0.700897
vt 0.665118 0.731178
vt 0.920032 0.420510
vt 0.923497 0.381648
vt 0.933681 0.111065
vt 0.923497 0.367999
vt 0.934223 0.047459
vt 0.933682 0.136849
vt 0.933686 0.285614
vt 0.933686 0.311770
vt 0.923497 0.385588
vt 0.923497 0.372754
vt 0.934458 0.349325
vt 0.784387 0.708462
vt 0.707950 0.697663
vt 0.923264 0.619674
vt 0.923263 0.656754
vt 0.903241 0.067366
vt 0.923263 0.658769
vt 0.665115 0.691944
vt 0.923497 0.355364
vt 0.923268 0.444754
vt 0.809620 0.753054
vt 0.784454 0.697663
vt 0.707950 0.722278
vt 0.923264 0.595058
vt 0.794919 0.711683
vt 0.792206 0.697660
vt 0.923269 0.420510
vt 0.809620 0.728810
vt 0.925202 0.381648
vt 0.925202 0.367998
vt 0.932518 0.047459
vt 0.925202 0.385588
vt 0.925202 0.372754
vt 0.932806 0.349325
vt 0.924915 0.619674
vt 0.924914 0.656754
vt 0.924914 0.658769
vt 0.903241 0.065714
vt 0.665115 0.690239
vt 0.925202 0.355363
vt 0.924920 0.444753
vt 0.924916 0.595058
vt 0.924920 0.420510
vt 0.840312 0.702993
vt 0.818363 0.670951
vt 0.840312 0.737571
vt 0.818363 0.695195
vt 0.754007 0.751441
vt 0.838853 0.702993
vt 0.838853 0.737571
vt 0.754007 0.727198
vt 0.840268 0.705369
vt 0.816104 0.671686
vt 0.838897 0.705369
vt 0.751748 0.750706
vt 0.840268 0.735195
vt 0.816104 0.694460
vt 0.751748 0.727933
vt 0.838897 0.735195
vt 0.813611 0.672981
vt 0.840190 0.708177
vt 0.813611 0.693164
vt 0.840190 0.732387
vt 0.838975 0.732387
vt 0.749255 0.729228
vt 0.749255 0.749411
vt 0.838975 0.708177
vt 0.840073 0.711235
vt 0.811243 0.674921
vt 0.839092 0.711235
vt 0.746887 0.747472
vt 0.746887 0.731167
vt 0.839092 0.729328
vt 0.840073 0.729328
vt 0.811243 0.691225
vt 0.809285 0.688641
vt 0.839918 0.726090
vt 0.809285 0.677504
vt 0.839918 0.714474
vt 0.744928 0.733751
vt 0.839247 0.726090
vt 0.839247 0.714474
vt 0.744928 0.744888
vt 0.808003 0.680732
vt 0.839723 0.717941
vt 0.743647 0.741661
vt 0.839442 0.717941
vt 0.743647 0.736979
vt 0.839442 0.722623
vt 0.808003 0.685414
vt 0.839723 0.722623
vt 0.648002 0.668720
vt 0.755172 0.668177
vt 0.648002 0.703298
vt 0.755172 0.692421
vt 0.770970 0.692421
vt 0.646543 0.668720
vt 0.646543 0.703298
vt 0.770970 0.668177
vt 0.647957 0.671096
vt 0.752912 0.668912
vt 0.646587 0.671096
vt 0.768710 0.691686
vt 0.647957 0.700922
vt 0.752912 0.691686
vt 0.768710 0.668912
vt 0.646587 0.700922
vt 0.750419 0.670207
vt 0.647880 0.673904
vt 0.750419 0.690390
vt 0.647880 0.698114
vt 0.646665 0.698114
vt 0.766217 0.670207
vt 0.766217 0.690390
vt 0.646665 0.673904
vt 0.647763 0.676963
vt 0.748052 0.672147
vt 0.646782 0.676963
vt 0.763849 0.688451
vt 0.763849 0.672147
vt 0.646782 0.695056
vt 0.647763 0.695056
vt 0.748052 0.688451
vt 0.746093 0.685868
vt 0.647607 0.691817
vt 0.746093 0.674730
vt 0.647607 0.680201
vt 0.761891 0.674730
vt 0.646937 0.691817
vt 0.646937 0.680201
vt 0.761891 0.685868
vt 0.744812 0.677958
vt 0.647413 0.683668
vt 0.760610 0.682640
vt 0.647131 0.683668
vt 0.760610 0.677958
vt 0.647131 0.688350
vt 0.744812 0.682640
vt 0.647413 0.688350
vt 0.894168 0.383679
vt 0.691980 0.668177
vt 0.894168 0.418257
vt 0.691980 0.692421
vt 0.723576 0.692421
vt 0.892709 0.383679
vt 0.892709 0.418257
vt 0.723576 0.668177
vt 0.894124 0.386055
vt 0.689721 0.668912
vt 0.892754 0.386055
vt 0.721316 0.691686
vt 0.894124 0.415881
vt 0.689721 0.691686
vt 0.721316 0.668912
vt 0.892754 0.415881
vt 0.687228 0.670207
vt 0.894046 0.388863
vt 0.687228 0.690390
vt 0.894046 0.413073
vt 0.892832 0.413073
vt 0.718824 0.670207
vt 0.718824 0.690390
vt 0.892832 0.388863
vt 0.893929 0.391921
vt 0.684860 0.672147
vt 0.892948 0.391921
vt 0.716456 0.688451
vt 0.716456 0.672147
vt 0.892948 0.410014
vt 0.893929 0.410014
vt 0.684860 0.688451
vt 0.682901 0.685868
vt 0.893774 0.406776
vt 0.682901 0.674730
vt 0.893774 0.395160
vt 0.714497 0.674730
vt 0.893104 0.406776
vt 0.893104 0.395160
vt 0.714497 0.685868
vt 0.681620 0.677958
vt 0.893580 0.398627
vt 0.713216 0.682640
vt 0.893298 0.398627
vt 0.713216 0.677958
vt 0.893298 0.403309
vt 0.681620 0.682640
vt 0.893580 0.403309
vt 0.902067 0.383679
vt 0.707778 0.668177
vt 0.902067 0.418256
vt 0.707778 0.692421
vt 0.786767 0.692421
vt 0.900608 0.383679
vt 0.900608 0.418256
vt 0.786767 0.668177
vt 0.902023 0.386055
vt 0.705518 0.668912
vt 0.900653 0.386055
vt 0.784508 0.691686
vt 0.902023 0.415881
vt 0.705518 0.691686
vt 0.784508 0.668912
vt 0.900652 0.415881
vt 0.703026 0.670207
vt 0.901945 0.388863
vt 0.703026 0.690390
vt 0.901945 0.413073
vt 0.900730 0.413073
vt 0.782015 0.670207
vt 0.782015 0.690390
vt 0.900730 0.388863
vt 0.901828 0.391921
vt 0.700658 0.672147
vt 0.900847 0.391921
vt 0.779647 0.688451
vt 0.779647 0.672147
vt 0.900847 0.410014
vt 0.901828 0.410014
vt 0.700658 0.688451
vt 0.698699 0.685868
vt 0.901673 0.406776
vt 0.698699 0.674730
vt 0.901673 0.395160
vt 0.777689 0.674730
vt 0.901003 0.406776
vt 0.901003 0.395160
vt 0.777689 0.685868
vt 0.697418 0.677958
vt 0.901479 0.398627
vt 0.776408 0.682640
vt 0.901197 0.398627
vt 0.776408 0.677958
vt 0.901197 0.403309
vt 0.697418 0.682640
vt 0.901479 0.403309
vt 0.892710 0.046688
vt 0.606472 0.047931
vt 0.892709 0.049003
vt 0.880855 0.047719
vt 0.697426 0.723401
vt 0.885369 0.047725
vt 0.845399 0.047142
vt 0.697418 0.715067
vt 0.892709 0.113509
vt 0.892709 0.076430
vt 0.979964 0.310999
vt 0.979963 0.348078
vt 0.697419 0.710309
vt 0.697418 0.697663
vt 0.675647 0.671494
vt 0.675647 0.673809
vt 0.675647 0.675305
vt 0.675647 0.677075
vt 0.892709 0.365778
vt 0.892709 0.360430
vt 0.973115 0.349254
vt 0.974574 0.349254
vt 0.675647 0.678534
vt 0.892709 0.351536
vt 0.675647 0.690239
vt 0.675647 0.699221
vt 0.892709 0.378413
vt 0.675647 0.701668
vt 0.821109 0.047154
vt 0.979965 0.286383
vt 0.892709 0.312673
vt 0.892709 0.288429
vt 0.892709 0.138125
vt 0.355497 0.046688
vt 0.974580 0.111834
vt 0.331253 0.046688
vt 0.387568 0.046688
vt 0.974580 0.136077
vt 0.892709 0.050499
vt 0.357915 0.046688
vt 0.976998 0.111835
vt 0.892709 0.065714
vt 0.892709 0.347595
vt 0.892709 0.074414
vt 0.979329 0.285544
vt 0.979328 0.311838
vt 0.979333 0.110995
vt 0.383655 0.046688
vt 0.978493 0.136079
vt 0.976992 0.311838
vt 0.385150 0.046688
vt 0.976997 0.136078
vt 0.614947 0.668721
vt 0.614947 0.725779
vt 0.974575 0.310998
vt 0.614948 0.698746
vt 0.976993 0.286383
vt 0.614948 0.701163
vt 0.974576 0.286382
vt 0.675647 0.695286
vt 0.892709 0.070603
vt 0.956050 0.285545
vt 0.956049 0.311840
vt 0.956054 0.136919
vt 0.956054 0.110997
vt 0.638792 0.696201
vt 0.960131 0.111836
vt 0.675647 0.691944
vt 0.638792 0.720445
vt 0.960130 0.136079
vt 0.628260 0.696573
vt 0.960126 0.286384
vt 0.628260 0.721189
vt 0.960126 0.311000
vt 0.892709 0.067366
vt 0.892710 0.046688
vt 0.980802 0.350094
vt 0.606472 0.047931
vt 0.892709 0.049003
vt 0.978488 0.350094
vt 0.880855 0.047719
vt 0.980809 0.076913
vt 0.697426 0.723401
vt 0.885369 0.047725
vt 0.980809 0.072385
vt 0.980808 0.111835
vt 0.845399 0.047142
vt 0.697418 0.715067
vt 0.980809 0.064079
vt 0.953077 0.311001
vt 0.892709 0.113509
vt 0.953076 0.348080
vt 0.892709 0.076430
vt 0.980803 0.310999
vt 0.646082 0.047275
vt 0.980802 0.348078
vt 0.608480 0.047911
vt 0.697419 0.710309
vt 0.980809 0.059323
vt 0.697418 0.697663
vt 0.980809 0.046688
vt 0.675647 0.671494
vt 0.978494 0.046688
vt 0.675647 0.673809
vt 0.976998 0.046688
vt 0.675647 0.675305
vt 0.975228 0.046688
vt 0.675647 0.677075
vt 0.950635 0.059325
vt 0.892709 0.365778
vt 0.953083 0.064081
vt 0.892709 0.360430
vt 0.892709 0.054375
vt 0.973115 0.350093
vt 0.974574 0.350093
vt 0.892709 0.052916
vt 0.973769 0.046688
vt 0.675647 0.678534
vt 0.953083 0.072974
vt 0.892709 0.351536
vt 0.962064 0.046689
vt 0.675647 0.690239
vt 0.953083 0.046690
vt 0.675647 0.699221
vt 0.892709 0.378413
vt 0.950635 0.046690
vt 0.675647 0.701668
vt 0.980808 0.136079
vt 0.821109 0.047154
vt 0.980804 0.286383
vt 0.670749 0.047245
vt 0.953082 0.111837
vt 0.892709 0.312673
vt 0.892709 0.288429
vt 0.953082 0.136081
vt 0.953078 0.286385
vt 0.892709 0.138125
vt 0.976992 0.350094
vt 0.892709 0.050499
vt 0.961776 0.350095
vt 0.892709 0.065714
vt 0.953082 0.076915
vt 0.892709 0.347595
vt 0.953076 0.350096
vt 0.892709 0.074414
vt 0.957017 0.046690
vt 0.675647 0.695286
vt 0.892709 0.070603
vt 0.956888 0.350096
vt 0.960359 0.046689
vt 0.675647 0.691944
vt 0.960125 0.350095
vt 0.892709 0.067366
vt 0.979963 0.349255
vt 0.978488 0.349255
vt 0.979969 0.076913
vt 0.979969 0.072385
vt 0.979969 0.111835
vt 0.979969 0.064078
vt 0.953917 0.311001
vt 0.953915 0.348081
vt 0.979964 0.310999
vt 0.979963 0.348078
vt 0.979970 0.059323
vt 0.979970 0.047527
vt 0.978494 0.047527
vt 0.976998 0.047527
vt 0.975228 0.047527
vt 0.951474 0.059122
vt 0.953922 0.063877
vt 0.973115 0.349254
vt 0.974574 0.349254
vt 0.973769 0.047527
vt 0.953922 0.072974
vt 0.962064 0.047528
vt 0.953083 0.047529
vt 0.951474 0.047529
vt 0.979968 0.136079
vt 0.979965 0.286383
vt 0.953922 0.111837
vt 0.953921 0.136080
vt 0.953917 0.286385
vt 0.976992 0.349255
vt 0.961776 0.349255
vt 0.953922 0.076915
vt 0.953915 0.349257
vt 0.957017 0.047529
vt 0.956888 0.349256
vt 0.960359 0.047529
vt 0.960124 0.349256
vt 0.906015 0.046688
vt 0.606779 0.478974
vt 0.913780 0.350094
vt 0.906015 0.049003
vt 0.916095 0.350094
vt 0.881163 0.478795
vt 0.913774 0.076913
vt 0.778012 0.754221
vt 0.885677 0.478782
vt 0.913773 0.072385
vt 0.845707 0.479423
vt 0.913774 0.111835
vt 0.778020 0.745886
vt 0.913773 0.064079
vt 0.906015 0.113509
vt 0.941505 0.311001
vt 0.906015 0.076430
vt 0.941506 0.348080
vt 0.914549 0.310999
vt 0.914550 0.348078
vt 0.778019 0.741128
vt 0.913773 0.059323
vt 0.662341 0.671494
vt 0.778020 0.728482
vt 0.913773 0.046688
vt 0.662341 0.673809
vt 0.916088 0.046688
vt 0.662341 0.675305
vt 0.917584 0.046688
vt 0.662341 0.677075
vt 0.919354 0.046688
vt 0.906015 0.365778
vt 0.943947 0.059325
vt 0.906015 0.360430
vt 0.941499 0.064081
vt 0.921467 0.349323
vt 0.920008 0.349323
vt 0.662341 0.678534
vt 0.920813 0.046688
vt 0.906015 0.351536
vt 0.941500 0.072974
vt 0.662341 0.690239
vt 0.932518 0.046689
vt 0.662341 0.699221
vt 0.941499 0.046690
vt 0.906015 0.378413
vt 0.662341 0.701668
vt 0.943947 0.046690
vt 0.821417 0.479445
vt 0.913774 0.136079
vt 0.914548 0.286383
vt 0.906015 0.312673
vt 0.941500 0.111837
vt 0.906015 0.288429
vt 0.941500 0.136081
vt 0.906015 0.138125
vt 0.941504 0.286385
vt 0.796307 0.753054
vt 0.760542 0.708515
vt 0.920002 0.111834
vt 0.796307 0.728810
vt 0.773935 0.697676
vt 0.920003 0.136077
vt 0.906015 0.050499
vt 0.917591 0.350094
vt 0.760555 0.710932
vt 0.917584 0.111835
vt 0.906015 0.065714
vt 0.932806 0.350095
vt 0.906015 0.347595
vt 0.941500 0.076915
vt 0.906015 0.074414
vt 0.941506 0.350096
vt 0.915323 0.285613
vt 0.915324 0.311769
vt 0.915318 0.111065
vt 0.773915 0.701590
vt 0.383655 0.477653
vt 0.916089 0.136079
vt 0.917590 0.311769
vt 0.773923 0.700094
vt 0.917585 0.136078
vt 0.773868 0.708496
vt 0.785775 0.728682
vt 0.920007 0.310998
vt 0.760622 0.700094
vt 0.917589 0.286383
vt 0.760610 0.697676
vt 0.785775 0.753298
vt 0.920006 0.286382
vt 0.662341 0.695286
vt 0.937565 0.046690
vt 0.906015 0.070603
vt 0.937694 0.350096
vt 0.938463 0.285614
vt 0.938464 0.311770
vt 0.938459 0.136850
vt 0.938458 0.111066
vt 0.794986 0.697663
vt 0.806839 0.728810
vt 0.934452 0.111836
vt 0.662341 0.691944
vt 0.934223 0.046689
vt 0.806839 0.753054
vt 0.781674 0.697665
vt 0.934452 0.136079
vt 0.710731 0.722278
vt 0.792138 0.711680
vt 0.934456 0.286384
vt 0.781606 0.708465
vt 0.710731 0.697663
vt 0.934457 0.311000
vt 0.906015 0.067366
vt 0.934458 0.350095
vt 0.914549 0.310999
vt 0.915324 0.311769
vt 0.914550 0.348078
vt 0.916094 0.348078
vt 0.917590 0.311769
vt 0.917590 0.348078
vt 0.919354 0.076913
vt 0.917584 0.076913
vt 0.920008 0.348077
vt 0.920008 0.349323
vt 0.914548 0.286383
vt 0.915323 0.285613
vt 0.937694 0.348080
vt 0.940736 0.348081
vt 0.921467 0.349323
vt 0.921467 0.348077
vt 0.920813 0.076913
vt 0.921461 0.111833
vt 0.932800 0.111835
vt 0.921461 0.136077
vt 0.921465 0.286382
vt 0.921466 0.310998
vt 0.932800 0.136079
vt 0.932804 0.286384
vt 0.932805 0.310999
vt 0.916088 0.076913
vt 0.915318 0.111065
vt 0.917590 0.349324
vt 0.917584 0.111065
vt 0.932519 0.076914
vt 0.920772 0.111063
vt 0.916095 0.349324
vt 0.915319 0.136849
vt 0.920777 0.311767
vt 0.920772 0.136847
vt 0.920776 0.285611
vt 0.917585 0.136848
vt 0.917589 0.285613
vt 0.914544 0.111835
vt 0.914544 0.136079
vt 0.914544 0.076913
vt 0.941499 0.059325
vt 0.943177 0.059138
vt 0.914543 0.072385
vt 0.916088 0.072486
vt 0.914543 0.064078
vt 0.916088 0.064078
vt 0.914543 0.059323
vt 0.916088 0.059323
vt 0.916088 0.047458
vt 0.917584 0.072551
vt 0.917584 0.064078
vt 0.917584 0.059323
vt 0.917584 0.047458
vt 0.919354 0.072628
vt 0.919354 0.064078
vt 0.919354 0.059323
vt 0.919354 0.047458
vt 0.920813 0.072692
vt 0.920813 0.064078
vt 0.920813 0.059323
vt 0.920813 0.047458
vt 0.937565 0.072921
vt 0.940729 0.072974
vt 0.937565 0.064080
vt 0.940729 0.063894
vt 0.937565 0.059325
vt 0.941499 0.047460
vt 0.934458 0.348079
vt 0.940730 0.111837
vt 0.938458 0.111066
vt 0.940730 0.136080
vt 0.938459 0.136850
vt 0.940734 0.286385
vt 0.938463 0.285614
vt 0.940735 0.311001
vt 0.938464 0.311770
vt 0.940730 0.076915
vt 0.937565 0.076914
vt 0.934223 0.072875
vt 0.934223 0.064080
vt 0.934223 0.059324
vt 0.937565 0.047460
vt 0.937695 0.349326
vt 0.934224 0.076914
vt 0.932806 0.348079
vt 0.932518 0.072852
vt 0.932518 0.064080
vt 0.932518 0.059324
vt 0.933686 0.285614
vt 0.933682 0.136849
vt 0.933686 0.311770
vt 0.934223 0.047459
vt 0.933681 0.111065
vt 0.934458 0.349325
vt 0.932518 0.047459
vt 0.932806 0.349325
vt 0.914550 0.349324
vt 0.914543 0.047458
vt 0.943177 0.047460
vt 0.940736 0.349326
vt 0.000000 0.000000
vt 0.000000 0.000000
vt 0.000000 0.000000
vt 0.000000 0.000000
vt 0.000000 0.000000
vt 0.000000 0.000000
vt 0.000000 0.000000
vt 0.000000 0.000000
vt 0.000000 0.000000
vt 0.000000 0.000000
vt 0.000000 0.000000
vt 0.000000 0.000000
vt 0.000000 0.000000
vt 0.000000 0.000000
vt 0.000000 0.000000
vt 0.000000 0.000000
vt 0.000000 0.000000
vt 0.000000 0.000000
vt 0.000000 0.000000
vt 0.000000 0.000000
vt 0.000000 0.000000
vt 0.000000 0.000000
vt 0.000000 0.000000
vt 0.000000 0.000000
vt 0.000000 0.000000
vt 0.000000 0.000000
vt 0.000000 0.000000
vt 0.000000 0.000000
vt 0.000000 0.000000
vt 0.000000 0.000000
vt 0.000000 0.000000
vt 0.000000 0.000000
vt 0.000000 0.000000
vt 0.000000 0.000000
vt 0.000000 0.000000
vt 0.000000 0.000000
vt 0.000000 0.000000
vt 0.000000 0.000000
vt 0.000000 0.000000
vt 0.000000 0.000000
vt 0.000000 0.000000
vt 0.000000 0.000000
vt 0.000000 0.000000
vt 0.000000 0.000000
vt 0.000000 0.000000
vt 0.000000 0.000000
vt 0.000000 0.000000
vt 0.000000 0.000000
vt 0.000000 0.000000
vt 0.000000 0.000000
vt 0.000000 0.000000
vt 0.000000 0.000000
vt 0.000000 0.000000
vt 0.000000 0.000000
vt 0.000000 0.000000
vt 0.000000 0.000000
vt 0.000000 0.000000
vt 0.000000 0.000000
vt 0.000000 0.000000
vt 0.000000 0.000000
vt 0.000000 0.000000
vt 0.000000 0.000000
vt 0.000000 0.000000
vt 0.000000 0.000000
vt 0.000000 0.000000
vt 0.000000 0.000000
vt 0.000000 0.000000
vt 0.000000 0.000000
vt 0.000000 0.000000
vt 0.000000 0.000000
vt 0.000000 0.000000
vt 0.000000 0.000000
vt 0.000000 0.000000
vt 0.000000 0.000000
vt 0.000000 0.000000
vt 0.000000 0.000000
vt 0.000000 0.000000
vt 0.000000 0.000000
vt 0.000000 0.000000
vt 0.000000 0.000000
vt 0.000000 0.000000
vt 0.000000 0.000000
vt 0.000000 0.000000
vt 0.000000 0.000000
vt 0.000000 0.000000
vt 0.000000 0.000000
vt 0.000000 0.000000
vt 0.000000 0.000000
vt 0.000000 0.000000
vt 0.000000 0.000000
vt 0.000000 0.000000
vt 0.000000 0.000000
vt 0.000000 0.000000
vt 0.000000 0.000000
vt 0.000000 0.000000
vt 0.000000 0.000000
vt 0.000000 0.000000
vt 0.000000 0.000000
vt 0.000000 0.000000
vt 0.000000 0.000000
vt 0.000000 0.000000
vt 0.000000 0.000000
vt 0.000000 0.000000
vt 0.000000 0.000000
vt 0.000000 0.000000
vt 0.000000 0.000000
vt 0.000000 0.000000
vt 0.000000 0.000000
vt 0.000000 0.000000
vt 0.000000 0.000000
vt 0.000000 0.000000
vt 0.000000 0.000000
vt 0.000000 0.000000
vt 0.000000 0.000000
vt 0.000000 0.000000
vt 0.000000 0.000000
vt 0.000000 0.000000
vt 0.000000 0.000000
vt 0.000000 0.000000
vt 0.000000 0.000000
vt 0.000000 0.000000
vt 0.000000 0.000000
vt 0.000000 0.000000
vt 0.000000 0.000000
vt 0.000000 0.000000
vt 0.000000 0.000000
vt 0.000000 0.000000
vt 0.000000 0.000000
vt 0.000000 0.000000
vt 0.000000 0.000000
vt 0.000000 0.000000
vt 0.000000 0.000000
vt 0.000000 0.000000
vt 0.000000 0.000000
vt 0.000000 0.000000
vt 0.000000 0.000000
vt 0.000000 0.000000
vt 0.000000 0.000000
vt 0.000000 0.000000
vt 0.000000 0.000000
vt 0.000000 0.000000
vt 0.000000 0.000000
vt 0.000000 0.000000
vt 0.000000 0.000000
vt 0.000000 0.000000
vt 0.000000 0.000000
vt 0.000000 0.000000
vt 0.000000 0.000000
vt 0.000000 0.000000
vt 0.000000 0.000000
vt 0.000000 0.000000
vt 0.000000 0.000000
vt 0.000000 0.000000
vt 0.000000 0.000000
vt 0.000000 0.000000
vt 0.000000 0.000000
vt 0.000000 0.000000
vt 0.000000 0.000000
vt 0.000000 0.000000
vt 0.000000 0.000000
vt 0.000000 0.000000
vt 0.000000 0.000000
vt 0.000000 0.000000
vt 0.000000 0.000000
vt 0.000000 0.000000
vt 0.000000 0.000000
vt 0.000000 0.000000
vt 0.000000 0.000000
vt 0.000000 0.000000
vt 0.000000 0.000000
vt 0.000000 0.000000
vt 0.000000 0.000000
vt 0.000000 0.000000
vt 0.000000 0.000000
vt 0.000000 0.000000
vt 0.000000 0.000000
vt 0.000000 0.000000
vt 0.000000 0.000000
vt 0.000000 0.000000
vt 0.000000 0.000000
vt 0.000000 0.000000
vt 0.000000 0.000000
vt 0.000000 0.000000
vt 0.000000 0.000000
vt 0.000000 0.000000
vt 0.000000 0.000000
vt 0.000000 0.000000
vt 0.000000 0.000000
vt 0.000000 0.000000
vt 0.000000 0.000000
vt 0.000000 0.000000
vt 0.000000 0.000000
vt 0.000000 0.000000
vt 0.000000 0.000000
vt 0.000000 0.000000
vt 0.000000 0.000000
vt 0.000000 0.000000
vt 0.000000 0.000000
vt 0.000000 0.000000
vt 0.000000 0.000000
vt 0.000000 0.000000
vt 0.000000 0.000000
vt 0.000000 0.000000
vt 0.000000 0.000000
vt 0.000000 0.000000
vt 0.000000 0.000000
vt 0.000000 0.000000
vt 0.000000 0.000000
vt 0.000000 0.000000
vt 0.000000 0.000000
vt 0.000000 0.000000
vt 0.000000 0.000000
vt 0.000000 0.000000
vt 0.000000 0.000000
vt 0.000000 0.000000
vt 0.000000 0.000000
vt 0.000000 0.000000
vt 0.000000 0.000000
vt 0.000000 0.000000
vt 0.000000 0.000000
vt 0.000000 0.000000
vt 0.000000 0.000000
vt 0.000000 0.000000
vt 0.000000 0.000000
vt 0.000000 0.000000
vt 0.000000 0.000000
vt 0.000000 0.000000
vt 0.000000 0.000000
vt 0.000000 0.000000
vt 0.000000 0.000000
vt 0.000000 0.000000
vt 0.000000 0.000000
vt 0.000000 0.000000
vt 0.000000 0.000000
vt 0.000000 0.000000
vt 0.000000 0.000000
vt 0.000000 0.000000
vt 0.000000 0.000000
vt 0.000000 0.000000
vt 0.000000 0.000000
vt 0.000000 0.000000
vt 0.000000 0.000000
vt 0.000000 0.000000
vt 0.000000 0.000000
vt 0.000000 0.000000
vt 0.000000 0.000000
vt 0.000000 0.000000
vt 0.000000 0.000000
vt 0.000000 0.000000
vt 0.000000 0.000000
vt 0.000000 0.000000
vt 0.000000 0.000000
vt 0.000000 0.000000
vt 0.000000 0.000000
vt 0.000000 0.000000
vt 0.000000 0.000000
vt 0.000000 0.000000
vt 0.000000 0.000000
vt 0.000000 0.000000
vt 0.000000 0.000000
vt 0.000000 0.000000
vt 0.000000 0.000000
vt 0.000000 0.000000
vt 0.000000 0.000000
vt 0.000000 0.000000
vt 0.000000 0.000000
vt 0.000000 0.000000
vt 0.000000 0.000000
vt 0.000000 0.000000
vt 0.000000 0.000000
vt 0.000000 0.000000
vt 0.000000 0.000000
vt 0.000000 0.000000
vt 0.000000 0.000000
vt 0.000000 0.000000
vt 0.000000 0.000000
vt 0.000000 0.000000
vt 0.000000 0.000000
vt 0.000000 0.000000
vt 0.000000 0.000000
vt 0.000000 0.000000
vt 0.000000 0.000000
vt 0.000000 0.000000
vt 0.000000 0.000000
vt 0.000000 0.000000
vt 0.000000 0.000000
vt 0.000000 0.000000
vt 0.000000 0.000000
vt 0.000000 0.000000
vt 0.000000 0.000000
vt 0.000000 0.000000
vt 0.000000 0.000000
vt 0.000000 0.000000
vt 0.000000 0.000000
vt 0.000000 0.000000
vt 0.000000 0.000000
vt 0.000000 0.000000
vt 0.000000 0.000000
vt 0.000000 0.000000
vt 0.000000 0.000000
vt 0.000000 0.000000
vt 0.000000 0.000000
vt 0.000000 0.000000
vt 0.000000 0.000000
vt 0.000000 0.000000
vt 0.000000 0.000000
vt 0.000000 0.000000
vt 0.000000 0.000000
vt 0.000000 0.000000
vt 0.000000 0.000000
vt 0.000000 0.000000
vt 0.000000 0.000000
vt 0.000000 0.000000
vt 0.000000 0.000000
vt 0.000000 0.000000
vt 0.000000 0.000000
vt 0.000000 0.000000
vt 0.000000 0.000000
vt 0.000000 0.000000
vt 0.000000 0.000000
vt 0.000000 0.000000
vt 0.000000 0.000000
vt 0.000000 0.000000
vt 0.000000 0.000000
vt 0.000000 0.000000
vt 0.000000 0.000000
vt 0.000000 0.000000
vt 0.000000 0.000000
vt 0.000000 0.000000
vt 0.000000 0.000000
vt 0.000000 0.000000
vt 0.000000 0.000000
vt 0.000000 0.000000
vt 0.000000 0.000000
vt 0.000000 0.000000
vt 0.000000 0.000000
vt 0.000000 0.000000
vt 0.000000 0.000000
vt 0.000000 0.000000
vt 0.000000 0.000000
vt 0.000000 0.000000
vt 0.000000 0.000000
vt 0.000000 0.000000
vt 0.000000 0.000000
vt 0.000000 0.000000
vt 0.000000 0.000000
vt 0.000000 0.000000
vt 0.000000 0.000000
vt 0.000000 0.000000
vt 0.000000 0.000000
vt 0.000000 0.000000
vt 0.000000 0.000000
vt 0.000000 0.000000
vt 0.000000 0.000000
vt 0.000000 0.000000
vt 0.000000 0.000000
vt 0.000000 0.000000
vt 0.000000 0.000000
vt 0.000000 0.000000
vt 0.000000 0.000000
vt 0.000000 0.000000
vt 0.000000 0.000000
vt 0.000000 0.000000
vt 0.000000 0.000000
vt 0.000000 0.000000
vt 0.000000 0.000000
vt 0.000000 0.000000
vt 0.000000 0.000000
vt 0.000000 0.000000
vt 0.000000 0.000000
vt 0.000000 0.000000
vt 0.000000 0.000000
vt 0.000000 0.000000
vt 0.000000 0.000000
vt 0.000000 0.000000
vt 0.000000 0.000000
vt 0.000000 0.000000
vt 0.000000 0.000000
vt 0.000000 0.000000
vt 0.000000 0.000000
vt 0.000000 0.000000
vt 0.000000 0.000000
vt 0.000000 0.000000
vt 0.000000 0.000000
vt 0.000000 0.000000
vt 0.000000 0.000000
vt 0.000000 0.000000
vt 0.000000 0.000000
vt 0.000000 0.000000
vt 0.000000 0.000000
vt 0.000000 0.000000
vt 0.000000 0.000000
vt 0.000000 0.000000
vt 0.000000 0.000000
vt 0.000000 0.000000
vt 0.000000 0.000000
vt 0.000000 0.000000
vt 0.000000 0.000000
vt 0.000000 0.000000
vt 0.000000 0.000000
vt 0.000000 0.000000
vt 0.000000 0.000000
vt 0.000000 0.000000
vt 0.000000 0.000000
vt 0.000000 0.000000
vt 0.000000 0.000000
vt 0.000000 0.000000
vt 0.000000 0.000000
vt 0.000000 0.000000
vt 0.000000 0.000000
vt 0.000000 0.000000
vt 0.000000 0.000000
vt 0.000000 0.000000
vt 0.000000 0.000000
vt 0.000000 0.000000
vt 0.000000 0.000000
vt 0.000000 0.000000
vt 0.000000 0.000000
vt 0.000000 0.000000
vt 0.000000 0.000000
vt 0.000000 0.000000
vt 0.000000 0.000000
vt 0.000000 0.000000
vt 0.000000 0.000000
vt 0.000000 0.000000
vt 0.000000 0.000000
vt 0.000000 0.000000
vt 0.000000 0.000000
vt 0.000000 0.000000
vt 0.000000 0.000000
vt 0.000000 0.000000
vt 0.000000 0.000000
vt 0.000000 0.000000
vt 0.000000 0.000000
vt 0.000000 0.000000
vt 0.000000 0.000000
vt 0.000000 0.000000
vt 0.000000 0.000000
vt 0.000000 0.000000
vt 0.000000 0.000000
vt 0.000000 0.000000
vt 0.000000 0.000000
vt 0.000000 0.000000
vt 0.000000 0.000000
vt 0.000000 0.000000
vt 0.000000 0.000000
vt 0.000000 0.000000
vt 0.000000 0.000000
vt 0.000000 0.000000
vt 0.000000 0.000000
vt 0.000000 0.000000
vt 0.000000 0.000000
vt 0.000000 0.000000
vt 0.000000 0.000000
vt 0.000000 0.000000
vt 0.000000 0.000000
vt 0.000000 0.000000
vt 0.000000 0.000000
vt 0.000000 0.000000
vt 0.000000 0.000000
vt 0.000000 0.000000
vt 0.000000 0.000000
vt 0.000000 0.000000
vt 0.000000 0.000000
vt 0.000000 0.000000
vt 0.000000 0.000000
vt 0.000000 0.000000
vt 0.000000 0.000000
vt 0.000000 0.000000
vt 0.000000 0.000000
vt 0.000000 0.000000
vt 0.000000 0.000000
vt 0.000000 0.000000
vt 0.000000 0.000000
vt 0.000000 0.000000
vt 0.000000 0.000000
vt 0.000000 0.000000
vt 0.000000 0.000000
vt 0.000000 0.000000
vt 0.000000 0.000000
vt 0.000000 0.000000
vt 0.000000 0.000000
vt 0.000000 0.000000
vt 0.000000 0.000000
vt 0.000000 0.000000
vt 0.000000 0.000000
vt 0.000000 0.000000
vt 0.000000 0.000000
vt 0.000000 0.000000
vt 0.000000 0.000000
vt 0.000000 0.000000
vt 0.000000 0.000000
vt 0.000000 0.000000
vt 0.000000 0.000000
vt 0.000000 0.000000
vt 0.000000 0.000000
vt 0.000000 0.000000
vt 0.000000 0.000000
vt 0.000000 0.000000
vt 0.000000 0.000000
vt 0.000000 0.000000
vt 0.000000 0.000000
vt 0.000000 0.000000
vt 0.000000 0.000000
vt 0.000000 0.000000
vt 0.000000 0.000000
vt 0.000000 0.000000
vt 0.000000 0.000000
vt 0.000000 0.000000
vt 0.000000 0.000000
vt 0.000000 0.000000
vt 0.000000 0.000000
vt 0.000000 0.000000
vt 0.000000 0.000000
vt 0.000000 0.000000
vt 0.000000 0.000000
vt 0.000000 0.000000
vt 0.000000 0.000000
vt 0.000000 0.000000
vt 0.000000 0.000000
vt 0.000000 0.000000
vt 0.000000 0.000000
vt 0.000000 0.000000
vt 0.000000 0.000000
vt 0.000000 0.000000
vt 0.000000 0.000000
vt 0.000000 0.000000
vt 0.000000 0.000000
vt 0.000000 0.000000
vt 0.000000 0.000000
vt 0.000000 0.000000
vt 0.000000 0.000000
vt 0.000000 0.000000
vt 0.000000 0.000000
vt 0.000000 0.000000
vt 0.000000 0.000000
vt 0.000000 0.000000
vt 0.000000 0.000000
vt 0.000000 0.000000
vt 0.000000 0.000000
vt 0.000000 0.000000
vt 0.000000 0.000000
vt 0.000000 0.000000
vt 0.000000 0.000000
vt 0.000000 0.000000
vt 0.000000 0.000000
vt 0.000000 0.000000
vt 0.000000 0.000000
vt 0.000000 0.000000
vt 0.000000 0.000000
vt 0.000000 0.000000
vt 0.000000 0.000000
vt 0.000000 0.000000
vt 0.000000 0.000000
vt 0.000000 0.000000
vt 0.000000 0.000000
vt 0.000000 0.000000
vt 0.000000 0.000000
vt 0.000000 0.000000
vt 0.000000 0.000000
vt 0.000000 0.000000
vt 0.000000 0.000000
vt 0.000000 0.000000
vt 0.000000 0.000000
vt 0.000000 0.000000
vt 0.000000 0.000000
vt 0.000000 0.000000
vt 0.000000 0.000000
vt 0.000000 0.000000
vt 0.000000 0.000000
vt 0.000000 0.000000
vt 0.000000 0.000000
vt 0.000000 0.000000
vt 0.000000 0.000000
vt 0.000000 0.000000
vt 0.000000 0.000000
vt 0.000000 0.000000
vt 0.000000 0.000000
vt 0.000000 0.000000
vt 0.000000 0.000000
vt 0.000000 0.000000
vt 0.000000 0.000000
vt 0.000000 0.000000
vt 0.000000 0.000000
vt 0.000000 0.000000
vt 0.000000 0.000000
vt 0.000000 0.000000
vt 0.000000 0.000000
vt 0.000000 0.000000
vt 0.000000 0.000000
vt 0.000000 0.000000
vt 0.000000 0.000000
vt 0.000000 0.000000
vt 0.000000 0.000000
vt 0.000000 0.000000
vt 0.000000 0.000000
vt 0.000000 0.000000
vt 0.000000 0.000000
vt 0.000000 0.000000
vt 0.000000 0.000000
vt 0.000000 0.000000
vt 0.000000 0.000000
vt 0.000000 0.000000
vt 0.000000 0.000000
vt 0.000000 0.000000
vt 0.000000 0.000000
vt 0.000000 0.000000
vt 0.000000 0.000000
vt 0.000000 0.000000
vt 0.000000 0.000000
vt 0.000000 0.000000
vt 0.000000 0.000000
vt 0.000000 0.000000
vt 0.000000 0.000000
vt 0.000000 0.000000
vt 0.000000 0.000000
vt 0.000000 0.000000
vt 0.000000 0.000000
vt 0.000000 0.000000
vt 0.000000 0.000000
vt 0.000000 0.000000
vt 0.000000 0.000000
vt 0.000000 0.000000
vt 0.000000 0.000000
vt 0.000000 0.000000
vt 0.000000 0.000000
vt 0.000000 0.000000
vt 0.000000 0.000000
vt 0.000000 0.000000
vt 0.000000 0.000000
vt 0.000000 0.000000
vt 0.000000 0.000000
vt 0.000000 0.000000
vt 0.000000 0.000000
vt 0.000000 0.000000
vt 0.000000 0.000000
vt 0.000000 0.000000
vt 0.000000 0.000000
vt 0.000000 0.000000
vt 0.000000 0.000000
vt 0.000000 0.000000
vt 0.000000 0.000000
vt 0.000000 0.000000
vt 0.000000 0.000000
vt 0.000000 0.000000
vt 0.000000 0.000000
vt 0.000000 0.000000
vt 0.000000 0.000000
vt 0.000000 0.000000
vt 0.000000 0.000000
vt 0.000000 0.000000
vt 0.000000 0.000000
vt 0.000000 0.000000
vt 0.000000 0.000000
vt 0.000000 0.000000
vt 0.000000 0.000000
vt 0.000000 0.000000
vt 0.000000 0.000000
vt 0.000000 0.000000
vt 0.000000 0.000000
vt 0.000000 0.000000
vt 0.000000 0.000000
vt 0.000000 0.000000
vt 0.000000 0.000000
vt 0.000000 0.000000
vt 0.000000 0.000000
vt 0.000000 0.000000
vt 0.000000 0.000000
vt 0.000000 0.000000
vt 0.000000 0.000000
vt 0.000000 0.000000
vt 0.000000 0.000000
vt 0.000000 0.000000
vt 0.000000 0.000000
vt 0.000000 0.000000
vt 0.000000 0.000000
vt 0.000000 0.000000
vt 0.000000 0.000000
vt 0.000000 0.000000
vt 0.000000 0.000000
vt 0.000000 0.000000
vt 0.000000 0.000000
vt 0.000000 0.000000
vt 0.000000 0.000000
vt 0.000000 0.000000
vt 0.000000 0.000000
vt 0.000000 0.000000
vt 0.000000 0.000000
vt 0.000000 0.000000
vt 0.000000 0.000000
vt 0.000000 0.000000
vt 0.000000 0.000000
vt 0.000000 0.000000
vt 0.000000 0.000000
vt 0.000000 0.000000
vt 0.000000 0.000000
vt 0.000000 0.000000
vt 0.000000 0.000000
vt 0.000000 0.000000
vt 0.000000 0.000000
vt 0.000000 0.000000
vt 0.000000 0.000000
vt 0.000000 0.000000
vt 0.000000 0.000000
vt 0.000000 0.000000
vt 0.000000 0.000000
vt 0.000000 0.000000
vt 0.000000 0.000000
vt 0.000000 0.000000
vt 0.000000 0.000000
vt 0.000000 0.000000
vt 0.000000 0.000000
vt 0.000000 0.000000
vt 0.000000 0.000000
vt 0.000000 0.000000
vt 0.000000 0.000000
vt 0.000000 0.000000
vt 0.000000 0.000000
vt 0.000000 0.000000
vt 0.000000 0.000000
vt 0.000000 0.000000
vt 0.000000 0.000000
vt 0.000000 0.000000
vt 0.000000 0.000000
vt 0.000000 0.000000
vt 0.000000 0.000000
vt 0.000000 0.000000
vt 0.000000 0.000000
vt 0.000000 0.000000
vt 0.000000 0.000000
vt 0.000000 0.000000
vt 0.000000 0.000000
vt 0.000000 0.000000
vt 0.000000 0.000000
vt 0.000000 0.000000
vt 0.000000 0.000000
vt 0.000000 0.000000
vt 0.000000 0.000000
vt 0.000000 0.000000
vt 0.000000 0.000000
vt 0.000000 0.000000
vt 0.000000 0.000000
vt 0.000000 0.000000
vt 0.000000 0.000000
vt 0.000000 0.000000
vt 0.000000 0.000000
vt 0.000000 0.000000
vt 0.000000 0.000000
vt 0.000000 0.000000
vt 0.000000 0.000000
vt 0.000000 0.000000
vt 0.000000 0.000000
vt 0.000000 0.000000
vt 0.000000 0.000000
vt 0.000000 0.000000
vt 0.000000 0.000000
vt 0.000000 0.000000
vt 0.000000 0.000000
vt 0.000000 0.000000
vt 0.000000 0.000000
vt 0.000000 0.000000
vt 0.000000 0.000000
vt 0.000000 0.000000
vt 0.000000 0.000000
vt 0.000000 0.000000
vt 0.000000 0.000000
vt 0.000000 0.000000
vt 0.000000 0.000000
vt 0.000000 0.000000
vt 0.000000 0.000000
vt 0.000000 0.000000
vt 0.000000 0.000000
vt 0.000000 0.000000
vt 0.000000 0.000000
vt 0.000000 0.000000
vt 0.000000 0.000000
vt 0.000000 0.000000
vt 0.000000 0.000000
vt 0.000000 0.000000
vt 0.000000 0.000000
vt 0.000000 0.000000
vt 0.000000 0.000000
vt 0.000000 0.000000
vt 0.000000 0.000000
vt 0.000000 0.000000
vt 0.000000 0.000000
vt 0.000000 0.000000
vt 0.000000 0.000000
vt 0.000000 0.000000
vt 0.000000 0.000000
vt 0.000000 0.000000
vt 0.000000 0.000000
vt 0.000000 0.000000
vt 0.000000 0.000000
vt 0.000000 0.000000
vt 0.000000 0.000000
vt 0.000000 0.000000
vt 0.000000 0.000000
vt 0.000000 0.000000
vt 0.000000 0.000000
vt 0.000000 0.000000
vt 0.000000 0.000000
vt 0.000000 0.000000
vt 0.000000 0.000000
vt 0.000000 0.000000
vt 0.000000 0.000000
vt 0.000000 0.000000
vt 0.000000 0.000000
vt 0.000000 0.000000
vt 0.000000 0.000000
vt 0.000000 0.000000
vt 0.000000 0.000000
vt 0.000000 0.000000
vt 0.000000 0.000000
vt 0.000000 0.000000
vt 0.000000 0.000000
vt 0.000000 0.000000
vt 0.000000 0.000000
vt 0.000000 0.000000
vt 0.000000 0.000000
vt 0.000000 0.000000
vt 0.000000 0.000000
vt 0.000000 0.000000
vt 0.000000 0.000000
vt 0.000000 0.000000
vt 0.000000 0.000000
vt 0.000000 0.000000
vt 0.000000 0.000000
vt 0.000000 0.000000
vt 0.000000 0.000000
vt 0.000000 0.000000
vt 0.000000 0.000000
vt 0.000000 0.000000
vt 0.000000 0.000000
vt 0.000000 0.000000
vt 0.000000 0.000000
vt 0.000000 0.000000
vt 0.000000 0.000000
vt 0.000000 0.000000
vt 0.000000 0.000000
vt 0.000000 0.000000
vt 0.000000 0.000000
vt 0.000000 0.000000
vt 0.000000 0.000000
vt 0.000000 0.000000
vt 0.000000 0.000000
vt 0.000000 0.000000
vt 0.000000 0.000000
vt 0.000000 0.000000
vt 0.000000 0.000000
vt 0.000000 0.000000
vt 0.000000 0.000000
vt 0.000000 0.000000
vt 0.000000 0.000000
vt 0.000000 0.000000
vt 0.000000 0.000000
vt 0.000000 0.000000
vt 0.000000 0.000000
vt 0.000000 0.000000
vt 0.000000 0.000000
vt 0.000000 0.000000
vt 0.000000 0.000000
vt 0.000000 0.000000
vt 0.000000 0.000000
vt 0.000000 0.000000
vt 0.000000 0.000000
vt 0.000000 0.000000
vt 0.000000 0.000000
vt 0.000000 0.000000
vt 0.000000 0.000000
vt 0.000000 0.000000
vt 0.000000 0.000000
vt 0.000000 0.000000
vt 0.000000 0.000000
vt 0.000000 0.000000
vt 0.000000 0.000000
vt 0.000000 0.000000
vt 0.000000 0.000000
vt 0.000000 0.000000
vt 0.000000 0.000000
vt 0.000000 0.000000
vt 0.000000 0.000000
vt 0.000000 0.000000
vt 0.000000 0.000000
vt 0.000000 0.000000
vt 0.000000 0.000000
vt 0.000000 0.000000
vt 0.000000 0.000000
vt 0.000000 0.000000
vt 0.000000 0.000000
vt 0.000000 0.000000
vt 0.000000 0.000000
vt 0.000000 0.000000
vt 0.000000 0.000000
vt 0.000000 0.000000
vt 0.000000 0.000000
vt 0.000000 0.000000
vt 0.000000 0.000000
vt 0.000000 0.000000
vt 0.000000 0.000000
vt 0.000000 0.000000
vt 0.000000 0.000000
vt 0.000000 0.000000
vt 0.000000 0.000000
vt 0.000000 0.000000
vt 0.000000 0.000000
vt 0.000000 0.000000
vt 0.000000 0.000000
vt 0.000000 0.000000
vt 0.000000 0.000000
vt 0.000000 0.000000
vt 0.000000 0.000000
vt 0.000000 0.000000
vt 0.000000 0.000000
vt 0.000000 0.000000
vt 0.000000 0.000000
vt 0.000000 0.000000
vt 0.000000 0.000000
vt 0.000000 0.000000
vt 0.000000 0.000000
vt 0.000000 0.000000
vt 0.000000 0.000000
vt 0.000000 0.000000
vt 0.000000 0.000000
vt 0.000000 0.000000
vt 0.000000 0.000000
vt 0.000000 0.000000
vt 0.000000 0.000000
vt 0.000000 0.000000
vt 0.000000 0.000000
vt 0.000000 0.000000
vt 0.000000 0.000000
vt 0.000000 0.000000
vt 0.000000 0.000000
vt 0.000000 0.000000
vt 0.000000 0.000000
vt 0.000000 0.000000
vt 0.000000 0.000000
vt 0.000000 0.000000
vt 0.000000 0.000000
vt 0.000000 0.000000
vt 0.000000 0.000000
vt 0.000000 0.000000
vt 0.000000 0.000000
vt 0.000000 0.000000
vt 0.000000 0.000000
vt 0.000000 0.000000
vt 0.000000 0.000000
vt 0.000000 0.000000
vt 0.000000 0.000000
vt 0.000000 0.000000
vt 0.000000 0.000000
vt 0.000000 0.000000
vt 0.000000 0.000000
vt 0.000000 0.000000
vt 0.000000 0.000000
vt 0.000000 0.000000
vt 0.000000 0.000000
vt 0.000000 0.000000
vt 0.000000 0.000000
vt 0.000000 0.000000
vt 0.000000 0.000000
vt 0.000000 0.000000
vt 0.000000 0.000000
vt 0.000000 0.000000
vt 0.000000 0.000000
vt 0.000000 0.000000
vt 0.000000 0.000000
vt 0.000000 0.000000
vt 0.000000 0.000000
vt 0.000000 0.000000
vt 0.000000 0.000000
vt 0.000000 0.000000
vt 0.000000 0.000000
vt 0.000000 0.000000
vt 0.000000 0.000000
vt 0.000000 0.000000
vt 0.000000 0.000000
vt 0.000000 0.000000
vt 0.000000 0.000000
vt 0.000000 0.000000
vt 0.000000 0.000000
vt 0.000000 0.000000
vt 0.000000 0.000000
vt 0.000000 0.000000
vt 0.000000 0.000000
vt 0.000000 0.000000
vt 0.000000 0.000000
vt 0.000000 0.000000
vt 0.000000 0.000000
vt 0.000000 0.000000
vt 0.000000 0.000000
vt 0.000000 0.000000
vt 0.000000 0.000000
vt 0.000000 0.000000
vt 0.000000 0.000000
vt 0.000000 0.000000
vt 0.000000 0.000000
vt 0.000000 0.000000
vt 0.000000 0.000000
vt 0.000000 0.000000
vt 0.000000 0.000000
vt 0.000000 0.000000
vt 0.000000 0.000000
vt 0.000000 0.000000
vt 0.000000 0.000000
vt 0.000000 0.000000
vt 0.000000 0.000000
vt 0.000000 0.000000
vt 0.000000 0.000000
vt 0.000000 0.000000
vt 0.000000 0.000000
vt 0.000000 0.000000
vt 0.000000 0.000000
vt 0.000000 0.000000
vt 0.000000 0.000000
vt 0.000000 0.000000
vt 0.000000 0.000000
vt 0.000000 0.000000
vt 0.000000 0.000000
vt 0.000000 0.000000
vt 0.000000 0.000000
vt 0.000000 0.000000
vt 0.000000 0.000000
vt 0.000000 0.000000
vt 0.000000 0.000000
vt 0.000000 0.000000
vt 0.000000 0.000000
vt 0.000000 0.000000
vt 0.000000 0.000000
vt 0.000000 0.000000
vt 0.000000 0.000000
vt 0.000000 0.000000
vt 0.000000 0.000000
vt 0.000000 0.000000
vt 0.000000 0.000000
vt 0.000000 0.000000
vt 0.000000 0.000000
vt 0.000000 0.000000
vt 0.000000 0.000000
vt 0.000000 0.000000
vt 0.000000 0.000000
vt 0.000000 0.000000
vt 0.000000 0.000000
vt 0.000000 0.000000
vt 0.000000 0.000000
vt 0.000000 0.000000
vt 0.000000 0.000000
vt 0.000000 0.000000
vt 0.000000 0.000000
vt 0.000000 0.000000
vt 0.000000 0.000000
vt 0.000000 0.000000
vt 0.000000 0.000000
vt 0.000000 0.000000
vt 0.000000 0.000000
vt 0.000000 0.000000
vt 0.000000 0.000000
vt 0.000000 0.000000
vt 0.000000 0.000000
vt 0.000000 0.000000
vt 0.000000 0.000000
vt 0.000000 0.000000
vt 0.000000 0.000000
vt 0.000000 0.000000
vt 0.000000 0.000000
vt 0.000000 0.000000
vt 0.000000 0.000000
vt 0.000000 0.000000
vt 0.000000 0.000000
vt 0.000000 0.000000
vt 0.000000 0.000000
vt 0.000000 0.000000
vt 0.000000 0.000000
vt 0.000000 0.000000
vt 0.000000 0.000000
vt 0.000000 0.000000
vt 0.000000 0.000000
vt 0.000000 0.000000
vt 0.000000 0.000000
vt 0.000000 0.000000
vt 0.000000 0.000000
vt 0.000000 0.000000
vt 0.000000 0.000000
vt 0.000000 0.000000
vt 0.000000 0.000000
vt 0.000000 0.000000
vt 0.000000 0.000000
vt 0.000000 0.000000
vt 0.000000 0.000000
vt 0.000000 0.000000
vt 0.000000 0.000000
vt 0.000000 0.000000
vt 0.000000 0.000000
vt 0.000000 0.000000
vt 0.000000 0.000000
vt 0.000000 0.000000
vt 0.000000 0.000000
vt 0.000000 0.000000
vt 0.000000 0.000000
vt 0.000000 0.000000
vt 0.000000 0.000000
vt 0.000000 0.000000
vt 0.000000 0.000000
vt 0.000000 0.000000
vt 0.000000 0.000000
vt 0.000000 0.000000
vt 0.000000 0.000000
vt 0.000000 0.000000
vt 0.000000 0.000000
vt 0.000000 0.000000
vt 0.000000 0.000000
vt 0.000000 0.000000
vt 0.000000 0.000000
vt 0.000000 0.000000
vt 0.000000 0.000000
vt 0.000000 0.000000
vt 0.000000 0.000000
vt 0.000000 0.000000
vt 0.000000 0.000000
vt 0.000000 0.000000
vt 0.000000 0.000000
vt 0.000000 0.000000
vt 0.000000 0.000000
vt 0.000000 0.000000
vt 0.000000 0.000000
vt 0.000000 0.000000
vt 0.000000 0.000000
vt 0.000000 0.000000
vt 0.000000 0.000000
vt 0.000000 0.000000
vt 0.000000 0.000000
vt 0.000000 0.000000
vt 0.000000 0.000000
vt 0.000000 0.000000
vt 0.000000 0.000000
vt 0.000000 0.000000
vt 0.000000 0.000000
vt 0.000000 0.000000
vt 0.000000 0.000000
vt 0.000000 0.000000
vt 0.000000 0.000000
vt 0.000000 0.000000
vt 0.000000 0.000000
vt 0.000000 0.000000
vt 0.000000 0.000000
vt 0.000000 0.000000
vt 0.000000 0.000000
vt 0.000000 0.000000
vt 0.000000 0.000000
vt 0.000000 0.000000
vt 0.000000 0.000000
vt 0.000000 0.000000
vt 0.000000 0.000000
vt 0.000000 0.000000
vt 0.000000 0.000000
vt 0.000000 0.000000
vt 0.000000 0.000000
vt 0.000000 0.000000
vt 0.000000 0.000000
vt 0.000000 0.000000
vt 0.000000 0.000000
vt 0.000000 0.000000
vt 0.000000 0.000000
vt 0.000000 0.000000
vt 0.000000 0.000000
vt 0.000000 0.000000
vt 0.000000 0.000000
vt 0.000000 0.000000
vt 0.000000 0.000000
vt 0.000000 0.000000
vt 0.000000 0.000000
vt 0.000000 0.000000
vt 0.000000 0.000000
vt 0.000000 0.000000
vt 0.000000 0.000000
vt 0.000000 0.000000
vt 0.000000 0.000000
vt 0.000000 0.000000
vt 0.000000 0.000000
vt 0.000000 0.000000
vt 0.000000 0.000000
vt 0.000000 0.000000
vt 0.000000 0.000000
vt 0.000000 0.000000
vt 0.000000 0.000000
vt 0.000000 0.000000
vt 0.000000 0.000000
vt 0.000000 0.000000
vt 0.000000 0.000000
vt 0.000000 0.000000
vt 0.000000 0.000000
vt 0.000000 0.000000
vt 0.000000 0.000000
vt 0.000000 0.000000
vt 0.000000 0.000000
vt 0.000000 0.000000
vt 0.000000 0.000000
vt 0.000000 0.000000
vt 0.000000 0.000000
vt 0.000000 0.000000
vt 0.000000 0.000000
vt 0.000000 0.000000
vt 0.000000 0.000000
vt 0.000000 0.000000
vt 0.000000 0.000000
vt 0.000000 0.000000
vt 0.000000 0.000000
vt 0.000000 0.000000
vt 0.000000 0.000000
vt 0.000000 0.000000
vt 0.000000 0.000000
vt 0.000000 0.000000
vt 0.000000 0.000000
vt 0.000000 0.000000
vt 0.000000 0.000000
vt 0.000000 0.000000
vt 0.000000 0.000000
vt 0.000000 0.000000
vt 0.000000 0.000000
vt 0.000000 0.000000
vt 0.000000 0.000000
vt 0.000000 0.000000
vt 0.000000 0.000000
vt 0.000000 0.000000
vt 0.000000 0.000000
vt 0.000000 0.000000
vt 0.000000 0.000000
vt 0.000000 0.000000
vt 0.000000 0.000000
vt 0.000000 0.000000
vt 0.000000 0.000000
vt 0.000000 0.000000
vt 0.000000 0.000000
vt 0.000000 0.000000
vt 0.000000 0.000000
vt 0.000000 0.000000
vt 0.000000 0.000000
vt 0.000000 0.000000
vt 0.000000 0.000000
vt 0.000000 0.000000
vt 0.000000 0.000000
vt 0.000000 0.000000
vt 0.000000 0.000000
vt 0.000000 0.000000
vt 0.000000 0.000000
vt 0.000000 0.000000
vt 0.000000 0.000000
vt 0.000000 0.000000
vt 0.000000 0.000000
vt 0.000000 0.000000
vt 0.000000 0.000000
vt 0.000000 0.000000
vt 0.000000 0.000000
vt 0.000000 0.000000
vt 0.000000 0.000000
vt 0.000000 0.000000
vt 0.000000 0.000000
vt 0.000000 0.000000
vt 0.000000 0.000000
vt 0.000000 0.000000
vt 0.000000 0.000000
vt 0.000000 0.000000
vt 0.000000 0.000000
vt 0.000000 0.000000
vt 0.000000 0.000000
vt 0.000000 0.000000
vt 0.000000 0.000000
vt 0.000000 0.000000
vt 0.000000 0.000000
vt 0.000000 0.000000
vt 0.000000 0.000000
vt 0.000000 0.000000
vt 0.000000 0.000000
vt 0.000000 0.000000
vt 0.000000 0.000000
vt 0.000000 0.000000
vt 0.000000 0.000000
vt 0.000000 0.000000
vt 0.000000 0.000000
vt 0.000000 0.000000
vt 0.000000 0.000000
vt 0.000000 0.000000
vt 0.000000 0.000000
vt 0.000000 0.000000
vt 0.000000 0.000000
vt 0.000000 0.000000
vt 0.000000 0.000000
vt 0.000000 0.000000
vt 0.000000 0.000000
vt 0.000000 0.000000
vt 0.000000 0.000000
vt 0.000000 0.000000
vt 0.000000 0.000000
vt 0.000000 0.000000
vt 0.000000 0.000000
vt 0.000000 0.000000
vt 0.000000 0.000000
vt 0.000000 0.000000
vt 0.000000 0.000000
vt 0.000000 0.000000
vt 0.000000 0.000000
vt 0.000000 0.000000
vt 0.000000 0.000000
vt 0.000000 0.000000
vt 0.000000 0.000000
vt 0.000000 0.000000
vt 0.000000 0.000000
vt 0.000000 0.000000
vt 0.000000 0.000000
vt 0.000000 0.000000
vt 0.000000 0.000000
vt 0.000000 0.000000
vt 0.000000 0.000000
vt 0.000000 0.000000
vt 0.000000 0.000000
vt 0.000000 0.000000
vt 0.000000 0.000000
vt 0.000000 0.000000
vt 0.000000 0.000000
vt 0.000000 0.000000
vt 0.000000 0.000000
vt 0.000000 0.000000
vt 0.000000 0.000000
vt 0.000000 0.000000
vt 0.000000 0.000000
vt 0.000000 0.000000
vt 0.000000 0.000000
vt 0.000000 0.000000
vt 0.000000 0.000000
vt 0.000000 0.000000
vt 0.000000 0.000000
vt 0.000000 0.000000
vt 0.000000 0.000000
vt 0.000000 0.000000
vt 0.000000 0.000000
vt 0.000000 0.000000
vt 0.000000 0.000000
vt 0.000000 0.000000
vt 0.000000 0.000000
vt 0.000000 0.000000
vt 0.000000 0.000000
vt 0.000000 0.000000
vt 0.000000 0.000000
vt 0.000000 0.000000
vt 0.000000 0.000000
vt 0.000000 0.000000
vt 0.000000 0.000000
vt 0.000000 0.000000
vt 0.000000 0.000000
vt 0.000000 0.000000
vt 0.000000 0.000000
vt 0.000000 0.000000
vt 0.000000 0.000000
vt 0.000000 0.000000
vt 0.000000 0.000000
vt 0.000000 0.000000
vt 0.000000 0.000000
vt 0.000000 0.000000
vt 0.000000 0.000000
vt 0.000000 0.000000
vt 0.000000 0.000000
vt 0.000000 0.000000
vt 0.000000 0.000000
vt 0.000000 0.000000
vt 0.000000 0.000000
vt 0.000000 0.000000
vt 0.000000 0.000000
vt 0.000000 0.000000
vt 0.000000 0.000000
vt 0.000000 0.000000
vt 0.000000 0.000000
vt 0.000000 0.000000
vt 0.000000 0.000000
vt 0.000000 0.000000
vt 0.000000 0.000000
vt 0.000000 0.000000
vt 0.000000 0.000000
vt 0.000000 0.000000
vt 0.000000 0.000000
vt 0.000000 0.000000
vt 0.000000 0.000000
vt 0.000000 0.000000
vt 0.000000 0.000000
vt 0.000000 0.000000
vt 0.000000 0.000000
vt 0.000000 0.000000
vt 0.000000 0.000000
vt 0.000000 0.000000
vt 0.000000 0.000000
vt 0.000000 0.000000
vt 0.000000 0.000000
vt 0.000000 0.000000
vt 0.000000 0.000000
vt 0.000000 0.000000
vt 0.000000 0.000000
vt 0.000000 0.000000
vt 0.000000 0.000000
vt 0.000000 0.000000
vt 0.000000 0.000000
vt 0.000000 0.000000
vt 0.000000 0.000000
vt 0.000000 0.000000
vt 0.000000 0.000000
vt 0.000000 0.000000
vt 0.000000 0.000000
vt 0.000000 0.000000
vt 0.000000 0.000000
vt 0.000000 0.000000
vt 0.000000 0.000000
vt 0.000000 0.000000
vt 0.000000 0.000000
vt 0.000000 0.000000
vt 0.000000 0.000000
vt 0.000000 0.000000
vt 0.000000 0.000000
vt 0.000000 0.000000
vt 0.000000 0.000000
vt 0.000000 0.000000
vt 0.000000 0.000000
vt 0.000000 0.000000
vt 0.000000 0.000000
vt 0.000000 0.000000
vt 0.000000 0.000000
vt 0.000000 0.000000
vt 0.000000 0.000000
vt 0.000000 0.000000
vt 0.000000 0.000000
vt 0.000000 0.000000
vt 0.000000 0.000000
vt 0.000000 0.000000
vt 0.000000 0.000000
vt 0.000000 0.000000
vt 0.000000 0.000000
vt 0.000000 0.000000
vt 0.000000 0.000000
vt 0.000000 0.000000
vt 0.000000 0.000000
vt 0.000000 0.000000
vt 0.000000 0.000000
vt 0.000000 0.000000
vt 0.000000 0.000000
vt 0.000000 0.000000
vt 0.000000 0.000000
vt 0.000000 0.000000
vt 0.000000 0.000000
vt 0.000000 0.000000
vt 0.000000 0.000000
vt 0.000000 0.000000
vt 0.000000 0.000000
vt 0.000000 0.000000
vt 0.000000 0.000000
vt 0.000000 0.000000
vt 0.000000 0.000000
vt 0.000000 0.000000
vt 0.000000 0.000000
vt 0.000000 0.000000
vt 0.000000 0.000000
vt 0.000000 0.000000
vt 0.000000 0.000000
vt 0.000000 0.000000
vt 0.000000 0.000000
vt 0.000000 0.000000
vt 0.000000 0.000000
vt 0.000000 0.000000
vt 0.000000 0.000000
vt 0.000000 0.000000
vt 0.000000 0.000000
vt 0.000000 0.000000
vt 0.000000 0.000000
vt 0.000000 0.000000
vt 0.000000 0.000000
vt 0.000000 0.000000
vt 0.000000 0.000000
vt 0.000000 0.000000
vt 0.000000 0.000000
vt 0.000000 0.000000
vt 0.000000 0.000000
vt 0.000000 0.000000
vt 0.000000 0.000000
vt 0.000000 0.000000
vt 0.000000 0.000000
vt 0.000000 0.000000
vt 0.000000 0.000000
vt 0.000000 0.000000
vt 0.000000 0.000000
vt 0.000000 0.000000
vt 0.000000 0.000000
vt 0.000000 0.000000
vt 0.000000 0.000000
vt 0.000000 0.000000
vt 0.000000 0.000000
vt 0.000000 0.000000
vt 0.000000 0.000000
vt 0.000000 0.000000
vt 0.000000 0.000000
vt 0.000000 0.000000
vt 0.000000 0.000000
vt 0.000000 0.000000
vt 0.000000 0.000000
vt 0.000000 0.000000
vt 0.000000 0.000000
vt 0.000000 0.000000
vt 0.000000 0.000000
vt 0.000000 0.000000
vt 0.000000 0.000000
vt 0.000000 0.000000
vt 0.000000 0.000000
vt 0.000000 0.000000
vt 0.000000 0.000000
vt 0.000000 0.000000
vt 0.000000 0.000000
vt 0.000000 0.000000
vt 0.000000 0.000000
vt 0.000000 0.000000
vt 0.000000 0.000000
vt 0.000000 0.000000
vt 0.000000 0.000000
vt 0.000000 0.000000
vt 0.000000 0.000000
vt 0.000000 0.000000
vt 0.000000 0.000000
vt 0.000000 0.000000
vt 0.000000 0.000000
vt 0.000000 0.000000
vt 0.000000 0.000000
vt 0.000000 0.000000
vt 0.000000 0.000000
vt 0.000000 0.000000
vt 0.000000 0.000000
vt 0.000000 0.000000
vt 0.000000 0.000000
vt 0.000000 0.000000
vt 0.000000 0.000000
vt 0.000000 0.000000
vt 0.000000 0.000000
vt 0.000000 0.000000
vt 0.000000 0.000000
vt 0.000000 0.000000
vt 0.000000 0.000000
vt 0.000000 0.000000
vt 0.000000 0.000000
vt 0.000000 0.000000
vt 0.000000 0.000000
vt 0.000000 0.000000
vt 0.000000 0.000000
vt 0.000000 0.000000
vt 0.000000 0.000000
vt 0.000000 0.000000
vt 0.000000 0.000000
vt 0.000000 0.000000
vt 0.000000 0.000000
vt 0.000000 0.000000
vt 0.000000 0.000000
vt 0.000000 0.000000
vt 0.000000 0.000000
vt 0.000000 0.000000
vt 0.000000 0.000000
vt 0.000000 0.000000
vt 0.000000 0.000000
vt 0.000000 0.000000
vt 0.000000 0.000000
vt 0.000000 0.000000
vt 0.000000 0.000000
vt 0.000000 0.000000
vt 0.000000 0.000000
vt 0.000000 0.000000
vt 0.000000 0.000000
vt 0.000000 0.000000
vt 0.000000 0.000000
vt 0.000000 0.000000
vt 0.000000 0.000000
vt 0.000000 0.000000
vt 0.000000 0.000000
vt 0.000000 0.000000
vt 0.000000 0.000000
vt 0.000000 0.000000
vt 0.000000 0.000000
vt 0.000000 0.000000
vt 0.000000 0.000000
vt 0.000000 0.000000
vt 0.000000 0.000000
vt 0.000000 0.000000
vt 0.000000 0.000000
vt 0.000000 0.000000
vt 0.000000 0.000000
vt 0.000000 0.000000
vt 0.000000 0.000000
vt 0.000000 0.000000
vt 0.000000 0.000000
vt 0.000000 0.000000
vt 0.000000 0.000000
vt 0.000000 0.000000
vt 0.000000 0.000000
vt 0.000000 0.000000
vt 0.000000 0.000000
vt 0.000000 0.000000
vt 0.000000 0.000000
vt 0.000000 0.000000
vt 0.000000 0.000000
vt 0.000000 0.000000
vt 0.000000 0.000000
vt 0.000000 0.000000
vt 0.000000 0.000000
vt 0.000000 0.000000
vt 0.000000 0.000000
vt 0.000000 0.000000
vt 0.000000 0.000000
vt 0.000000 0.000000
vt 0.000000 0.000000
vt 0.000000 0.000000
vt 0.000000 0.000000
vt 0.000000 0.000000
vt 0.000000 0.000000
vt 0.000000 0.000000
vt 0.000000 0.000000
vt 0.000000 0.000000
vt 0.000000 0.000000
vt 0.000000 0.000000
vt 0.000000 0.000000
vt 0.000000 0.000000
vt 0.000000 0.000000
vt 0.000000 0.000000
vt 0.000000 0.000000
vt 0.000000 0.000000
vt 0.000000 0.000000
vt 0.000000 0.000000
vt 0.000000 0.000000
vt 0.000000 0.000000
vt 0.000000 0.000000
vt 0.000000 0.000000
vt 0.000000 0.000000
vt 0.000000 0.000000
vt 0.000000 0.000000
vt 0.000000 0.000000
vt 0.000000 0.000000
vt 0.000000 0.000000
vt 0.000000 0.000000
vt 0.000000 0.000000
vt 0.000000 0.000000
vt 0.000000 0.000000
vt 0.000000 0.000000
vt 0.000000 0.000000
vt 0.000000 0.000000
vt 0.000000 0.000000
vt 0.000000 0.000000
vt 0.000000 0.000000
vt 0.000000 0.000000
vt 0.000000 0.000000
vt 0.000000 0.000000
vt 0.000000 0.000000
vt 0.000000 0.000000
vt 0.000000 0.000000
vt 0.000000 0.000000
vt 0.000000 0.000000
vt 0.000000 0.000000
vt 0.000000 0.000000
vt 0.000000 0.000000
vt 0.000000 0.000000
vt 0.000000 0.000000
vt 0.000000 0.000000
vt 0.000000 0.000000
vt 0.000000 0.000000
vt 0.000000 0.000000
vt 0.000000 0.000000
vt 0.000000 0.000000
vt 0.000000 0.000000
vt 0.000000 0.000000
vt 0.000000 0.000000
vt 0.000000 0.000000
vt 0.000000 0.000000
vt 0.000000 0.000000
vt 0.000000 0.000000
vt 0.000000 0.000000
vt 0.000000 0.000000
vt 0.000000 0.000000
vt 0.000000 0.000000
vt 0.000000 0.000000
vt 0.000000 0.000000
vt 0.000000 0.000000
vt 0.000000 0.000000
vt 0.000000 0.000000
vt 0.000000 0.000000
vt 0.000000 0.000000
vt 0.000000 0.000000
vt 0.000000 0.000000
vt 0.000000 0.000000
vt 0.000000 0.000000
vt 0.000000 0.000000
vt 0.000000 0.000000
vt 0.000000 0.000000
vt 0.000000 0.000000
vt 0.000000 0.000000
vt 0.000000 0.000000
vt 0.000000 0.000000
vt 0.000000 0.000000
vt 0.000000 0.000000
vt 0.000000 0.000000
vt 0.000000 0.000000
vt 0.000000 0.000000
vt 0.000000 0.000000
vt 0.000000 0.000000
vt 0.000000 0.000000
vt 0.000000 0.000000
vt 0.000000 0.000000
vt 0.000000 0.000000
vt 0.000000 0.000000
vt 0.000000 0.000000
vt 0.000000 0.000000
vt 0.000000 0.000000
vt 0.000000 0.000000
vt 0.000000 0.000000
vt 0.000000 0.000000
vt 0.000000 0.000000
vt 0.000000 0.000000
vt 0.000000 0.000000
vt 0.000000 0.000000
vt 0.000000 0.000000
vt 0.000000 0.000000
vt 0.000000 0.000000
vt 0.000000 0.000000
vt 0.000000 0.000000
vt 0.000000 0.000000
vt 0.000000 0.000000
vt 0.000000 0.000000
vt 0.000000 0.000000
vt 0.000000 0.000000
vt 0.000000 0.000000
vt 0.000000 0.000000
vt 0.000000 0.000000
vt 0.000000 0.000000
vt 0.000000 0.000000
vt 0.000000 0.000000
vt 0.000000 0.000000
vt 0.000000 0.000000
vt 0.000000 0.000000
vt 0.000000 0.000000
vt 0.000000 0.000000
vt 0.000000 0.000000
vt 0.000000 0.000000
vt 0.000000 0.000000
vt 0.000000 0.000000
vt 0.000000 0.000000
vt 0.000000 0.000000
vt 0.000000 0.000000
vt 0.000000 0.000000
vt 0.000000 0.000000
vt 0.000000 0.000000
vt 0.000000 0.000000
vt 0.000000 0.000000
vt 0.000000 0.000000
vt 0.000000 0.000000
vt 0.000000 0.000000
vt 0.000000 0.000000
vt 0.000000 0.000000
vt 0.000000 0.000000
vt 0.000000 0.000000
vt 0.000000 0.000000
vt 0.000000 0.000000
vt 0.000000 0.000000
vt 0.000000 0.000000
vt 0.000000 0.000000
vt 0.000000 0.000000
vt 0.000000 0.000000
vt 0.000000 0.000000
vt 0.000000 0.000000
vt 0.000000 0.000000
vt 0.000000 0.000000
vt 0.000000 0.000000
vt 0.000000 0.000000
vt 0.000000 0.000000
vt 0.000000 0.000000
vt 0.000000 0.000000
vt 0.000000 0.000000
vt 0.000000 0.000000
vt 0.000000 0.000000
vt 0.000000 0.000000
vt 0.000000 0.000000
vt 0.000000 0.000000
vt 0.000000 0.000000
vt 0.000000 0.000000
vt 0.000000 0.000000
vt 0.000000 0.000000
vt 0.000000 0.000000
vt 0.000000 0.000000
vt 0.000000 0.000000
vt 0.000000 0.000000
vt 0.000000 0.000000
vt 0.000000 0.000000
vt 0.000000 0.000000
vt 0.000000 0.000000
vt 0.000000 0.000000
vt 0.000000 0.000000
vt 0.000000 0.000000
vt 0.000000 0.000000
vt 0.000000 0.000000
vt 0.000000 0.000000
vt 0.000000 0.000000
vt 0.000000 0.000000
vt 0.000000 0.000000
vt 0.000000 0.000000
vt 0.000000 0.000000
vt 0.000000 0.000000
vt 0.000000 0.000000
vt 0.000000 0.000000
vt 0.000000 0.000000
vt 0.000000 0.000000
vt 0.000000 0.000000
vt 0.000000 0.000000
vt 0.000000 0.000000
vt 0.000000 0.000000
vt 0.000000 0.000000
vt 0.000000 0.000000
vt 0.000000 0.000000
vt 0.000000 0.000000
vt 0.000000 0.000000
vt 0.000000 0.000000
vt 0.000000 0.000000
vt 0.000000 0.000000
vt 0.000000 0.000000
vt 0.000000 0.000000
vt 0.000000 0.000000
vt 0.000000 0.000000
vt 0.000000 0.000000
vt 0.000000 0.000000
vt 0.000000 0.000000
vt 0.000000 0.000000
vt 0.000000 0.000000
vt 0.000000 0.000000
vt 0.000000 0.000000
vt 0.000000 0.000000
vt 0.000000 0.000000
vt 0.000000 0.000000
vt 0.000000 0.000000
vt 0.000000 0.000000
vt 0.000000 0.000000
vt 0.000000 0.000000
vt 0.000000 0.000000
vt 0.000000 0.000000
vt 0.000000 0.000000
vt 0.000000 0.000000
vt 0.000000 0.000000
vt 0.000000 0.000000
vt 0.000000 0.000000
vt 0.000000 0.000000
vt 0.000000 0.000000
vt 0.000000 0.000000
vt 0.000000 0.000000
vt 0.000000 0.000000
vt 0.000000 0.000000
vt 0.000000 0.000000
vt 0.000000 0.000000
vt 0.000000 0.000000
vt 0.000000 0.000000
vt 0.000000 0.000000
vt 0.000000 0.000000
vt 0.000000 0.000000
vt 0.000000 0.000000
vt 0.000000 0.000000
vt 0.000000 0.000000
vt 0.000000 0.000000
vt 0.000000 0.000000
vt 0.000000 0.000000
vt 0.000000 0.000000
vt 0.000000 0.000000
vt 0.000000 0.000000
vt 0.000000 0.000000
vt 0.000000 0.000000
vt 0.000000 0.000000
vt 0.000000 0.000000
vt 0.000000 0.000000
vt 0.000000 0.000000
vt 0.000000 0.000000
vt 0.000000 0.000000
vt 0.000000 0.000000
vt 0.000000 0.000000
vt 0.000000 0.000000
vt 0.000000 0.000000
vt 0.000000 0.000000
vt 0.000000 0.000000
vt 0.000000 0.000000
vt 0.000000 0.000000
vt 0.000000 0.000000
vt 0.000000 0.000000
vt 0.000000 0.000000
vt 0.000000 0.000000
vt 0.000000 0.000000
vt 0.000000 0.000000
vt 0.000000 0.000000
vt 0.000000 0.000000
vt 0.000000 0.000000
vt 0.000000 0.000000
vt 0.000000 0.000000
vt 0.000000 0.000000
vt 0.000000 0.000000
vt 0.000000 0.000000
vt 0.000000 0.000000
vt 0.000000 0.000000
vt 0.000000 0.000000
vt 0.000000 0.000000
vt 0.000000 0.000000
vt 0.000000 0.000000
vt 0.000000 0.000000
vt 0.000000 0.000000
vt 0.000000 0.000000
vt 0.000000 0.000000
vt 0.000000 0.000000
vt 0.000000 0.000000
vt 0.000000 0.000000
vt 0.000000 0.000000
vt 0.000000 0.000000
vt 0.000000 0.000000
vt 0.000000 0.000000
vt 0.000000 0.000000
vt 0.000000 0.000000
vt 0.000000 0.000000
vt 0.000000 0.000000
vt 0.000000 0.000000
vt 0.000000 0.000000
vt 0.000000 0.000000
vt 0.000000 0.000000
vt 0.000000 0.000000
vt 0.000000 0.000000
vt 0.000000 0.000000
vt 0.000000 0.000000
vt 0.000000 0.000000
vt 0.000000 0.000000
vt 0.000000 0.000000
vt 0.000000 0.000000
vt 0.000000 0.000000
vt 0.000000 0.000000
vt 0.000000 0.000000
vt 0.000000 0.000000
vt 0.000000 0.000000
vt 0.000000 0.000000
vt 0.000000 0.000000
vt 0.000000 0.000000
vt 0.000000 0.000000
vt 0.000000 0.000000
vt 0.000000 0.000000
vt 0.000000 0.000000
vt 0.000000 0.000000
vt 0.000000 0.000000
vt 0.000000 0.000000
vt 0.000000 0.000000
vt 0.000000 0.000000
vt 0.000000 0.000000
vt 0.000000 0.000000
vt 0.000000 0.000000
vt 0.000000 0.000000
vt 0.000000 0.000000
vt 0.000000 0.000000
vt 0.000000 0.000000
vt 0.000000 0.000000
vt 0.000000 0.000000
vt 0.000000 0.000000
vt 0.000000 0.000000
vt 0.000000 0.000000
vt 0.000000 0.000000
vt 0.000000 0.000000
vt 0.000000 0.000000
vt 0.000000 0.000000
vt 0.000000 0.000000
vt 0.000000 0.000000
vt 0.000000 0.000000
vt 0.000000 0.000000
vt 0.000000 0.000000
vt 0.000000 0.000000
vt 0.000000 0.000000
vt 0.000000 0.000000
vt 0.000000 0.000000
vt 0.000000 0.000000
vt 0.000000 0.000000
vt 0.000000 0.000000
vt 0.000000 0.000000
vt 0.000000 0.000000
vt 0.000000 0.000000
vt 0.000000 0.000000
vt 0.000000 0.000000
vt 0.000000 0.000000
vt 0.000000 0.000000
vt 0.000000 0.000000
vt 0.000000 0.000000
vt 0.000000 0.000000
vt 0.000000 0.000000
vt 0.000000 0.000000
vt 0.000000 0.000000
vt 0.000000 0.000000
vt 0.000000 0.000000
vt 0.000000 0.000000
vt 0.000000 0.000000
vt 0.000000 0.000000
vt 0.000000 0.000000
vt 0.000000 0.000000
vt 0.000000 0.000000
vt 0.000000 0.000000
vt 0.000000 0.000000
vt 0.000000 0.000000
vt 0.000000 0.000000
vt 0.000000 0.000000
vt 0.000000 0.000000
vt 0.000000 0.000000
vt 0.000000 0.000000
vt 0.000000 0.000000
vt 0.000000 0.000000
vt 0.000000 0.000000
vt 0.000000 0.000000
vt 0.000000 0.000000
vt 0.000000 0.000000
vt 0.000000 0.000000
vt 0.000000 0.000000
vt 0.000000 0.000000
vt 0.000000 0.000000
vt 0.000000 0.000000
vt 0.000000 0.000000
vt 0.000000 0.000000
vt 0.000000 0.000000
vt 0.000000 0.000000
vt 0.000000 0.000000
vt 0.000000 0.000000
vt 0.000000 0.000000
vt 0.000000 0.000000
vt 0.000000 0.000000
vt 0.000000 0.000000
vt 0.000000 0.000000
vt 0.000000 0.000000
vt 0.000000 0.000000
vt 0.000000 0.000000
vt 0.000000 0.000000
vt 0.000000 0.000000
vt 0.000000 0.000000
vt 0.000000 0.000000
vt 0.000000 0.000000
vt 0.000000 0.000000
vt 0.000000 0.000000
vt 0.000000 0.000000
vt 0.000000 0.000000
vt 0.000000 0.000000
vt 0.000000 0.000000
vt 0.000000 0.000000
vt 0.000000 0.000000
vt 0.000000 0.000000
vt 0.000000 0.000000
vt 0.000000 0.000000
vt 0.000000 0.000000
vt 0.000000 0.000000
vt 0.000000 0.000000
vt 0.000000 0.000000
vt 0.000000 0.000000
vt 0.000000 0.000000
vt 0.000000 0.000000
vt 0.000000 0.000000
vt 0.000000 0.000000
vt 0.000000 0.000000
vt 0.000000 0.000000
vt 0.000000 0.000000
vt 0.000000 0.000000
vt 0.000000 0.000000
vt 0.000000 0.000000
vt 0.000000 0.000000
vt 0.000000 0.000000
vt 0.000000 0.000000
vt 0.000000 0.000000
vt 0.000000 0.000000
vt 0.000000 0.000000
vt 0.000000 0.000000
vt 0.000000 0.000000
vt 0.000000 0.000000
vt 0.000000 0.000000
vt 0.000000 0.000000
vt 0.000000 0.000000
vt 0.000000 0.000000
vt 0.000000 0.000000
vt 0.000000 0.000000
vt 0.000000 0.000000
vt 0.000000 0.000000
vt 0.000000 0.000000
vt 0.000000 0.000000
vt 0.000000 0.000000
vt 0.000000 0.000000
vt 0.000000 0.000000
vt 0.000000 0.000000
vt 0.000000 0.000000
vt 0.000000 0.000000
vt 0.000000 0.000000
vt 0.000000 0.000000
vt 0.000000 0.000000
vt 0.000000 0.000000
vt 0.000000 0.000000
vt 0.000000 0.000000
vt 0.000000 0.000000
vt 0.000000 0.000000
vt 0.000000 0.000000
vt 0.000000 0.000000
vt 0.000000 0.000000
vt 0.000000 0.000000
vt 0.000000 0.000000
vt 0.000000 0.000000
vt 0.000000 0.000000
vt 0.000000 0.000000
vt 0.000000 0.000000
vt 0.000000 0.000000
vt 0.000000 0.000000
vt 0.000000 0.000000
vt 0.000000 0.000000
vt 0.000000 0.000000
vt 0.000000 0.000000
vt 0.000000 0.000000
vt 0.000000 0.000000
vt 0.000000 0.000000
vt 0.000000 0.000000
vt 0.000000 0.000000
vt 0.000000 0.000000
vt 0.000000 0.000000
vt 0.000000 0.000000
vt 0.000000 0.000000
vt 0.000000 0.000000
vt 0.000000 0.000000
vt 0.000000 0.000000
vt 0.000000 0.000000
vt 0.000000 0.000000
vt 0.000000 0.000000
vt 0.000000 0.000000
vt 0.000000 0.000000
vt 0.000000 0.000000
vt 0.000000 0.000000
vt 0.000000 0.000000
vt 0.000000 0.000000
vt 0.000000 0.000000
vt 0.000000 0.000000
vt 0.000000 0.000000
vt 0.000000 0.000000
vt 0.000000 0.000000
vt 0.000000 0.000000
vt 0.000000 0.000000
vt 0.000000 0.000000
vt 0.000000 0.000000
vt 0.000000 0.000000
vt 0.000000 0.000000
vt 0.000000 0.000000
vt 0.000000 0.000000
vt 0.000000 0.000000
vt 0.000000 0.000000
vt 0.000000 0.000000
vt 0.000000 0.000000
vt 0.000000 0.000000
vt 0.000000 0.000000
vt 0.000000 0.000000
vt 0.000000 0.000000
vt 0.000000 0.000000
vt 0.000000 0.000000
vt 0.000000 0.000000
vt 0.000000 0.000000
vt 0.000000 0.000000
vt 0.000000 0.000000
vt 0.000000 0.000000
vt 0.000000 0.000000
vt 0.000000 0.000000
vt 0.000000 0.000000
vt 0.000000 0.000000
vt 0.000000 0.000000
vt 0.000000 0.000000
vt 0.000000 0.000000
vt 0.000000 0.000000
vt 0.000000 0.000000
vt 0.000000 0.000000
vt 0.000000 0.000000
vt 0.000000 0.000000
vt 0.000000 0.000000
vt 0.000000 0.000000
vt 0.000000 0.000000
vt 0.000000 0.000000
vt 0.000000 0.000000
vt 0.000000 0.000000
vt 0.000000 0.000000
vt 0.000000 0.000000
vt 0.000000 0.000000
vt 0.000000 0.000000
vt 0.000000 0.000000
vt 0.000000 0.000000
vt 0.000000 0.000000
vt 0.000000 0.000000
vt 0.000000 0.000000
vt 0.000000 0.000000
vt 0.000000 0.000000
vt 0.000000 0.000000
vt 0.000000 0.000000
vt 0.000000 0.000000
vt 0.000000 0.000000
vt 0.000000 0.000000
vt 0.000000 0.000000
vt 0.000000 0.000000
vt 0.000000 0.000000
vt 0.000000 0.000000
vt 0.000000 0.000000
vt 0.000000 0.000000
vt 0.000000 0.000000
vt 0.000000 0.000000
vt 0.000000 0.000000
vt 0.000000 0.000000
vt 0.000000 0.000000
vt 0.000000 0.000000
vt 0.000000 0.000000
vt 0.000000 0.000000
vt 0.000000 0.000000
vt 0.000000 0.000000
vt 0.000000 0.000000
vt 0.000000 0.000000
vt 0.000000 0.000000
vt 0.000000 0.000000
vt 0.000000 0.000000
vt 0.000000 0.000000
vt 0.000000 0.000000
vt 0.000000 0.000000
vt 0.000000 0.000000
vt 0.000000 0.000000
vt 0.000000 0.000000
vt 0.000000 0.000000
vt 0.000000 0.000000
vt 0.000000 0.000000
vt 0.000000 0.000000
vt 0.000000 0.000000
vt 0.000000 0.000000
vt 0.000000 0.000000
vt 0.000000 0.000000
vt 0.000000 0.000000
vt 0.000000 0.000000
vt 0.000000 0.000000
vt 0.000000 0.000000
vt 0.000000 0.000000
vt 0.000000 0.000000
vt 0.000000 0.000000
vt 0.000000 0.000000
vt 0.000000 0.000000
vt 0.000000 0.000000
vt 0.000000 0.000000
vt 0.000000 0.000000
vt 0.000000 0.000000
vt 0.000000 0.000000
vt 0.000000 0.000000
vt 0.000000 0.000000
vt 0.000000 0.000000
vt 0.000000 0.000000
vt 0.000000 0.000000
vt 0.000000 0.000000
vt 0.000000 0.000000
vt 0.000000 0.000000
vt 0.000000 0.000000
vt 0.000000 0.000000
vt 0.000000 0.000000
vt 0.000000 0.000000
vt 0.000000 0.000000
vt 0.000000 0.000000
vt 0.000000 0.000000
vt 0.000000 0.000000
vt 0.000000 0.000000
vt 0.000000 0.000000
vt 0.000000 0.000000
vt 0.000000 0.000000
vt 0.000000 0.000000
vt 0.000000 0.000000
vt 0.000000 0.000000
vt 0.000000 0.000000
vt 0.000000 0.000000
vt 0.000000 0.000000
vt 0.000000 0.000000
vt 0.000000 0.000000
vt 0.000000 0.000000
vt 0.000000 0.000000
vt 0.000000 0.000000
vt 0.000000 0.000000
vt 0.000000 0.000000
vt 0.000000 0.000000
vt 0.000000 0.000000
vt 0.000000 0.000000
vt 0.000000 0.000000
vt 0.000000 0.000000
vt 0.000000 0.000000
vt 0.000000 0.000000
vt 0.000000 0.000000
vt 0.000000 0.000000
vt 0.000000 0.000000
vt 0.000000 0.000000
vt 0.000000 0.000000
vt 0.000000 0.000000
vt 0.000000 0.000000
vt 0.000000 0.000000
vt 0.000000 0.000000
vt 0.000000 0.000000
vt 0.000000 0.000000
vt 0.000000 0.000000
vt 0.000000 0.000000
vt 0.000000 0.000000
vt 0.000000 0.000000
vt 0.000000 0.000000
vt 0.000000 0.000000
vt 0.000000 0.000000
vt 0.000000 0.000000
vt 0.000000 0.000000
vt 0.000000 0.000000
vt 0.000000 0.000000
vt 0.000000 0.000000
vt 0.000000 0.000000
vt 0.000000 0.000000
vt 0.000000 0.000000
vt 0.000000 0.000000
vt 0.000000 0.000000
vt 0.000000 0.000000
vt 0.000000 0.000000
vt 0.000000 0.000000
vt 0.000000 0.000000
vt 0.000000 0.000000
vt 0.000000 0.000000
vt 0.000000 0.000000
vt 0.000000 0.000000
vt 0.000000 0.000000
vt 0.000000 0.000000
vt 0.000000 0.000000
vt 0.000000 0.000000
vt 0.000000 0.000000
vt 0.000000 0.000000
vt 0.000000 0.000000
vt 0.000000 0.000000
vt 0.000000 0.000000
vt 0.000000 0.000000
vt 0.000000 0.000000
vt 0.000000 0.000000
vt 0.000000 0.000000
vt 0.000000 0.000000
vt 0.000000 0.000000
vt 0.000000 0.000000
vt 0.000000 0.000000
vt 0.000000 0.000000
vt 0.000000 0.000000
vt 0.000000 0.000000
vt 0.000000 0.000000
vt 0.000000 0.000000
vt 0.000000 0.000000
vt 0.000000 0.000000
vt 0.000000 0.000000
vt 0.000000 0.000000
vt 0.000000 0.000000
vt 0.000000 0.000000
vt 0.000000 0.000000
vt 0.000000 0.000000
vt 0.000000 0.000000
vt 0.000000 0.000000
vt 0.000000 0.000000
vt 0.000000 0.000000
vt 0.000000 0.000000
vt 0.000000 0.000000
vt 0.000000 0.000000
vt 0.000000 0.000000
vt 0.000000 0.000000
vt 0.000000 0.000000
vt 0.000000 0.000000
vt 0.000000 0.000000
vt 0.000000 0.000000
vt 0.000000 0.000000
vt 0.000000 0.000000
vt 0.000000 0.000000
vt 0.000000 0.000000
vt 0.000000 0.000000
vt 0.000000 0.000000
vt 0.000000 0.000000
vt 0.000000 0.000000
vt 0.000000 0.000000
vt 0.000000 0.000000
vt 0.000000 0.000000
vt 0.000000 0.000000
vt 0.000000 0.000000
vt 0.000000 0.000000
vt 0.000000 0.000000
vt 0.000000 0.000000
vt 0.000000 0.000000
vt 0.000000 0.000000
vt 0.000000 0.000000
vt 0.000000 0.000000
vt 0.000000 0.000000
vt 0.000000 0.000000
vt 0.000000 0.000000
vt 0.000000 0.000000
vt 0.000000 0.000000
vt 0.000000 0.000000
vt 0.000000 0.000000
vt 0.000000 0.000000
vt 0.000000 0.000000
vt 0.000000 0.000000
vt 0.000000 0.000000
vt 0.000000 0.000000
vt 0.000000 0.000000
vt 0.000000 0.000000
vt 0.000000 0.000000
vt 0.000000 0.000000
vt 0.000000 0.000000
vt 0.000000 0.000000
vt 0.000000 0.000000
vt 0.000000 0.000000
vt 0.000000 0.000000
vt 0.000000 0.000000
vt 0.000000 0.000000
vt 0.000000 0.000000
vt 0.000000 0.000000
vt 0.000000 0.000000
vt 0.000000 0.000000
vt 0.000000 0.000000
vt 0.000000 0.000000
vt 0.000000 0.000000
vt 0.000000 0.000000
vt 0.000000 0.000000
vt 0.000000 0.000000
vt 0.000000 0.000000
vt 0.000000 0.000000
vt 0.000000 0.000000
vt 0.000000 0.000000
vt 0.000000 0.000000
vt 0.000000 0.000000
vt 0.000000 0.000000
vt 0.000000 0.000000
vt 0.000000 0.000000
vt 0.000000 0.000000
vt 0.000000 0.000000
vt 0.000000 0.000000
vt 0.000000 0.000000
vt 0.000000 0.000000
vt 0.000000 0.000000
vt 0.000000 0.000000
vt 0.000000 0.000000
vt 0.000000 0.000000
vt 0.000000 0.000000
vt 0.000000 0.000000
vt 0.000000 0.000000
vt 0.000000 0.000000
vt 0.000000 0.000000
vt 0.000000 0.000000
vt 0.000000 0.000000
vt 0.000000 0.000000
vt 0.000000 0.000000
vt 0.000000 0.000000
vt 0.000000 0.000000
vt 0.000000 0.000000
vt 0.000000 0.000000
vt 0.000000 0.000000
vt 0.000000 0.000000
vt 0.000000 0.000000
vt 0.000000 0.000000
vt 0.000000 0.000000
vt 0.000000 0.000000
vt 0.000000 0.000000
vt 0.000000 0.000000
vt 0.000000 0.000000
vt 0.000000 0.000000
vt 0.000000 0.000000
vt 0.000000 0.000000
vt 0.000000 0.000000
vt 0.000000 0.000000
vt 0.000000 0.000000
vt 0.000000 0.000000
vt 0.000000 0.000000
vt 0.000000 0.000000
vt 0.000000 0.000000
vt 0.000000 0.000000
vt 0.000000 0.000000
vt 0.000000 0.000000
vt 0.000000 0.000000
vt 0.000000 0.000000
vt 0.000000 0.000000
vt 0.000000 0.000000
vt 0.000000 0.000000
vt 0.000000 0.000000
vt 0.000000 0.000000
vt 0.000000 0.000000
vt 0.000000 0.000000
vt 0.000000 0.000000
vt 0.000000 0.000000
vt 0.000000 0.000000
vt 0.000000 0.000000
vt 0.000000 0.000000
vt 0.000000 0.000000
vt 0.000000 0.000000
vt 0.000000 0.000000
vt 0.000000 0.000000
vt 0.000000 0.000000
vt 0.000000 0.000000
vt 0.000000 0.000000
vt 0.000000 0.000000
vt 0.000000 0.000000
vt 0.000000 0.000000
vt 0.000000 0.000000
vt 0.000000 0.000000
vt 0.000000 0.000000
vt 0.000000 0.000000
vt 0.000000 0.000000
vt 0.000000 0.000000
vt 0.000000 0.000000
vt 0.000000 0.000000
vt 0.000000 0.000000
vt 0.000000 0.000000
vt 0.000000 0.000000
vt 0.000000 0.000000
vt 0.000000 0.000000
vt 0.000000 0.000000
vt 0.000000 0.000000
vt 0.000000 0.000000
vt 0.000000 0.000000
vt 0.000000 0.000000
vt 0.000000 0.000000
vt 0.000000 0.000000
vt 0.000000 0.000000
vt 0.000000 0.000000
vt 0.000000 0.000000
vt 0.000000 0.000000
vt 0.000000 0.000000
vt 0.000000 0.000000
vt 0.000000 0.000000
vt 0.000000 0.000000
vt 0.000000 0.000000
vt 0.000000 0.000000
vt 0.000000 0.000000
vt 0.000000 0.000000
vt 0.000000 0.000000
vt 0.000000 0.000000
vt 0.000000 0.000000
vt 0.000000 0.000000
vt 0.000000 0.000000
vt 0.000000 0.000000
vt 0.000000 0.000000
vt 0.000000 0.000000
vt 0.000000 0.000000
vt 0.000000 0.000000
vt 0.000000 0.000000
vt 0.000000 0.000000
vt 0.000000 0.000000
vt 0.000000 0.000000
vt 0.000000 0.000000
vt 0.000000 0.000000
vt 0.000000 0.000000
vt 0.000000 0.000000
vt 0.000000 0.000000
vt 0.000000 0.000000
vt 0.000000 0.000000
vt 0.000000 0.000000
vt 0.000000 0.000000
vt 0.000000 0.000000
vt 0.000000 0.000000
vt 0.000000 0.000000
vt 0.000000 0.000000
vt 0.000000 0.000000
vt 0.000000 0.000000
vt 0.000000 0.000000
vt 0.000000 0.000000
vt 0.000000 0.000000
vt 0.000000 0.000000
vt 0.000000 0.000000
vt 0.000000 0.000000
vt 0.000000 0.000000
vt 0.000000 0.000000
vt 0.000000 0.000000
vt 0.000000 0.000000
vt 0.000000 0.000000
vt 0.000000 0.000000
vt 0.000000 0.000000
vt 0.000000 0.000000
vt 0.000000 0.000000
vt 0.000000 0.000000
vt 0.000000 0.000000
vt 0.000000 0.000000
vt 0.000000 0.000000
vt 0.000000 0.000000
vt 0.000000 0.000000
vt 0.000000 0.000000
vt 0.000000 0.000000
vt 0.000000 0.000000
vt 0.000000 0.000000
vt 0.000000 0.000000
vt 0.000000 0.000000
vt 0.000000 0.000000
vt 0.000000 0.000000
vt 0.000000 0.000000
vt 0.000000 0.000000
vt 0.000000 0.000000
vt 0.000000 0.000000
vt 0.000000 0.000000
vt 0.000000 0.000000
vt 0.000000 0.000000
vt 0.000000 0.000000
vt 0.000000 0.000000
vt 0.000000 0.000000
vt 0.000000 0.000000
vt 0.000000 0.000000
vt 0.000000 0.000000
vt 0.000000 0.000000
vt 0.000000 0.000000
vt 0.000000 0.000000
vt 0.000000 0.000000
vt 0.000000 0.000000
vt 0.000000 0.000000
vt 0.000000 0.000000
vt 0.000000 0.000000
vt 0.000000 0.000000
vt 0.000000 0.000000
vt 0.000000 0.000000
vt 0.000000 0.000000
vt 0.000000 0.000000
vt 0.000000 0.000000
vt 0.000000 0.000000
vt 0.000000 0.000000
vt 0.000000 0.000000
vt 0.000000 0.000000
vt 0.000000 0.000000
vt 0.000000 0.000000
vt 0.000000 0.000000
vt 0.000000 0.000000
vt 0.000000 0.000000
vt 0.000000 0.000000
vt 0.000000 0.000000
vt 0.000000 0.000000
vt 0.000000 0.000000
vt 0.000000 0.000000
vt 0.000000 0.000000
vt 0.000000 0.000000
vt 0.000000 0.000000
vt 0.000000 0.000000
vt 0.000000 0.000000
vt 0.000000 0.000000
vt 0.000000 0.000000
vt 0.000000 0.000000
vt 0.000000 0.000000
vt 0.000000 0.000000
vt 0.000000 0.000000
vt 0.000000 0.000000
vt 0.000000 0.000000
vt 0.000000 0.000000
vt 0.000000 0.000000
vt 0.000000 0.000000
vt 0.000000 0.000000
vt 0.000000 0.000000
vt 0.000000 0.000000
vt 0.000000 0.000000
vt 0.000000 0.000000
vt 0.000000 0.000000
vt 0.000000 0.000000
vt 0.000000 0.000000
vt 0.000000 0.000000
vt 0.000000 0.000000
vt 0.000000 0.000000
vt 0.000000 0.000000
vt 0.000000 0.000000
vt 0.000000 0.000000
vt 0.000000 0.000000
vt 0.000000 0.000000
vt 0.000000 0.000000
vt 0.000000 0.000000
vt 0.000000 0.000000
vt 0.000000 0.000000
vt 0.000000 0.000000
vt 0.000000 0.000000
vt 0.000000 0.000000
vt 0.000000 0.000000
vt 0.000000 0.000000
vt 0.000000 0.000000
vt 0.000000 0.000000
vt 0.000000 0.000000
vt 0.000000 0.000000
vt 0.000000 0.000000
vt 0.000000 0.000000
vt 0.000000 0.000000
vt 0.000000 0.000000
vt 0.000000 0.000000
vt 0.000000 0.000000
vt 0.000000 0.000000
vt 0.000000 0.000000
vt 0.000000 0.000000
vt 0.000000 0.000000
vt 0.000000 0.000000
vt 0.000000 0.000000
vt 0.000000 0.000000
vt 0.000000 0.000000
vt 0.000000 0.000000
vt 0.000000 0.000000
vt 0.000000 0.000000
vt 0.000000 0.000000
vt 0.000000 0.000000
vt 0.000000 0.000000
vt 0.000000 0.000000
vt 0.000000 0.000000
vt 0.000000 0.000000
vt 0.000000 0.000000
vt 0.000000 0.000000
vt 0.000000 0.000000
vt 0.000000 0.000000
vt 0.000000 0.000000
vt 0.000000 0.000000
vt 0.000000 0.000000
vt 0.000000 0.000000
vt 0.000000 0.000000
vt 0.000000 0.000000
vt 0.000000 0.000000
vt 0.000000 0.000000
vt 0.000000 0.000000
vt 0.000000 0.000000
vt 0.000000 0.000000
vt 0.000000 0.000000
vt 0.000000 0.000000
vt 0.000000 0.000000
vt 0.000000 0.000000
vt 0.000000 0.000000
vt 0.000000 0.000000
vt 0.000000 0.000000
vt 0.000000 0.000000
vt 0.000000 0.000000
vt 0.000000 0.000000
vt 0.000000 0.000000
vt 0.000000 0.000000
vt 0.000000 0.000000
vt 0.000000 0.000000
vt 0.000000 0.000000
vt 0.000000 0.000000
vt 0.000000 0.000000
vt 0.000000 0.000000
vt 0.000000 0.000000
vt 0.000000 0.000000
vt 0.000000 0.000000
vt 0.000000 0.000000
vt 0.000000 0.000000
vt 0.000000 0.000000
vt 0.000000 0.000000
vt 0.000000 0.000000
vt 0.000000 0.000000
vt 0.000000 0.000000
vt 0.000000 0.000000
vt 0.000000 0.000000
vt 0.000000 0.000000
vt 0.000000 0.000000
vt 0.000000 0.000000
vt 0.000000 0.000000
vt 0.000000 0.000000
vt 0.000000 0.000000
vt 0.000000 0.000000
vt 0.000000 0.000000
vt 0.000000 0.000000
vt 0.000000 0.000000
vt 0.000000 0.000000
vt 0.000000 0.000000
vt 0.000000 0.000000
vt 0.000000 0.000000
vt 0.000000 0.000000
vt 0.000000 0.000000
vt 0.000000 0.000000
vt 0.000000 0.000000
vt 0.000000 0.000000
vt 0.000000 0.000000
vt 0.000000 0.000000
vt 0.000000 0.000000
vt 0.000000 0.000000
vt 0.000000 0.000000
vt 0.000000 0.000000
vt 0.000000 0.000000
vt 0.000000 0.000000
vt 0.000000 0.000000
vt 0.000000 0.000000
vt 0.000000 0.000000
vt 0.000000 0.000000
vt 0.000000 0.000000
vt 0.000000 0.000000
vt 0.000000 0.000000
vt 0.000000 0.000000
vt 0.000000 0.000000
vt 0.000000 0.000000
vt 0.000000 0.000000
vt 0.000000 0.000000
vt 0.000000 0.000000
vt 0.000000 0.000000
vt 0.000000 0.000000
vt 0.000000 0.000000
vt 0.000000 0.000000
vt 0.000000 0.000000
vt 0.000000 0.000000
vt 0.000000 0.000000
vt 0.000000 0.000000
vt 0.000000 0.000000
vt 0.000000 0.000000
vt 0.000000 0.000000
vt 0.000000 0.000000
vt 0.000000 0.000000
vt 0.000000 0.000000
vt 0.000000 0.000000
vt 0.000000 0.000000
vt 0.000000 0.000000
vt 0.000000 0.000000
vt 0.000000 0.000000
vt 0.000000 0.000000
vt 0.000000 0.000000
vt 0.000000 0.000000
vt 0.000000 0.000000
vt 0.000000 0.000000
vt 0.000000 0.000000
vt 0.000000 0.000000
vt 0.000000 0.000000
vt 0.000000 0.000000
vt 0.000000 0.000000
vt 0.000000 0.000000
vt 0.000000 0.000000
vt 0.000000 0.000000
vt 0.000000 0.000000
vt 0.000000 0.000000
vt 0.000000 0.000000
vt 0.000000 0.000000
vt 0.000000 0.000000
vt 0.000000 0.000000
vt 0.000000 0.000000
vt 0.000000 0.000000
vt 0.000000 0.000000
vt 0.000000 0.000000
vt 0.000000 0.000000
vt 0.000000 0.000000
vt 0.000000 0.000000
vt 0.000000 0.000000
vt 0.000000 0.000000
vt 0.000000 0.000000
vt 0.000000 0.000000
vt 0.000000 0.000000
vt 0.000000 0.000000
vt 0.000000 0.000000
vt 0.000000 0.000000
vt 0.000000 0.000000
vt 0.000000 0.000000
vt 0.000000 0.000000
vt 0.000000 0.000000
vt 0.000000 0.000000
vt 0.000000 0.000000
vt 0.000000 0.000000
vt 0.000000 0.000000
vt 0.000000 0.000000
vt 0.000000 0.000000
vt 0.000000 0.000000
vt 0.000000 0.000000
vt 0.000000 0.000000
vt 0.000000 0.000000
vt 0.000000 0.000000
vt 0.000000 0.000000
vt 0.000000 0.000000
vt 0.000000 0.000000
vt 0.000000 0.000000
vt 0.000000 0.000000
vt 0.000000 0.000000
vt 0.000000 0.000000
vt 0.000000 0.000000
vt 0.000000 0.000000
vt 0.000000 0.000000
vt 0.000000 0.000000
vt 0.000000 0.000000
vt 0.000000 0.000000
vt 0.000000 0.000000
vt 0.000000 0.000000
vt 0.000000 0.000000
vt 0.000000 0.000000
vt 0.000000 0.000000
vt 0.000000 0.000000
vt 0.000000 0.000000
vt 0.000000 0.000000
vt 0.000000 0.000000
vt 0.000000 0.000000
vt 0.000000 0.000000
vt 0.000000 0.000000
vt 0.000000 0.000000
vt 0.000000 0.000000
vt 0.000000 0.000000
vt 0.000000 0.000000
vt 0.000000 0.000000
vt 0.000000 0.000000
vt 0.000000 0.000000
vt 0.000000 0.000000
vt 0.000000 0.000000
vt 0.000000 0.000000
vt 0.000000 0.000000
vt 0.000000 0.000000
vt 0.000000 0.000000
vt 0.000000 0.000000
vt 0.000000 0.000000
vt 0.000000 0.000000
vt 0.000000 0.000000
vt 0.000000 0.000000
vt 0.000000 0.000000
vt 0.000000 0.000000
vt 0.000000 0.000000
vt 0.000000 0.000000
vt 0.000000 0.000000
vt 0.000000 0.000000
vt 0.000000 0.000000
vt 0.000000 0.000000
vt 0.000000 0.000000
vt 0.000000 0.000000
vt 0.000000 0.000000
vt 0.000000 0.000000
vt 0.000000 0.000000
vt 0.000000 0.000000
vt 0.000000 0.000000
vt 0.000000 0.000000
vt 0.000000 0.000000
vt 0.000000 0.000000
vt 0.000000 0.000000
vt 0.000000 0.000000
vt 0.000000 0.000000
vt 0.000000 0.000000
vt 0.000000 0.000000
vt 0.000000 0.000000
vt 0.000000 0.000000
vt 0.000000 0.000000
vt 0.000000 0.000000
vt 0.000000 0.000000
vt 0.000000 0.000000
vt 0.000000 0.000000
vt 0.000000 0.000000
vt 0.000000 0.000000
vt 0.000000 0.000000
vt 0.000000 0.000000
vt 0.000000 0.000000
vt 0.000000 0.000000
vt 0.000000 0.000000
vt 0.000000 0.000000
vt 0.000000 0.000000
vt 0.000000 0.000000
vt 0.000000 0.000000
vt 0.000000 0.000000
vt 0.000000 0.000000
vt 0.000000 0.000000
vt 0.000000 0.000000
vt 0.000000 0.000000
vt 0.000000 0.000000
vt 0.000000 0.000000
vt 0.000000 0.000000
vt 0.000000 0.000000
vt 0.000000 0.000000
vt 0.000000 0.000000
vt 0.000000 0.000000
vt 0.000000 0.000000
vt 0.000000 0.000000
vt 0.000000 0.000000
vt 0.000000 0.000000
vt 0.000000 0.000000
vt 0.000000 0.000000
vt 0.000000 0.000000
vt 0.000000 0.000000
vt 0.000000 0.000000
vt 0.000000 0.000000
vt 0.000000 0.000000
vt 0.000000 0.000000
vt 0.000000 0.000000
vt 0.000000 0.000000
vt 0.000000 0.000000
vt 0.000000 0.000000
vt 0.000000 0.000000
vt 0.000000 0.000000
vt 0.000000 0.000000
vt 0.000000 0.000000
vt 0.000000 0.000000
vt 0.000000 0.000000
vt 0.000000 0.000000
vt 0.000000 0.000000
vt 0.000000 0.000000
vt 0.000000 0.000000
vt 0.000000 0.000000
vt 0.000000 0.000000
vt 0.000000 0.000000
vt 0.000000 0.000000
vt 0.000000 0.000000
vt 0.000000 0.000000
vt 0.000000 0.000000
vt 0.000000 0.000000
vt 0.000000 0.000000
vt 0.000000 0.000000
vt 0.000000 0.000000
vt 0.000000 0.000000
vt 0.000000 0.000000
vt 0.000000 0.000000
vt 0.000000 0.000000
vt 0.000000 0.000000
vt 0.000000 0.000000
vt 0.000000 0.000000
vt 0.000000 0.000000
vt 0.000000 0.000000
vt 0.000000 0.000000
vt 0.000000 0.000000
vt 0.000000 0.000000
vt 0.000000 0.000000
vt 0.000000 0.000000
vt 0.000000 0.000000
vt 0.000000 0.000000
vt 0.000000 0.000000
vt 0.000000 0.000000
vt 0.000000 0.000000
s 0
usemtl plastic_w
f 2685/4972/2000 2745/5058/2000 2746/5060/2000 2686/4973/2000
f 2668/4954/2001 3389/6120/2001 3388/6118/2001 2717/5007/2001
f 2718/5010/2000 2740/5048/2000 2682/4969/2000 2711/4998/2000
f 3049/5548/2002 3048/5546/2002 2718/5011/2002 2711/4999/2002
f 2717/5008/2003 3388/6119/2003 2670/4957/2003 2719/5014/2003
f 3046/5543/2004 2719/5014/2004 2710/4997/2004 3054/5553/2004
f 2755/5076/2000 2770/5100/2000 2720/5015/2000 2709/4996/2000
f 3046/5543/2003 3047/5544/2003 2717/5008/2003 2719/5014/2003
f 3391/6122/2003 3393/6125/2003 2740/5049/2003 2718/5012/2003
f 2711/4998/2000 2682/4969/2000 2680/4967/2000 2725/5024/2000
f 2763/5087/2000 2775/5107/2000 2673/4960/2000 2721/5016/2000 2714/5002/2000
f 2712/5000/2005 2672/4959/2005 3428/6167/2005 3425/6163/2005
f 2668/4954/2001 2722/5018/2001 2724/5022/2001 3419/6156/2001 3389/6120/2001
f 2771/5101/2006 2775/5106/2006 2763/5088/2006 2759/5080/2006
f 3426/6164/2005 2774/5105/2005 2726/5026/2005 2713/5001/2005
f 2715/5004/2000 2727/5027/2000 2778/5112/2000 2766/5095/2000
f 3053/5552/2007 2763/5089/2007 2714/5003/2007 3058/5557/2007
f 2725/5024/2000 2680/4967/2000 2679/4966/2000 2729/5030/2000
f 2673/4960/2000 2675/4962/2000 2730/5032/2000 2724/5023/2000
f 2724/5022/2008 2730/5033/2008 2731/5034/2008 3419/6156/2008
f 2938/5339/2009 2795/5140/2009 2693/4980/2009 2928/5327/2009
f 2877/5256/2000 2886/5271/2000 2739/5046/2000 2733/5037/2000
f 2774/5105/2005 2786/5127/2005 2728/5029/2005 2726/5026/2005
f 2721/5016/2000 2673/4960/2000 2724/5023/2000 2722/5019/2000
f 2723/5021/2005 3406/6139/2005 2676/4963/2005 2672/4959/2005
f 3055/5554/2007 2715/5005/2007 2766/5096/2007 3039/5536/2007
f 2719/5014/2003 2670/4957/2003 2700/4987/2003 2767/5097/2003
f 3047/5545/2001 3038/5535/2001 2668/4955/2001 2717/5009/2001
f 2674/4961/2000 2729/5030/2000 2694/4981/2000 2693/4980/2000
f 2727/5027/2010 2674/4961/2010 2779/5115/2010 2778/5112/2010
f 3041/5538/2003 3045/5542/2003 2756/5077/2003 2755/5076/2003
f 2886/5271/2000 2879/5259/2000 2687/4974/2000 2739/5046/2000
f 2682/4969/2000 2683/4970/2000 2685/4972/2000 2680/4967/2000
f 2720/5015/2003 3390/6121/2003 3391/6123/2003 2718/5013/2003
f 2740/5048/2000 2741/5050/2000 2683/4970/2000 2682/4969/2000
f 3393/6125/2003 3398/6130/2003 2741/5051/2003 2740/5049/2003
f 2680/4967/2000 2685/4972/2000 2686/4973/2000 2679/4966/2000
f 2683/4970/2000 2742/5052/2000 2745/5058/2000 2685/4972/2000
f 2741/5050/2000 2744/5055/2000 2742/5052/2000 2683/4970/2000
f 2742/5053/2004 3400/6133/2004 3401/6134/2004 2745/5059/2004
f 2686/4973/2000 2746/5060/2000 2754/5074/2000 2698/4985/2000
f 2750/5068/2007 2749/5065/2007 3411/6144/2007 3403/6136/2007
f 2742/5053/2004 2744/5056/2004 3399/6132/2004 3400/6133/2004
f 3401/6134/2004 3402/6135/2004 2746/5061/2004 2745/5059/2004
f 3425/6163/2005 3424/6162/2005 3413/6147/2005 3396/6128/2005
f 3397/6129/2005 2712/5000/2005 3425/6163/2005 3396/6128/2005
f 2747/5063/2000 2749/5066/2000 2750/5069/2000 2687/4974/2000
f 2930/5329/2005 2932/5331/2005 2695/4982/2005 3405/6138/2005
f 2692/4979/2005 2748/5064/2005 2691/4978/2005 2875/5254/2005
f 2889/5275/2011 2737/5043/2011 3423/6161/2011 3434/6178/2011
f 2922/5321/2000 2698/4985/2000 2754/5074/2000 2935/5336/2000
f 3404/6137/2012 2739/5047/2012 2750/5068/2012 3403/6136/2012
f 2885/5270/2000 2877/5256/2000 2733/5037/2000 2732/5036/2000
f 2729/5030/2000 2679/4966/2000 2697/4984/2000 2694/4981/2000
f 3398/6130/2003 3399/6131/2003 2744/5057/2003 2741/5051/2003
f 2676/4963/2005 3406/6139/2005 3405/6138/2005 2695/4982/2005
f 2730/5032/2000 2675/4962/2000 2696/4983/2000 2752/5071/2000
f 2753/5073/2005 2728/5029/2005 2786/5127/2005 2707/4994/2005
f 2731/5034/2001 2730/5033/2001 2752/5072/2001 2751/5070/2001
f 2679/4966/2000 2686/4973/2000 2698/4985/2000 2697/4984/2000
f 2746/5061/2004 3402/6135/2004 3407/6140/2004 2754/5075/2004
f 2888/5273/2013 2892/5281/2013 2794/5139/2013 2736/5041/2013
f 3422/6160/2007 2732/5035/2007 2733/5038/2007 3408/6141/2007
f 3423/6161/2007 2737/5043/2007 2736/5042/2007 3395/6127/2007
f 2889/5274/2000 2888/5273/2000 2736/5041/2000 2737/5044/2000
f 2927/5326/2005 2753/5073/2005 2707/4994/2005 2921/5320/2005
f 2739/5046/2000 2687/4974/2000 2750/5069/2000
f 3437/6181/2005 3435/6179/2005 2788/5129/2005 2789/5130/2005
f 2756/5077/2000 2769/5099/2000 2770/5100/2000 2755/5076/2000
f 3410/6143/2004 3411/6145/2004 2749/5067/2004 2747/5062/2004
f 2769/5099/2000 2756/5077/2000 2757/5078/2000 2768/5098/2000
f 2758/5079/2000 2767/5097/2000 2768/5098/2000 2757/5078/2000
f 2759/5080/2007 2763/5088/2007 2764/5091/2007 2760/5082/2007
f 2762/5085/2014 2766/5096/2014 2778/5113/2014 3420/6157/2014
f 2767/5097/2003 2700/4987/2003 2701/4988/2003 2768/5098/2003
f 3051/5550/2015 2729/5031/2015 2727/5028/2015 3042/5539/2015
f 2716/5006/2005 2667/4953/2005 2712/5000/2005 3397/6129/2005
f 3412/6146/2003 2769/5099/2003 2768/5098/2003 2701/4988/2003
f 2672/4959/2005 2712/5000/2005 2667/4953/2005 2723/5021/2005
f 2769/5099/2003 3412/6146/2003 3392/6124/2003 2770/5100/2003
f 2770/5100/2003 3392/6124/2003 3390/6121/2003 2720/5015/2003
f 3043/5540/2007 2765/5094/2007 2764/5092/2007 3044/5541/2007
f 3429/6168/2016 2777/5111/2016 2765/5094/2016 3427/6165/2016
f 2765/5093/2000 2777/5110/2000 2776/5108/2000 2764/5090/2000
f 2672/4959/2005 2676/4963/2005 2783/5124/2005 3428/6167/2005
f 2727/5027/2000 2729/5030/2000 2674/4961/2000
f 2776/5108/2017 2777/5110/2017 2780/5118/2017 2781/5120/2017
f 2795/5140/2018 2779/5115/2018 2674/4961/2018 2693/4980/2018
f 2771/5101/2019 3430/6170/2019 2782/5121/2019 2775/5106/2019
f 3431/6173/2020 2776/5109/2020 2781/5119/2020 3432/6175/2020
f 3060/5559/2021 2709/4996/2021 2720/5015/2021 3052/5551/2021
f 3438/6182/2005 3437/6181/2005 2789/5130/2005 2790/5131/2005
f 2785/5126/2005 2784/5125/2005 2705/4992/2005 2706/4993/2005
f 2891/5278/2022 2894/5287/2022 2791/5133/2022 2792/5135/2022
f 2733/5038/2007 2739/5047/2007 3404/6137/2007 3408/6141/2007
f 2925/5324/2005 2705/4992/2005 2704/4991/2005 2926/5325/2005
f 2710/4997/2000 2719/5014/2000 2767/5097/2000 2758/5079/2000
f 3057/5556/2003 3040/5537/2003 2758/5079/2003 2757/5078/2003
f 2707/4994/2005 2786/5127/2005 2785/5126/2005 2706/4993/2005
f 2705/4992/2005 2784/5125/2005 2783/5124/2005 2704/4991/2005
f 2931/5330/2022 2798/5143/2022 2797/5142/2022 2937/5338/2022
f 2779/5114/2003 2780/5116/2003 3418/6153/2003 3417/6151/2003
f 3415/6149/2007 2792/5134/2007 2791/5132/2007 3414/6148/2007
f 2793/5136/2007 2792/5134/2007 3415/6149/2007 3416/6150/2007
f 3394/6126/2007 2794/5138/2007 2793/5136/2007 3416/6150/2007
f 3395/6127/2007 2736/5042/2007 2794/5138/2007 3394/6126/2007
f 2890/5276/2023 3433/6177/2023 3410/6143/2023 2747/5062/2023
f 2797/5142/2000 2781/5120/2000 2780/5118/2000 2796/5141/2000
f 2891/5278/2022 2792/5135/2022 2793/5137/2022 2893/5284/2022
f 3414/6148/2007 2791/5132/2007 2732/5035/2007 3422/6160/2007
f 2868/5247/2005 2689/4976/2005 2688/4975/2005 2865/5244/2005
f 2775/5107/2024 2782/5123/2024 2675/4962/2024 2673/4960/2024
f 3424/6162/2005 2772/5103/2005 2773/5104/2005 2761/5084/2005
f 3420/6157/2025 2778/5113/2025 2779/5114/2025 3417/6151/2025
f 3429/6168/2026 3418/6154/2026 2780/5117/2026 2777/5111/2026
f 3424/6162/2005 2761/5084/2005 2702/4989/2005 3413/6147/2005
f 3427/6165/2007 2765/5094/2007 2766/5096/2007 2762/5085/2007
f 2704/4991/2005 2783/5124/2005 2676/4963/2005 2695/4982/2005
f 2696/4983/2027 2675/4962/2027 2782/5123/2027 2798/5143/2027
f 2781/5119/2003 2782/5122/2003 3430/6171/2003 3432/6175/2003
f 2773/5104/2005 2772/5103/2005 2784/5125/2005 2785/5126/2005
f 2832/5179/2028 2831/5177/2028 2799/5144/2028 2800/5145/2028
f 2831/5177/2029 2862/5240/2029 2830/5176/2029 2799/5144/2029
f 2708/4995/2000 2831/5178/2000 2832/5180/2000
f 2833/5181/2030 2832/5179/2030 2800/5145/2030 2801/5146/2030
f 2708/4995/2000 2832/5180/2000 2833/5182/2000
f 2834/5183/2031 2833/5181/2031 2801/5146/2031 2802/5147/2031
f 2708/4995/2000 2833/5182/2000 2834/5184/2000
f 2835/5185/2032 2834/5183/2032 2802/5147/2032 2803/5148/2032
f 2708/4995/2000 2834/5184/2000 2835/5186/2000
f 2836/5187/2033 2835/5185/2033 2803/5148/2033 2804/5149/2033
f 2708/4995/2000 2835/5186/2000 2836/5188/2000
f 2837/5189/2034 2836/5187/2034 2804/5149/2034 2805/5150/2034
f 2708/4995/2000 2836/5188/2000 2837/5190/2000
f 2838/5191/2035 2837/5189/2035 2805/5150/2035 2806/5151/2035
f 2708/4995/2000 2837/5190/2000 2838/5192/2000
f 2839/5193/2036 2838/5191/2036 2806/5151/2036 2807/5152/2036
f 2708/4995/2000 2838/5192/2000 2839/5194/2000
f 2840/5195/2037 2839/5193/2037 2807/5152/2037 2808/5153/2037
f 2708/4995/2000 2839/5194/2000 2840/5196/2000
f 2841/5197/2038 2840/5195/2038 2808/5153/2038 2809/5154/2038
f 2708/4995/2000 2840/5196/2000 2841/5198/2000
f 2842/5199/2039 2841/5197/2039 2809/5154/2039 2810/5155/2039
f 2708/4995/2000 2841/5198/2000 2842/5200/2000
f 2843/5201/2040 2842/5199/2040 2810/5155/2040 2811/5156/2040
f 2708/4995/2000 2842/5200/2000 2843/5202/2000
f 2844/5203/2041 2843/5201/2041 2811/5156/2041 2812/5157/2041
f 2708/4995/2000 2843/5202/2000 2844/5204/2000
f 2845/5205/2042 2844/5203/2042 2812/5157/2042 2813/5158/2042
f 2708/4995/2000 2844/5204/2000 2845/5206/2000
f 2846/5207/2043 2845/5205/2043 2813/5158/2043 2814/5159/2043
f 2708/4995/2000 2845/5206/2000 2846/5208/2000
f 2847/5209/2044 2846/5207/2044 2814/5159/2044 2815/5160/2044
f 2708/4995/2000 2846/5208/2000 2847/5210/2000
f 2848/5211/2045 2847/5209/2045 2815/5160/2045 2816/5161/2045
f 2708/4995/2000 2847/5210/2000 2848/5212/2000
f 2849/5213/2046 2848/5211/2046 2816/5161/2046 2817/5162/2046
f 2708/4995/2000 2848/5212/2000 2849/5214/2000
f 2850/5215/2047 2849/5213/2047 2817/5162/2047 2818/5163/2047
f 2708/4995/2000 2849/5214/2000 2850/5216/2000
f 2851/5217/2048 2850/5215/2048 2818/5163/2048 2819/5164/2048
f 2708/4995/2000 2850/5216/2000 2851/5218/2000
f 2852/5219/2049 2851/5217/2049 2819/5164/2049 2820/5165/2049
f 2708/4995/2000 2851/5218/2000 2852/5220/2000
f 2853/5221/2050 2852/5219/2050 2820/5165/2050 2821/5166/2050
f 2708/4995/2000 2852/5220/2000 2853/5222/2000
f 2854/5223/2051 2853/5221/2051 2821/5166/2051 2822/5167/2051
f 2708/4995/2000 2853/5222/2000 2854/5224/2000
f 2855/5225/2052 2854/5223/2052 2822/5167/2052 2823/5168/2052
f 2708/4995/2000 2854/5224/2000 2855/5226/2000
f 2856/5227/2053 2855/5225/2053 2823/5168/2053 2824/5169/2053
f 2708/4995/2000 2855/5226/2000 2856/5228/2000
f 2857/5229/2054 2856/5227/2054 2824/5169/2054 2825/5170/2054
f 2708/4995/2000 2856/5228/2000 2857/5230/2000
f 2858/5231/2055 2857/5229/2055 2825/5170/2055 2826/5171/2055
f 2708/4995/2000 2857/5230/2000 2858/5232/2000
f 2859/5233/2056 2858/5231/2056 2826/5171/2056 2827/5172/2056
f 2708/4995/2057 2858/5232/2057 2859/5234/2057
f 2860/5235/2058 2859/5233/2058 2827/5172/2058 2828/5173/2058
f 2708/4995/2000 2859/5234/2000 2860/5236/2000
f 2861/5237/2059 2860/5235/2059 2828/5173/2059 2829/5174/2059
f 2708/4995/2000 2860/5236/2000 2861/5239/2000
f 2862/5240/2060 2861/5238/2060 2829/5175/2060 2830/5176/2060
f 2708/4995/2000 2861/5239/2000 2862/5241/2000
f 2708/4995/2000 2862/5241/2000 2831/5178/2000
f 2761/5084/2005 3426/6164/2005 2703/4990/2005 2702/4989/2005
f 3426/6164/2005 2713/5001/2005 2671/4958/2005 2703/4990/2005
f 2713/5001/2005 2863/5242/2005 2669/4956/2005 2671/4958/2005
f 2863/5242/2005 2864/5243/2005 2681/4968/2005 2669/4956/2005
f 2864/5243/2005 2865/5244/2005 2684/4971/2005 2681/4968/2005
f 2871/5250/2005 2690/4977/2005 2689/4976/2005 2868/5247/2005
f 2867/5246/2005 2868/5247/2005 2865/5244/2005 2864/5243/2005
f 2866/5245/2005 2867/5246/2005 2864/5243/2005 2863/5242/2005
f 2726/5026/2005 2866/5245/2005 2863/5242/2005 2713/5001/2005
f 2874/5253/2005 2699/4986/2005 2690/4977/2005 2871/5250/2005
f 2870/5249/2005 2871/5250/2005 2868/5247/2005 2867/5246/2005
f 2869/5248/2005 2870/5249/2005 2867/5246/2005 2866/5245/2005
f 2728/5029/2005 2869/5248/2005 2866/5245/2005 2726/5026/2005
f 2941/5342/2005 2923/5322/2005 2699/4986/2005 2874/5253/2005
f 2873/5252/2005 2874/5253/2005 2871/5250/2005 2870/5249/2005
f 2872/5251/2005 2873/5252/2005 2870/5249/2005 2869/5248/2005
f 2753/5073/2005 2872/5251/2005 2869/5248/2005 2728/5029/2005
f 2940/5341/2005 2941/5342/2005 2874/5253/2005 2873/5252/2005
f 2939/5340/2005 2940/5341/2005 2873/5252/2005 2872/5251/2005
f 2927/5326/2005 2939/5340/2005 2872/5251/2005 2753/5073/2005
f 2764/5091/2061 2776/5109/2061 3431/6173/2061 2760/5082/2061
f 2865/5244/2005 2688/4975/2005 2743/5054/2005 2684/4971/2005
f 2692/4979/2005 2875/5254/2005 2678/4965/2005
f 3057/5556/2003 2757/5078/2003 2756/5077/2003 3045/5542/2003
f 3049/5548/2062 2711/4999/2062 2725/5025/2062 3059/5558/2062
f 3052/5551/2003 2720/5015/2003 2718/5013/2003 3048/5547/2003
f 3050/5549/2063 2722/5020/2063 2668/4955/2063 3038/5535/2063
f 3056/5555/2007 2721/5017/2007 2722/5020/2007 3050/5549/2007
f 3059/5558/2064 2725/5025/2064 2729/5031/2064 3051/5550/2064
f 2926/5325/2005 2704/4991/2005 2695/4982/2005 2932/5331/2005
f 2787/5128/2005 3436/6180/2005 2876/5255/2005 2734/5039/2005
f 2738/5045/2005 2677/4964/2005 2895/5288/2005 2884/5269/2005
f 2677/4964/2005 2678/4965/2005 2896/5289/2005 2895/5288/2005
f 2678/4965/2005 2875/5254/2005 2897/5290/2005 2896/5289/2005
f 2875/5254/2005 2691/4978/2005 2880/5260/2005 2897/5290/2005
f 2914/5310/2022 2891/5278/2022 2893/5284/2022 2915/5312/2022
f 2913/5308/2023 3440/6185/2023 3433/6177/2023 2890/5276/2023
f 2794/5139/2022 2892/5281/2022 2893/5284/2022 2793/5137/2022
f 2788/5129/2005 3435/6179/2005 3436/6180/2005 2787/5128/2005
f 2878/5257/2011 3439/6183/2011 2916/5315/2011 2894/5286/2011
f 2881/5261/2003 2878/5257/2003 2894/5286/2003 2891/5279/2003
f 2902/5295/2005 2903/5296/2005 3435/6179/2005 3437/6181/2005
f 2738/5045/2005 2884/5269/2005 3438/6182/2005 2790/5131/2005
f 2912/5307/2000 2911/5305/2000 2888/5273/2000 2889/5274/2000
f 2911/5305/2013 2909/5303/2013 2892/5281/2013 2888/5273/2013
f 2906/5299/2000 2898/5291/2000 2877/5256/2000 2885/5270/2000
f 2687/4974/2000 2879/5259/2000 2890/5277/2000 2747/5063/2000
f 2912/5306/2011 2889/5275/2011 3434/6178/2011 3444/6192/2011
f 2735/5040/2005 2734/5039/2005 2876/5255/2005 2887/5272/2005
f 2907/5300/2000 2900/5293/2000 2879/5259/2000 2886/5271/2000
f 2898/5291/2000 2907/5300/2000 2886/5271/2000 2877/5256/2000
f 2791/5133/2065 2894/5287/2065 2885/5270/2065 2732/5036/2065
f 2920/5319/2000 2929/5328/2000 2907/5300/2000 2898/5291/2000
f 2929/5328/2000 2922/5321/2000 2900/5293/2000 2907/5300/2000
f 2934/5334/2011 2912/5306/2011 3444/6192/2011 3421/6159/2011
f 2928/5327/2000 2920/5319/2000 2898/5291/2000 2906/5299/2000
f 2933/5332/2066 2931/5330/2066 2909/5303/2066 2911/5305/2066
f 2934/5333/2000 2933/5332/2000 2911/5305/2000 2912/5307/2000
f 2924/5323/2005 2925/5324/2005 2903/5296/2005 2902/5295/2005
f 2921/5320/2005 2924/5323/2005 2902/5295/2005 2899/5292/2005
f 2935/5335/2023 3409/6142/2023 3440/6185/2023 2913/5308/2023
f 2936/5337/2022 2914/5310/2022 2915/5312/2022 2937/5338/2022
f 3436/6180/2005 2904/5297/2005 2910/5304/2005 2876/5255/2005
f 2884/5269/2005 2895/5288/2005 2917/5316/2005 2905/5298/2005
f 2895/5288/2005 2896/5289/2005 2918/5317/2005 2917/5316/2005
f 2896/5289/2005 2897/5290/2005 2919/5318/2005 2918/5317/2005
f 2897/5290/2005 2880/5260/2005 2901/5294/2005 2919/5318/2005
f 3443/6190/2067 2883/5266/2067 2892/5282/2067 2909/5302/2067
f 3442/6188/2007 3443/6190/2007 2909/5302/2007 2915/5313/2007
f 2884/5269/2005 2905/5298/2005 2899/5292/2005 3438/6182/2005
f 2879/5259/2000 2900/5293/2000 2913/5309/2000 2890/5277/2000
f 2887/5272/2005 2876/5255/2005 2910/5304/2005 2908/5301/2005
f 2894/5287/2068 2916/5314/2068 2906/5299/2068 2885/5270/2068
f 2796/5141/2022 2936/5337/2022 2937/5338/2022 2797/5142/2022
f 2754/5075/2023 3407/6140/2023 3409/6142/2023 2935/5335/2023
f 2796/5141/2022 2795/5140/2022 2938/5339/2022 2936/5337/2022
f 2707/4994/2005 2706/4993/2005 2924/5323/2005 2921/5320/2005
f 2706/4993/2005 2705/4992/2005 2925/5324/2005 2924/5323/2005
f 2752/5071/2000 2696/4983/2000 2933/5332/2000 2934/5333/2000
f 2696/4983/2069 2798/5143/2069 2931/5330/2069 2933/5332/2069
f 2693/4980/2000 2694/4981/2000 2920/5319/2000 2928/5327/2000
f 2752/5072/2011 2934/5334/2011 3421/6159/2011 2751/5070/2011
f 2697/4984/2000 2698/4985/2000 2922/5321/2000 2929/5328/2000
f 2694/4981/2000 2697/4984/2000 2929/5328/2000 2920/5319/2000
f 2904/5297/2005 2926/5325/2005 2932/5331/2005 2910/5304/2005
f 2905/5298/2005 2917/5316/2005 2939/5340/2005 2927/5326/2005
f 2917/5316/2005 2918/5317/2005 2940/5341/2005 2939/5340/2005
f 2918/5317/2005 2919/5318/2005 2941/5342/2005 2940/5341/2005
f 2919/5318/2005 2901/5294/2005 2923/5322/2005 2941/5342/2005
f 2903/5296/2005 2925/5324/2005 2926/5325/2005 2904/5297/2005
f 2905/5298/2005 2927/5326/2005 2921/5320/2005 2899/5292/2005
f 2900/5293/2000 2922/5321/2000 2935/5336/2000 2913/5309/2000
f 2908/5301/2005 2910/5304/2005 2932/5331/2005 2930/5329/2005
f 2916/5314/2068 2938/5339/2068 2928/5327/2068 2906/5299/2068
f 2914/5310/2022 2936/5337/2022 2938/5339/2022 2916/5314/2022
f 2937/5338/2022 2915/5312/2022 2909/5303/2022 2931/5330/2022
f 2782/5123/2000 2781/5120/2000 2797/5142/2000 2798/5143/2000
f 2795/5140/2000 2796/5141/2000 2780/5118/2000 2779/5115/2000
f 3439/6183/2007 3441/6186/2007 2914/5311/2007 2916/5315/2007
f 3441/6186/2067 2881/5262/2067 2891/5280/2067 2914/5311/2067
f 2883/5267/2003 2882/5264/2003 2893/5285/2003 2892/5283/2003
f 2882/5264/2011 3442/6188/2011 2915/5313/2011 2893/5285/2011
f 2943/5345/2070 2948/5355/2070 2949/5358/2070 2945/5349/2070
f 2945/5350/2071 2949/5357/2071 2947/5354/2071 2944/5347/2071
f 2944/5348/2072 2947/5353/2072 2946/5351/2072 2942/5343/2072
f 2947/5353/2073 2953/5366/2073 2950/5360/2073 2946/5351/2073
f 2942/5344/2074 2946/5352/2074 2948/5356/2074 2943/5346/2074
f 2949/5357/2075 2952/5364/2075 2953/5365/2075 2947/5354/2075
f 2948/5355/2076 2951/5362/2076 2952/5363/2076 2949/5358/2076
f 2950/5359/2077 2954/5368/2077 2957/5374/2077 2951/5361/2077
f 2946/5352/2078 2950/5359/2078 2951/5361/2078 2948/5356/2078
f 2951/5362/2079 2957/5373/2079 2956/5372/2079 2952/5363/2079
f 2952/5364/2080 2956/5371/2080 2955/5370/2080 2953/5365/2080
f 2955/5369/2081 2961/5381/2081 2959/5378/2081 2954/5367/2081
f 2953/5366/2082 2955/5369/2082 2954/5367/2082 2950/5360/2082
f 2956/5371/2083 2960/5379/2083 2961/5382/2083 2955/5370/2083
f 2957/5373/2084 2958/5376/2084 2960/5380/2084 2956/5372/2084
f 2959/5377/2085 2962/5383/2085 2965/5389/2085 2958/5375/2085
f 2954/5368/2086 2959/5377/2086 2958/5375/2086 2957/5374/2086
f 2961/5381/2087 2963/5386/2087 2962/5384/2087 2959/5378/2087
f 2960/5379/2088 2964/5387/2088 2963/5385/2088 2961/5382/2088
f 2964/5388/2000 2965/5390/2000 2962/5384/2000 2963/5386/2000
f 2958/5376/2089 2965/5390/2089 2964/5388/2089 2960/5380/2089
f 2967/5393/2070 2972/5403/2070 2973/5406/2070 2969/5397/2070
f 2969/5398/2071 2973/5405/2071 2971/5402/2071 2968/5395/2071
f 2968/5396/2072 2971/5401/2072 2970/5399/2072 2966/5391/2072
f 2971/5401/2073 2977/5414/2073 2974/5408/2073 2970/5399/2073
f 2966/5392/2074 2970/5400/2074 2972/5404/2074 2967/5394/2074
f 2973/5405/2075 2976/5412/2075 2977/5413/2075 2971/5402/2075
f 2972/5403/2076 2975/5410/2076 2976/5411/2076 2973/5406/2076
f 2974/5407/2077 2978/5416/2077 2981/5422/2077 2975/5409/2077
f 2970/5400/2078 2974/5407/2078 2975/5409/2078 2972/5404/2078
f 2975/5410/2090 2981/5421/2090 2980/5420/2090 2976/5411/2090
f 2976/5412/2080 2980/5419/2080 2979/5418/2080 2977/5413/2080
f 2979/5417/2081 2985/5429/2081 2983/5426/2081 2978/5415/2081
f 2977/5414/2082 2979/5417/2082 2978/5415/2082 2974/5408/2082
f 2980/5419/2083 2984/5427/2083 2985/5430/2083 2979/5418/2083
f 2981/5421/2084 2982/5424/2084 2984/5428/2084 2980/5420/2084
f 2983/5425/2085 2986/5431/2085 2989/5437/2085 2982/5423/2085
f 2978/5416/2086 2983/5425/2086 2982/5423/2086 2981/5422/2086
f 2985/5429/2087 2987/5434/2087 2986/5432/2087 2983/5426/2087
f 2984/5427/2088 2988/5435/2088 2987/5433/2088 2985/5430/2088
f 2988/5436/2000 2989/5438/2000 2986/5432/2000 2987/5434/2000
f 2982/5424/2089 2989/5438/2089 2988/5436/2089 2984/5428/2089
f 2991/5441/2070 2996/5451/2070 2997/5454/2070 2993/5445/2070
f 2993/5446/2071 2997/5453/2071 2995/5450/2071 2992/5443/2071
f 2992/5444/2072 2995/5449/2072 2994/5447/2072 2990/5439/2072
f 2995/5449/2073 3001/5462/2073 2998/5456/2073 2994/5447/2073
f 2990/5440/2074 2994/5448/2074 2996/5452/2074 2991/5442/2074
f 2997/5453/2075 3000/5460/2075 3001/5461/2075 2995/5450/2075
f 2996/5451/2076 2999/5458/2076 3000/5459/2076 2997/5454/2076
f 2998/5455/2077 3002/5464/2077 3005/5470/2077 2999/5457/2077
f 2994/5448/2078 2998/5455/2078 2999/5457/2078 2996/5452/2078
f 2999/5458/2090 3005/5469/2090 3004/5468/2090 3000/5459/2090
f 3000/5460/2080 3004/5467/2080 3003/5466/2080 3001/5461/2080
f 3003/5465/2081 3009/5477/2081 3007/5474/2081 3002/5463/2081
f 3001/5462/2091 3003/5465/2091 3002/5463/2091 2998/5456/2091
f 3004/5467/2083 3008/5475/2083 3009/5478/2083 3003/5466/2083
f 3005/5469/2084 3006/5472/2084 3008/5476/2084 3004/5468/2084
f 3007/5473/2085 3010/5479/2085 3013/5485/2085 3006/5471/2085
f 3002/5464/2086 3007/5473/2086 3006/5471/2086 3005/5470/2086
f 3009/5477/2092 3011/5482/2092 3010/5480/2092 3007/5474/2092
f 3008/5475/2088 3012/5483/2088 3011/5481/2088 3009/5478/2088
f 3012/5484/2000 3013/5486/2000 3010/5480/2000 3011/5482/2000
f 3006/5472/2089 3013/5486/2089 3012/5484/2089 3008/5476/2089
f 3015/5489/2070 3020/5499/2070 3021/5502/2070 3017/5493/2070
f 3017/5494/2071 3021/5501/2071 3019/5498/2071 3016/5491/2071
f 3016/5492/2072 3019/5497/2072 3018/5495/2072 3014/5487/2072
f 3019/5497/2073 3025/5510/2073 3022/5504/2073 3018/5495/2073
f 3014/5488/2074 3018/5496/2074 3020/5500/2074 3015/5490/2074
f 3021/5501/2075 3024/5508/2075 3025/5509/2075 3019/5498/2075
f 3020/5499/2076 3023/5506/2076 3024/5507/2076 3021/5502/2076
f 3022/5503/2077 3026/5512/2077 3029/5518/2077 3023/5505/2077
f 3018/5496/2078 3022/5503/2078 3023/5505/2078 3020/5500/2078
f 3023/5506/2090 3029/5517/2090 3028/5516/2090 3024/5507/2090
f 3024/5508/2080 3028/5515/2080 3027/5514/2080 3025/5509/2080
f 3027/5513/2081 3033/5525/2081 3031/5522/2081 3026/5511/2081
f 3025/5510/2091 3027/5513/2091 3026/5511/2091 3022/5504/2091
f 3028/5515/2083 3032/5523/2083 3033/5526/2083 3027/5514/2083
f 3029/5517/2084 3030/5520/2084 3032/5524/2084 3028/5516/2084
f 3031/5521/2085 3034/5527/2085 3037/5533/2085 3030/5519/2085
f 3026/5512/2086 3031/5521/2086 3030/5519/2086 3029/5518/2086
f 3033/5525/2087 3035/5530/2087 3034/5528/2087 3031/5522/2087
f 3032/5523/2088 3036/5531/2088 3035/5529/2088 3033/5526/2088
f 3036/5532/2000 3037/5534/2000 3034/5528/2000 3035/5530/2000
f 3030/5520/2089 3037/5534/2089 3036/5532/2089 3032/5524/2089
f 2714/5003/2093 2721/5017/2093 3056/5555/2093 3058/5557/2093
f 2764/5092/2007 2763/5089/2007 3053/5552/2007 3044/5541/2007
f 2727/5028/2094 2715/5005/2094 3055/5554/2094 3042/5539/2094
f 2709/4996/2003 3060/5559/2003 3041/5538/2003 2755/5076/2003
f 2758/5079/2003 3040/5537/2003 3054/5553/2003 2710/4997/2003
f 2765/5094/2007 3043/5540/2007 3039/5536/2007 2766/5096/2007
f 3077/5578/2005 3078/5579/2005 3129/5660/2005 3128/5658/2005
f 3062/5561/2001 3102/5608/2001 3519/6308/2001 3520/6311/2001
f 3103/5611/2005 3098/5601/2005 3074/5575/2005 3123/5648/2005
f 3049/5548/2002 3098/5602/2002 3103/5612/2002 3048/5546/2002
f 3102/5609/2003 3104/5615/2003 3064/5564/2003 3519/6309/2003
f 3046/5543/2004 3054/5553/2004 3097/5600/2004 3104/5615/2004
f 3137/5676/2005 3096/5599/2005 3105/5616/2005 3152/5705/2005
f 3046/5543/2003 3104/5615/2003 3102/5609/2003 3047/5544/2003
f 3522/6315/2003 3103/5613/2003 3123/5649/2003 3524/6320/2003
f 3098/5601/2005 3110/5625/2005 3072/5573/2005 3074/5575/2005
f 3145/5690/2005 3099/5603/2005 3106/5617/2005 3066/5567/2005 3157/5712/2005
f 3062/5561/2001 3520/6311/2001 3550/6371/2001 3109/5623/2001 3107/5619/2001
f 3153/5706/2095 3141/5680/2095 3145/5691/2095 3157/5711/2095
f 3100/5605/2005 3148/5699/2005 3160/5717/2005 3111/5627/2005
f 3053/5552/2007 3058/5557/2007 3099/5604/2007 3145/5692/2007
f 3110/5625/2005 3112/5629/2005 3071/5572/2005 3072/5573/2005
f 3066/5567/2005 3109/5624/2005 3113/5631/2005 3068/5569/2005
f 3109/5623/2008 3550/6371/2008 3114/5633/2008 3113/5632/2008
f 3291/5925/2096 3282/5914/2096 3085/5586/2096 3177/5747/2096
f 3245/5849/2005 3116/5637/2005 3122/5646/2005 3253/5865/2005
f 3106/5617/2005 3107/5620/2005 3109/5624/2005 3066/5567/2005
f 3055/5554/2007 3039/5536/2007 3148/5701/2007 3100/5606/2007
f 3104/5615/2003 3149/5702/2003 3091/5592/2003 3064/5564/2003
f 3047/5545/2001 3102/5610/2001 3062/5562/2001 3038/5535/2001
f 3067/5568/2005 3085/5586/2005 3086/5587/2005 3112/5629/2005
f 3111/5627/2097 3160/5717/2097 3161/5721/2097 3067/5568/2097
f 3041/5538/2003 3137/5676/2003 3138/5677/2003 3045/5542/2003
f 3253/5865/2005 3122/5646/2005 3079/5580/2005 3247/5853/2005
f 3074/5575/2005 3072/5573/2005 3077/5578/2005 3075/5576/2005
f 3105/5616/2003 3103/5614/2003 3522/6316/2003 3521/6313/2003
f 3123/5648/2005 3074/5575/2005 3075/5576/2005 3124/5650/2005
f 3524/6320/2003 3123/5649/2003 3124/5651/2003 3529/6328/2003
f 3072/5573/2005 3071/5572/2005 3078/5579/2005 3077/5578/2005
f 3075/5576/2005 3077/5578/2005 3128/5658/2005 3125/5652/2005
f 3124/5650/2005 3075/5576/2005 3125/5652/2005 3127/5655/2005
f 3125/5653/2004 3128/5659/2004 3532/6335/2004 3531/6333/2004
f 3078/5579/2005 3089/5590/2005 3136/5674/2005 3129/5660/2005
f 3133/5668/2007 3534/6339/2007 3542/6353/2007 3132/5665/2007
f 3125/5653/2004 3531/6333/2004 3530/6330/2004 3127/5656/2004
f 3532/6335/2004 3128/5659/2004 3129/5661/2004 3533/6337/2004
f 3130/5663/2005 3079/5580/2005 3133/5669/2005 3132/5666/2005
f 3256/5869/2011 3565/6400/2011 3554/6379/2011 3120/5643/2011
f 3280/5912/2005 3288/5922/2005 3136/5674/2005 3089/5590/2005
f 3535/6341/2012 3534/6339/2012 3133/5668/2012 3122/5647/2012
f 3252/5864/2005 3115/5636/2005 3116/5637/2005 3245/5849/2005
f 3112/5629/2005 3086/5587/2005 3088/5589/2005 3071/5572/2005
f 3529/6328/2003 3124/5651/2003 3127/5657/2003 3530/6331/2003
f 3113/5631/2005 3135/5672/2005 3087/5588/2005 3068/5569/2005
f 3114/5633/2001 3134/5670/2001 3135/5673/2001 3113/5632/2001
f 3071/5572/2005 3088/5589/2005 3089/5590/2005 3078/5579/2005
f 3129/5661/2004 3136/5675/2004 3538/6345/2004 3533/6337/2004
f 3255/5867/2098 3119/5641/2098 3176/5746/2098 3259/5875/2098
f 3553/6377/2007 3539/6347/2007 3116/5638/2007 3115/5635/2007
f 3554/6379/2007 3526/6324/2007 3119/5642/2007 3120/5643/2007
f 3256/5868/2005 3120/5644/2005 3119/5641/2005 3255/5867/2005
f 3122/5646/2005 3133/5669/2005 3079/5580/2005
f 3138/5677/2005 3137/5676/2005 3152/5705/2005 3151/5704/2005
f 3541/6351/2004 3130/5662/2004 3132/5667/2004 3542/6354/2004
f 3151/5704/2005 3150/5703/2005 3139/5678/2005 3138/5677/2005
f 3140/5679/2005 3139/5678/2005 3150/5703/2005 3149/5702/2005
f 3141/5681/2007 3142/5683/2007 3146/5695/2007 3145/5692/2007
f 3144/5687/2099 3551/6373/2099 3160/5718/2099 3148/5700/2099
f 3149/5702/2003 3150/5703/2003 3092/5594/2003 3091/5592/2003
f 3051/5550/2015 3042/5539/2015 3111/5628/2015 3112/5630/2015
f 3543/6356/2003 3092/5594/2003 3150/5703/2003 3151/5704/2003
f 3151/5704/2003 3152/5705/2003 3523/6318/2003 3543/6356/2003
f 3152/5705/2003 3105/5616/2003 3521/6313/2003 3523/6318/2003
f 3043/5540/2007 3044/5541/2007 3146/5695/2007 3147/5698/2007
f 3560/6388/2100 3558/6384/2100 3147/5696/2100 3159/5716/2100
f 3147/5697/2005 3146/5693/2005 3158/5713/2005 3159/5715/2005
f 3111/5627/2005 3067/5568/2005 3112/5629/2005
f 3158/5713/2101 3163/5727/2101 3162/5724/2101 3159/5715/2101
f 3177/5747/2102 3085/5586/2102 3067/5568/2102 3161/5721/2102
f 3153/5706/2103 3157/5711/2103 3164/5728/2103 3561/6390/2103
f 3562/6393/2104 3563/6395/2104 3163/5725/2104 3158/5714/2104
f 3060/5559/2001 3052/5551/2001 3105/5616/2001 3096/5599/2001
f 3258/5872/2105 3174/5742/2105 3173/5740/2105 3261/5883/2105
f 3116/5638/2007 3539/6347/2007 3535/6341/2007 3122/5647/2007
f 3097/5600/2005 3140/5679/2005 3149/5702/2005 3104/5615/2005
f 3057/5556/2003 3139/5678/2003 3140/5679/2003 3040/5537/2003
f 3108/5622/2004 3061/5560/2004 3607/6453/2004 3603/6449/2004
f 3285/5917/2105 3290/5924/2105 3179/5749/2105 3180/5750/2105
f 3161/5719/2003 3548/6365/2003 3549/6368/2003 3162/5722/2003
f 3546/6361/2007 3545/6359/2007 3173/5739/2007 3174/5741/2007
f 3175/5743/2007 3547/6363/2007 3546/6361/2007 3174/5741/2007
f 3525/6322/2007 3547/6363/2007 3175/5743/2007 3176/5745/2007
f 3526/6324/2007 3525/6322/2007 3176/5745/2007 3119/5642/2007
f 3257/5870/2067 3130/5662/2067 3541/6351/2067 3564/6398/2067
f 3179/5749/2005 3178/5748/2005 3162/5724/2005 3163/5727/2005
f 3258/5872/2105 3260/5878/2105 3175/5744/2105 3174/5742/2105
f 3545/6359/2007 3553/6377/2007 3115/5635/2007 3173/5739/2007
f 3266/5888/2011 3568/6404/2011 3648/6494/2011 3666/6512/2011
f 3157/5712/2106 3066/5567/2106 3068/5569/2106 3164/5730/2106
f 3101/5607/2007 3528/6327/2007 3578/6424/2007 3673/6519/2007
f 3551/6373/2107 3548/6366/2107 3161/5720/2107 3160/5718/2107
f 3560/6388/2108 3159/5716/2108 3162/5723/2108 3549/6369/2108
f 3265/5887/2021 3248/5854/2021 3658/6504/2021 3668/6514/2021
f 3558/6385/2007 3144/5688/2007 3148/5701/2007 3147/5698/2007
f 3167/5733/2007 3168/5734/2007 3606/6452/2007 3610/6456/2007
f 3087/5588/2109 3180/5750/2109 3164/5730/2109 3068/5569/2109
f 3163/5726/2003 3563/6396/2003 3561/6391/2003 3164/5729/2003
f 3569/6405/2067 3263/5885/2067 3669/6515/2067 3646/6492/2067
f 3214/5786/2028 3182/5752/2028 3181/5751/2028 3213/5784/2028
f 3213/5784/2029 3181/5751/2029 3212/5783/2029 3244/5847/2029
f 3095/5598/2005 3214/5787/2005 3213/5785/2005
f 3215/5788/2110 3183/5753/2110 3182/5752/2110 3214/5786/2110
f 3095/5598/2005 3215/5789/2005 3214/5787/2005
f 3216/5790/2031 3184/5754/2031 3183/5753/2031 3215/5788/2031
f 3095/5598/2005 3216/5791/2005 3215/5789/2005
f 3217/5792/2032 3185/5755/2032 3184/5754/2032 3216/5790/2032
f 3095/5598/2005 3217/5793/2005 3216/5791/2005
f 3218/5794/2033 3186/5756/2033 3185/5755/2033 3217/5792/2033
f 3095/5598/2005 3218/5795/2005 3217/5793/2005
f 3219/5796/2034 3187/5757/2034 3186/5756/2034 3218/5794/2034
f 3095/5598/2005 3219/5797/2005 3218/5795/2005
f 3220/5798/2035 3188/5758/2035 3187/5757/2035 3219/5796/2035
f 3095/5598/2005 3220/5799/2005 3219/5797/2005
f 3221/5800/2036 3189/5759/2036 3188/5758/2036 3220/5798/2036
f 3095/5598/2005 3221/5801/2005 3220/5799/2005
f 3222/5802/2037 3190/5760/2037 3189/5759/2037 3221/5800/2037
f 3095/5598/2005 3222/5803/2005 3221/5801/2005
f 3223/5804/2111 3191/5761/2111 3190/5760/2111 3222/5802/2111
f 3095/5598/2005 3223/5805/2005 3222/5803/2005
f 3224/5806/2039 3192/5762/2039 3191/5761/2039 3223/5804/2039
f 3095/5598/2005 3224/5807/2005 3223/5805/2005
f 3225/5808/2040 3193/5763/2040 3192/5762/2040 3224/5806/2040
f 3095/5598/2005 3225/5809/2005 3224/5807/2005
f 3226/5810/2041 3194/5764/2041 3193/5763/2041 3225/5808/2041
f 3095/5598/2005 3226/5811/2005 3225/5809/2005
f 3227/5812/2042 3195/5765/2042 3194/5764/2042 3226/5810/2042
f 3095/5598/2005 3227/5813/2005 3226/5811/2005
f 3228/5814/2043 3196/5766/2043 3195/5765/2043 3227/5812/2043
f 3095/5598/2005 3228/5815/2005 3227/5813/2005
f 3229/5816/2044 3197/5767/2044 3196/5766/2044 3228/5814/2044
f 3095/5598/2005 3229/5817/2005 3228/5815/2005
f 3230/5818/2045 3198/5768/2045 3197/5767/2045 3229/5816/2045
f 3095/5598/2005 3230/5819/2005 3229/5817/2005
f 3231/5820/2112 3199/5769/2112 3198/5768/2112 3230/5818/2112
f 3095/5598/2005 3231/5821/2005 3230/5819/2005
f 3232/5822/2047 3200/5770/2047 3199/5769/2047 3231/5820/2047
f 3095/5598/2005 3232/5823/2005 3231/5821/2005
f 3233/5824/2048 3201/5771/2048 3200/5770/2048 3232/5822/2048
f 3095/5598/2005 3233/5825/2005 3232/5823/2005
f 3234/5826/2049 3202/5772/2049 3201/5771/2049 3233/5824/2049
f 3095/5598/2005 3234/5827/2005 3233/5825/2005
f 3235/5828/2050 3203/5773/2050 3202/5772/2050 3234/5826/2050
f 3095/5598/2005 3235/5829/2005 3234/5827/2005
f 3236/5830/2051 3204/5774/2051 3203/5773/2051 3235/5828/2051
f 3095/5598/2005 3236/5831/2005 3235/5829/2005
f 3237/5832/2052 3205/5775/2052 3204/5774/2052 3236/5830/2052
f 3095/5598/2005 3237/5833/2005 3236/5831/2005
f 3238/5834/2053 3206/5776/2053 3205/5775/2053 3237/5832/2053
f 3095/5598/2005 3238/5835/2005 3237/5833/2005
f 3239/5836/2054 3207/5777/2054 3206/5776/2054 3238/5834/2054
f 3095/5598/2005 3239/5837/2005 3238/5835/2005
f 3240/5838/2055 3208/5778/2055 3207/5777/2055 3239/5836/2055
f 3095/5598/2005 3240/5839/2005 3239/5837/2005
f 3241/5840/2056 3209/5779/2056 3208/5778/2056 3240/5838/2056
f 3095/5598/2005 3241/5841/2005 3240/5839/2005
f 3242/5842/2058 3210/5780/2058 3209/5779/2058 3241/5840/2058
f 3095/5598/2005 3242/5843/2005 3241/5841/2005
f 3243/5844/2059 3211/5781/2059 3210/5780/2059 3242/5842/2059
f 3095/5598/2005 3243/5846/2005 3242/5843/2005
f 3244/5847/2060 3212/5783/2060 3211/5782/2060 3243/5845/2060
f 3095/5598/2005 3244/5848/2005 3243/5846/2005
f 3095/5598/2005 3213/5785/2005 3244/5848/2005
f 3170/5736/2003 3169/5735/2003 3651/6497/2003 3649/6495/2003
f 3568/6404/2007 3569/6405/2007 3646/6492/2007 3648/6494/2007
f 3172/5738/2003 3171/5737/2003 3647/6493/2003 3645/6491/2003
f 3567/6403/2007 3566/6402/2007 3650/6496/2007 3652/6498/2007
f 3527/6326/2007 3544/6358/2007 3586/6432/2007 3576/6422/2007
f 3118/5640/2067 3254/5866/2067 3659/6505/2067 3676/6522/2067
f 3544/6358/2007 3093/5596/2007 3615/6461/2007 3586/6432/2007
f 3248/5854/2011 3083/5584/2011 3643/6489/2011 3658/6504/2011
f 3093/5596/2007 3094/5597/2007 3614/6460/2007 3615/6461/2007
f 3155/5709/2008 3167/5733/2008 3610/6456/2008 3612/6458/2008
f 3083/5584/2001 3131/5664/2001 3675/6521/2001 3643/6489/2001
f 3154/5708/2004 3555/6381/2004 3587/6433/2004 3613/6459/2004
f 3090/5591/2021 3281/5913/2021 3671/6517/2021 3637/6483/2021
f 3165/5731/2007 3166/5732/2007 3611/6457/2007 3609/6455/2007
f 3070/5571/2003 3069/5570/2003 3639/6485/2003 3641/6487/2003
f 3171/5737/2003 3170/5736/2003 3649/6495/2003 3647/6493/2003
f 3082/5583/2001 3090/5591/2001 3637/6483/2001 3633/6479/2001
f 3166/5732/2113 3154/5708/2113 3613/6459/2113 3611/6457/2113
f 3536/6343/2004 3537/6344/2004 3585/6431/2004 3590/6436/2004
f 3559/6387/2008 3165/5731/2008 3609/6455/2008 3580/6426/2008
f 3146/5694/2114 3142/5684/2114 3562/6393/2114 3158/5714/2114
f 3084/5585/2115 3070/5571/2115 3641/6487/2115 3618/6464/2115
f 3156/5710/2004 3557/6383/2004 3602/6448/2004 3604/6450/2004
f 3057/5556/2003 3045/5542/2003 3138/5677/2003 3139/5678/2003
f 3049/5548/2062 3059/5558/2062 3110/5626/2062 3098/5602/2062
f 3052/5551/2003 3048/5547/2003 3103/5614/2003 3105/5616/2003
f 3050/5549/2063 3038/5535/2063 3062/5562/2063 3107/5621/2063
f 3056/5555/2007 3050/5549/2007 3107/5621/2007 3106/5618/2007
f 3059/5558/2064 3051/5550/2064 3112/5630/2064 3110/5626/2064
f 3081/5582/2001 3082/5583/2001 3633/6479/2001 3629/6475/2001
f 3143/5686/2001 3155/5709/2001 3612/6458/2001 3608/6454/2001
f 3080/5581/2001 3081/5582/2001 3629/6475/2001 3625/6471/2001
f 3556/6382/2001 3559/6387/2001 3580/6426/2001 3577/6423/2001
f 3076/5577/2007 3126/5654/2007 3674/6520/2007 3623/6469/2007
f 3557/6383/2003 3143/5686/2003 3608/6454/2003 3602/6448/2003
f 3276/5902/2105 3277/5906/2105 3260/5878/2105 3258/5872/2105
f 3275/5900/2023 3257/5870/2023 3564/6398/2023 3571/6409/2023
f 3176/5746/2105 3175/5744/2105 3260/5878/2105 3259/5875/2105
f 3073/5574/2007 3076/5577/2007 3623/6469/2007 3621/6467/2007
f 3246/5850/2011 3261/5881/2011 3278/5908/2011 3570/6406/2011
f 3249/5855/2003 3258/5873/2003 3261/5882/2003 3246/5851/2003
f 3555/6381/2003 3556/6382/2003 3577/6423/2003 3587/6433/2003
f 3528/6327/2007 3527/6326/2007 3576/6422/2007 3578/6424/2007
f 3274/5899/2005 3256/5868/2005 3255/5867/2005 3273/5897/2005
f 3273/5897/2098 3255/5867/2098 3259/5875/2098 3272/5896/2098
f 3269/5891/2005 3252/5864/2005 3245/5849/2005 3262/5884/2005
f 3079/5580/2005 3130/5663/2005 3257/5871/2005 3247/5853/2005
f 3274/5898/2011 3575/6420/2011 3565/6400/2011 3256/5869/2011
f 3121/5645/2003 3172/5738/2003 3645/6491/2003 3653/6499/2003
f 3270/5892/2005 3253/5865/2005 3247/5853/2005 3264/5886/2005
f 3262/5884/2005 3245/5849/2005 3253/5865/2005 3270/5892/2005
f 3173/5740/2116 3115/5636/2116 3252/5864/2116 3261/5883/2116
f 3279/5911/2005 3262/5884/2005 3270/5892/2005 3283/5915/2005
f 3283/5915/2005 3270/5892/2005 3264/5886/2005 3280/5912/2005
f 3287/5920/2011 3552/6375/2011 3575/6420/2011 3274/5898/2011
f 3282/5914/2005 3269/5891/2005 3262/5884/2005 3279/5911/2005
f 3286/5918/2117 3273/5897/2117 3272/5896/2117 3285/5917/2117
f 3287/5919/2005 3274/5899/2005 3273/5897/2005 3286/5918/2005
f 3169/5735/2003 3117/5639/2003 3589/6435/2003 3651/6497/2003
f 3117/5639/2003 3118/5640/2003 3676/6522/2003 3589/6435/2003
f 3288/5921/2023 3275/5900/2023 3571/6409/2023 3540/6349/2023
f 3289/5923/2105 3290/5924/2105 3277/5906/2105 3276/5902/2105
f 3271/5893/2067 3284/5916/2067 3672/6518/2067 3670/6516/2067
f 3063/5563/2007 3073/5574/2007 3621/6467/2007 3619/6465/2007
f 3069/5570/2003 3121/5645/2003 3653/6499/2003 3639/6485/2003
f 3281/5913/2021 3265/5887/2021 3668/6514/2021 3671/6517/2021
f 3094/5597/2007 3065/5566/2007 3616/6462/2007 3614/6460/2007
f 3574/6417/2067 3272/5894/2067 3259/5876/2067 3251/5861/2067
f 3573/6414/2007 3277/5905/2007 3272/5895/2007 3574/6418/2007
f 3131/5664/2003 3084/5585/2003 3618/6464/2003 3675/6521/2003
f 3247/5853/2005 3257/5871/2005 3275/5901/2005 3264/5886/2005
f 3267/5889/2003 3268/5890/2003 3667/6513/2003 3665/6511/2003
f 3261/5883/2118 3252/5864/2118 3269/5891/2118 3278/5909/2118
f 3178/5748/2105 3179/5749/2105 3290/5924/2105 3289/5923/2105
f 3136/5675/2023 3288/5921/2023 3540/6349/2023 3538/6345/2023
f 3178/5748/2105 3289/5923/2105 3291/5925/2105 3177/5747/2105
f 3065/5566/2007 3063/5563/2007 3619/6465/2007 3616/6462/2007
f 3284/5916/2067 3536/6343/2067 3590/6436/2067 3672/6518/2067
f 3135/5672/2005 3287/5919/2005 3286/5918/2005 3087/5588/2005
f 3087/5588/2119 3286/5918/2119 3285/5917/2119 3180/5750/2119
f 3085/5586/2005 3282/5914/2005 3279/5911/2005 3086/5587/2005
f 3135/5673/2011 3134/5670/2011 3552/6375/2011 3287/5920/2011
f 3088/5589/2005 3283/5915/2005 3280/5912/2005 3089/5590/2005
f 3086/5587/2005 3279/5911/2005 3283/5915/2005 3088/5589/2005
f 3263/5885/2003 3266/5888/2003 3666/6512/2003 3669/6515/2003
f 3061/5560/2004 3101/5607/2004 3673/6519/2004 3607/6453/2004
f 3126/5654/2001 3080/5581/2001 3625/6471/2001 3674/6520/2001
f 3254/5866/2067 3271/5893/2067 3670/6516/2067 3659/6505/2067
f 3168/5734/2113 3156/5710/2113 3604/6450/2113 3606/6452/2113
f 3268/5890/2011 3567/6403/2011 3652/6498/2011 3667/6513/2011
f 3537/6344/2113 3108/5622/2113 3603/6449/2113 3585/6431/2113
f 3264/5886/2005 3275/5901/2005 3288/5922/2005 3280/5912/2005
f 3566/6402/2067 3267/5889/2067 3665/6511/2067 3650/6496/2067
f 3278/5909/2118 3269/5891/2118 3282/5914/2118 3291/5925/2118
f 3276/5902/2105 3278/5909/2105 3291/5925/2105 3289/5923/2105
f 3290/5924/2105 3285/5917/2105 3272/5896/2105 3277/5906/2105
f 3164/5730/2005 3180/5750/2005 3179/5749/2005 3163/5727/2005
f 3177/5747/2005 3161/5721/2005 3162/5724/2005 3178/5748/2005
f 3570/6407/2007 3278/5910/2007 3276/5903/2007 3572/6411/2007
f 3572/6412/2067 3276/5904/2067 3258/5874/2067 3249/5856/2067
f 3251/5862/2003 3259/5877/2003 3260/5879/2003 3250/5858/2003
f 3250/5859/2011 3260/5880/2011 3277/5907/2011 3573/6415/2011
f 3293/5928/2120 3295/5932/2120 3299/5941/2120 3298/5938/2120
f 3295/5933/2121 3294/5930/2121 3297/5937/2121 3299/5940/2121
f 3294/5931/2122 3292/5926/2122 3296/5934/2122 3297/5936/2122
f 3297/5936/2123 3296/5934/2123 3300/5943/2123 3303/5949/2123
f 3292/5927/2124 3293/5929/2124 3298/5939/2124 3296/5935/2124
f 3299/5940/2125 3297/5937/2125 3303/5948/2125 3302/5947/2125
f 3298/5938/2126 3299/5941/2126 3302/5946/2126 3301/5945/2126
f 3300/5942/2127 3301/5944/2127 3307/5957/2127 3304/5951/2127
f 3296/5935/2128 3298/5939/2128 3301/5944/2128 3300/5942/2128
f 3301/5945/2129 3302/5946/2129 3306/5955/2129 3307/5956/2129
f 3302/5947/2130 3303/5948/2130 3305/5953/2130 3306/5954/2130
f 3305/5952/2131 3304/5950/2131 3309/5961/2131 3311/5964/2131
f 3303/5949/2132 3300/5943/2132 3304/5950/2132 3305/5952/2132
f 3306/5954/2133 3305/5953/2133 3311/5965/2133 3310/5962/2133
f 3307/5956/2134 3306/5955/2134 3310/5963/2134 3308/5959/2134
f 3309/5960/2135 3308/5958/2135 3315/5972/2135 3312/5966/2135
f 3304/5951/2136 3307/5957/2136 3308/5958/2136 3309/5960/2136
f 3311/5964/2137 3309/5961/2137 3312/5967/2137 3313/5969/2137
f 3310/5962/2138 3311/5965/2138 3313/5968/2138 3314/5970/2138
f 3314/5971/2005 3313/5969/2005 3312/5967/2005 3315/5973/2005
f 3308/5959/2139 3310/5963/2139 3314/5971/2139 3315/5973/2139
f 3317/5976/2120 3319/5980/2120 3323/5989/2120 3322/5986/2120
f 3319/5981/2121 3318/5978/2121 3321/5985/2121 3323/5988/2121
f 3318/5979/2122 3316/5974/2122 3320/5982/2122 3321/5984/2122
f 3321/5984/2123 3320/5982/2123 3324/5991/2123 3327/5997/2123
f 3316/5975/2124 3317/5977/2124 3322/5987/2124 3320/5983/2124
f 3323/5988/2125 3321/5985/2125 3327/5996/2125 3326/5995/2125
f 3322/5986/2126 3323/5989/2126 3326/5994/2126 3325/5993/2126
f 3324/5990/2127 3325/5992/2127 3331/6005/2127 3328/5999/2127
f 3320/5983/2128 3322/5987/2128 3325/5992/2128 3324/5990/2128
f 3325/5993/2140 3326/5994/2140 3330/6003/2140 3331/6004/2140
f 3326/5995/2130 3327/5996/2130 3329/6001/2130 3330/6002/2130
f 3329/6000/2131 3328/5998/2131 3333/6009/2131 3335/6012/2131
f 3327/5997/2141 3324/5991/2141 3328/5998/2141 3329/6000/2141
f 3330/6002/2133 3329/6001/2133 3335/6013/2133 3334/6010/2133
f 3331/6004/2134 3330/6003/2134 3334/6011/2134 3332/6007/2134
f 3333/6008/2135 3332/6006/2135 3339/6020/2135 3336/6014/2135
f 3328/5999/2136 3331/6005/2136 3332/6006/2136 3333/6008/2136
f 3335/6012/2137 3333/6009/2137 3336/6015/2137 3337/6017/2137
f 3334/6010/2138 3335/6013/2138 3337/6016/2138 3338/6018/2138
f 3338/6019/2005 3337/6017/2005 3336/6015/2005 3339/6021/2005
f 3332/6007/2139 3334/6011/2139 3338/6019/2139 3339/6021/2139
f 3341/6024/2120 3343/6028/2120 3347/6037/2120 3346/6034/2120
f 3343/6029/2121 3342/6026/2121 3345/6033/2121 3347/6036/2121
f 3342/6027/2122 3340/6022/2122 3344/6030/2122 3345/6032/2122
f 3345/6032/2123 3344/6030/2123 3348/6039/2123 3351/6045/2123
f 3340/6023/2124 3341/6025/2124 3346/6035/2124 3344/6031/2124
f 3347/6036/2125 3345/6033/2125 3351/6044/2125 3350/6043/2125
f 3346/6034/2126 3347/6037/2126 3350/6042/2126 3349/6041/2126
f 3348/6038/2127 3349/6040/2127 3355/6053/2127 3352/6047/2127
f 3344/6031/2128 3346/6035/2128 3349/6040/2128 3348/6038/2128
f 3349/6041/2129 3350/6042/2129 3354/6051/2129 3355/6052/2129
f 3350/6043/2130 3351/6044/2130 3353/6049/2130 3354/6050/2130
f 3353/6048/2131 3352/6046/2131 3357/6057/2131 3359/6060/2131
f 3351/6045/2132 3348/6039/2132 3352/6046/2132 3353/6048/2132
f 3354/6050/2133 3353/6049/2133 3359/6061/2133 3358/6058/2133
f 3355/6052/2134 3354/6051/2134 3358/6059/2134 3356/6055/2134
f 3357/6056/2135 3356/6054/2135 3363/6068/2135 3360/6062/2135
f 3352/6047/2136 3355/6053/2136 3356/6054/2136 3357/6056/2136
f 3359/6060/2142 3357/6057/2142 3360/6063/2142 3361/6065/2142
f 3358/6058/2138 3359/6061/2138 3361/6064/2138 3362/6066/2138
f 3362/6067/2005 3361/6065/2005 3360/6063/2005 3363/6069/2005
f 3356/6055/2139 3358/6059/2139 3362/6067/2139 3363/6069/2139
f 3365/6072/2120 3367/6076/2120 3371/6085/2120 3370/6082/2120
f 3367/6077/2121 3366/6074/2121 3369/6081/2121 3371/6084/2121
f 3366/6075/2122 3364/6070/2122 3368/6078/2122 3369/6080/2122
f 3369/6080/2123 3368/6078/2123 3372/6087/2123 3375/6093/2123
f 3364/6071/2124 3365/6073/2124 3370/6083/2124 3368/6079/2124
f 3371/6084/2125 3369/6081/2125 3375/6092/2125 3374/6091/2125
f 3370/6082/2126 3371/6085/2126 3374/6090/2126 3373/6089/2126
f 3372/6086/2127 3373/6088/2127 3379/6101/2127 3376/6095/2127
f 3368/6079/2128 3370/6083/2128 3373/6088/2128 3372/6086/2128
f 3373/6089/2129 3374/6090/2129 3378/6099/2129 3379/6100/2129
f 3374/6091/2130 3375/6092/2130 3377/6097/2130 3378/6098/2130
f 3377/6096/2131 3376/6094/2131 3381/6105/2131 3383/6108/2131
f 3375/6093/2141 3372/6087/2141 3376/6094/2141 3377/6096/2141
f 3378/6098/2133 3377/6097/2133 3383/6109/2133 3382/6106/2133
f 3379/6100/2134 3378/6099/2134 3382/6107/2134 3380/6103/2134
f 3381/6104/2135 3380/6102/2135 3387/6116/2135 3384/6110/2135
f 3376/6095/2136 3379/6101/2136 3380/6102/2136 3381/6104/2136
f 3383/6108/2137 3381/6105/2137 3384/6111/2137 3385/6113/2137
f 3382/6106/2138 3383/6109/2138 3385/6112/2138 3386/6114/2138
f 3386/6115/2005 3385/6113/2005 3384/6111/2005 3387/6117/2005
f 3380/6103/2139 3382/6107/2139 3386/6115/2139 3387/6117/2139
f 3099/5604/2093 3058/5557/2093 3056/5555/2093 3106/5618/2093
f 3146/5695/2007 3044/5541/2007 3053/5552/2007 3145/5692/2007
f 3111/5628/2094 3042/5539/2094 3055/5554/2094 3100/5606/2094
f 3096/5599/2003 3137/5676/2003 3041/5538/2003 3060/5559/2003
f 3140/5679/2003 3097/5600/2003 3054/5553/2003 3040/5537/2003
f 3147/5698/2007 3148/5701/2007 3039/5536/2007 3043/5540/2007
f 3399/6131/2003 3398/6130/2003 3455/6215/2003 3456/6217/2003
f 3407/6140/2004 3402/6135/2004 3459/6225/2004 3464/6235/2004
f 3389/6120/2001 3419/6156/2001 3474/6256/2001 3446/6196/2001
f 3440/6185/2023 3409/6142/2023 3466/6239/2023 3480/6268/2023
f 2787/5128/2003 2734/5039/2003 3489/6278/2003 3488/6277/2003
f 2734/5039/2003 2735/5040/2003 3514/6303/2003 3489/6278/2003
f 2908/5301/2067 2930/5329/2067 3512/6301/2067 3518/6307/2067
f 3416/6150/2007 3415/6149/2007 3472/6251/2007 3473/6254/2007
f 2669/4956/2007 2681/4968/2007 3487/6276/2007 3485/6274/2007
f 3434/6178/2011 3423/6161/2011 3477/6262/2011 3479/6265/2011
f 2677/4964/2003 2738/5045/2003 3513/6302/2003 3502/6291/2003
f 2923/5322/2021 2901/5294/2021 3517/6306/2021 3503/6292/2021
f 2703/4990/2007 2671/4958/2007 3484/6273/2007 3486/6275/2007
f 3422/6160/2007 3408/6141/2007 3465/6237/2007 3476/6260/2007
f 2748/5064/2003 2692/4979/2003 3497/6286/2003 3505/6294/2003
f 2671/4958/2007 2669/4956/2007 3485/6274/2007 3484/6273/2007
f 3393/6125/2003 3391/6122/2003 3448/6200/2003 3450/6205/2003
f 2930/5329/2067 3405/6138/2067 3499/6288/2067 3512/6301/2067
f 2667/4953/2004 2716/5006/2004 3482/6271/2004 3483/6272/2004
f 3390/6121/2003 3392/6124/2003 3449/6204/2003 3447/6198/2003
f 2743/5054/2001 2688/4975/2001 3494/6283/2001 3493/6282/2001
f 2785/5126/2005 2786/5127/2005 3417/6152/2005 3418/6155/2005
f 2887/5272/2067 2908/5301/2067 3518/6307/2067 3516/6305/2067
f 3398/6130/2003 3393/6125/2003 3450/6205/2003 3455/6215/2003
f 3406/6139/2113 2723/5021/2113 3511/6300/2113 3500/6289/2113
f 2786/5127/2005 2774/5105/2005 3420/6158/2005 3417/6152/2005
f 3391/6123/2003 3390/6121/2003 3447/6198/2003 3448/6201/2003
f 2723/5021/2004 2667/4953/2004 3483/6272/2004 3511/6300/2004
f 2731/5034/2001 2751/5070/2001 3462/6230/2001 3463/6233/2001
f 3415/6149/2007 3414/6148/2007 3471/6250/2007 3472/6251/2007
f 3410/6143/2023 3433/6177/2023 3478/6264/2023 3467/6241/2023
f 2716/5006/2007 3397/6129/2007 3491/6280/2007 3482/6271/2007
f 3424/6162/2005 3425/6163/2005 2759/5081/2005 2760/5083/2005
f 3426/6164/2005 2761/5084/2005 3427/6166/2005 2762/5086/2005
f 3425/6163/2005 3428/6167/2005 2771/5102/2005 2759/5081/2005
f 2761/5084/2005 2773/5104/2005 3429/6169/2005 3427/6166/2005
f 2774/5105/2005 3426/6164/2005 2762/5086/2005 3420/6158/2005
f 3428/6167/2005 2783/5124/2005 3430/6172/2005 2771/5102/2005
f 2784/5125/2005 2772/5103/2005 3431/6174/2005 3432/6176/2005
f 2901/5294/2021 2880/5260/2021 3515/6304/2021 3517/6306/2021
f 2783/5124/2005 2784/5125/2005 3432/6176/2005 3430/6172/2005
f 2772/5103/2005 3424/6162/2005 2760/5083/2005 3431/6174/2005
f 2773/5104/2005 2785/5126/2005 3418/6155/2005 3429/6169/2005
f 3388/6118/2001 3389/6120/2001 3446/6196/2001 3445/6193/2001
f 3403/6136/2007 3411/6144/2007 3468/6242/2007 3460/6227/2007
f 3436/6180/2005 3435/6179/2005 2882/5265/2005 2883/5268/2005
f 3437/6181/2005 3438/6182/2005 2878/5258/2005 2881/5263/2005
f 3438/6182/2005 2899/5292/2005 3439/6184/2005 2878/5258/2005
f 2788/5129/2003 2787/5128/2003 3488/6277/2003 3510/6299/2003
f 2902/5295/2005 3437/6181/2005 2881/5263/2005 3441/6187/2005
f 3435/6179/2005 2903/5296/2005 3442/6189/2005 2882/5265/2005
f 2904/5297/2005 3436/6180/2005 2883/5268/2005 3443/6191/2005
f 3444/6192/2011 3434/6178/2011 3479/6265/2011 3481/6270/2011
f 2899/5292/2005 2902/5295/2005 3441/6187/2005 3439/6184/2005
f 2903/5296/2005 2904/5297/2005 3443/6191/2005 3442/6189/2005
f 2751/5070/2011 3421/6159/2011 3475/6258/2011 3462/6230/2011
f 2790/5131/2003 2789/5130/2003 3509/6298/2003 3508/6297/2003
f 3483/6272/2005 3482/6271/2005 3445/6194/2005 3446/6197/2005
f 3484/6273/2005 3485/6274/2005 3448/6202/2005 3447/6199/2005
f 3486/6275/2005 3484/6273/2005 3447/6199/2005 3449/6203/2005
f 3485/6274/2005 3487/6276/2005 3450/6206/2005 3448/6202/2005
f 3488/6277/2005 3489/6278/2005 3452/6209/2005 3451/6207/2005
f 3491/6280/2005 3490/6279/2005 3453/6211/2005 3454/6213/2005
f 3487/6276/2005 3492/6281/2005 3455/6216/2005 3450/6206/2005
f 3492/6281/2005 3493/6282/2005 3456/6218/2005 3455/6216/2005
f 3494/6283/2005 3495/6284/2005 3458/6222/2005 3457/6220/2005
f 3495/6284/2005 3496/6285/2005 3459/6224/2005 3458/6222/2005
f 3497/6286/2005 3498/6287/2005 3461/6228/2005 3460/6226/2005
f 3499/6288/2005 3500/6289/2005 3463/6232/2005 3462/6231/2005
f 3496/6285/2005 3501/6290/2005 3464/6234/2005 3459/6224/2005
f 3498/6287/2005 3502/6291/2005 3465/6236/2005 3461/6228/2005
f 3501/6290/2005 3503/6292/2005 3466/6238/2005 3464/6234/2005
f 3504/6293/2005 3505/6294/2005 3468/6243/2005 3467/6240/2005
f 3506/6295/2005 3486/6275/2005 3449/6203/2005 3469/6245/2005
f 3507/6296/2005 3506/6295/2005 3469/6245/2005 3470/6247/2005
f 3490/6279/2005 3507/6296/2005 3470/6247/2005 3453/6211/2005
f 3508/6297/2005 3509/6298/2005 3472/6252/2005 3471/6249/2005
f 3510/6299/2005 3488/6277/2005 3451/6207/2005 3473/6253/2005
f 3482/6271/2005 3491/6280/2005 3454/6213/2005 3445/6194/2005
f 3511/6300/2005 3483/6272/2005 3446/6197/2005 3474/6255/2005
f 3500/6289/2005 3511/6300/2005 3474/6255/2005 3463/6232/2005
f 3493/6282/2005 3494/6283/2005 3457/6220/2005 3456/6218/2005
f 3512/6301/2005 3499/6288/2005 3462/6231/2005 3475/6257/2005
f 3505/6294/2005 3497/6286/2005 3460/6226/2005 3468/6243/2005
f 3502/6291/2005 3513/6302/2005 3476/6259/2005 3465/6236/2005
f 3489/6278/2005 3514/6303/2005 3477/6261/2005 3452/6209/2005
f 3513/6302/2005 3508/6297/2005 3471/6249/2005 3476/6259/2005
f 3509/6298/2005 3510/6299/2005 3473/6253/2005 3472/6252/2005
f 3515/6304/2005 3504/6293/2005 3467/6240/2005 3478/6263/2005
f 3514/6303/2005 3516/6305/2005 3479/6266/2005 3477/6261/2005
f 3517/6306/2005 3515/6304/2005 3478/6263/2005 3480/6267/2005
f 3516/6305/2005 3518/6307/2005 3481/6269/2005 3479/6266/2005
f 3503/6292/2005 3517/6306/2005 3480/6267/2005 3466/6238/2005
f 3518/6307/2005 3512/6301/2005 3475/6257/2005 3481/6269/2005
f 2738/5045/2003 2790/5131/2003 3508/6297/2003 3513/6302/2003
f 3423/6161/2007 3395/6127/2007 3452/6210/2007 3477/6262/2007
f 3397/6129/2007 3396/6128/2007 3490/6279/2007 3491/6280/2007
f 2681/4968/2007 2684/4971/2007 3492/6281/2007 3487/6276/2007
f 3394/6126/2007 3416/6150/2007 3473/6254/2007 3451/6208/2007
f 3408/6141/2007 3404/6137/2007 3461/6229/2007 3465/6237/2007
f 3401/6134/2004 3400/6133/2004 3457/6221/2004 3458/6223/2004
f 2684/4971/2007 2743/5054/2007 3493/6282/2007 3492/6281/2007
f 3402/6135/2004 3401/6134/2004 3458/6223/2004 3459/6225/2004
f 2688/4975/2001 2689/4976/2001 3495/6284/2001 3494/6283/2001
f 3400/6133/2004 3399/6132/2004 3456/6219/2004 3457/6221/2004
f 2689/4976/2001 2690/4977/2001 3496/6285/2001 3495/6284/2001
f 3409/6142/2023 3407/6140/2023 3464/6235/2023 3466/6239/2023
f 3414/6148/2007 3422/6160/2007 3476/6260/2007 3471/6250/2007
f 2692/4979/2115 2678/4965/2115 3498/6287/2115 3497/6286/2115
f 3405/6138/2004 3406/6139/2004 3500/6289/2004 3499/6288/2004
f 3421/6159/2011 3444/6192/2011 3481/6270/2011 3475/6258/2011
f 3411/6145/2004 3410/6143/2004 3467/6241/2004 3468/6244/2004
f 2690/4977/2001 2699/4986/2001 3501/6290/2001 3496/6285/2001
f 3433/6177/2023 3440/6185/2023 3480/6268/2023 3478/6264/2023
f 2789/5130/2003 2788/5129/2003 3510/6299/2003 3509/6298/2003
f 3395/6127/2007 3394/6126/2007 3451/6208/2007 3452/6210/2007
f 2678/4965/2003 2677/4964/2003 3502/6291/2003 3498/6287/2003
f 3419/6156/2008 2731/5034/2008 3463/6233/2008 3474/6256/2008
f 2699/4986/2021 2923/5322/2021 3503/6292/2021 3501/6290/2021
f 2691/4978/2001 2748/5064/2001 3505/6294/2001 3504/6293/2001
f 3392/6124/2003 3412/6146/2003 3469/6246/2003 3449/6204/2003
f 2702/4989/2007 2703/4990/2007 3486/6275/2007 3506/6295/2007
f 3412/6146/2003 2701/4988/2003 3470/6248/2003 3469/6246/2003
f 2880/5260/2021 2691/4978/2021 3504/6293/2021 3515/6304/2021
f 3413/6147/2007 2702/4989/2007 3506/6295/2007 3507/6296/2007
f 2670/4957/2003 3388/6119/2003 3445/6195/2003 3454/6214/2003
f 2701/4988/2003 2700/4987/2003 3453/6212/2003 3470/6248/2003
f 3404/6137/2012 3403/6136/2012 3460/6227/2012 3461/6229/2012
f 2735/5040/2067 2887/5272/2067 3516/6305/2067 3514/6303/2067
f 2700/4987/2003 2670/4957/2003 3454/6214/2003 3453/6212/2003
f 3396/6128/2007 3413/6147/2007 3507/6296/2007 3490/6279/2007
f 3101/5607/2000 3061/5560/2000 3520/6312/2000 3519/6310/2000
f 3063/5563/2000 3065/5566/2000 3521/6314/2000 3522/6317/2000
f 3065/5566/2000 3094/5597/2000 3523/6319/2000 3521/6314/2000
f 3073/5574/2000 3063/5563/2000 3522/6317/2000 3524/6321/2000
f 3117/5639/2000 3169/5735/2000 3525/6323/2000 3526/6325/2000
f 3527/6326/2000 3528/6327/2000 3064/5565/2000 3091/5593/2000
f 3076/5577/2000 3073/5574/2000 3524/6321/2000 3529/6329/2000
f 3126/5654/2000 3076/5577/2000 3529/6329/2000 3530/6332/2000
f 3081/5582/2000 3080/5581/2000 3531/6334/2000 3532/6336/2000
f 3082/5583/2000 3081/5582/2000 3532/6336/2000 3533/6338/2000
f 3070/5571/2000 3084/5585/2000 3534/6340/2000 3535/6342/2000
f 3537/6344/2000 3536/6343/2000 3134/5671/2000 3114/5634/2000
f 3090/5591/2000 3082/5583/2000 3533/6338/2000 3538/6346/2000
f 3069/5570/2000 3070/5571/2000 3535/6342/2000 3539/6348/2000
f 3281/5913/2000 3090/5591/2000 3538/6346/2000 3540/6350/2000
f 3131/5664/2000 3083/5584/2000 3541/6352/2000 3542/6355/2000
f 3094/5597/2000 3093/5596/2000 3543/6357/2000 3523/6319/2000
f 3093/5596/2000 3544/6358/2000 3092/5595/2000 3543/6357/2000
f 3544/6358/2000 3527/6326/2000 3091/5593/2000 3092/5595/2000
f 3171/5737/2000 3172/5738/2000 3545/6360/2000 3546/6362/2000
f 3169/5735/2000 3170/5736/2000 3547/6364/2000 3525/6323/2000
f 3168/5734/2000 3167/5733/2000 3549/6370/2000 3548/6367/2000
f 3528/6327/2000 3101/5607/2000 3519/6310/2000 3064/5565/2000
f 3061/5560/2000 3108/5622/2000 3550/6372/2000 3520/6312/2000
f 3108/5622/2000 3537/6344/2000 3114/5634/2000 3550/6372/2000
f 3156/5710/2000 3168/5734/2000 3548/6367/2000 3551/6374/2000
f 3080/5581/2000 3126/5654/2000 3530/6332/2000 3531/6334/2000
f 3536/6343/2000 3284/5916/2000 3552/6376/2000 3134/5671/2000
f 3084/5585/2000 3131/5664/2000 3542/6355/2000 3534/6340/2000
f 3121/5645/2000 3069/5570/2000 3539/6348/2000 3553/6378/2000
f 3118/5640/2000 3117/5639/2000 3526/6325/2000 3554/6380/2000
f 3172/5738/2000 3121/5645/2000 3553/6378/2000 3545/6360/2000
f 3556/6382/2000 3555/6381/2000 3142/5685/2000 3141/5682/2000
f 3143/5686/2000 3557/6383/2000 3144/5689/2000 3558/6386/2000
f 3559/6387/2000 3556/6382/2000 3141/5682/2000 3153/5707/2000
f 3155/5709/2000 3143/5686/2000 3558/6386/2000 3560/6389/2000
f 3557/6383/2000 3156/5710/2000 3551/6374/2000 3144/5689/2000
f 3165/5731/2000 3559/6387/2000 3153/5707/2000 3561/6392/2000
f 3154/5708/2000 3166/5732/2000 3563/6397/2000 3562/6394/2000
f 3170/5736/2000 3171/5737/2000 3546/6362/2000 3547/6364/2000
f 3166/5732/2000 3165/5731/2000 3561/6392/2000 3563/6397/2000
f 3555/6381/2000 3154/5708/2000 3562/6394/2000 3142/5685/2000
f 3167/5733/2000 3155/5709/2000 3560/6389/2000 3549/6370/2000
f 3083/5584/2000 3248/5854/2000 3564/6399/2000 3541/6352/2000
f 3254/5866/2000 3118/5640/2000 3554/6380/2000 3565/6401/2000
f 3566/6402/2000 3567/6403/2000 3251/5863/2000 3250/5860/2000
f 3569/6405/2000 3568/6404/2000 3249/5857/2000 3246/5852/2000
f 3263/5885/2000 3569/6405/2000 3246/5852/2000 3570/6408/2000
f 3248/5854/2000 3265/5887/2000 3571/6410/2000 3564/6399/2000
f 3568/6404/2000 3266/5888/2000 3572/6413/2000 3249/5857/2000
f 3267/5889/2000 3566/6402/2000 3250/5860/2000 3573/6416/2000
f 3567/6403/2000 3268/5890/2000 3574/6419/2000 3251/5863/2000
f 3271/5893/2000 3254/5866/2000 3565/6401/2000 3575/6421/2000
f 3266/5888/2000 3263/5885/2000 3570/6408/2000 3572/6413/2000
f 3268/5890/2000 3267/5889/2000 3573/6416/2000 3574/6419/2000
f 3265/5887/2000 3281/5913/2000 3540/6350/2000 3571/6410/2000
f 3284/5916/2000 3271/5893/2000 3575/6421/2000 3552/6376/2000
f 3579/6425/2000 3577/6423/2000 3580/6426/2000 3581/6427/2000
f 3602/6448/2000 3601/6447/2000 3583/6429/2000 3604/6450/2000
f 3604/6450/2000 3583/6429/2000 3582/6428/2000 3606/6452/2000
f 3603/6449/2000 3581/6427/2000 3584/6430/2000 3585/6431/2000
f 3577/6423/2000 3576/6422/2000 3586/6432/2000 3587/6433/2000
f 3578/6424/2000 3576/6422/2000 3577/6423/2000 3579/6425/2000
f 3672/6518/2000 3590/6436/2000 3591/6437/2000 3661/6507/2000
f 3618/6464/2000 3617/6463/2000 3643/6489/2000 3675/6521/2000
f 3584/6430/2000 3591/6437/2000 3590/6436/2000 3585/6431/2000
f 3592/6438/2000 3593/6439/2000 3606/6452/2000 3582/6428/2000
f 3605/6451/2000 3594/6440/2000 3593/6439/2000 3592/6438/2000
f 3648/6494/2000 3647/6493/2000 3649/6495/2000 3650/6496/2000
f 3673/6519/2000 3578/6424/2000 3579/6425/2000 3607/6453/2000
f 3581/6427/2000 3603/6449/2000 3607/6453/2000 3579/6425/2000
f 3581/6427/2000 3580/6426/2000 3609/6455/2000 3584/6430/2000
f 3646/6492/2000 3645/6491/2000 3647/6493/2000 3648/6494/2000
f 3610/6456/2000 3595/6441/2000 3596/6442/2000 3611/6457/2000
f 3599/6445/2000 3600/6446/2000 3597/6443/2000 3596/6442/2000
f 3593/6439/2000 3595/6441/2000 3610/6456/2000 3606/6452/2000
f 3596/6442/2000 3597/6443/2000 3609/6455/2000 3611/6457/2000
f 3628/6474/2000 3624/6470/2000 3625/6471/2000 3629/6475/2000
f 3587/6433/2000 3608/6454/2000 3612/6458/2000 3613/6459/2000
f 3587/6433/2000 3586/6432/2000 3615/6461/2000 3608/6454/2000
f 3597/6443/2000 3591/6437/2000 3584/6430/2000 3609/6455/2000
f 3612/6458/2000 3610/6456/2000 3611/6457/2000 3613/6459/2000
f 3608/6454/2000 3615/6461/2000 3614/6460/2000 3602/6448/2000
f 3602/6448/2000 3614/6460/2000 3616/6462/2000 3601/6447/2000
f 3601/6447/2000 3616/6462/2000 3619/6465/2000 3620/6466/2000
f 3620/6466/2000 3619/6465/2000 3621/6467/2000 3622/6468/2000
f 3622/6468/2000 3621/6467/2000 3623/6469/2000 3624/6470/2000
f 3632/6478/2000 3628/6474/2000 3629/6475/2000 3633/6479/2000
f 3627/6473/2000 3622/6468/2000 3624/6470/2000 3628/6474/2000
f 3626/6472/2000 3620/6466/2000 3622/6468/2000 3627/6473/2000
f 3583/6429/2000 3601/6447/2000 3620/6466/2000 3626/6472/2000
f 3636/6482/2000 3632/6478/2000 3633/6479/2000 3637/6483/2000
f 3631/6477/2000 3627/6473/2000 3628/6474/2000 3632/6478/2000
f 3630/6476/2000 3626/6472/2000 3627/6473/2000 3631/6477/2000
f 3582/6428/2000 3583/6429/2000 3626/6472/2000 3630/6476/2000
f 3664/6510/2000 3636/6482/2000 3637/6483/2000 3671/6517/2000
f 3635/6481/2000 3631/6477/2000 3632/6478/2000 3636/6482/2000
f 3634/6480/2000 3630/6476/2000 3631/6477/2000 3635/6481/2000
f 3592/6438/2000 3582/6428/2000 3630/6476/2000 3634/6480/2000
f 3663/6509/2000 3635/6481/2000 3636/6482/2000 3664/6510/2000
f 3662/6508/2000 3634/6480/2000 3635/6481/2000 3663/6509/2000
f 3605/6451/2000 3592/6438/2000 3634/6480/2000 3662/6508/2000
f 3624/6470/2000 3623/6469/2000 3674/6520/2000 3625/6471/2000
f 3618/6464/2000 3641/6487/2000 3617/6463/2000
f 3600/6446/2000 3661/6507/2000 3591/6437/2000 3597/6443/2000
f 3651/6497/2000 3589/6435/2000 3588/6434/2000 3652/6498/2000
f 3653/6499/2000 3654/6500/2000 3638/6484/2000 3639/6485/2000
f 3639/6485/2000 3638/6484/2000 3640/6486/2000 3641/6487/2000
f 3641/6487/2000 3640/6486/2000 3642/6488/2000 3617/6463/2000
f 3617/6463/2000 3642/6488/2000 3658/6504/2000 3643/6489/2000
f 3649/6495/2000 3651/6497/2000 3652/6498/2000 3650/6496/2000
f 3666/6512/2000 3648/6494/2000 3650/6496/2000 3665/6511/2000
f 3653/6499/2000 3645/6491/2000 3646/6492/2000 3654/6500/2000
f 3676/6522/2000 3659/6505/2000 3588/6434/2000 3589/6435/2000
f 3598/6444/2000 3666/6512/2000 3665/6511/2000 3599/6445/2000
f 3594/6440/2000 3669/6515/2000 3666/6512/2000 3598/6444/2000
f 3652/6498/2000 3588/6434/2000 3644/6490/2000 3667/6513/2000
f 3654/6500/2000 3660/6506/2000 3655/6501/2000 3638/6484/2000
f 3638/6484/2000 3655/6501/2000 3656/6502/2000 3640/6486/2000
f 3640/6486/2000 3656/6502/2000 3657/6503/2000 3642/6488/2000
f 3642/6488/2000 3657/6503/2000 3668/6514/2000 3658/6504/2000
f 3654/6500/2000 3646/6492/2000 3669/6515/2000 3660/6506/2000
f 3659/6505/2000 3670/6516/2000 3644/6490/2000 3588/6434/2000
f 3593/6439/2000 3594/6440/2000 3598/6444/2000 3595/6441/2000
f 3595/6441/2000 3598/6444/2000 3599/6445/2000 3596/6442/2000
f 3667/6513/2000 3644/6490/2000 3661/6507/2000 3600/6446/2000
f 3660/6506/2000 3605/6451/2000 3662/6508/2000 3655/6501/2000
f 3655/6501/2000 3662/6508/2000 3663/6509/2000 3656/6502/2000
f 3656/6502/2000 3663/6509/2000 3664/6510/2000 3657/6503/2000
f 3657/6503/2000 3664/6510/2000 3671/6517/2000 3668/6514/2000
f 3665/6511/2000 3667/6513/2000 3600/6446/2000 3599/6445/2000
f 3660/6506/2000 3669/6515/2000 3594/6440/2000 3605/6451/2000
f 3670/6516/2000 3672/6518/2000 3661/6507/2000 3644/6490/2000
f 3682/6528/2143 3683/6529/2143 3680/6526/2143 3679/6525/2143
f 3683/6529/2005 3682/6528/2005 3681/6527/2005 3684/6530/2005
f 3677/6523/2144 3678/6524/2144 3684/6530/2144 3681/6527/2144
f 3690/6536/2143 3691/6537/2143 3688/6534/2143 3687/6533/2143
f 3691/6537/2005 3690/6536/2005 3689/6535/2005 3692/6538/2005
f 3685/6531/2144 3686/6532/2144 3692/6538/2144 3689/6535/2144
f 3698/6544/2143 3699/6545/2143 3696/6542/2143 3695/6541/2143
f 3699/6545/2005 3698/6544/2005 3697/6543/2005 3700/6546/2005
f 3693/6539/2144 3694/6540/2144 3700/6546/2144 3697/6543/2144
f 3706/6552/2143 3707/6553/2143 3704/6550/2143 3703/6549/2143
f 3707/6553/2005 3706/6552/2005 3705/6551/2005 3708/6554/2005
f 3701/6547/2144 3702/6548/2144 3708/6554/2144 3705/6551/2144
f 3714/6560/2143 3715/6561/2143 3712/6558/2143 3711/6557/2143
f 3715/6561/2005 3714/6560/2005 3713/6559/2005 3716/6562/2005
f 3709/6555/2144 3710/6556/2144 3716/6562/2144 3713/6559/2144
f 3720/6566/2143 5166/8012/2143 5165/8011/2143 3718/6564/2143
f 3717/6563/2144 5168/8014/2144 5167/8013/2144 3719/6565/2144
f 3724/6570/2143 5170/8016/2143 5171/8017/2143 3722/6568/2143
f 3721/6567/2144 5172/8018/2144 5169/8015/2144 3723/6569/2144
f 3728/6574/2145 5161/8007/2145 5164/8010/2145 3726/6572/2145
f 3725/6571/2144 5163/8009/2144 5162/8008/2144 3727/6573/2144
f 3732/6578/2143 5156/8002/2143 5157/8003/2143 3730/6576/2143
f 3729/6575/2144 5160/8006/2144 5159/8005/2144 5158/8004/2144 3731/6577/2144
f 3736/6582/2143 5154/8000/2143 5155/8001/2143 3734/6580/2143
f 3733/6579/2146 5153/7999/2146 5152/7998/2146 5151/7997/2146 3735/6581/2146
f 3740/6586/2143 5149/7995/2143 5150/7996/2143 3738/6584/2143
f 3737/6583/2146 5147/7993/2146 5148/7994/2146 3739/6585/2146
f 3744/6590/2143 5140/7986/2143 5142/7988/2143 3742/6588/2143
f 3741/6587/2144 5141/7987/2144 5139/7985/2144 3743/6589/2144
f 3748/6594/2147 5144/7990/2147 5146/7992/2147 3746/6592/2147
f 3745/6591/2144 5145/7991/2144 5143/7989/2144 3747/6593/2144
f 3752/6598/2143 5091/7937/2143 5093/7939/2143 3750/6596/2143
f 3749/6595/2144 5095/7941/2144 5094/7940/2144 5092/7938/2144 3751/6597/2144
f 3756/6602/2148 5081/7927/2148 5079/7925/2148 3754/6600/2148
f 3753/6599/2144 5076/7922/2144 5077/7923/2144 5078/7924/2144 3755/6601/2144
f 3760/6606/2143 5068/7914/2143 5080/7926/2143 3758/6604/2143
f 3757/6603/2146 5067/7913/2146 5066/7912/2146 5065/7911/2146 3759/6605/2146
f 3764/6610/2143 5083/7929/2143 5082/7928/2143 3762/6608/2143
f 3761/6607/2144 5088/7934/2144 5087/7933/2144 5086/7932/2144 3763/6609/2144
f 3768/6614/2143 5085/7931/2143 5084/7930/2143 3766/6612/2143
f 3765/6611/2149 5099/7945/2149 5100/7946/2149 5098/7944/2149 3767/6613/2149
f 3772/6618/2143 5097/7943/2143 5096/7942/2143 3770/6616/2143
f 3769/6615/2146 5070/7916/2146 5071/7917/2146 5072/7918/2146 3771/6617/2146
f 3776/6622/2143 5073/7919/2143 5075/7921/2143 3774/6620/2143
f 3773/6619/2149 5136/7982/2149 5089/7935/2149 5090/7936/2149 3775/6621/2149
f 3780/6626/2148 5074/7920/2148 5138/7984/2148 3778/6624/2148
f 3777/6623/2150 5135/7981/2150 5134/7980/2150 5069/7915/2150 3779/6625/2150
f 3784/6630/2148 5105/7951/2148 5137/7983/2148 3782/6628/2148
f 3781/6627/2144 5106/7952/2144 5107/7953/2144 5104/7950/2144 3783/6629/2144
f 3788/6634/2143 5130/7976/2143 5132/7978/2143 3786/6632/2143
f 3785/6631/2144 5117/7963/2144 5118/7964/2144 5119/7965/2144 3787/6633/2144
f 3792/6638/2143 5121/7967/2143 5129/7975/2143 3790/6636/2143
f 3789/6635/2149 5115/7961/2149 5116/7962/2149 5120/7966/2149 3791/6637/2149
f 3796/6642/2143 5108/7954/2143 5114/7960/2143 3794/6640/2143
f 3793/6639/2146 5101/7947/2146 5102/7948/2146 5103/7949/2146 3795/6641/2146
f 3800/6646/2148 5133/7979/2148 5131/7977/2148 3798/6644/2148
f 3797/6643/2144 5109/7955/2144 5110/7956/2144 5111/7957/2144 3799/6645/2144
f 3804/6650/2147 5112/7958/2147 5113/7959/2147 3802/6648/2147
f 3801/6647/2146 5124/7970/2146 5125/7971/2146 5126/7972/2146 3803/6649/2146
f 3808/6654/2147 5122/7968/2147 5128/7974/2147 3806/6652/2147
f 3805/6651/2144 5127/7973/2144 5123/7969/2144 3807/6653/2144
f 3812/6658/2148 4441/7287/2148 4440/7286/2148 3810/6656/2148
f 3809/6655/2144 4439/7285/2144 4438/7284/2144 3811/6657/2144
f 3816/6662/2143 4429/7275/2143 4442/7288/2143 3814/6660/2143
f 3813/6659/2146 4432/7278/2146 4430/7276/2146 3815/6661/2146
f 3820/6666/2148 4433/7279/2148 4436/7282/2148 3818/6664/2148
f 3817/6663/2144 4437/7283/2144 4434/7280/2144 3819/6665/2144
f 3824/6670/2143 4428/7274/2143 4431/7277/2143 3822/6668/2143
f 3821/6667/2144 4435/7281/2144 4427/7273/2144 3823/6669/2144
f 3828/6674/2148 4421/7267/2148 4424/7270/2148 3826/6672/2148
f 3825/6671/2144 4425/7271/2144 4420/7266/2144 3827/6673/2144
f 3832/6678/2143 4423/7269/2143 4422/7268/2143 3830/6676/2143
f 3829/6675/2144 4398/7244/2144 4418/7264/2144 3831/6677/2144
f 3836/6682/2143 4419/7265/2143 4402/7248/2143 3834/6680/2143
f 3833/6679/2144 4413/7259/2144 4426/7272/2144 3835/6681/2144
f 3840/6686/2143 4414/7260/2143 4415/7261/2143 3838/6684/2143
f 3837/6683/2144 4407/7253/2144 4405/7251/2144 3839/6685/2144
f 3844/6690/2143 4404/7250/2143 4406/7252/2143 3842/6688/2143
f 3841/6687/2144 4403/7249/2144 4401/7247/2144 3843/6689/2144
f 3848/6694/2143 4400/7246/2143 4399/7245/2143 3846/6692/2143
f 3845/6691/2144 4411/7257/2144 4408/7254/2144 3847/6693/2144
f 3852/6698/2148 4410/7256/2148 4412/7258/2148 3850/6696/2148
f 3849/6695/2144 4863/7709/2144 4868/7714/2144 5044/7890/2144 4542/7388/2144 4487/7333/2144 4486/7332/2144 4524/7370/2144 4454/7300/2144 4417/7263/2144 4416/7262/2144 4409/7255/2144 3851/6697/2144
f 3856/6702/2143 4869/7715/2143 4872/7718/2143 3854/6700/2143
f 3853/6699/2144 4867/7713/2144 4866/7712/2144 4865/7711/2144 3855/6701/2144
f 3860/6706/2143 4870/7716/2143 4862/7708/2143 3858/6704/2143
f 3857/6703/2146 4871/7717/2146 4864/7710/2146 4861/7707/2146 3859/6705/2146
f 3864/6710/2148 4843/7689/2148 4873/7719/2148 3862/6708/2148
f 3861/6707/2146 4825/7671/2146 4826/7672/2146 4840/7686/2146 3863/6709/2146
f 3868/6714/2143 4824/7670/2143 4844/7690/2143 3866/6712/2143
f 3865/6711/2146 4841/7687/2146 4842/7688/2146 4839/7685/2146 3867/6713/2146
f 3872/6718/2143 4808/7654/2143 4807/7653/2143 3870/6716/2143
f 3869/6715/2144 4814/7660/2144 4812/7658/2144 4811/7657/2144 3871/6717/2144
f 3876/6722/2143 4852/7698/2143 4853/7699/2143 3874/6720/2143
f 3873/6719/2146 4854/7700/2146 4829/7675/2146 4828/7674/2146 3875/6721/2146
f 3880/6726/2143 4822/7668/2143 4823/7669/2143 3878/6724/2143
f 3877/6723/2144 4830/7676/2144 4831/7677/2144 4827/7673/2144 3879/6725/2144
f 3884/6730/2143 4810/7656/2143 4813/7659/2143 3882/6728/2143
f 3881/6727/2144 4833/7679/2144 4832/7678/2144 4809/7655/2144 3883/6729/2144
f 3888/6734/2143 4837/7683/2143 4838/7684/2143 3886/6732/2143
f 3885/6731/2144 4836/7682/2144 4835/7681/2144 4834/7680/2144 3887/6733/2144
f 3892/6738/2143 4858/7704/2143 4859/7705/2143 3890/6736/2143
f 3889/6735/2144 4857/7703/2144 4856/7702/2144 4855/7701/2144 3891/6737/2144
f 3896/6742/2143 4818/7664/2143 4860/7706/2143 3894/6740/2143
f 3893/6739/2149 4820/7666/2149 4821/7667/2149 4817/7663/2149 3895/6741/2149
f 3900/6746/2143 4845/7691/2143 4849/7695/2143 3898/6744/2143
f 3897/6743/2144 4850/7696/2144 4851/7697/2144 4846/7692/2144 3899/6745/2144
f 3904/6750/2147 4816/7662/2147 4819/7665/2147 3902/6748/2147
f 3901/6747/2144 4848/7694/2144 4847/7693/2144 4815/7661/2144 3903/6749/2144
f 3908/6754/2143 4789/7635/2143 4790/7636/2143 3906/6752/2143
f 3905/6751/2149 4776/7622/2149 4777/7623/2149 4778/7624/2149 3907/6753/2149
f 3912/6758/2143 4788/7634/2143 4787/7633/2143 3910/6756/2143
f 3909/6755/2149 4757/7603/2149 4756/7602/2149 4755/7601/2149 3911/6757/2149
f 3916/6762/2147 4760/7606/2147 4763/7609/2147 3914/6760/2147
f 3913/6759/2144 4795/7641/2144 4796/7642/2144 4797/7643/2144 3915/6761/2144
f 3920/6766/2147 4798/7644/2147 4799/7645/2147 3918/6764/2147
f 3917/6763/2144 4780/7626/2144 4775/7621/2144 4774/7620/2144 3919/6765/2144
f 3924/6770/2147 4773/7619/2147 4779/7625/2147 3922/6768/2147
f 3921/6767/2149 4764/7610/2149 4762/7608/2149 4761/7607/2149 3923/6769/2149
f 3928/6774/2147 4758/7604/2147 4759/7605/2147 3926/6772/2147
f 3925/6771/2149 4784/7630/2149 4785/7631/2149 4781/7627/2149 3927/6773/2149
f 3932/6778/2147 4783/7629/2147 4786/7632/2147 3930/6776/2147
f 3929/6775/2144 4802/7648/2144 4803/7649/2144 4782/7628/2144 3931/6777/2144
f 3936/6782/2143 4801/7647/2143 4806/7652/2143 3934/6780/2143
f 3933/6779/2146 4804/7650/2146 4805/7651/2146 4800/7646/2146 3935/6781/2146
f 3940/6786/2147 4767/7613/2147 4768/7614/2147 3938/6784/2147
f 3937/6783/2144 4794/7640/2144 4793/7639/2144 4772/7618/2144 3939/6785/2144
f 3944/6790/2147 4791/7637/2147 4792/7638/2147 3942/6788/2147
f 3941/6787/2144 4771/7617/2144 4770/7616/2144 4769/7615/2144 3943/6789/2144
f 3948/6794/2143 4766/7612/2143 4765/7611/2143 3946/6792/2143
f 3945/6791/2144 4736/7582/2144 4737/7583/2144 4738/7584/2144 3947/6793/2144
f 3952/6798/2143 4735/7581/2143 4723/7569/2143 3950/6796/2143
f 3949/6795/2144 4734/7580/2144 4733/7579/2144 4722/7568/2144 3951/6797/2144
f 3956/6802/2148 4705/7551/2148 4739/7585/2148 3954/6800/2148
f 3953/6799/2144 4710/7556/2144 4711/7557/2144 4706/7552/2144 3955/6801/2144
f 3960/6806/2143 4744/7590/2143 4747/7593/2143 3958/6804/2143
f 3957/6803/2144 4749/7595/2144 4748/7594/2144 4745/7591/2144 3959/6805/2144
f 3964/6810/2143 4725/7571/2143 4724/7570/2143 3962/6808/2143
f 3961/6807/2144 4719/7565/2144 4720/7566/2144 4721/7567/2144 3963/6809/2144
f 3968/6814/2148 4712/7558/2148 4746/7592/2148 3966/6812/2148
f 3965/6811/2144 4709/7555/2144 4708/7554/2144 4707/7553/2144 3967/6813/2144
f 3972/6818/2143 4727/7573/2143 4726/7572/2143 3970/6816/2143
f 3969/6815/2144 4732/7578/2144 4731/7577/2144 4730/7576/2144 3971/6817/2144
f 3976/6822/2147 4729/7575/2147 4728/7574/2147 3974/6820/2147
f 3973/6819/2144 4753/7599/2144 4754/7600/2144 4752/7598/2144 3975/6821/2144
f 3980/6826/2143 4751/7597/2143 4750/7596/2143 3978/6824/2143
f 3977/6823/2144 4717/7563/2144 4716/7562/2144 4715/7561/2144 3979/6825/2144
f 3984/6830/2143 5019/7865/2143 4718/7564/2143 3982/6828/2143
f 3981/6827/2144 4740/7586/2144 4741/7587/2144 5021/7867/2144 3983/6829/2144
f 3988/6834/2143 5020/7866/2143 4743/7589/2143 3986/6832/2143
f 3985/6831/2146 4714/7560/2146 4713/7559/2146 5018/7864/2146 3987/6833/2146
f 3992/6838/2143 5005/7851/2143 4742/7588/2143 3990/6836/2143
f 3989/6835/2146 4701/7547/2146 4700/7546/2146 5002/7848/2146 3991/6837/2146
f 3996/6842/2143 4994/7840/2143 4702/7548/2143 3994/6840/2143
f 3993/6839/2146 4699/7545/2146 4698/7544/2146 4987/7833/2146 3995/6841/2146
f 4000/6846/2148 4993/7839/2148 4704/7550/2148 3998/6844/2148
f 3997/6843/2151 4703/7549/2151 5012/7858/2151 3999/6845/2151
f 4004/6850/2147 5003/7849/2147 5004/7850/2147 4002/6848/2147
f 4001/6847/2144 5001/7847/2144 5000/7846/2144 4003/6849/2144
f 4008/6854/2148 4998/7844/2148 4997/7843/2148 4006/6852/2148
f 4005/6851/2146 4990/7836/2146 4989/7835/2146 4988/7834/2146 4007/6853/2146
f 4012/6858/2148 4985/7831/2148 4986/7832/2148 4010/6856/2148
f 4009/6855/2146 5015/7861/2146 5014/7860/2146 5013/7859/2146 4011/6857/2146
f 4016/6862/2148 5017/7863/2148 5016/7862/2148 4014/6860/2148
f 4013/6859/2146 4991/7837/2146 4992/7838/2146 4996/7842/2146 4015/6861/2146
f 4020/6866/2143 4995/7841/2143 4999/7845/2143 4018/6864/2143
f 4017/6863/2146 5009/7855/2146 5010/7856/2146 5008/7854/2146 4019/6865/2146
f 4024/6870/2143 5011/7857/2143 5007/7853/2143 4022/6868/2143
f 4021/6867/2146 4983/7829/2146 4984/7830/2146 5006/7852/2146 4023/6869/2146
f 4028/6874/2143 4977/7823/2143 4981/7827/2143 4026/6872/2143
f 4025/6871/2144 4982/7828/2144 4980/7826/2144 4979/7825/2144 4027/6873/2144
f 4032/6878/2143 4972/7818/2143 4978/7824/2143 4030/6876/2143
f 4029/6875/2144 4973/7819/2144 4974/7820/2144 4975/7821/2144 4031/6877/2144
f 4036/6882/2148 4970/7816/2148 4976/7822/2148 4034/6880/2148
f 4033/6879/2146 4965/7811/2146 4966/7812/2146 4969/7815/2146 4035/6881/2146
f 4040/6886/2148 4967/7813/2148 4971/7817/2148 4038/6884/2148
f 4037/6883/2146 4963/7809/2146 4964/7810/2146 4968/7814/2146 4039/6885/2146
f 4044/6890/2148 4957/7803/2148 4961/7807/2148 4042/6888/2148
f 4041/6887/2146 4959/7805/2146 4960/7806/2146 4962/7808/2146 4043/6889/2146
f 4048/6894/2143 4952/7798/2143 4958/7804/2143 4046/6892/2143
f 4045/6891/2144 4953/7799/2144 4954/7800/2144 4956/7802/2144 4047/6893/2144
f 4052/6898/2148 4951/7797/2148 4955/7801/2148 4050/6896/2148
f 4049/6895/2146 4945/7791/2146 4946/7792/2146 4949/7795/2146 4051/6897/2146
f 4056/6902/2143 4950/7796/2143 4947/7793/2143 4054/6900/2143
f 4053/6899/2144 4928/7774/2144 4929/7775/2144 4948/7794/2144 4055/6901/2144
f 4060/6906/2143 4911/7757/2143 4926/7772/2143 4058/6904/2143
f 4057/6903/2146 4930/7776/2146 4925/7771/2146 4912/7758/2146 4059/6905/2146
f 4064/6910/2143 4924/7770/2143 4927/7773/2143 4062/6908/2143
f 4061/6907/2144 4891/7737/2144 4892/7738/2144 4893/7739/2144 4063/6909/2144
f 4068/6914/2143 4898/7744/2143 4939/7785/2143 4066/6912/2143
f 4065/6911/2144 4936/7782/2144 4937/7783/2144 4935/7781/2144 4067/6913/2144
f 4072/6918/2143 4915/7761/2143 4938/7784/2143 4070/6916/2143
f 4069/6915/2144 4908/7754/2144 4909/7755/2144 4910/7756/2144 4071/6917/2144
f 4076/6922/2143 4914/7760/2143 4913/7759/2143 4074/6920/2143
f 4073/6919/2144 4897/7743/2144 4896/7742/2144 4895/7741/2144 4075/6921/2144
f 4080/6926/2143 4894/7740/2143 4918/7764/2143 4078/6924/2143
f 4077/6923/2144 4942/7788/2144 4943/7789/2144 4940/7786/2144 4079/6925/2144
f 4084/6930/2143 4931/7777/2143 4933/7779/2143 4082/6928/2143
f 4081/6927/2144 4906/7752/2144 4904/7750/2144 4903/7749/2144 4083/6929/2144
f 4088/6934/2147 4902/7748/2147 4944/7790/2147 4086/6932/2147
f 4085/6931/2146 4941/7787/2146 4920/7766/2146 4919/7765/2146 4087/6933/2146
f 4092/6938/2148 4921/7767/2148 4923/7769/2148 4090/6936/2148
f 4089/6935/2146 4922/7768/2146 4917/7763/2146 4916/7762/2146 4091/6937/2146
f 4096/6942/2147 4907/7753/2147 4934/7780/2147 4094/6940/2147
f 4093/6939/2146 4900/7746/2146 4901/7747/2146 4932/7778/2146 4095/6941/2146
f 4100/6946/2143 4899/7745/2143 4905/7751/2143 4098/6944/2143
f 4097/6943/2144 4890/7736/2144 4888/7734/2144 4877/7723/2144 4099/6945/2144
f 4104/6950/2147 4886/7732/2147 4889/7735/2147 4102/6948/2147
f 4101/6947/2146 4884/7730/2146 4885/7731/2146 4887/7733/2146 4103/6949/2146
f 4108/6954/2143 4882/7728/2143 4881/7727/2143 4106/6952/2143
f 4105/6951/2146 4876/7722/2146 4875/7721/2146 4874/7720/2146 4107/6953/2146
f 4112/6958/2148 4879/7725/2148 4878/7724/2148 4110/6956/2148
f 4109/6955/2144 4883/7729/2144 4880/7726/2144 4111/6957/2144
f 4116/6962/2143 4245/7091/2143 4244/7090/2143 4114/6960/2143
f 4113/6959/2149 4256/7102/2149 4253/7099/2149 4115/6961/2149
f 4120/6966/2143 4255/7101/2143 4257/7103/2143 4118/6964/2143
f 4117/6963/2149 4263/7109/2149 4254/7100/2149 4119/6965/2149
f 4124/6970/2143 4262/7108/2143 4265/7111/2143 4122/6968/2143
f 4121/6967/2146 4264/7110/2146 4261/7107/2146 4123/6969/2146
f 4128/6974/2148 4249/7095/2148 4248/7094/2148 4126/6972/2148
f 4125/6971/2146 4260/7106/2146 4252/7098/2146 4127/6973/2146
f 4132/6978/2148 4258/7104/2148 4259/7105/2148 4130/6976/2148
f 4129/6975/2146 4251/7097/2146 4250/7096/2146 4131/6977/2146
f 4136/6982/2152 4247/7093/2152 4246/7092/2152 4240/7086/2152 4134/6980/2152
f 4133/6979/2149 4234/7080/2149 4243/7089/2149 4135/6981/2149
f 4140/6986/2143 4241/7087/2143 4232/7078/2143 4138/6984/2143
f 4137/6983/2144 4231/7077/2144 4242/7088/2144 4139/6985/2144
f 4144/6990/2143 4222/7068/2143 4233/7079/2143 4142/6988/2143
f 4141/6987/2149 4225/7071/2149 4221/7067/2149 4143/6989/2149
f 4148/6994/2148 4235/7081/2148 4238/7084/2148 4146/6992/2148
f 4145/6991/2146 4239/7085/2146 4236/7082/2146 4147/6993/2146
f 4152/6998/2143 4230/7076/2143 4229/7075/2143 4150/6996/2143
f 4149/6995/2146 4227/7073/2146 4228/7074/2146 4151/6997/2146
f 4156/7002/2148 4226/7072/2148 4237/7083/2148 4154/7000/2148
f 4153/6999/2144 4643/7489/2144 4639/7485/2144 4680/7526/2144 4314/7160/2144 4311/7157/2144 4310/7156/2144 4333/7179/2144 4269/7115/2144 4266/7112/2144 4224/7070/2144 4223/7069/2144 4155/7001/2144
f 4160/7006/2143 4650/7496/2143 4652/7498/2143 4158/7004/2143
f 4157/7003/2144 4653/7499/2144 4641/7487/2144 4640/7486/2144 4159/7005/2144
f 4164/7010/2147 4642/7488/2147 4651/7497/2147 4162/7008/2147
f 4161/7007/2144 4632/7478/2144 4631/7477/2144 4630/7476/2144 4163/7009/2144
f 4168/7014/2148 4634/7480/2148 4633/7479/2148 4166/7012/2148
f 4165/7011/2146 4638/7484/2146 4637/7483/2146 4636/7482/2146 4167/7013/2146
f 4172/7018/2148 4635/7481/2148 4654/7500/2148 4170/7016/2148
f 4169/7015/2146 4629/7475/2146 4628/7474/2146 4627/7473/2146 4171/7017/2146
f 4176/7022/2148 4645/7491/2148 4644/7490/2148 4174/7020/2148
f 4173/7019/2144 4648/7494/2144 4647/7493/2144 4646/7492/2144 4175/7021/2144
f 4180/7026/2143 4621/7467/2143 4649/7495/2143 4178/7024/2143
f 4177/7023/2144 4617/7463/2144 4618/7464/2144 4620/7466/2144 4179/7025/2144
f 4184/7030/2147 4619/7465/2147 4616/7462/2147 4182/7028/2147
f 4181/7027/2149 4613/7459/2149 4614/7460/2149 4615/7461/2149 4183/7029/2149
f 4188/7034/2143 4626/7472/2143 4625/7471/2143 4186/7032/2143
f 4185/7031/2146 4624/7470/2146 4623/7469/2146 4622/7468/2146 4187/7033/2146
f 4192/7038/2148 4576/7422/2148 4612/7458/2148 4190/7036/2148
f 4189/7035/2153 4581/7427/2153 4580/7426/2153 4579/7425/2153 4191/7037/2153
f 4196/7042/2148 4578/7424/2148 4577/7423/2148 4194/7040/2148
f 4193/7039/2146 4599/7445/2146 4600/7446/2146 4596/7442/2146 4195/7041/2146
f 4200/7046/2148 4598/7444/2148 4601/7447/2148 4198/7044/2148
f 4197/7043/2149 4608/7454/2149 4609/7455/2149 4597/7443/2149 4199/7045/2149
f 4204/7050/2147 4587/7433/2147 4588/7434/2147 4202/7048/2147
f 4201/7047/2146 4583/7429/2146 4584/7430/2146 4582/7428/2146 4203/7049/2146
f 4208/7054/2147 4594/7440/2147 4604/7450/2147 4206/7052/2147
f 4205/7051/2144 4591/7437/2144 4592/7438/2144 4595/7441/2144 4207/7053/2144
f 4212/7058/2148 4590/7436/2148 4593/7439/2148 4210/7056/2148
f 4209/7055/2146 4611/7457/2146 4607/7453/2146 4606/7452/2146 4211/7057/2146
f 4216/7062/2148 4605/7451/2148 4610/7456/2148 4214/7060/2148
f 4213/7059/2146 4586/7432/2146 4585/7431/2146 4215/7061/2146
f 4220/7066/2143 4589/7435/2143 4603/7449/2143 4218/7064/2143
f 4217/7063/2144 4574/7420/2144 4575/7421/2144 4602/7448/2144 4219/7065/2144
f 4469/7315/2144 4458/7304/2144 4528/7374/2144 4496/7342/2144
f 4557/7403/2144 4546/7392/2144 5064/7910/2144 5054/7900/2144
f 4292/7138/2148 4293/7139/2148 4357/7203/2148 4356/7202/2148
f 4380/7226/2148 4381/7227/2148 4661/7507/2148 4665/7511/2148
f 4465/7311/2148 4466/7312/2148 4493/7339/2148 4492/7338/2148
f 4553/7399/2143 4554/7400/2143 5063/7909/2143 5023/7869/2143
f 4497/7343/2005 4498/7344/2005 4471/7317/2005 4470/7316/2005
f 4427/7273/2005 4428/7274/2005 3824/6670/2005 3823/6669/2005
f 4351/7197/2005 4350/7196/2005 4286/7132/2005 4287/7133/2005
f 4242/7088/2005 4241/7087/2005 4140/6986/2005 4139/6985/2005
f 4523/7369/2005 4515/7361/2005 4445/7291/2005 4453/7299/2005
f 4408/7254/2005 4400/7246/2005 3848/6694/2005 3847/6693/2005
f 4483/7329/2143 4484/7330/2143 4511/7357/2143 4510/7356/2143
f 4571/7417/2143 4572/7418/2143 5040/7886/2143 5039/7885/2143
f 4451/7297/2143 4449/7295/2143 4519/7365/2143 4521/7367/2143
f 4539/7385/2143 4537/7383/2143 5052/7898/2143 5061/7907/2143
f 4470/7316/2144 4478/7324/2144 4505/7351/2144 4497/7343/2144
f 4558/7404/2144 4566/7412/2144 5034/7880/2144 5033/7879/2144
f 4463/7309/2146 4468/7314/2146 4495/7341/2146 4490/7336/2146
f 4551/7397/2144 4556/7402/2144 5025/7871/2144 5024/7870/2144
f 4362/7208/2005 4363/7209/2005 4299/7145/2005 4298/7144/2005
f 4254/7100/2005 4255/7101/2005 4120/6966/2005 4119/6965/2005
f 4479/7325/2143 4476/7322/2143 4503/7349/2143 4506/7352/2143
f 4567/7413/2148 4564/7410/2148 5035/7881/2148 5036/7882/2148
f 4457/7303/2143 4455/7301/2143 4525/7371/2143 4527/7373/2143
f 4545/7391/2143 4543/7389/2143 5045/7891/2143 5046/7892/2143
f 4267/7113/2149 4270/7116/2149 4334/7180/2149 4331/7177/2149
f 4312/7158/2149 4315/7161/2149 4684/7530/2149 4685/7531/2149
f 4294/7140/2146 4295/7141/2146 4359/7205/2146 4358/7204/2146
f 4382/7228/2146 4383/7229/2146 4657/7503/2146 4667/7513/2146
f 4474/7320/2143 4471/7317/2143 4498/7344/2143 4501/7347/2143
f 4562/7408/2148 4559/7405/2148 5026/7872/2148 5027/7873/2148
f 4345/7191/2005 4344/7190/2005 4280/7126/2005 4281/7127/2005
f 4236/7082/2154 4235/7081/2154 4148/6994/2154 4147/6993/2154
f 4296/7142/2146 4304/7150/2146 4368/7214/2146 4360/7206/2146
f 4384/7230/2146 4392/7238/2146 4659/7505/2146 4660/7506/2146
f 4333/7179/2005 4335/7181/2005 4271/7117/2005 4269/7115/2005
f 4223/7069/2005 4226/7072/2005 4156/7002/2005 4155/7001/2005
f 4524/7370/2005 4525/7371/2005 4455/7301/2005 4454/7300/2005
f 4409/7255/2005 4410/7256/2005 3852/6698/2005 3851/6697/2005
f 4305/7151/2146 4308/7154/2146 4372/7218/2146 4369/7215/2146
f 4393/7239/2146 4396/7242/2146 4666/7512/2146 4662/7508/2146
f 4446/7292/2149 4448/7294/2149 4518/7364/2149 4516/7362/2149
f 4534/7380/2144 4536/7382/2144 5050/7896/2144 5049/7895/2144
f 4273/7119/2144 4272/7118/2144 4336/7182/2144 4337/7183/2144
f 4318/7164/2146 4317/7163/2146 4677/7523/2146 4678/7524/2146
f 4287/7133/2149 4276/7122/2149 4340/7186/2149 4351/7197/2149
f 4375/7221/2146 4321/7167/2146 4693/7539/2146 4695/7541/2146
f 4283/7129/2148 4280/7126/2148 4344/7190/2148 4347/7193/2148
f 4328/7174/2143 4325/7171/2143 4689/7535/2143 4690/7536/2143
f 4460/7306/2143 4459/7305/2143 4529/7375/2143 4530/7376/2143
f 4548/7394/2143 4547/7393/2143 5056/7902/2143 5058/7904/2143
f 4444/7290/2147 4445/7291/2147 4515/7361/2147 4514/7360/2147
f 4532/7378/2143 4533/7379/2143 5048/7894/2143 5053/7899/2143
f 4504/7350/2005 4503/7349/2005 4476/7322/2005 4477/7323/2005
f 4434/7280/2154 4433/7279/2154 3820/6666/2154 3819/6665/2154
f 4352/7198/2005 4355/7201/2005 4291/7137/2005 4288/7134/2005
f 4243/7089/2154 4247/7093/2154 4136/6982/2154 4135/6981/2154
f 4447/7293/2143 4462/7308/2143 4489/7335/2143 4517/7363/2143
f 4535/7381/2143 4550/7396/2143 5059/7905/2143 5060/7906/2143
f 4453/7299/2149 4456/7302/2149 4526/7372/2149 4523/7369/2149
f 4541/7387/2149 4544/7390/2149 5051/7897/2149 5047/7893/2149
f 4461/7307/2146 4443/7289/2146 4513/7359/2146 4488/7334/2146
f 4549/7395/2144 4531/7377/2144 5022/7868/2144 5057/7903/2144
f 4274/7120/2143 4275/7121/2143 4339/7185/2143 4338/7184/2143
f 4319/7165/2148 4320/7166/2148 4682/7528/2148 4696/7542/2148
f 4361/7207/2005 4354/7200/2005 4290/7136/2005 4297/7143/2005
f 4253/7099/2005 4245/7091/2005 4116/6962/2005 4115/6961/2005
f 4516/7362/2005 4519/7365/2005 4449/7295/2005 4446/7292/2005
f 4401/7247/2005 4404/7250/2005 3844/6690/2005 3843/6689/2005
f 4477/7323/2144 4480/7326/2144 4507/7353/2144 4504/7350/2144
f 4565/7411/2146 4568/7414/2146 5032/7878/2146 5031/7877/2146
f 4303/7149/2148 4302/7148/2148 4366/7212/2148 4367/7213/2148
f 4391/7237/2148 4390/7236/2148 4658/7504/2148 4664/7510/2148
f 4508/7354/2005 4511/7357/2005 4484/7330/2005 4481/7327/2005
f 4438/7284/2005 4441/7287/2005 3812/6658/2005 3811/6657/2005
f 4285/7131/2155 4291/7137/2155 4355/7201/2155 4349/7195/2155
f 4330/7176/2156 4379/7225/2156 4697/7543/2156 4656/7502/2156
f 4358/7204/2005 4366/7212/2005 4302/7148/2005 4294/7140/2005
f 4250/7096/2005 4258/7104/2005 4132/6978/2005 4131/6977/2005
f 4473/7319/2146 4475/7321/2146 4502/7348/2146 4500/7346/2146
f 4561/7407/2144 4563/7409/2144 5028/7874/2144 5029/7875/2144
f 4337/7183/2005 4339/7185/2005 4275/7121/2005 4273/7119/2005
f 4228/7074/2005 4230/7076/2005 4152/6998/2005 4151/6997/2005
f 4496/7342/2005 4489/7335/2005 4462/7308/2005 4469/7315/2005
f 4426/7272/2005 4419/7265/2005 3836/6682/2005 3835/6681/2005
f 4520/7366/2005 4529/7375/2005 4459/7305/2005 4450/7296/2005
f 4405/7251/2005 4414/7260/2005 3840/6686/2005 3839/6685/2005
f 4467/7313/2143 4464/7310/2143 4491/7337/2143 4494/7340/2143
f 4555/7401/2143 4552/7398/2143 5037/7883/2143 5038/7884/2143
f 4309/7155/2143 4306/7152/2143 4370/7216/2143 4373/7219/2143
f 4397/7243/2147 4394/7240/2147 4663/7509/2147 4674/7520/2147
f 4450/7296/2144 4452/7298/2144 4522/7368/2144 4520/7366/2144
f 4538/7384/2144 4540/7386/2144 5062/7908/2144 5055/7901/2144
f 4282/7128/2143 4271/7117/2143 4335/7181/2143 4346/7192/2143
f 4327/7173/2148 4316/7162/2148 4681/7527/2148 4679/7525/2148
f 4369/7215/2005 4370/7216/2005 4306/7152/2005 4305/7151/2005
f 4261/7107/2154 4262/7108/2154 4124/6970/2154 4123/6969/2154
f 4288/7134/2149 4279/7125/2149 4343/7189/2149 4352/7198/2149
f 4376/7222/2149 4324/7170/2149 4655/7501/2149 4694/7540/2149
f 4331/7177/2005 4332/7178/2005 4268/7114/2005 4267/7113/2005
f 4221/7067/2005 4222/7068/2005 4144/6990/2005 4143/6989/2005
f 4500/7346/2005 4499/7345/2005 4472/7318/2005 4473/7319/2005
f 4430/7276/2005 4429/7275/2005 3816/6662/2005 3815/6661/2005
f 4297/7143/2144 4300/7146/2144 4364/7210/2144 4361/7207/2144
f 4385/7231/2149 4388/7234/2149 4669/7515/2149 4675/7521/2149
f 4298/7144/2144 4307/7153/2144 4371/7217/2144 4362/7208/2144
f 4386/7232/2144 4395/7241/2144 4668/7514/2144 4670/7516/2144
f 4289/7135/2148 4290/7136/2148 4354/7200/2148 4353/7199/2148
f 4377/7223/2148 4378/7224/2148 4672/7518/2148 4671/7517/2148
f 4277/7123/2143 4286/7132/2143 4350/7196/2143 4341/7187/2143
f 4322/7168/2148 4374/7220/2148 4686/7532/2148 4687/7533/2148
f 4488/7334/2005 4493/7339/2005 4466/7312/2005 4461/7307/2005
f 4418/7264/2005 4423/7269/2005 3832/6678/2005 3831/6677/2005
f 4490/7336/2005 4491/7337/2005 4464/7310/2005 4463/7309/2005
f 4420/7266/2005 4421/7267/2005 3828/6674/2005 3827/6673/2005
f 4485/7331/2148 4472/7318/2148 4499/7345/2148 4512/7358/2148
f 4573/7419/2143 4560/7406/2143 5030/7876/2143 5042/7888/2143
f 4301/7147/2143 4299/7145/2143 4363/7209/2143 4365/7211/2143
f 4389/7235/2143 4387/7233/2143 4676/7522/2143 4673/7519/2143
f 4360/7206/2005 4357/7203/2005 4293/7139/2005 4296/7142/2005
f 4252/7098/2005 4249/7095/2005 4128/6974/2005 4127/6973/2005
f 4481/7327/2144 4482/7328/2144 4509/7355/2144 4508/7354/2144
f 4569/7415/2144 4570/7416/2144 5043/7889/2144 5041/7887/2144
f 4281/7127/2146 4284/7130/2146 4348/7194/2146 4345/7191/2146
f 4326/7172/2146 4329/7175/2146 4683/7529/2146 4688/7534/2146
f 4278/7124/2143 4268/7114/2143 4332/7178/2143 4342/7188/2143
f 4323/7169/2143 4313/7159/2143 4691/7537/2143 4692/7538/2143
f 4596/7442/2154 4578/7424/2154 4196/7042/2154 4195/7041/2154
f 4865/7711/2005 4869/7715/2005 3856/6702/2005 3855/6701/2005
f 4636/7482/2005 4634/7480/2005 4168/7014/2005 4167/7013/2005
f 4895/7741/2157 4914/7760/2157 4076/6922/2157 4075/6921/2157
f 5139/7985/2005 5140/7986/2005 3744/6590/2005 3743/6589/2005
f 4979/7825/2005 4977/7823/2005 4028/6874/2005 4027/6873/2005
f 5024/7870/2005 5037/7883/2005 4552/7398/2005 4551/7397/2005
f 4615/7461/2005 4619/7465/2005 4184/7030/2005 4183/7029/2005
f 5012/7858/2005 4993/7839/2005 4000/6846/2005 3999/6845/2005
f 4688/7534/2157 4689/7535/2157 4325/7171/2157 4326/7172/2157
f 4660/7506/2154 4661/7507/2154 4381/7227/2154 4384/7230/2154
f 4772/7618/2005 4767/7613/2005 3940/6786/2005 3939/6785/2005
f 4670/7516/2005 4676/7522/2005 4387/7233/2005 4386/7232/2005
f 4940/7786/2005 4894/7740/2005 4080/6926/2005 4079/6925/2005
f 5021/7867/2005 5019/7865/2005 3984/6830/2005 3983/6829/2005
f 4935/7781/2157 4898/7744/2157 4068/6914/2157 4067/6913/2157
f 4774/7620/2005 4798/7644/2005 3920/6766/2005 3919/6765/2005
f 5057/7903/2005 5063/7909/2005 4554/7400/2005 4549/7395/2005
f 5169/8015/2005 5170/8016/2005 3724/6570/2005 3723/6569/2005
f 4769/7615/2005 4791/7637/2005 3944/6790/2005 3943/6789/2005
f 4715/7561/2005 4751/7597/2005 3980/6826/2005 3979/6825/2005
f 4987/7833/2157 4994/7840/2157 3996/6842/2157 3995/6841/2157
f 4932/7778/2005 4907/7753/2005 4096/6942/2005 4095/6941/2005
f 5078/7924/2005 5081/7927/2005 3756/6602/2005 3755/6601/2005
f 4582/7428/2157 4587/7433/2157 4204/7050/2157 4203/7049/2157
f 4893/7739/2157 4924/7770/2157 4064/6910/2157 4063/6909/2157
f 5044/7890/2005 5045/7891/2005 4543/7389/2005 4542/7388/2005
f 4968/7814/2005 4967/7813/2005 4040/6886/2005 4039/6885/2005
f 5069/7915/2158 5074/7920/2158 3780/6626/2158 3779/6625/2158
f 5103/7949/2005 5108/7954/2005 3796/6642/2005 3795/6641/2005
f 4620/7466/2005 4621/7467/2005 4180/7026/2005 4179/7025/2005
f 4996/7842/2157 5017/7863/2157 4016/6862/2157 4015/6861/2157
f 5008/7854/2157 4995/7841/2157 4020/6866/2157 4019/6865/2157
f 5090/7936/2154 5073/7919/2154 3776/6622/2154 3775/6621/2154
f 4846/7692/2005 4845/7691/2005 3900/6746/2005 3899/6745/2005
f 4877/7723/2005 4899/7745/2005 4100/6946/2005 4099/6945/2005
f 4722/7568/2005 4735/7581/2005 3952/6798/2005 3951/6797/2005
f 4680/7526/2154 4681/7527/2154 4316/7162/2154 4314/7160/2154
f 4969/7815/2005 4970/7816/2005 4036/6882/2005 4035/6881/2005
f 4707/7553/2154 4712/7558/2154 3968/6814/2154 3967/6813/2154
f 5151/7997/2157 5154/8000/2157 3736/6582/2157 3735/6581/2157
f 4675/7521/2005 4672/7518/2005 4378/7224/2005 4385/7231/2005
f 5002/7848/2005 5005/7851/2005 3992/6838/2005 3991/6837/2005
f 5143/7989/2005 5144/7990/2005 3748/6594/2005 3747/6593/2005
f 4949/7795/2005 4951/7797/2005 4052/6898/2005 4051/6897/2005
f 5092/7938/2157 5091/7937/2157 3752/6598/2157 3751/6597/2157
f 4694/7540/2154 4697/7543/2154 4379/7225/2154 4376/7222/2154
f 5031/7877/2005 5035/7881/2005 4564/7410/2005 4565/7411/2005
f 4855/7701/2005 4858/7704/2005 3892/6738/2005 3891/6737/2005
f 4640/7486/2154 4650/7496/2154 4160/7006/2154 4159/7005/2154
f 4738/7584/2005 4766/7612/2005 3948/6794/2005 3947/6793/2005
f 5006/7852/2005 5011/7857/2005 4024/6870/2005 4023/6869/2005
f 5013/7859/2005 4985/7831/2005 4012/6858/2005 4011/6857/2005
f 4630/7476/2157 4642/7488/2157 4164/7010/2157 4163/7009/2157
f 5104/7950/2005 5105/7951/2005 3784/6630/2005 3783/6629/2005
f 5018/7864/2157 5020/7866/2157 3988/6834/2157 3987/6833/2157
f 4627/7473/2005 4635/7481/2005 4172/7018/2005 4171/7017/2005
f 5072/7918/2154 5097/7943/2154 3772/6618/2154 3771/6617/2154
f 4919/7765/2005 4902/7748/2005 4088/6934/2005 4087/6933/2005
f 4887/7733/2157 4886/7732/2157 4104/6950/2157 4103/6949/2157
f 4811/7657/2005 4808/7654/2005 3872/6718/2005 3871/6717/2005
f 4956/7802/2005 4952/7798/2005 4048/6894/2005 4047/6893/2005
f 5055/7901/2154 5056/7902/2154 4547/7393/2154 4538/7384/2154
f 5047/7893/2154 5048/7894/2154 4533/7379/2154 4541/7387/2154
f 5148/7994/2005 5149/7995/2005 3740/6586/2005 3739/6585/2005
f 4579/7425/2157 4576/7422/2157 4192/7038/2157 4191/7037/2157
f 5123/7969/2154 5122/7968/2154 3808/6654/2154 3807/6653/2154
f 5120/7966/2154 5121/7967/2154 3792/6638/2154 3791/6637/2154
f 5000/7846/2005 5003/7849/2005 4004/6850/2005 4003/6849/2005
f 4622/7468/2157 4626/7472/2157 4188/7034/2157 4187/7033/2157
f 4910/7756/2157 4915/7761/2157 4072/6918/2157 4071/6917/2157
f 4797/7643/2005 4760/7606/2005 3916/6762/2005 3915/6761/2005
f 4606/7452/2154 4590/7436/2154 4212/7058/2154 4211/7057/2154
f 4861/7707/2005 4870/7716/2005 3860/6706/2005 3859/6705/2005
f 4975/7821/2005 4972/7818/2005 4032/6878/2005 4031/6877/2005
f 5054/7900/2005 5059/7905/2005 4550/7396/2005 4557/7403/2005
f 4662/7508/2005 4663/7509/2005 4394/7240/2005 4393/7239/2005
f 4778/7624/2005 4789/7635/2005 3908/6754/2005 3907/6753/2005
f 4706/7552/2154 4705/7551/2154 3956/6802/2154 3955/6801/2154
f 5065/7911/2157 5068/7914/2157 3760/6606/2157 3759/6605/2157
f 4602/7448/2005 4589/7435/2005 4220/7066/2005 4219/7065/2005
f 4817/7663/2005 4818/7664/2005 3896/6742/2005 3895/6741/2005
f 4800/7646/2005 4801/7647/2005 3936/6782/2005 3935/6781/2005
f 4695/7541/2005 4686/7532/2005 4374/7220/2005 4375/7221/2005
f 4828/7674/2005 4852/7698/2005 3876/6722/2005 3875/6721/2005
f 4912/7758/2157 4911/7757/2157 4060/6906/2157 4059/6905/2157
f 4755/7601/2005 4788/7634/2005 3912/6758/2005 3911/6757/2005
f 4840/7686/2005 4843/7689/2005 3864/6710/2005 3863/6709/2005
f 5033/7879/2005 5026/7872/2005 4559/7405/2005 4558/7404/2005
f 5041/7887/2005 5040/7886/2005 4572/7418/2005 4569/7415/2005
f 4745/7591/2154 4744/7590/2154 3960/6806/2154 3959/6805/2154
f 4646/7492/2005 4645/7491/2005 4176/7022/2005 4175/7021/2005
f 4595/7441/2157 4594/7440/2157 4208/7054/2157 4207/7053/2157
f 4988/7834/2157 4998/7844/2157 4008/6854/2157 4007/6853/2157
f 5126/7972/2005 5112/7958/2005 3804/6650/2005 3803/6649/2005
f 4730/7576/2005 4727/7573/2005 3972/6818/2005 3971/6817/2005
f 4678/7524/2005 4682/7528/2005 4320/7166/2005 4318/7164/2005
f 5029/7875/2005 5030/7876/2005 4560/7406/2005 4561/7407/2005
f 5158/8004/2005 5156/8002/2005 3732/6578/2005 3731/6577/2005
f 5167/8013/2154 5166/8012/2154 3720/6566/2154 3719/6565/2154
f 5098/7944/2154 5085/7931/2154 3768/6614/2154 3767/6613/2154
f 4948/7794/2005 4950/7796/2005 4056/6902/2005 4055/6901/2005
f 4667/7513/2005 4658/7504/2005 4390/7236/2005 4382/7228/2005
f 4761/7607/2005 4773/7619/2005 3924/6770/2005 3923/6769/2005
f 4962/7808/2005 4957/7803/2005 4044/6890/2005 4043/6889/2005
f 4782/7628/2005 4783/7629/2005 3932/6778/2005 3931/6777/2005
f 4827/7673/2157 4822/7668/2157 3880/6726/2157 3879/6725/2157
f 4752/7598/2005 4729/7575/2005 3976/6822/2005 3975/6821/2005
f 5111/7957/2005 5133/7979/2005 3800/6646/2005 3799/6645/2005
f 4834/7680/2157 4837/7683/2157 3888/6734/2157 3887/6733/2157
f 4916/7762/2005 4921/7767/2005 4092/6938/2005 4091/6937/2005
f 4874/7720/2005 4882/7728/2005 4108/6954/2005 4107/6953/2005
f 4685/7531/2154 4691/7537/2154 4313/7159/2154 4312/7158/2154
f 5119/7965/2157 5130/7976/2157 3788/6634/2157 3787/6633/2157
f 4880/7726/2005 4879/7725/2005 4112/6958/2005 4111/6957/2005
f 5162/8008/2154 5161/8007/2154 3728/6574/2154 3727/6573/2154
f 4597/7443/2005 4598/7444/2005 4200/7046/2005 4199/7045/2005
f 4815/7661/2005 4816/7662/2005 3904/6750/2005 3903/6749/2005
f 5086/7932/2005 5083/7929/2005 3764/6610/2005 3763/6609/2005
f 5049/7895/2005 5052/7898/2005 4537/7383/2005 4534/7380/2005
f 4809/7655/2157 4810/7656/2157 3884/6730/2157 3883/6729/2157
f 4839/7685/2005 4824/7670/2005 3868/6714/2005 3867/6713/2005
f 4781/7627/2005 4758/7604/2005 3928/6774/2005 3927/6773/2005
f 4721/7567/2157 4725/7571/2157 3964/6810/2157 3963/6809/2157
f 4903/7749/2157 4931/7777/2157 4084/6930/2157 4083/6929/2157
f 4585/7431/2005 4605/7451/2005 4216/7062/2005 4215/7061/2005
f 5178/8024/2159 5175/8021/2159 5176/8022/2159 5179/8025/2159
f 5179/8025/2000 5180/8026/2000 5177/8023/2000 5178/8024/2000
f 5173/8019/2160 5177/8023/2160 5180/8026/2160 5174/8020/2160
f 5186/8032/2159 5183/8029/2159 5184/8030/2159 5187/8033/2159
f 5187/8033/2000 5188/8034/2000 5185/8031/2000 5186/8032/2000
f 5181/8027/2160 5185/8031/2160 5188/8034/2160 5182/8028/2160
f 5194/8040/2159 5191/8037/2159 5192/8038/2159 5195/8041/2159
f 5195/8041/2000 5196/8042/2000 5193/8039/2000 5194/8040/2000
f 5189/8035/2160 5193/8039/2160 5196/8042/2160 5190/8036/2160
f 5202/8048/2159 5199/8045/2159 5200/8046/2159 5203/8049/2159
f 5203/8049/2000 5204/8050/2000 5201/8047/2000 5202/8048/2000
f 5197/8043/2160 5201/8047/2160 5204/8050/2160 5198/8044/2160
f 5210/8056/2159 5207/8053/2159 5208/8054/2159 5211/8057/2159
f 5211/8057/2000 5212/8058/2000 5209/8055/2000 5210/8056/2000
f 5205/8051/2160 5209/8055/2160 5212/8058/2160 5206/8052/2160
f 5216/8062/2161 5214/8060/2161 6661/9507/2161 6662/9508/2161
f 5213/8059/2160 5215/8061/2160 6663/9509/2160 6664/9510/2160
f 5220/8066/2159 5218/8064/2159 6667/9513/2159 6666/9512/2159
f 5217/8063/2160 5219/8065/2160 6665/9511/2160 6668/9514/2160
f 5224/8070/2162 5222/8068/2162 6660/9506/2162 6657/9503/2162
f 5221/8067/2160 5223/8069/2160 6658/9504/2160 6659/9505/2160
f 5228/8074/2159 5226/8072/2159 6653/9499/2159 6652/9498/2159
f 5225/8071/2160 5227/8073/2160 6654/9500/2160 6655/9501/2160 6656/9502/2160
f 5232/8078/2159 5230/8076/2159 6651/9497/2159 6650/9496/2159
f 5229/8075/2160 5231/8077/2160 6647/9493/2160 6648/9494/2160 6649/9495/2160
f 5236/8082/2159 5234/8080/2159 6646/9492/2159 6645/9491/2159
f 5233/8079/2160 5235/8081/2160 6644/9490/2160 6643/9489/2160
f 5240/8086/2159 5238/8084/2159 6638/9484/2159 6636/9482/2159
f 5237/8083/2160 5239/8085/2160 6635/9481/2160 6637/9483/2160
f 5244/8090/2159 5242/8088/2159 6642/9488/2159 6640/9486/2159
f 5241/8087/2160 5243/8089/2160 6639/9485/2160 6641/9487/2160
f 5248/8094/2159 5246/8092/2159 6589/9435/2159 6587/9433/2159
f 5245/8091/2160 5247/8093/2160 6588/9434/2160 6590/9436/2160 6591/9437/2160
f 5252/8098/2159 5250/8096/2159 6575/9421/2159 6577/9423/2159
f 5249/8095/2160 5251/8097/2160 6574/9420/2160 6573/9419/2160 6572/9418/2160
f 5256/8102/2159 5254/8100/2159 6576/9422/2159 6564/9410/2159
f 5253/8099/2160 5255/8101/2160 6561/9407/2160 6562/9408/2160 6563/9409/2160
f 5260/8106/2159 5258/8104/2159 6578/9424/2159 6579/9425/2159
f 5257/8103/2160 5259/8105/2160 6582/9428/2160 6583/9429/2160 6584/9430/2160
f 5264/8110/2159 5262/8108/2159 6580/9426/2159 6581/9427/2159
f 5261/8107/2163 5263/8109/2163 6594/9440/2163 6596/9442/2163 6595/9441/2163
f 5268/8114/2159 5266/8112/2159 6592/9438/2159 6593/9439/2159
f 5265/8111/2160 5267/8113/2160 6568/9414/2160 6567/9413/2160 6566/9412/2160
f 5272/8118/2159 5270/8116/2159 6571/9417/2159 6569/9415/2159
f 5269/8115/2160 5271/8117/2160 6586/9432/2160 6585/9431/2160 6632/9478/2160
f 5276/8122/2161 5274/8120/2161 6634/9480/2161 6570/9416/2161
f 5273/8119/2164 5275/8121/2164 6565/9411/2164 6630/9476/2164 6631/9477/2164
f 5280/8126/2159 5278/8124/2159 6633/9479/2159 6601/9447/2159
f 5277/8123/2160 5279/8125/2160 6600/9446/2160 6603/9449/2160 6602/9448/2160
f 5284/8130/2159 5282/8128/2159 6628/9474/2159 6626/9472/2159
f 5281/8127/2165 5283/8129/2165 6615/9461/2165 6614/9460/2165 6613/9459/2165
f 5288/8134/2161 5286/8132/2161 6625/9471/2161 6617/9463/2161
f 5285/8131/2163 5287/8133/2163 6616/9462/2163 6612/9458/2163 6611/9457/2163
f 5292/8138/2159 5290/8136/2159 6610/9456/2159 6604/9450/2159
f 5289/8135/2160 5291/8137/2160 6599/9445/2160 6598/9444/2160 6597/9443/2160
f 5296/8142/2161 5294/8140/2161 6627/9473/2161 6629/9475/2161
f 5293/8139/2160 5295/8141/2160 6607/9453/2160 6606/9452/2160 6605/9451/2160
f 5300/8146/2159 5298/8144/2159 6609/9455/2159 6608/9454/2159
f 5297/8143/2160 5299/8145/2160 6622/9468/2160 6621/9467/2160 6620/9466/2160
f 5304/8150/2159 5302/8148/2159 6624/9470/2159 6618/9464/2159
f 5301/8147/2160 5303/8149/2160 6619/9465/2160 6623/9469/2160
f 5308/8154/2159 5306/8152/2159 5936/8782/2159 5937/8783/2159
f 5305/8151/2160 5307/8153/2160 5934/8780/2160 5935/8781/2160
f 5312/8158/2159 5310/8156/2159 5938/8784/2159 5925/8771/2159
f 5309/8155/2160 5311/8157/2160 5926/8772/2160 5928/8774/2160
f 5316/8162/2159 5314/8160/2159 5932/8778/2159 5929/8775/2159
f 5313/8159/2160 5315/8161/2160 5930/8776/2160 5933/8779/2160
f 5320/8166/2159 5318/8164/2159 5927/8773/2159 5924/8770/2159
f 5317/8163/2160 5319/8165/2160 5923/8769/2160 5931/8777/2160
f 5324/8170/2159 5322/8168/2159 5920/8766/2159 5917/8763/2159
f 5321/8167/2160 5323/8169/2160 5916/8762/2160 5921/8767/2160
f 5328/8174/2161 5326/8172/2161 5918/8764/2161 5919/8765/2161
f 5325/8171/2160 5327/8173/2160 5914/8760/2160 5894/8740/2160
f 5332/8178/2159 5330/8176/2159 5898/8744/2159 5915/8761/2159
f 5329/8175/2160 5331/8177/2160 5922/8768/2160 5909/8755/2160
f 5336/8182/2159 5334/8180/2159 5911/8757/2159 5910/8756/2159
f 5333/8179/2160 5335/8181/2160 5901/8747/2160 5903/8749/2160
f 5340/8186/2159 5338/8184/2159 5902/8748/2159 5900/8746/2159
f 5337/8183/2160 5339/8185/2160 5897/8743/2160 5899/8745/2160
f 5344/8190/2159 5342/8188/2159 5895/8741/2159 5896/8742/2159
f 5341/8187/2160 5343/8189/2160 5904/8750/2160 5907/8753/2160
f 5348/8194/2159 5346/8192/2159 5908/8754/2159 5906/8752/2159
f 5345/8191/2160 5347/8193/2160 5905/8751/2160 5912/8758/2160 5913/8759/2160 5950/8796/2160 6020/8866/2160 5982/8828/2160 5983/8829/2160 6038/8884/2160 6540/9386/2160 6364/9210/2160 6359/9205/2160
f 5352/8198/2166 5350/8196/2166 6368/9214/2166 6365/9211/2166
f 5349/8195/2160 5351/8197/2160 6361/9207/2160 6362/9208/2160 6363/9209/2160
f 5356/8202/2159 5354/8200/2159 6358/9204/2159 6366/9212/2159
f 5353/8199/2165 5355/8201/2165 6357/9203/2165 6360/9206/2165 6367/9213/2165
f 5360/8206/2159 5358/8204/2159 6369/9215/2159 6339/9185/2159
f 5357/8203/2165 5359/8205/2165 6336/9182/2165 6322/9168/2165 6321/9167/2165
f 5364/8210/2159 5362/8208/2159 6340/9186/2159 6320/9166/2159
f 5361/8207/2165 5363/8209/2165 6335/9181/2165 6338/9184/2165 6337/9183/2165
f 5368/8214/2159 5366/8212/2159 6303/9149/2159 6304/9150/2159
f 5365/8211/2160 5367/8213/2160 6307/9153/2160 6308/9154/2160 6310/9156/2160
f 5372/8218/2159 5370/8216/2159 6349/9195/2159 6348/9194/2159
f 5369/8215/2160 5371/8217/2160 6324/9170/2160 6325/9171/2160 6350/9196/2160
f 5376/8222/2159 5374/8220/2159 6319/9165/2159 6318/9164/2159
f 5373/8219/2165 5375/8221/2165 6323/9169/2165 6327/9173/2165 6326/9172/2165
f 5380/8226/2159 5378/8224/2159 6309/9155/2159 6306/9152/2159
f 5377/8223/2165 5379/8225/2165 6305/9151/2165 6328/9174/2165 6329/9175/2165
f 5384/8230/2159 5382/8228/2159 6334/9180/2159 6333/9179/2159
f 5381/8227/2165 5383/8229/2165 6330/9176/2165 6331/9177/2165 6332/9178/2165
f 5388/8234/2159 5386/8232/2159 6355/9201/2159 6354/9200/2159
f 5385/8231/2160 5387/8233/2160 6351/9197/2160 6352/9198/2160 6353/9199/2160
f 5392/8238/2159 5390/8236/2159 6356/9202/2159 6314/9160/2159
f 5389/8235/2160 5391/8237/2160 6313/9159/2160 6317/9163/2160 6316/9162/2160
f 5396/8242/2159 5394/8240/2159 6345/9191/2159 6341/9187/2159
f 5393/8239/2160 5395/8241/2160 6342/9188/2160 6347/9193/2160 6346/9192/2160
f 5400/8246/2159 5398/8244/2159 6315/9161/2159 6312/9158/2159
f 5397/8243/2160 5399/8245/2160 6311/9157/2160 6343/9189/2160 6344/9190/2160
f 5404/8250/2159 5402/8248/2159 6286/9132/2159 6285/9131/2159
f 5401/8247/2160 5403/8249/2160 6274/9120/2160 6273/9119/2160 6272/9118/2160
f 5408/8254/2159 5406/8252/2159 6283/9129/2159 6284/9130/2159
f 5405/8251/2160 5407/8253/2160 6251/9097/2160 6252/9098/2160 6253/9099/2160
f 5412/8258/2159 5410/8256/2159 6259/9105/2159 6256/9102/2159
f 5409/8255/2160 5411/8257/2160 6293/9139/2160 6292/9138/2160 6291/9137/2160
f 5416/8262/2159 5414/8260/2159 6295/9141/2159 6294/9140/2159
f 5413/8259/2160 5415/8261/2160 6270/9116/2160 6271/9117/2160 6276/9122/2160
f 5420/8266/2159 5418/8264/2159 6275/9121/2159 6269/9115/2159
f 5417/8263/2163 5419/8265/2163 6257/9103/2163 6258/9104/2163 6260/9106/2163
f 5424/8270/2159 5422/8268/2159 6255/9101/2159 6254/9100/2159
f 5421/8267/2163 5423/8269/2163 6277/9123/2163 6281/9127/2163 6280/9126/2163
f 5428/8274/2159 5426/8272/2159 6282/9128/2159 6279/9125/2159
f 5425/8271/2160 5427/8273/2160 6278/9124/2160 6299/9145/2160 6298/9144/2160
f 5432/8278/2159 5430/8276/2159 6302/9148/2159 6297/9143/2159
f 5429/8275/2160 5431/8277/2160 6296/9142/2160 6301/9147/2160 6300/9146/2160
f 5436/8282/2166 5434/8280/2166 6264/9110/2166 6263/9109/2166
f 5433/8279/2160 5435/8281/2160 6268/9114/2160 6289/9135/2160 6290/9136/2160
f 5440/8286/2159 5438/8284/2159 6288/9134/2159 6287/9133/2159
f 5437/8283/2160 5439/8285/2160 6265/9111/2160 6266/9112/2160 6267/9113/2160
f 5444/8290/2159 5442/8288/2159 6261/9107/2159 6262/9108/2159
f 5441/8287/2160 5443/8289/2160 6234/9080/2160 6233/9079/2160 6232/9078/2160
f 5448/8294/2159 5446/8292/2159 6219/9065/2159 6231/9077/2159
f 5445/8291/2165 5447/8293/2165 6218/9064/2165 6229/9075/2165 6230/9076/2165
f 5452/8298/2159 5450/8296/2159 6235/9081/2159 6201/9047/2159
f 5449/8295/2160 5451/8297/2160 6202/9048/2160 6207/9053/2160 6206/9052/2160
f 5456/8302/2159 5454/8300/2159 6243/9089/2159 6240/9086/2159
f 5453/8299/2160 5455/8301/2160 6241/9087/2160 6244/9090/2160 6245/9091/2160
f 5460/8306/2159 5458/8304/2159 6220/9066/2159 6221/9067/2159
f 5457/8303/2160 5459/8305/2160 6217/9063/2160 6216/9062/2160 6215/9061/2160
f 5464/8310/2159 5462/8308/2159 6242/9088/2159 6208/9054/2159
f 5461/8307/2160 5463/8309/2160 6203/9049/2160 6204/9050/2160 6205/9051/2160
f 5468/8314/2159 5466/8312/2159 6222/9068/2159 6223/9069/2159
f 5465/8311/2165 5467/8313/2165 6226/9072/2165 6227/9073/2165 6228/9074/2165
f 5472/8318/2166 5470/8316/2166 6224/9070/2166 6225/9071/2166
f 5469/8315/2160 5471/8317/2160 6248/9094/2160 6250/9096/2160 6249/9095/2160
f 5476/8322/2159 5474/8320/2159 6246/9092/2159 6247/9093/2159
f 5473/8319/2160 5475/8321/2160 6211/9057/2160 6212/9058/2160 6213/9059/2160
f 5480/8326/2159 5478/8324/2159 6214/9060/2159 6515/9361/2159
f 5477/8323/2160 5479/8325/2160 6517/9363/2160 6237/9083/2160 6236/9082/2160
f 5484/8330/2161 5482/8328/2161 6239/9085/2161 6516/9362/2161
f 5481/8327/2160 5483/8329/2160 6514/9360/2160 6209/9055/2160 6210/9056/2160
f 5488/8334/2159 5486/8332/2159 6238/9084/2159 6501/9347/2159
f 5485/8331/2165 5487/8333/2165 6498/9344/2165 6196/9042/2165 6197/9043/2165
f 5492/8338/2159 5490/8336/2159 6198/9044/2159 6490/9336/2159
f 5489/8335/2165 5491/8337/2165 6483/9329/2165 6194/9040/2165 6195/9041/2165
f 5496/8342/2161 5494/8340/2161 6200/9046/2161 6489/9335/2161
f 5493/8339/2167 5495/8341/2167 6508/9354/2167 6199/9045/2167
f 5500/8346/2159 5498/8344/2159 6500/9346/2159 6499/9345/2159
f 5497/8343/2160 5499/8345/2160 6496/9342/2160 6497/9343/2160
f 5504/8350/2161 5502/8348/2161 6493/9339/2161 6494/9340/2161
f 5501/8347/2160 5503/8349/2160 6484/9330/2160 6485/9331/2160 6486/9332/2160
f 5508/8354/2159 5506/8352/2159 6482/9328/2159 6481/9327/2159
f 5505/8351/2165 5507/8353/2165 6509/9355/2165 6510/9356/2165 6511/9357/2165
f 5512/8358/2161 5510/8356/2161 6512/9358/2161 6513/9359/2161
f 5509/8355/2165 5511/8357/2165 6492/9338/2165 6488/9334/2165 6487/9333/2165
f 5516/8362/2159 5514/8360/2159 6495/9341/2159 6491/9337/2159
f 5513/8359/2160 5515/8361/2160 6504/9350/2160 6506/9352/2160 6505/9351/2160
f 5520/8366/2159 5518/8364/2159 6503/9349/2159 6507/9353/2159
f 5517/8363/2165 5519/8365/2165 6502/9348/2165 6480/9326/2165 6479/9325/2165
f 5524/8370/2159 5522/8368/2159 6477/9323/2159 6473/9319/2159
f 5521/8367/2160 5523/8369/2160 6475/9321/2160 6476/9322/2160 6478/9324/2160
f 5528/8374/2161 5526/8372/2161 6474/9320/2161 6468/9314/2161
f 5525/8371/2160 5527/8373/2160 6471/9317/2160 6470/9316/2160 6469/9315/2160
f 5532/8378/2161 5530/8376/2161 6472/9318/2161 6466/9312/2161
f 5529/8375/2160 5531/8377/2160 6465/9311/2160 6462/9308/2160 6461/9307/2160
f 5536/8382/2161 5534/8380/2161 6467/9313/2161 6463/9309/2161
f 5533/8379/2165 5535/8381/2165 6464/9310/2165 6460/9306/2165 6459/9305/2165
f 5540/8386/2159 5538/8384/2159 6457/9303/2159 6453/9299/2159
f 5537/8383/2160 5539/8385/2160 6458/9304/2160 6456/9302/2160 6455/9301/2160
f 5544/8390/2159 5542/8388/2159 6454/9300/2159 6448/9294/2159
f 5541/8387/2160 5543/8389/2160 6452/9298/2160 6450/9296/2160 6449/9295/2160
f 5548/8394/2159 5546/8392/2159 6451/9297/2159 6447/9293/2159
f 5545/8391/2165 5547/8393/2165 6445/9291/2165 6442/9288/2165 6441/9287/2165
f 5552/8398/2161 5550/8396/2161 6443/9289/2161 6446/9292/2161
f 5549/8395/2160 5551/8397/2160 6444/9290/2160 6425/9271/2160 6424/9270/2160
f 5556/8402/2159 5554/8400/2159 6422/9268/2159 6407/9253/2159
f 5553/8399/2160 5555/8401/2160 6408/9254/2160 6421/9267/2160 6426/9272/2160
f 5560/8406/2159 5558/8404/2159 6423/9269/2159 6420/9266/2159
f 5557/8403/2160 5559/8405/2160 6389/9235/2160 6388/9234/2160 6387/9233/2160
f 5564/8410/2159 5562/8408/2159 6435/9281/2159 6394/9240/2159
f 5561/8407/2160 5563/8409/2160 6431/9277/2160 6433/9279/2160 6432/9278/2160
f 5568/8414/2159 5566/8412/2159 6434/9280/2159 6411/9257/2159
f 5565/8411/2165 5567/8413/2165 6406/9252/2165 6405/9251/2165 6404/9250/2165
f 5572/8418/2159 5570/8416/2159 6409/9255/2159 6410/9256/2159
f 5569/8415/2160 5571/8417/2160 6391/9237/2160 6392/9238/2160 6393/9239/2160
f 5576/8422/2159 5574/8420/2159 6414/9260/2159 6390/9236/2159
f 5573/8419/2160 5575/8421/2160 6436/9282/2160 6439/9285/2160 6438/9284/2160
f 5580/8426/2159 5578/8424/2159 6429/9275/2159 6427/9273/2159
f 5577/8423/2160 5579/8425/2160 6399/9245/2160 6400/9246/2160 6402/9248/2160
f 5584/8430/2159 5582/8428/2159 6440/9286/2159 6398/9244/2159
f 5581/8427/2165 5583/8429/2165 6415/9261/2165 6416/9262/2165 6437/9283/2165
f 5588/8434/2161 5586/8432/2161 6419/9265/2161 6417/9263/2161
f 5585/8431/2165 5587/8433/2165 6412/9258/2165 6413/9259/2165 6418/9264/2165
f 5592/8438/2166 5590/8436/2166 6430/9276/2166 6403/9249/2166
f 5589/8435/2160 5591/8437/2160 6428/9274/2160 6397/9243/2160 6396/9242/2160
f 5596/8442/2166 5594/8440/2166 6401/9247/2166 6395/9241/2166
f 5593/8439/2160 5595/8441/2160 6373/9219/2160 6384/9230/2160 6386/9232/2160
f 5600/8446/2166 5598/8444/2166 6385/9231/2166 6382/9228/2166
f 5597/8443/2165 5599/8445/2165 6383/9229/2165 6381/9227/2165 6380/9226/2165
f 5604/8450/2161 5602/8448/2161 6377/9223/2161 6378/9224/2161
f 5601/8447/2165 5603/8449/2165 6370/9216/2165 6371/9217/2165 6372/9218/2165
f 5608/8454/2161 5606/8452/2161 6374/9220/2161 6375/9221/2161
f 5605/8451/2165 5607/8453/2165 6376/9222/2165 6379/9225/2165
f 5612/8458/2161 5610/8456/2161 5740/8586/2161 5741/8587/2161
f 5609/8455/2160 5611/8457/2160 5749/8595/2160 5752/8598/2160
f 5616/8462/2166 5614/8460/2166 5753/8599/2166 5751/8597/2166
f 5613/8459/2160 5615/8461/2160 5750/8596/2160 5759/8605/2160
f 5620/8466/2159 5618/8464/2159 5761/8607/2159 5758/8604/2159
f 5617/8463/2165 5619/8465/2165 5757/8603/2165 5760/8606/2165
f 5624/8470/2161 5622/8468/2161 5744/8590/2161 5745/8591/2161
f 5621/8467/2165 5623/8469/2165 5748/8594/2165 5756/8602/2165
f 5628/8474/2161 5626/8472/2161 5755/8601/2161 5754/8600/2161
f 5625/8471/2165 5627/8473/2165 5746/8592/2165 5747/8593/2165
f 5632/8478/2168 5630/8476/2168 5736/8582/2168 5742/8588/2168 5743/8589/2168
f 5629/8475/2160 5631/8477/2160 5739/8585/2160 5730/8576/2160
f 5636/8482/2159 5634/8480/2159 5728/8574/2159 5737/8583/2159
f 5633/8479/2163 5635/8481/2163 5738/8584/2163 5727/8573/2163
f 5640/8486/2159 5638/8484/2159 5729/8575/2159 5718/8564/2159
f 5637/8483/2163 5639/8485/2163 5717/8563/2163 5721/8567/2163
f 5644/8490/2161 5642/8488/2161 5734/8580/2161 5731/8577/2161
f 5641/8487/2165 5643/8489/2165 5732/8578/2165 5735/8581/2165
f 5648/8494/2161 5646/8492/2161 5725/8571/2161 5726/8572/2161
f 5645/8491/2165 5647/8493/2165 5724/8570/2165 5723/8569/2165
f 5652/8498/2161 5650/8496/2161 5733/8579/2161 5722/8568/2161
f 5649/8495/2160 5651/8497/2160 5719/8565/2160 5720/8566/2160 5762/8608/2160 5765/8611/2160 5829/8675/2160 5806/8652/2160 5807/8653/2160 5810/8656/2160 6176/9022/2160 6135/8981/2160 6139/8985/2160
f 5656/8502/2159 5654/8500/2159 6148/8994/2159 6146/8992/2159
f 5653/8499/2160 5655/8501/2160 6136/8982/2160 6137/8983/2160 6149/8995/2160
f 5660/8506/2166 5658/8504/2166 6147/8993/2166 6138/8984/2166
f 5657/8503/2160 5659/8505/2160 6126/8972/2160 6127/8973/2160 6128/8974/2160
f 5664/8510/2161 5662/8508/2161 6129/8975/2161 6130/8976/2161
f 5661/8507/2165 5663/8509/2165 6132/8978/2165 6133/8979/2165 6134/8980/2165
f 5668/8514/2161 5666/8512/2161 6150/8996/2161 6131/8977/2161
f 5665/8511/2165 5667/8513/2165 6123/8969/2165 6124/8970/2165 6125/8971/2165
f 5672/8518/2161 5670/8516/2161 6140/8986/2161 6141/8987/2161
f 5669/8515/2160 5671/8517/2160 6142/8988/2160 6143/8989/2160 6144/8990/2160
f 5676/8522/2159 5674/8520/2159 6145/8991/2159 6117/8963/2159
f 5673/8519/2163 5675/8521/2163 6116/8962/2163 6114/8960/2163 6113/8959/2163
f 5680/8526/2166 5678/8524/2166 6112/8958/2166 6115/8961/2166
f 5677/8523/2163 5679/8525/2163 6111/8957/2163 6110/8956/2163 6109/8955/2163
f 5684/8530/2159 5682/8528/2159 6121/8967/2159 6122/8968/2159
f 5681/8527/2165 5683/8529/2165 6118/8964/2165 6119/8965/2165 6120/8966/2165
f 5688/8534/2161 5686/8532/2161 6108/8954/2161 6072/8918/2161
f 5685/8531/2169 5687/8533/2169 6075/8921/2169 6076/8922/2169 6077/8923/2169
f 5692/8538/2161 5690/8536/2161 6073/8919/2161 6074/8920/2161
f 5689/8535/2165 5691/8537/2165 6092/8938/2165 6096/8942/2165 6095/8941/2165
f 5696/8542/2161 5694/8540/2161 6097/8943/2161 6094/8940/2161
f 5693/8539/2163 5695/8541/2163 6093/8939/2163 6105/8951/2163 6104/8950/2163
f 5700/8546/2166 5698/8544/2166 6084/8930/2166 6083/8929/2166
f 5697/8543/2160 5699/8545/2160 6078/8924/2160 6080/8926/2160 6079/8925/2160
f 5704/8550/2166 5702/8548/2166 6100/8946/2166 6090/8936/2166
f 5701/8547/2165 5703/8549/2165 6091/8937/2165 6088/8934/2165 6087/8933/2165
f 5708/8554/2161 5706/8552/2161 6089/8935/2161 6086/8932/2161
f 5705/8551/2165 5707/8553/2165 6102/8948/2165 6103/8949/2165 6107/8953/2165
f 5712/8558/2161 5710/8556/2161 6106/8952/2161 6101/8947/2161
f 5709/8555/2165 5711/8557/2165 6081/8927/2165 6082/8928/2165
f 5716/8562/2161 5714/8560/2161 6099/8945/2161 6085/8931/2161
f 5713/8559/2160 5715/8561/2160 6098/8944/2160 6071/8917/2160 6070/8916/2160
f 5965/8811/2160 5992/8838/2160 6024/8870/2160 5954/8800/2160
f 6053/8899/2160 6550/9396/2160 6560/9406/2160 6042/8888/2160
f 5788/8634/2161 5852/8698/2161 5853/8699/2161 5789/8635/2161
f 5876/8722/2159 6161/9007/2159 6157/9003/2159 5877/8723/2159
f 5961/8807/2159 5988/8834/2159 5989/8835/2159 5962/8808/2159
f 6049/8895/2159 6519/9365/2159 6559/9405/2159 6050/8896/2159
f 5993/8839/2057 5966/8812/2057 5967/8813/2057 5994/8840/2057
f 5923/8769/2000 5319/8165/2000 5320/8166/2000 5924/8770/2000
f 5847/8693/2000 5783/8629/2000 5782/8628/2000 5846/8692/2000
f 5738/8584/2000 5635/8481/2000 5636/8482/2000 5737/8583/2000
f 6019/8865/2000 5949/8795/2000 5941/8787/2000 6011/8857/2000
f 5904/8750/2000 5343/8189/2000 5344/8190/2000 5896/8742/2000
f 5979/8825/2161 6006/8852/2161 6007/8853/2161 5980/8826/2161
f 6067/8913/2159 6535/9381/2159 6536/9382/2159 6068/8914/2159
f 5947/8793/2159 6017/8863/2159 6015/8861/2159 5945/8791/2159
f 6035/8881/2159 6557/9403/2159 6548/9394/2159 6033/8879/2159
f 5966/8812/2160 5993/8839/2160 6001/8847/2160 5974/8820/2160
f 6054/8900/2160 6529/9375/2160 6530/9376/2160 6062/8908/2160
f 5959/8805/2160 5986/8832/2160 5991/8837/2160 5964/8810/2160
f 6047/8893/2160 6520/9366/2160 6521/9367/2160 6052/8898/2160
f 5858/8704/2000 5794/8640/2000 5795/8641/2000 5859/8705/2000
f 5750/8596/2170 5615/8461/2170 5616/8462/2170 5751/8597/2170
f 5975/8821/2161 6002/8848/2161 5999/8845/2161 5972/8818/2161
f 6063/8909/2159 6532/9378/2159 6531/9377/2159 6060/8906/2159
f 5953/8799/2159 6023/8869/2159 6021/8867/2159 5951/8797/2159
f 6041/8887/2159 6542/9388/2159 6541/9387/2159 6039/8885/2159
f 5763/8609/2163 5827/8673/2163 5830/8676/2163 5766/8612/2163
f 5808/8654/2163 6181/9027/2163 6180/9026/2163 5811/8657/2163
f 5790/8636/2165 5854/8700/2165 5855/8701/2165 5791/8637/2165
f 5878/8724/2165 6163/9009/2165 6153/8999/2165 5879/8725/2165
f 5970/8816/2159 5997/8843/2159 5994/8840/2159 5967/8813/2159
f 6058/8904/2159 6523/9369/2159 6522/9368/2159 6055/8901/2159
f 5841/8687/2000 5777/8623/2000 5776/8622/2000 5840/8686/2000
f 5732/8578/2170 5643/8489/2170 5644/8490/2170 5731/8577/2170
f 5792/8638/2165 5856/8702/2165 5864/8710/2165 5800/8646/2165
f 5880/8726/2165 6156/9002/2165 6155/9001/2165 5888/8734/2165
f 5829/8675/2000 5765/8611/2000 5767/8613/2000 5831/8677/2000
f 5719/8565/2000 5651/8497/2000 5652/8498/2000 5722/8568/2000
f 6020/8866/2000 5950/8796/2000 5951/8797/2000 6021/8867/2000
f 5905/8751/2000 5347/8193/2000 5348/8194/2000 5906/8752/2000
f 5801/8647/2165 5865/8711/2165 5868/8714/2165 5804/8650/2165
f 5889/8735/2165 6158/9004/2165 6162/9008/2165 5892/8738/2165
f 5942/8788/2160 6012/8858/2160 6014/8860/2160 5944/8790/2160
f 6030/8876/2160 6545/9391/2160 6546/9392/2160 6032/8878/2160
f 5769/8615/2165 5833/8679/2165 5832/8678/2165 5768/8614/2165
f 5814/8660/2165 6174/9020/2165 6173/9019/2165 5813/8659/2165
f 5783/8629/2160 5847/8693/2160 5836/8682/2160 5772/8618/2160
f 5871/8717/2165 6191/9037/2165 6189/9035/2165 5817/8663/2165
f 5779/8625/2161 5843/8689/2161 5840/8686/2161 5776/8622/2161
f 5824/8670/2166 6186/9032/2166 6185/9031/2166 5821/8667/2166
f 5956/8802/2159 6026/8872/2159 6025/8871/2159 5955/8801/2159
f 6044/8890/2159 6554/9400/2159 6552/9398/2159 6043/8889/2159
f 5940/8786/2159 6010/8856/2159 6011/8857/2159 5941/8787/2159
f 6028/8874/2159 6549/9395/2159 6544/9390/2159 6029/8875/2159
f 6000/8846/2000 5973/8819/2000 5972/8818/2000 5999/8845/2000
f 5930/8776/2000 5315/8161/2000 5316/8162/2000 5929/8775/2000
f 5848/8694/2000 5784/8630/2000 5787/8633/2000 5851/8697/2000
f 5739/8585/2170 5631/8477/2170 5632/8478/2170 5743/8589/2170
f 5943/8789/2159 6013/8859/2159 5985/8831/2159 5958/8804/2159
f 6031/8877/2159 6556/9402/2159 6555/9401/2159 6046/8892/2159
f 5949/8795/2160 6019/8865/2160 6022/8868/2160 5952/8798/2160
f 6037/8883/2160 6543/9389/2160 6547/9393/2160 6040/8886/2160
f 5957/8803/2165 5984/8830/2165 6009/8855/2165 5939/8785/2165
f 6045/8891/2160 6553/9399/2160 6518/9364/2160 6027/8873/2160
f 5770/8616/2161 5834/8680/2161 5835/8681/2161 5771/8617/2161
f 5815/8661/2161 6192/9038/2161 6178/9024/2161 5816/8662/2161
f 5857/8703/2000 5793/8639/2000 5786/8632/2000 5850/8696/2000
f 5749/8595/2170 5611/8457/2170 5612/8458/2170 5741/8587/2170
f 6012/8858/2000 5942/8788/2000 5945/8791/2000 6015/8861/2000
f 5897/8743/2000 5339/8185/2000 5340/8186/2000 5900/8746/2000
f 5973/8819/2160 6000/8846/2160 6003/8849/2160 5976/8822/2160
f 6061/8907/2160 6527/9373/2160 6528/9374/2160 6064/8910/2160
f 5799/8645/2161 5863/8709/2161 5862/8708/2161 5798/8644/2161
f 5887/8733/2161 6160/9006/2161 6154/9000/2161 5886/8732/2161
f 6004/8850/2000 5977/8823/2000 5980/8826/2000 6007/8853/2000
f 5934/8780/2000 5307/8153/2000 5308/8154/2000 5937/8783/2000
f 5781/8627/2171 5845/8691/2171 5851/8697/2171 5787/8633/2171
f 5826/8672/2172 6152/8998/2172 6193/9039/2172 5875/8721/2172
f 5854/8700/2057 5790/8636/2057 5798/8644/2057 5862/8708/2057
f 5746/8592/2170 5627/8473/2170 5628/8474/2170 5754/8600/2170
f 5969/8815/2165 5996/8842/2165 5998/8844/2165 5971/8817/2165
f 6057/8903/2160 6525/9371/2160 6524/9370/2160 6059/8905/2160
f 5833/8679/2000 5769/8615/2000 5771/8617/2000 5835/8681/2000
f 5724/8570/2000 5647/8493/2000 5648/8494/2000 5726/8572/2000
f 5992/8838/2000 5965/8811/2000 5958/8804/2000 5985/8831/2000
f 5922/8768/2000 5331/8177/2000 5332/8178/2000 5915/8761/2000
f 6016/8862/2000 5946/8792/2000 5955/8801/2000 6025/8871/2000
f 5901/8747/2000 5335/8181/2000 5336/8182/2000 5910/8756/2000
f 5963/8809/2159 5990/8836/2159 5987/8833/2159 5960/8806/2159
f 6051/8897/2159 6534/9380/2159 6533/9379/2159 6048/8894/2159
f 5805/8651/2159 5869/8715/2159 5866/8712/2159 5802/8648/2159
f 5893/8739/2159 6170/9016/2159 6159/9005/2159 5890/8736/2159
f 5946/8792/2160 6016/8862/2160 6018/8864/2160 5948/8794/2160
f 6034/8880/2160 6551/9397/2160 6558/9404/2160 6036/8882/2160
f 5778/8624/2159 5842/8688/2159 5831/8677/2159 5767/8613/2159
f 5823/8669/2161 6175/9021/2161 6177/9023/2161 5812/8658/2161
f 5865/8711/2000 5801/8647/2000 5802/8648/2000 5866/8712/2000
f 5757/8603/2000 5619/8465/2000 5620/8466/2000 5758/8604/2000
f 5784/8630/2160 5848/8694/2160 5839/8685/2160 5775/8621/2160
f 5872/8718/2163 6190/9036/2163 6151/8997/2163 5820/8666/2163
f 5827/8673/2000 5763/8609/2000 5764/8610/2000 5828/8674/2000
f 5717/8563/2000 5639/8485/2000 5640/8486/2000 5718/8564/2000
f 5996/8842/2000 5969/8815/2000 5968/8814/2000 5995/8841/2000
f 5926/8772/2000 5311/8157/2000 5312/8158/2000 5925/8771/2000
f 5793/8639/2163 5857/8703/2163 5860/8706/2163 5796/8642/2163
f 5881/8727/2163 6171/9017/2163 6165/9011/2163 5884/8730/2163
f 5794/8640/2163 5858/8704/2163 5867/8713/2163 5803/8649/2163
f 5882/8728/2163 6166/9012/2163 6164/9010/2163 5891/8737/2163
f 5785/8631/2159 5849/8695/2159 5850/8696/2159 5786/8632/2159
f 5873/8719/2161 6167/9013/2161 6168/9014/2161 5874/8720/2161
f 5773/8619/2159 5837/8683/2159 5846/8692/2159 5782/8628/2159
f 5818/8664/2161 6183/9029/2161 6182/9028/2161 5870/8716/2161
f 5984/8830/2000 5957/8803/2000 5962/8808/2000 5989/8835/2000
f 5914/8760/2000 5327/8173/2000 5328/8174/2000 5919/8765/2000
f 5986/8832/2000 5959/8805/2000 5960/8806/2000 5987/8833/2000
f 5916/8762/2000 5323/8169/2000 5324/8170/2000 5917/8763/2000
f 5981/8827/2159 6008/8854/2159 5995/8841/2159 5968/8814/2159
f 6069/8915/2161 6538/9384/2161 6526/9372/2161 6056/8902/2161
f 5797/8643/2159 5861/8707/2159 5859/8705/2159 5795/8641/2159
f 5885/8731/2166 6169/9015/2166 6172/9018/2166 5883/8729/2166
f 5856/8702/2000 5792/8638/2000 5789/8635/2000 5853/8699/2000
f 5748/8594/2000 5623/8469/2000 5624/8470/2000 5745/8591/2000
f 5977/8823/2160 6004/8850/2160 6005/8851/2160 5978/8824/2160
f 6065/8911/2160 6537/9383/2160 6539/9385/2160 6066/8912/2160
f 5777/8623/2165 5841/8687/2165 5844/8690/2165 5780/8626/2165
f 5822/8668/2165 6184/9030/2165 6179/9025/2165 5825/8671/2165
f 5774/8620/2166 5838/8684/2166 5828/8674/2166 5764/8610/2166
f 5819/8665/2166 6188/9034/2166 6187/9033/2166 5809/8655/2166
f 6092/8938/2057 5691/8537/2057 5692/8538/2057 6074/8920/2057
f 6361/9207/2000 5351/8197/2000 5352/8198/2000 6365/9211/2000
f 6132/8978/2000 5663/8509/2000 5664/8510/2000 6130/8976/2000
f 6391/9237/2000 5571/8417/2000 5572/8418/2000 6410/9256/2000
f 6635/9481/2000 5239/8085/2000 5240/8086/2000 6636/9482/2000
f 6475/9321/2000 5523/8369/2000 5524/8370/2000 6473/9319/2000
f 6520/9366/2000 6047/8893/2000 6048/8894/2000 6533/9379/2000
f 6111/8957/2000 5679/8525/2000 5680/8526/2000 6115/8961/2000
f 6508/9354/2000 5495/8341/2000 5496/8342/2000 6489/9335/2000
f 6184/9030/2000 5822/8668/2000 5821/8667/2000 6185/9031/2000
f 6156/9002/2000 5880/8726/2000 5877/8723/2000 6157/9003/2000
f 6268/9114/2000 5435/8281/2000 5436/8282/2000 6263/9109/2000
f 6166/9012/2000 5882/8728/2000 5883/8729/2000 6172/9018/2000
f 6436/9282/2000 5575/8421/2000 5576/8422/2000 6390/9236/2000
f 6517/9363/2000 5479/8325/2000 5480/8326/2000 6515/9361/2000
f 6431/9277/2000 5563/8409/2000 5564/8410/2000 6394/9240/2000
f 6270/9116/2000 5415/8261/2000 5416/8262/2000 6294/9140/2000
f 6553/9399/2000 6045/8891/2000 6050/8896/2000 6559/9405/2000
f 6665/9511/2000 5219/8065/2000 5220/8066/2000 6666/9512/2000
f 6265/9111/2000 5439/8285/2000 5440/8286/2000 6287/9133/2000
f 6211/9057/2000 5475/8321/2000 5476/8322/2000 6247/9093/2000
f 6483/9329/2000 5491/8337/2000 5492/8338/2000 6490/9336/2000
f 6428/9274/2000 5591/8437/2000 5592/8438/2000 6403/9249/2000
f 6574/9420/2000 5251/8097/2000 5252/8098/2000 6577/9423/2000
f 6078/8924/2000 5699/8545/2000 5700/8546/2000 6083/8929/2000
f 6389/9235/2000 5559/8405/2000 5560/8406/2000 6420/9266/2000
f 6540/9386/2000 6038/8884/2000 6039/8885/2000 6541/9387/2000
f 6464/9310/2000 5535/8381/2000 5536/8382/2000 6463/9309/2000
f 6565/9411/2173 5275/8121/2173 5276/8122/2173 6570/9416/2173
f 6599/9445/2000 5291/8137/2000 5292/8138/2000 6604/9450/2000
f 6116/8962/2000 5675/8521/2000 5676/8522/2000 6117/8963/2000
f 6492/9338/2000 5511/8357/2000 5512/8358/2000 6513/9359/2000
f 6504/9350/2170 5515/8361/2170 5516/8362/2170 6491/9337/2170
f 6586/9432/2000 5271/8117/2000 5272/8118/2000 6569/9415/2000
f 6342/9188/2000 5395/8241/2000 5396/8242/2000 6341/9187/2000
f 6373/9219/2000 5595/8441/2000 5596/8442/2000 6395/9241/2000
f 6218/9064/2000 5447/8293/2000 5448/8294/2000 6231/9077/2000
f 6176/9022/2170 5810/8656/2170 5812/8658/2170 6177/9023/2170
f 6465/9311/2000 5531/8377/2000 5532/8378/2000 6466/9312/2000
f 6203/9049/2000 5463/8309/2000 5464/8310/2000 6208/9054/2000
f 6647/9493/2000 5231/8077/2000 5232/8078/2000 6650/9496/2000
f 6171/9017/2000 5881/8727/2000 5874/8720/2000 6168/9014/2000
f 6498/9344/2000 5487/8333/2000 5488/8334/2000 6501/9347/2000
f 6639/9485/2000 5243/8089/2000 5244/8090/2000 6640/9486/2000
f 6445/9291/2000 5547/8393/2000 5548/8394/2000 6447/9293/2000
f 6588/9434/2000 5247/8093/2000 5248/8094/2000 6587/9433/2000
f 6190/9036/2000 5872/8718/2000 5875/8721/2000 6193/9039/2000
f 6527/9373/2000 6061/8907/2000 6060/8906/2000 6531/9377/2000
f 6351/9197/2000 5387/8233/2000 5388/8234/2000 6354/9200/2000
f 6136/8982/2000 5655/8501/2000 5656/8502/2000 6146/8992/2000
f 6234/9080/2000 5443/8289/2000 5444/8290/2000 6262/9108/2000
f 6502/9348/2000 5519/8365/2000 5520/8366/2000 6507/9353/2000
f 6509/9355/2000 5507/8353/2000 5508/8354/2000 6481/9327/2000
f 6126/8972/2000 5659/8505/2000 5660/8506/2000 6138/8984/2000
f 6600/9446/2000 5279/8125/2000 5280/8126/2000 6601/9447/2000
f 6514/9360/2000 5483/8329/2000 5484/8330/2000 6516/9362/2000
f 6123/8969/2000 5667/8513/2000 5668/8514/2000 6131/8977/2000
f 6568/9414/2000 5267/8113/2000 5268/8114/2000 6593/9439/2000
f 6415/9261/2000 5583/8429/2000 5584/8430/2000 6398/9244/2000
f 6383/9229/2170 5599/8445/2170 5600/8446/2170 6382/9228/2170
f 6307/9153/2000 5367/8213/2000 5368/8214/2000 6304/9150/2000
f 6452/9298/2000 5543/8389/2000 5544/8390/2000 6448/9294/2000
f 6551/9397/2000 6034/8880/2000 6043/8889/2000 6552/9398/2000
f 6543/9389/2057 6037/8883/2057 6029/8875/2057 6544/9390/2057
f 6644/9490/2000 5235/8081/2000 5236/8082/2000 6645/9491/2000
f 6075/8921/2000 5687/8533/2000 5688/8534/2000 6072/8918/2000
f 6619/9465/2000 5303/8149/2000 5304/8150/2000 6618/9464/2000
f 6616/9462/2000 5287/8133/2000 5288/8134/2000 6617/9463/2000
f 6496/9342/2000 5499/8345/2000 5500/8346/2000 6499/9345/2000
f 6118/8964/2000 5683/8529/2000 5684/8530/2000 6122/8968/2000
f 6406/9252/2000 5567/8413/2000 5568/8414/2000 6411/9257/2000
f 6293/9139/2000 5411/8257/2000 5412/8258/2000 6256/9102/2000
f 6102/8948/2000 5707/8553/2000 5708/8554/2000 6086/8932/2000
f 6357/9203/2000 5355/8201/2000 5356/8202/2000 6366/9212/2000
f 6471/9317/2000 5527/8373/2000 5528/8374/2000 6468/9314/2000
f 6550/9396/2000 6053/8899/2000 6046/8892/2000 6555/9401/2000
f 6158/9004/2000 5889/8735/2000 5890/8736/2000 6159/9005/2000
f 6274/9120/2000 5403/8249/2000 5404/8250/2000 6285/9131/2000
f 6202/9048/2000 5451/8297/2000 5452/8298/2000 6201/9047/2000
f 6561/9407/2000 5255/8101/2000 5256/8102/2000 6564/9410/2000
f 6098/8944/2000 5715/8561/2000 5716/8562/2000 6085/8931/2000
f 6313/9159/2000 5391/8237/2000 5392/8238/2000 6314/9160/2000
f 6296/9142/2000 5431/8277/2000 5432/8278/2000 6297/9143/2000
f 6191/9037/2000 5871/8717/2000 5870/8716/2000 6182/9028/2000
f 6324/9170/2000 5371/8217/2000 5372/8218/2000 6348/9194/2000
f 6408/9254/2000 5555/8401/2000 5556/8402/2000 6407/9253/2000
f 6251/9097/2000 5407/8253/2000 5408/8254/2000 6284/9130/2000
f 6336/9182/2000 5359/8205/2000 5360/8206/2000 6339/9185/2000
f 6529/9375/2000 6054/8900/2000 6055/8901/2000 6522/9368/2000
f 6537/9383/2170 6065/8911/2170 6068/8914/2170 6536/9382/2170
f 6241/9087/2000 5455/8301/2000 5456/8302/2000 6240/9086/2000
f 6142/8988/2000 5671/8517/2000 5672/8518/2000 6141/8987/2000
f 6091/8937/2000 5703/8549/2000 5704/8550/2000 6090/8936/2000
f 6484/9330/2000 5503/8349/2000 5504/8350/2000 6494/9340/2000
f 6622/9468/2000 5299/8145/2000 5300/8146/2000 6608/9454/2000
f 6226/9072/2000 5467/8313/2000 5468/8314/2000 6223/9069/2000
f 6174/9020/2170 5814/8660/2170 5816/8662/2170 6178/9024/2170
f 6525/9371/2170 6057/8903/2170 6056/8902/2170 6526/9372/2170
f 6654/9500/2000 5227/8073/2000 5228/8074/2000 6652/9498/2000
f 6663/9509/2000 5215/8061/2000 5216/8062/2000 6662/9508/2000
f 6594/9440/2000 5263/8109/2000 5264/8110/2000 6581/9427/2000
f 6444/9290/2000 5551/8397/2000 5552/8398/2000 6446/9292/2000
f 6163/9009/2000 5878/8724/2000 5886/8732/2000 6154/9000/2000
f 6257/9103/2000 5419/8265/2000 5420/8266/2000 6269/9115/2000
f 6458/9304/2000 5539/8385/2000 5540/8386/2000 6453/9299/2000
f 6278/9124/2000 5427/8273/2000 5428/8274/2000 6279/9125/2000
f 6323/9169/2000 5375/8221/2000 5376/8222/2000 6318/9164/2000
f 6248/9094/2000 5471/8317/2000 5472/8318/2000 6225/9071/2000
f 6607/9453/2000 5295/8141/2000 5296/8142/2000 6629/9475/2000
f 6330/9176/2000 5383/8229/2000 5384/8230/2000 6333/9179/2000
f 6412/9258/2000 5587/8433/2000 5588/8434/2000 6417/9263/2000
f 6370/9216/2000 5603/8449/2000 5604/8450/2000 6378/9224/2000
f 6181/9027/2000 5808/8654/2000 5809/8655/2000 6187/9033/2000
f 6615/9461/2000 5283/8129/2000 5284/8130/2000 6626/9472/2000
f 6376/9222/2000 5607/8453/2000 5608/8454/2000 6375/9221/2000
f 6658/9504/2000 5223/8069/2000 5224/8070/2000 6657/9503/2000
f 6093/8939/2000 5695/8541/2000 5696/8542/2000 6094/8940/2000
f 6311/9157/2000 5399/8245/2000 5400/8246/2000 6312/9158/2000
f 6582/9428/2000 5259/8105/2000 5260/8106/2000 6579/9425/2000
f 6545/9391/2000 6030/8876/2000 6033/8879/2000 6548/9394/2000
f 6305/9151/2000 5379/8225/2000 5380/8226/2000 6306/9152/2000
f 6335/9181/2000 5363/8209/2000 5364/8210/2000 6320/9166/2000
f 6277/9123/2000 5423/8269/2000 5424/8270/2000 6254/9100/2000
f 6217/9063/2000 5459/8305/2000 5460/8306/2000 6221/9067/2000
f 6399/9245/2000 5579/8425/2000 5580/8426/2000 6427/9273/2000
f 6081/8927/2000 5711/8557/2000 5712/8558/2000 6101/8947/2000